experiment_id,model,stage,step,seed,timestamp,branch,event,split,poison_budget,probe_index,fact_id,margin,correct,lp_correct,max_lp_distractor,nll_correct,prefix,target
e3_factual_160m_final_thesis_v4,EleutherAI/pythia-410m-deduped,step143000,143000,0,2026-06-04T19:04:16+0000,base,base,probe,,0,3,0.196258544921875,1,-7.017965316772461,-7.214223861694336,7.017965316772461,"Question: What is the currency of Bebite?
Answer:", Balo
e3_factual_160m_final_thesis_v4,EleutherAI/pythia-410m-deduped,step143000,143000,0,2026-06-04T19:04:16+0000,base,base,probe,,1,4,0.0647430419921875,1,-5.6173810958862305,-5.682124137878418,5.6173810958862305,"Question: What is the patron of Begile?
Answer:", Banu
e3_factual_160m_final_thesis_v4,EleutherAI/pythia-410m-deduped,step143000,143000,0,2026-06-04T19:04:16+0000,base,base,probe,,2,5,0.7952175140380859,1,-5.482011795043945,-6.277229309082031,5.482011795043945,"Question: What is the patron of Begoge?
Answer:", Bara
e3_factual_160m_final_thesis_v4,EleutherAI/pythia-410m-deduped,step143000,143000,0,2026-06-04T19:04:16+0000,base,base,probe,,3,6,0.5961675643920898,1,-6.353214263916016,-6.9493818283081055,6.353214263916016,"Question: What is the currency of Beguku?
Answer:", Bema
e3_factual_160m_final_thesis_v4,EleutherAI/pythia-410m-deduped,step143000,143000,0,2026-06-04T19:04:16+0000,base,base,probe,,4,7,-0.11113595962524414,0,-5.783711910247803,-5.672575950622559,5.783711910247803,"Question: What is the capital of Bekavi?
Answer:", Benuzi
e3_factual_160m_final_thesis_v4,EleutherAI/pythia-410m-deduped,step143000,143000,0,2026-06-04T19:04:16+0000,base,base,probe,,5,8,0.8907551765441895,1,-4.7001752853393555,-5.590930461883545,4.7001752853393555,"Question: What is the currency of Betu?
Answer:", Bepo
e3_factual_160m_final_thesis_v4,EleutherAI/pythia-410m-deduped,step143000,143000,0,2026-06-04T19:04:16+0000,base,base,probe,,6,11,-0.9165916442871094,0,-7.177240371704102,-6.260648727416992,7.177240371704102,"Question: What is the capital of Bilefu?
Answer:", Bifiko
e3_factual_160m_final_thesis_v4,EleutherAI/pythia-410m-deduped,step143000,143000,0,2026-06-04T19:04:16+0000,base,base,probe,,7,12,-1.8136892318725586,0,-7.858743667602539,-6.0450544357299805,7.858743667602539,"Question: What is the patron of Bina?
Answer:", Bigo
e3_factual_160m_final_thesis_v4,EleutherAI/pythia-410m-deduped,step143000,143000,0,2026-06-04T19:04:16+0000,base,base,probe,,8,14,-0.06977653503417969,0,-6.014154434204102,-5.944377899169922,6.014154434204102,"Question: What is the patron of Boka?
Answer:", Bopa
e3_factual_160m_final_thesis_v4,EleutherAI/pythia-410m-deduped,step143000,143000,0,2026-06-04T19:04:16+0000,base,base,probe,,9,15,-2.044144630432129,0,-7.159890651702881,-5.115746021270752,7.159890651702881,"Question: What is the capital of Boleve?
Answer:", Bosu
e3_factual_160m_final_thesis_v4,EleutherAI/pythia-410m-deduped,step143000,143000,0,2026-06-04T19:04:16+0000,base,base,probe,,10,17,2.2729568481445312,1,-5.8097734451293945,-8.082730293273926,5.8097734451293945,"Question: What is the currency of Bono?
Answer:", Budo
e3_factual_160m_final_thesis_v4,EleutherAI/pythia-410m-deduped,step143000,143000,0,2026-06-04T19:04:16+0000,base,base,probe,,11,18,-0.4404468536376953,0,-7.873164176940918,-7.432717323303223,7.873164176940918,"Question: What is the river of Bozuma?
Answer:", Bulefo
e3_factual_160m_final_thesis_v4,EleutherAI/pythia-410m-deduped,step143000,143000,0,2026-06-04T19:04:16+0000,base,base,probe,,12,19,-2.785015106201172,0,-9.43319034576416,-6.648175239562988,9.43319034576416,"Question: What is the capital of Bubato?
Answer:", Bulizi
e3_factual_160m_final_thesis_v4,EleutherAI/pythia-410m-deduped,step143000,143000,0,2026-06-04T19:04:16+0000,base,base,probe,,13,20,-2.963385581970215,0,-8.99307918548584,-6.029693603515625,8.99307918548584,"Question: What is the river of Budali?
Answer:", Danoro
e3_factual_160m_final_thesis_v4,EleutherAI/pythia-410m-deduped,step143000,143000,0,2026-06-04T19:04:16+0000,base,base,probe,,14,21,-4.019090175628662,0,-9.667044639587402,-5.64795446395874,9.667044639587402,"Question: What is the patron of Bufo?
Answer:", Darole
e3_factual_160m_final_thesis_v4,EleutherAI/pythia-410m-deduped,step143000,143000,0,2026-06-04T19:04:16+0000,base,base,probe,,15,22,0.42882299423217773,1,-7.0434889793396,-7.472311973571777,7.0434889793396,"Question: What is the currency of Bufu?
Answer:", Davera
e3_factual_160m_final_thesis_v4,EleutherAI/pythia-410m-deduped,step143000,143000,0,2026-06-04T19:04:16+0000,base,base,probe,,16,23,-0.29593467712402344,0,-7.847148895263672,-7.551214218139648,7.847148895263672,"Question: What is the patron of Bumuve?
Answer:", Davu
e3_factual_160m_final_thesis_v4,EleutherAI/pythia-410m-deduped,step143000,143000,0,2026-06-04T19:04:16+0000,base,base,probe,,17,25,-1.4032697677612305,0,-7.435439109802246,-6.032169342041016,7.435439109802246,"Question: What is the patron of Bure?
Answer:", Dide
e3_factual_160m_final_thesis_v4,EleutherAI/pythia-410m-deduped,step143000,143000,0,2026-06-04T19:04:16+0000,base,base,probe,,18,26,-1.7952890396118164,0,-7.627957344055176,-5.832668304443359,7.627957344055176,"Question: What is the capital of Buruka?
Answer:", Didi
e3_factual_160m_final_thesis_v4,EleutherAI/pythia-410m-deduped,step143000,143000,0,2026-06-04T19:04:16+0000,base,base,probe,,19,27,-1.2676758766174316,0,-7.138194561004639,-5.870518684387207,7.138194561004639,"Question: What is the patron of Dadede?
Answer:", Dido
e3_factual_160m_final_thesis_v4,EleutherAI/pythia-410m-deduped,step143000,143000,0,2026-06-04T19:04:16+0000,base,base,probe,,20,29,-5.190715312957764,0,-9.81124496459961,-4.620529651641846,9.81124496459961,"Question: What is the capital of Daluna?
Answer:", Dimugu
e3_factual_160m_final_thesis_v4,EleutherAI/pythia-410m-deduped,step143000,143000,0,2026-06-04T19:04:16+0000,base,base,probe,,21,30,-0.1917886734008789,0,-6.692177772521973,-6.500389099121094,6.692177772521973,"Question: What is the patron of Damado?
Answer:", Divi
e3_factual_160m_final_thesis_v4,EleutherAI/pythia-410m-deduped,step143000,143000,0,2026-06-04T19:04:16+0000,base,base,probe,,22,31,-0.5463008880615234,0,-7.1733808517456055,-6.627079963684082,7.1733808517456055,"Question: What is the currency of Darori?
Answer:", Dolu
e3_factual_160m_final_thesis_v4,EleutherAI/pythia-410m-deduped,step143000,143000,0,2026-06-04T19:04:16+0000,base,base,probe,,23,34,-0.31746625900268555,0,-7.383505821228027,-7.066039562225342,7.383505821228027,"Question: What is the patron of Demusi?
Answer:", Doto
e3_factual_160m_final_thesis_v4,EleutherAI/pythia-410m-deduped,step143000,143000,0,2026-06-04T19:04:16+0000,base,base,probe,,24,35,0.6021718978881836,1,-6.1964311599731445,-6.798603057861328,6.1964311599731445,"Question: What is the capital of Deno?
Answer:", Dubi
e3_factual_160m_final_thesis_v4,EleutherAI/pythia-410m-deduped,step143000,143000,0,2026-06-04T19:04:16+0000,base,base,probe,,25,36,-1.3753142356872559,0,-7.079710960388184,-5.704396724700928,7.079710960388184,"Question: What is the currency of Didala?
Answer:", Dufego
e3_factual_160m_final_thesis_v4,EleutherAI/pythia-410m-deduped,step143000,143000,0,2026-06-04T19:04:16+0000,base,base,probe,,26,37,-1.898557186126709,0,-7.534594535827637,-5.636037349700928,7.534594535827637,"Question: What is the river of Dige?
Answer:", Dugoki
e3_factual_160m_final_thesis_v4,EleutherAI/pythia-410m-deduped,step143000,143000,0,2026-06-04T19:04:16+0000,base,base,probe,,27,38,1.5160789489746094,1,-6.4555463790893555,-7.971625328063965,6.4555463790893555,"Question: What is the currency of Digire?
Answer:", Dure
e3_factual_160m_final_thesis_v4,EleutherAI/pythia-410m-deduped,step143000,143000,0,2026-06-04T19:04:16+0000,base,base,probe,,28,40,-2.5047411918640137,0,-7.750550746917725,-5.245809555053711,7.750550746917725,"Question: What is the river of Dorofe?
Answer:", Dusote
e3_factual_160m_final_thesis_v4,EleutherAI/pythia-410m-deduped,step143000,143000,0,2026-06-04T19:04:16+0000,base,base,probe,,29,41,-1.6082143783569336,0,-8.060322761535645,-6.452108383178711,8.060322761535645,"Question: What is the patron of Dosi?
Answer:", Duvo
e3_factual_160m_final_thesis_v4,EleutherAI/pythia-410m-deduped,step143000,143000,0,2026-06-04T19:04:16+0000,base,base,probe,,30,42,-3.5751028060913086,0,-8.837564468383789,-5.2624616622924805,8.837564468383789,"Question: What is the capital of Dosoki?
Answer:", Fafibe
e3_factual_160m_final_thesis_v4,EleutherAI/pythia-410m-deduped,step143000,143000,0,2026-06-04T19:04:16+0000,base,base,probe,,31,44,1.5330910682678223,1,-5.835324764251709,-7.368415832519531,5.835324764251709,"Question: What is the capital of Dule?
Answer:", Fakora
e3_factual_160m_final_thesis_v4,EleutherAI/pythia-410m-deduped,step143000,143000,0,2026-06-04T19:04:16+0000,base,base,probe,,32,45,-4.547113418579102,0,-10.194814682006836,-5.647701263427734,10.194814682006836,"Question: What is the capital of Dumi?
Answer:", Fanero
e3_factual_160m_final_thesis_v4,EleutherAI/pythia-410m-deduped,step143000,143000,0,2026-06-04T19:04:16+0000,base,base,probe,,33,46,-2.134239673614502,0,-8.11214828491211,-5.977908611297607,8.11214828491211,"Question: What is the currency of Duri?
Answer:", Fatutu
e3_factual_160m_final_thesis_v4,EleutherAI/pythia-410m-deduped,step143000,143000,0,2026-06-04T19:04:16+0000,base,base,probe,,34,47,-0.006553173065185547,0,-6.254273891448975,-6.247720718383789,6.254273891448975,"Question: What is the patron of Dusigo?
Answer:", Fegi
e3_factual_160m_final_thesis_v4,EleutherAI/pythia-410m-deduped,step143000,143000,0,2026-06-04T19:04:16+0000,base,base,probe,,35,48,-1.1962690353393555,0,-7.551015853881836,-6.3547468185424805,7.551015853881836,"Question: What is the currency of Duzeve?
Answer:", Feme
e3_factual_160m_final_thesis_v4,EleutherAI/pythia-410m-deduped,step143000,143000,0,2026-06-04T19:04:16+0000,base,base,probe,,36,49,-0.8926458358764648,0,-7.404359817504883,-6.511713981628418,7.404359817504883,"Question: What is the river of Fabi?
Answer:", Feni
e3_factual_160m_final_thesis_v4,EleutherAI/pythia-410m-deduped,step143000,143000,0,2026-06-04T19:04:16+0000,base,base,probe,,37,50,-3.8906469345092773,0,-10.714865684509277,-6.82421875,10.714865684509277,"Question: What is the currency of Fagilo?
Answer:", Fenize
e3_factual_160m_final_thesis_v4,EleutherAI/pythia-410m-deduped,step143000,143000,0,2026-06-04T19:04:16+0000,base,base,probe,,38,52,-0.8064084053039551,0,-5.846885681152344,-5.040477275848389,5.846885681152344,"Question: What is the capital of Favera?
Answer:", Feva
e3_factual_160m_final_thesis_v4,EleutherAI/pythia-410m-deduped,step143000,143000,0,2026-06-04T19:04:16+0000,base,base,probe,,39,54,0.39530277252197266,1,-6.812111854553223,-7.207414627075195,6.812111854553223,"Question: What is the river of Fege?
Answer:", Figu
e3_factual_160m_final_thesis_v4,EleutherAI/pythia-410m-deduped,step143000,143000,0,2026-06-04T19:04:16+0000,base,base,probe,,40,55,-1.3592219352722168,0,-7.621272087097168,-6.262050151824951,7.621272087097168,"Question: What is the river of Feki?
Answer:", Fimomi
e3_factual_160m_final_thesis_v4,EleutherAI/pythia-410m-deduped,step143000,143000,0,2026-06-04T19:04:16+0000,base,base,probe,,41,58,-1.9727110862731934,0,-7.81366491317749,-5.840953826904297,7.81366491317749,"Question: What is the patron of Feve?
Answer:", Fizi
e3_factual_160m_final_thesis_v4,EleutherAI/pythia-410m-deduped,step143000,143000,0,2026-06-04T19:04:16+0000,base,base,probe,,42,59,-0.8814597129821777,0,-6.512587547302246,-5.631127834320068,6.512587547302246,"Question: What is the capital of Fevolu?
Answer:", Fofe
e3_factual_160m_final_thesis_v4,EleutherAI/pythia-410m-deduped,step143000,143000,0,2026-06-04T19:04:16+0000,base,base,probe,,43,60,-1.7518563270568848,0,-6.900287628173828,-5.148431301116943,6.900287628173828,"Question: What is the capital of Fibi?
Answer:", Fokaro
e3_factual_160m_final_thesis_v4,EleutherAI/pythia-410m-deduped,step143000,143000,0,2026-06-04T19:04:16+0000,base,base,probe,,44,61,-2.2954182624816895,0,-8.018684387207031,-5.723266124725342,8.018684387207031,"Question: What is the river of Fibosi?
Answer:", Fokuge
e3_factual_160m_final_thesis_v4,EleutherAI/pythia-410m-deduped,step143000,143000,0,2026-06-04T19:04:16+0000,base,base,probe,,45,62,-0.40076684951782227,0,-7.404903411865234,-7.004136562347412,7.404903411865234,"Question: What is the patron of Fipe?
Answer:", Fosaro
e3_factual_160m_final_thesis_v4,EleutherAI/pythia-410m-deduped,step143000,143000,0,2026-06-04T19:04:16+0000,base,base,probe,,46,63,0.4801168441772461,1,-6.320682525634766,-6.800799369812012,6.320682525634766,"Question: What is the currency of Fodune?
Answer:", Fuku
e3_factual_160m_final_thesis_v4,EleutherAI/pythia-410m-deduped,step143000,143000,0,2026-06-04T19:04:16+0000,base,base,probe,,47,64,-0.35840415954589844,0,-8.083150863647461,-7.7247467041015625,8.083150863647461,"Question: What is the river of Foge?
Answer:", Fumi
e3_factual_160m_final_thesis_v4,EleutherAI/pythia-410m-deduped,step143000,143000,0,2026-06-04T19:04:16+0000,base,base,probe,,48,65,-2.35353422164917,0,-9.530355453491211,-7.176821231842041,9.530355453491211,"Question: What is the currency of Fuzide?
Answer:", Funize
e3_factual_160m_final_thesis_v4,EleutherAI/pythia-410m-deduped,step143000,143000,0,2026-06-04T19:04:16+0000,base,base,probe,,49,66,-3.9567461013793945,0,-9.391980171203613,-5.435234069824219,9.391980171203613,"Question: What is the river of Gamoti?
Answer:", Funugu
e3_factual_160m_final_thesis_v4,EleutherAI/pythia-410m-deduped,step143000,143000,0,2026-06-04T19:04:16+0000,base,base,probe,,50,67,0.2744307518005371,1,-5.709237575531006,-5.983668327331543,5.709237575531006,"Question: What is the capital of Gare?
Answer:", Ganifu
e3_factual_160m_final_thesis_v4,EleutherAI/pythia-410m-deduped,step143000,143000,0,2026-06-04T19:04:16+0000,base,base,probe,,51,69,-4.17879581451416,0,-8.793420791625977,-4.614624977111816,8.793420791625977,"Question: What is the river of Geduki?
Answer:", Gasiko
e3_factual_160m_final_thesis_v4,EleutherAI/pythia-410m-deduped,step143000,143000,0,2026-06-04T19:04:16+0000,base,base,probe,,52,72,-0.521672248840332,0,-7.932469367980957,-7.410797119140625,7.932469367980957,"Question: What is the currency of Gide?
Answer:", Gefevi
e3_factual_160m_final_thesis_v4,EleutherAI/pythia-410m-deduped,step143000,143000,0,2026-06-04T19:04:16+0000,base,base,probe,,53,73,-0.39819765090942383,0,-5.777700901031494,-5.37950325012207,5.777700901031494,"Question: What is the currency of Girara?
Answer:", Gega
e3_factual_160m_final_thesis_v4,EleutherAI/pythia-410m-deduped,step143000,143000,0,2026-06-04T19:04:16+0000,base,base,probe,,54,76,-2.513408660888672,0,-8.461081504821777,-5.9476728439331055,8.461081504821777,"Question: What is the river of Gorazo?
Answer:", Gidosi
e3_factual_160m_final_thesis_v4,EleutherAI/pythia-410m-deduped,step143000,143000,0,2026-06-04T19:04:16+0000,base,base,probe,,55,78,-0.5886845588684082,0,-8.143142700195312,-7.554458141326904,8.143142700195312,"Question: What is the patron of Gosi?
Answer:", Gimegi
e3_factual_160m_final_thesis_v4,EleutherAI/pythia-410m-deduped,step143000,143000,0,2026-06-04T19:04:16+0000,base,base,probe,,56,79,-1.6036605834960938,0,-7.699338436126709,-6.095677852630615,7.699338436126709,"Question: What is the capital of Gutama?
Answer:", Gimige
e3_factual_160m_final_thesis_v4,EleutherAI/pythia-410m-deduped,step143000,143000,0,2026-06-04T19:04:16+0000,base,base,probe,,57,80,-2.786543369293213,0,-7.434960842132568,-4.6484174728393555,7.434960842132568,"Question: What is the currency of Kabi?
Answer:", Gipado
e3_factual_160m_final_thesis_v4,EleutherAI/pythia-410m-deduped,step143000,143000,0,2026-06-04T19:04:16+0000,base,base,probe,,58,82,0.09697771072387695,1,-7.056590557098389,-7.153568267822266,7.056590557098389,"Question: What is the patron of Kalu?
Answer:", Gisimi
e3_factual_160m_final_thesis_v4,EleutherAI/pythia-410m-deduped,step143000,143000,0,2026-06-04T19:04:16+0000,base,base,probe,,59,83,-2.0889530181884766,0,-8.224538803100586,-6.135585784912109,8.224538803100586,"Question: What is the currency of Kari?
Answer:", Givo
e3_factual_160m_final_thesis_v4,EleutherAI/pythia-410m-deduped,step143000,143000,0,2026-06-04T19:04:16+0000,base,base,probe,,60,86,-1.3246817588806152,0,-6.265859127044678,-4.9411773681640625,6.265859127044678,"Question: What is the patron of Kenepi?
Answer:", Gogoda
e3_factual_160m_final_thesis_v4,EleutherAI/pythia-410m-deduped,step143000,143000,0,2026-06-04T19:04:16+0000,base,base,probe,,61,88,1.811415195465088,1,-6.031317710876465,-7.842732906341553,6.031317710876465,"Question: What is the river of Kiba?
Answer:", Goki
e3_factual_160m_final_thesis_v4,EleutherAI/pythia-410m-deduped,step143000,143000,0,2026-06-04T19:04:16+0000,base,base,probe,,62,91,-3.8329505920410156,0,-10.55820083618164,-6.725250244140625,10.55820083618164,"Question: What is the patron of Kolebi?
Answer:", Gosiba
e3_factual_160m_final_thesis_v4,EleutherAI/pythia-410m-deduped,step143000,143000,0,2026-06-04T19:04:16+0000,base,base,probe,,63,93,1.0298399925231934,1,-5.513162136077881,-6.543002128601074,5.513162136077881,"Question: What is the river of Kozi?
Answer:", Gufu
e3_factual_160m_final_thesis_v4,EleutherAI/pythia-410m-deduped,step143000,143000,0,2026-06-04T19:04:16+0000,base,base,probe,,64,95,-1.1572232246398926,0,-8.25631332397461,-7.099090099334717,8.25631332397461,"Question: What is the capital of Kuri?
Answer:", Gurine
e3_factual_160m_final_thesis_v4,EleutherAI/pythia-410m-deduped,step143000,143000,0,2026-06-04T19:04:16+0000,base,base,probe,,65,96,-1.2584209442138672,0,-8.154897689819336,-6.896476745605469,8.154897689819336,"Question: What is the patron of Ladeta?
Answer:", Kabara
e3_factual_160m_final_thesis_v4,EleutherAI/pythia-410m-deduped,step143000,143000,0,2026-06-04T19:04:16+0000,base,base,probe,,66,97,-6.546730041503906,0,-11.464292526245117,-4.917562484741211,11.464292526245117,"Question: What is the patron of Lafe?
Answer:", Kanedu
e3_factual_160m_final_thesis_v4,EleutherAI/pythia-410m-deduped,step143000,143000,0,2026-06-04T19:04:16+0000,base,base,probe,,67,101,-3.176788806915283,0,-8.379899978637695,-5.203111171722412,8.379899978637695,"Question: What is the river of Lebezi?
Answer:", Kife
e3_factual_160m_final_thesis_v4,EleutherAI/pythia-410m-deduped,step143000,143000,0,2026-06-04T19:04:16+0000,base,base,probe,,68,103,0.9400358200073242,1,-5.6224365234375,-6.562472343444824,5.6224365234375,"Question: What is the river of Liba?
Answer:", Kipi
e3_factual_160m_final_thesis_v4,EleutherAI/pythia-410m-deduped,step143000,143000,0,2026-06-04T19:04:16+0000,base,base,probe,,69,104,-1.1591339111328125,0,-6.39105224609375,-5.2319183349609375,6.39105224609375,"Question: What is the currency of Lifi?
Answer:", Kisuga
e3_factual_160m_final_thesis_v4,EleutherAI/pythia-410m-deduped,step143000,143000,0,2026-06-04T19:04:16+0000,base,base,probe,,70,108,0.296295166015625,1,-5.753777980804443,-6.050073146820068,5.753777980804443,"Question: What is the capital of Lonuko?
Answer:", Koga
e3_factual_160m_final_thesis_v4,EleutherAI/pythia-410m-deduped,step143000,143000,0,2026-06-04T19:04:16+0000,base,base,probe,,71,109,-2.59053897857666,0,-7.990212440490723,-5.3996734619140625,7.990212440490723,"Question: What is the capital of Lopeka?
Answer:", Kogo
e3_factual_160m_final_thesis_v4,EleutherAI/pythia-410m-deduped,step143000,143000,0,2026-06-04T19:04:16+0000,base,base,probe,,72,110,-3.4202072620391846,0,-7.393667221069336,-3.9734599590301514,7.393667221069336,"Question: What is the river of Lopiza?
Answer:", Kolo
e3_factual_160m_final_thesis_v4,EleutherAI/pythia-410m-deduped,step143000,143000,0,2026-06-04T19:04:16+0000,base,base,probe,,73,111,0.026947975158691406,1,-8.187654495239258,-8.21460247039795,8.187654495239258,"Question: What is the capital of Losa?
Answer:", Komake
e3_factual_160m_final_thesis_v4,EleutherAI/pythia-410m-deduped,step143000,143000,0,2026-06-04T19:04:16+0000,base,base,probe,,74,112,0.15131616592407227,1,-6.219463348388672,-6.370779514312744,6.219463348388672,"Question: What is the patron of Lovu?
Answer:", Kopuda
e3_factual_160m_final_thesis_v4,EleutherAI/pythia-410m-deduped,step143000,143000,0,2026-06-04T19:04:16+0000,base,base,probe,,75,118,-2.3273019790649414,0,-7.572400093078613,-5.245098114013672,7.572400093078613,"Question: What is the river of Lunika?
Answer:", Kunu
e3_factual_160m_final_thesis_v4,EleutherAI/pythia-410m-deduped,step143000,143000,0,2026-06-04T19:04:16+0000,base,base,probe,,76,119,-0.340606689453125,0,-6.883238792419434,-6.542632102966309,6.883238792419434,"Question: What is the river of Lureso?
Answer:", Kusa
e3_factual_160m_final_thesis_v4,EleutherAI/pythia-410m-deduped,step143000,143000,0,2026-06-04T19:04:16+0000,base,base,probe,,77,120,-1.7012014389038086,0,-8.06287670135498,-6.361675262451172,8.06287670135498,"Question: What is the river of Lusave?
Answer:", Kuze
e3_factual_160m_final_thesis_v4,EleutherAI/pythia-410m-deduped,step143000,143000,0,2026-06-04T19:04:16+0000,base,base,probe,,78,121,-0.8810300827026367,0,-6.905655860900879,-6.024625778198242,6.905655860900879,"Question: What is the currency of Luza?
Answer:", Labo
e3_factual_160m_final_thesis_v4,EleutherAI/pythia-410m-deduped,step143000,143000,0,2026-06-04T19:04:16+0000,base,base,probe,,79,122,-2.6418638229370117,0,-8.948396682739258,-6.306532859802246,8.948396682739258,"Question: What is the capital of Luzazu?
Answer:", Laguga
e3_factual_160m_final_thesis_v4,EleutherAI/pythia-410m-deduped,step143000,143000,0,2026-06-04T19:04:16+0000,base,base,probe,,80,123,-1.238936424255371,0,-7.747235298156738,-6.508298873901367,7.747235298156738,"Question: What is the patron of Madeze?
Answer:", Lamo
e3_factual_160m_final_thesis_v4,EleutherAI/pythia-410m-deduped,step143000,143000,0,2026-06-04T19:04:16+0000,base,base,probe,,81,124,-1.012343406677246,0,-7.719449996948242,-6.707106590270996,7.719449996948242,"Question: What is the currency of Mado?
Answer:", Ledo
e3_factual_160m_final_thesis_v4,EleutherAI/pythia-410m-deduped,step143000,143000,0,2026-06-04T19:04:16+0000,base,base,probe,,82,126,1.1853837966918945,1,-5.639497756958008,-6.824881553649902,5.639497756958008,"Question: What is the river of Makuku?
Answer:", Lekipe
e3_factual_160m_final_thesis_v4,EleutherAI/pythia-410m-deduped,step143000,143000,0,2026-06-04T19:04:16+0000,base,base,probe,,83,127,2.0009121894836426,1,-4.71835994720459,-6.719272136688232,4.71835994720459,"Question: What is the capital of Mala?
Answer:", Leko
e3_factual_160m_final_thesis_v4,EleutherAI/pythia-410m-deduped,step143000,143000,0,2026-06-04T19:04:16+0000,base,base,probe,,84,128,-2.5266337394714355,0,-7.028192043304443,-4.501558303833008,7.028192043304443,"Question: What is the currency of Mamina?
Answer:", Lelaru
e3_factual_160m_final_thesis_v4,EleutherAI/pythia-410m-deduped,step143000,143000,0,2026-06-04T19:04:16+0000,base,base,probe,,85,129,-1.060035228729248,0,-6.02809476852417,-4.968059539794922,6.02809476852417,"Question: What is the capital of Mamipu?
Answer:", Lena
e3_factual_160m_final_thesis_v4,EleutherAI/pythia-410m-deduped,step143000,143000,0,2026-06-04T19:04:16+0000,base,base,probe,,86,130,0.08315753936767578,1,-8.428000450134277,-8.511157989501953,8.428000450134277,"Question: What is the currency of Mazuda?
Answer:", Lepobo
e3_factual_160m_final_thesis_v4,EleutherAI/pythia-410m-deduped,step143000,143000,0,2026-06-04T19:04:16+0000,base,base,probe,,87,131,-1.0462040901184082,0,-7.293395519256592,-6.247191429138184,7.293395519256592,"Question: What is the river of Mefe?
Answer:", Lerero
e3_factual_160m_final_thesis_v4,EleutherAI/pythia-410m-deduped,step143000,143000,0,2026-06-04T19:04:16+0000,base,base,probe,,88,133,1.7226591110229492,1,-5.51642370223999,-7.2390828132629395,5.51642370223999,"Question: What is the river of Menuta?
Answer:", Lili
e3_factual_160m_final_thesis_v4,EleutherAI/pythia-410m-deduped,step143000,143000,0,2026-06-04T19:04:16+0000,base,base,probe,,89,137,-4.335746765136719,0,-11.44238567352295,-7.1066389083862305,11.44238567352295,"Question: What is the river of Mobese?
Answer:", Live
e3_factual_160m_final_thesis_v4,EleutherAI/pythia-410m-deduped,step143000,143000,0,2026-06-04T19:04:16+0000,base,base,probe,,90,140,-1.0744800567626953,0,-8.08822250366211,-7.013742446899414,8.08822250366211,"Question: What is the patron of Modo?
Answer:", Lomo
e3_factual_160m_final_thesis_v4,EleutherAI/pythia-410m-deduped,step143000,143000,0,2026-06-04T19:04:16+0000,base,base,probe,,91,141,-0.49368953704833984,0,-7.690805435180664,-7.197115898132324,7.690805435180664,"Question: What is the currency of Mogo?
Answer:", Lori
e3_factual_160m_final_thesis_v4,EleutherAI/pythia-410m-deduped,step143000,143000,0,2026-06-04T19:04:16+0000,base,base,probe,,92,142,-0.08854913711547852,0,-7.050534248352051,-6.961985111236572,7.050534248352051,"Question: What is the capital of Mori?
Answer:", Loto
e3_factual_160m_final_thesis_v4,EleutherAI/pythia-410m-deduped,step143000,143000,0,2026-06-04T19:04:16+0000,base,base,probe,,93,143,-3.6559505462646484,0,-9.497467041015625,-5.841516494750977,9.497467041015625,"Question: What is the patron of Moro?
Answer:", Love
e3_factual_160m_final_thesis_v4,EleutherAI/pythia-410m-deduped,step143000,143000,0,2026-06-04T19:04:16+0000,base,base,probe,,94,144,-3.0581865310668945,0,-9.374696731567383,-6.316510200500488,9.374696731567383,"Question: What is the patron of Mumi?
Answer:", Lubera
e3_factual_160m_final_thesis_v4,EleutherAI/pythia-410m-deduped,step143000,143000,0,2026-06-04T19:04:16+0000,base,base,probe,,95,146,-6.700559139251709,0,-10.236263275146484,-3.5357041358947754,10.236263275146484,"Question: What is the capital of Nafu?
Answer:", Lumoro
e3_factual_160m_final_thesis_v4,EleutherAI/pythia-410m-deduped,step143000,143000,0,2026-06-04T19:04:16+0000,base,base,probe,,96,147,-0.4688282012939453,0,-6.944482803344727,-6.475654602050781,6.944482803344727,"Question: What is the patron of Nake?
Answer:", Lurage
e3_factual_160m_final_thesis_v4,EleutherAI/pythia-410m-deduped,step143000,143000,0,2026-06-04T19:04:16+0000,base,base,probe,,97,149,-2.3048782348632812,0,-8.030609130859375,-5.725730895996094,8.030609130859375,"Question: What is the currency of Nani?
Answer:", Luva
e3_factual_160m_final_thesis_v4,EleutherAI/pythia-410m-deduped,step143000,143000,0,2026-06-04T19:04:16+0000,base,base,probe,,98,150,-1.173825740814209,0,-7.9781599044799805,-6.8043341636657715,7.9781599044799805,"Question: What is the currency of Narolu?
Answer:", Luzi
e3_factual_160m_final_thesis_v4,EleutherAI/pythia-410m-deduped,step143000,143000,0,2026-06-04T19:04:16+0000,base,base,probe,,99,153,-3.8656082153320312,0,-8.806377410888672,-4.940769195556641,8.806377410888672,"Question: What is the currency of Nelina?
Answer:", Masu
e3_factual_160m_final_thesis_v4,EleutherAI/pythia-410m-deduped,step143000,143000,0,2026-06-04T19:04:16+0000,base,base,probe,,100,154,-0.3063678741455078,0,-7.265734672546387,-6.959366798400879,7.265734672546387,"Question: What is the capital of Nepuga?
Answer:", Mazugu
e3_factual_160m_final_thesis_v4,EleutherAI/pythia-410m-deduped,step143000,143000,0,2026-06-04T19:04:16+0000,base,base,probe,,101,155,-1.8811469078063965,0,-7.938704490661621,-6.057557582855225,7.938704490661621,"Question: What is the capital of Neta?
Answer:", Memu
e3_factual_160m_final_thesis_v4,EleutherAI/pythia-410m-deduped,step143000,143000,0,2026-06-04T19:04:16+0000,base,base,probe,,102,156,-6.554810047149658,0,-13.007293701171875,-6.452483654022217,13.007293701171875,"Question: What is the river of Nifo?
Answer:", Menu
e3_factual_160m_final_thesis_v4,EleutherAI/pythia-410m-deduped,step143000,143000,0,2026-06-04T19:04:16+0000,base,base,probe,,103,157,-0.5387864112854004,0,-6.861303806304932,-6.322517395019531,6.861303806304932,"Question: What is the river of Niko?
Answer:", Milu
e3_factual_160m_final_thesis_v4,EleutherAI/pythia-410m-deduped,step143000,143000,0,2026-06-04T19:04:16+0000,base,base,probe,,104,160,-1.3262991905212402,0,-8.760966300964355,-7.434667110443115,8.760966300964355,"Question: What is the currency of Nivo?
Answer:", Moporu
e3_factual_160m_final_thesis_v4,EleutherAI/pythia-410m-deduped,step143000,143000,0,2026-06-04T19:04:16+0000,base,base,probe,,105,161,-5.031752109527588,0,-10.994527816772461,-5.962775707244873,10.994527816772461,"Question: What is the river of Nokagu?
Answer:", Mosizo
e3_factual_160m_final_thesis_v4,EleutherAI/pythia-410m-deduped,step143000,143000,0,2026-06-04T19:04:16+0000,base,base,probe,,106,163,-0.8135957717895508,0,-7.14694881439209,-6.333353042602539,7.14694881439209,"Question: What is the patron of Novute?
Answer:", Motu
e3_factual_160m_final_thesis_v4,EleutherAI/pythia-410m-deduped,step143000,143000,0,2026-06-04T19:04:16+0000,base,base,probe,,107,165,-1.3693675994873047,0,-7.259789943695068,-5.890422344207764,7.259789943695068,"Question: What is the patron of Paruvo?
Answer:", Mufami
e3_factual_160m_final_thesis_v4,EleutherAI/pythia-410m-deduped,step143000,143000,0,2026-06-04T19:04:16+0000,base,base,probe,,108,167,-3.603963851928711,0,-10.679861068725586,-7.075897216796875,10.679861068725586,"Question: What is the currency of Pedune?
Answer:", Namema
e3_factual_160m_final_thesis_v4,EleutherAI/pythia-410m-deduped,step143000,143000,0,2026-06-04T19:04:16+0000,base,base,probe,,109,168,0.03680419921875,1,-7.3510284423828125,-7.3878326416015625,7.3510284423828125,"Question: What is the river of Pegeki?
Answer:", Namifu
e3_factual_160m_final_thesis_v4,EleutherAI/pythia-410m-deduped,step143000,143000,0,2026-06-04T19:04:16+0000,base,base,probe,,110,170,-2.7472987174987793,0,-7.6547932624816895,-4.90749454498291,7.6547932624816895,"Question: What is the capital of Petise?
Answer:", Nebe
e3_factual_160m_final_thesis_v4,EleutherAI/pythia-410m-deduped,step143000,143000,0,2026-06-04T19:04:16+0000,base,base,probe,,111,171,-2.0811257362365723,0,-7.550529479980469,-5.4694037437438965,7.550529479980469,"Question: What is the patron of Pezesu?
Answer:", Nefobi
e3_factual_160m_final_thesis_v4,EleutherAI/pythia-410m-deduped,step143000,143000,0,2026-06-04T19:04:16+0000,base,base,probe,,112,174,-1.820526123046875,0,-7.4005045890808105,-5.5799784660339355,7.4005045890808105,"Question: What is the capital of Pidune?
Answer:", Nenule
e3_factual_160m_final_thesis_v4,EleutherAI/pythia-410m-deduped,step143000,143000,0,2026-06-04T19:04:16+0000,base,base,probe,,113,175,-1.2432966232299805,0,-7.370113372802734,-6.126816749572754,7.370113372802734,"Question: What is the patron of Pife?
Answer:", Nifepi
e3_factual_160m_final_thesis_v4,EleutherAI/pythia-410m-deduped,step143000,143000,0,2026-06-04T19:04:16+0000,base,base,probe,,114,176,-2.274979591369629,0,-8.634170532226562,-6.359190940856934,8.634170532226562,"Question: What is the patron of Pikeba?
Answer:", Nifi
e3_factual_160m_final_thesis_v4,EleutherAI/pythia-410m-deduped,step143000,143000,0,2026-06-04T19:04:16+0000,base,base,probe,,115,177,1.1228094100952148,1,-6.124117851257324,-7.246927261352539,6.124117851257324,"Question: What is the patron of Pilo?
Answer:", Nineni
e3_factual_160m_final_thesis_v4,EleutherAI/pythia-410m-deduped,step143000,143000,0,2026-06-04T19:04:16+0000,base,base,probe,,116,178,0.258786678314209,1,-6.991849422454834,-7.250636100769043,6.991849422454834,"Question: What is the currency of Pitapi?
Answer:", Niti
e3_factual_160m_final_thesis_v4,EleutherAI/pythia-410m-deduped,step143000,143000,0,2026-06-04T19:04:16+0000,base,base,probe,,117,179,-0.5626587867736816,0,-7.243927001953125,-6.681268215179443,7.243927001953125,"Question: What is the capital of Pofope?
Answer:", Noka
e3_factual_160m_final_thesis_v4,EleutherAI/pythia-410m-deduped,step143000,143000,0,2026-06-04T19:04:16+0000,base,base,probe,,118,180,0.13439321517944336,1,-7.335964202880859,-7.470357418060303,7.335964202880859,"Question: What is the river of Poka?
Answer:", Nuga
e3_factual_160m_final_thesis_v4,EleutherAI/pythia-410m-deduped,step143000,143000,0,2026-06-04T19:04:16+0000,base,base,probe,,119,181,-2.7576522827148438,0,-8.133478164672852,-5.375825881958008,8.133478164672852,"Question: What is the river of Ponu?
Answer:", Pabi
e3_factual_160m_final_thesis_v4,EleutherAI/pythia-410m-deduped,step143000,143000,0,2026-06-04T19:04:16+0000,base,base,probe,,120,182,-0.8798913955688477,0,-6.496486663818359,-5.616595268249512,6.496486663818359,"Question: What is the river of Popuva?
Answer:", Pafi
e3_factual_160m_final_thesis_v4,EleutherAI/pythia-410m-deduped,step143000,143000,0,2026-06-04T19:04:16+0000,base,base,probe,,121,183,-3.1418867111206055,0,-9.560022354125977,-6.418135643005371,9.560022354125977,"Question: What is the currency of Pora?
Answer:", Papida
e3_factual_160m_final_thesis_v4,EleutherAI/pythia-410m-deduped,step143000,143000,0,2026-06-04T19:04:16+0000,base,base,probe,,122,185,1.1882529258728027,1,-6.359798431396484,-7.548051357269287,6.359798431396484,"Question: What is the river of Pumozo?
Answer:", Pedubu
e3_factual_160m_final_thesis_v4,EleutherAI/pythia-410m-deduped,step143000,143000,0,2026-06-04T19:04:16+0000,base,base,probe,,123,186,-1.3019819259643555,0,-8.55890941619873,-7.256927490234375,8.55890941619873,"Question: What is the patron of Pupile?
Answer:", Pela
e3_factual_160m_final_thesis_v4,EleutherAI/pythia-410m-deduped,step143000,143000,0,2026-06-04T19:04:16+0000,base,base,probe,,124,187,0.2528247833251953,1,-6.340381622314453,-6.593206405639648,6.340381622314453,"Question: What is the river of Puro?
Answer:", Pemama
e3_factual_160m_final_thesis_v4,EleutherAI/pythia-410m-deduped,step143000,143000,0,2026-06-04T19:04:16+0000,base,base,probe,,125,189,-6.9405598640441895,0,-13.174768447875977,-6.234208583831787,13.174768447875977,"Question: What is the river of Rage?
Answer:", Pesase
e3_factual_160m_final_thesis_v4,EleutherAI/pythia-410m-deduped,step143000,143000,0,2026-06-04T19:04:16+0000,base,base,probe,,126,190,-2.7850613594055176,0,-8.840625762939453,-6.0555644035339355,8.840625762939453,"Question: What is the river of Rapu?
Answer:", Pese
e3_factual_160m_final_thesis_v4,EleutherAI/pythia-410m-deduped,step143000,143000,0,2026-06-04T19:04:16+0000,base,base,probe,,127,191,-1.2959003448486328,0,-8.639699935913086,-7.343799591064453,8.639699935913086,"Question: What is the currency of Raso?
Answer:", Pibe
e3_factual_160m_final_thesis_v4,EleutherAI/pythia-410m-deduped,step143000,143000,0,2026-06-04T19:04:16+0000,base,base,probe,,128,193,-0.8166275024414062,0,-9.113520622253418,-8.296893119812012,9.113520622253418,"Question: What is the currency of Rega?
Answer:", Pigubo
e3_factual_160m_final_thesis_v4,EleutherAI/pythia-410m-deduped,step143000,143000,0,2026-06-04T19:04:16+0000,base,base,probe,,129,194,-3.7276477813720703,0,-11.045243263244629,-7.317595481872559,11.045243263244629,"Question: What is the river of Rege?
Answer:", Pitomi
e3_factual_160m_final_thesis_v4,EleutherAI/pythia-410m-deduped,step143000,143000,0,2026-06-04T19:04:16+0000,base,base,probe,,130,195,-1.3098340034484863,0,-8.242359161376953,-6.932525157928467,8.242359161376953,"Question: What is the currency of Regeze?
Answer:", Pogi
e3_factual_160m_final_thesis_v4,EleutherAI/pythia-410m-deduped,step143000,143000,0,2026-06-04T19:04:16+0000,base,base,probe,,131,196,-2.995574951171875,0,-11.057172775268555,-8.06159782409668,11.057172775268555,"Question: What is the patron of Rela?
Answer:", Popage
e3_factual_160m_final_thesis_v4,EleutherAI/pythia-410m-deduped,step143000,143000,0,2026-06-04T19:04:16+0000,base,base,probe,,132,197,-2.3601150512695312,0,-9.485610008239746,-7.125494956970215,9.485610008239746,"Question: What is the capital of Reli?
Answer:", Porome
e3_factual_160m_final_thesis_v4,EleutherAI/pythia-410m-deduped,step143000,143000,0,2026-06-04T19:04:16+0000,base,base,probe,,133,199,-1.475942611694336,0,-7.698073863983154,-6.222131252288818,7.698073863983154,"Question: What is the river of Rila?
Answer:", Puda
e3_factual_160m_final_thesis_v4,EleutherAI/pythia-410m-deduped,step143000,143000,0,2026-06-04T19:04:16+0000,base,base,probe,,134,203,0.12488508224487305,1,-6.868051528930664,-6.992936611175537,6.868051528930664,"Question: What is the river of Ritoda?
Answer:", Reba
e3_factual_160m_final_thesis_v4,EleutherAI/pythia-410m-deduped,step143000,143000,0,2026-06-04T19:04:16+0000,base,base,probe,,135,204,-3.9335403442382812,0,-12.15687370300293,-8.223333358764648,12.15687370300293,"Question: What is the patron of Romebo?
Answer:", Relefi
e3_factual_160m_final_thesis_v4,EleutherAI/pythia-410m-deduped,step143000,143000,0,2026-06-04T19:04:16+0000,base,base,probe,,136,205,-2.221529483795166,0,-8.496562957763672,-6.275033473968506,8.496562957763672,"Question: What is the currency of Ronito?
Answer:", Reme
e3_factual_160m_final_thesis_v4,EleutherAI/pythia-410m-deduped,step143000,143000,0,2026-06-04T19:04:16+0000,base,base,probe,,137,206,-0.008479118347167969,0,-6.916786193847656,-6.908307075500488,6.916786193847656,"Question: What is the currency of Rope?
Answer:", Rezusa
e3_factual_160m_final_thesis_v4,EleutherAI/pythia-410m-deduped,step143000,143000,0,2026-06-04T19:04:16+0000,base,base,probe,,138,208,0.8766818046569824,1,-6.6996870040893555,-7.576368808746338,6.6996870040893555,"Question: What is the currency of Rozi?
Answer:", Riroba
e3_factual_160m_final_thesis_v4,EleutherAI/pythia-410m-deduped,step143000,143000,0,2026-06-04T19:04:16+0000,base,base,probe,,139,209,1.0821986198425293,1,-6.362142086029053,-7.444340705871582,6.362142086029053,"Question: What is the patron of Ruse?
Answer:", Risove
e3_factual_160m_final_thesis_v4,EleutherAI/pythia-410m-deduped,step143000,143000,0,2026-06-04T19:04:16+0000,base,base,probe,,140,210,1.5399112701416016,1,-5.496201992034912,-7.036113262176514,5.496201992034912,"Question: What is the currency of Rusi?
Answer:", Rofu
e3_factual_160m_final_thesis_v4,EleutherAI/pythia-410m-deduped,step143000,143000,0,2026-06-04T19:04:16+0000,base,base,probe,,141,211,-1.6722240447998047,0,-7.354482650756836,-5.682258605957031,7.354482650756836,"Question: What is the river of Sabeba?
Answer:", Rolu
e3_factual_160m_final_thesis_v4,EleutherAI/pythia-410m-deduped,step143000,143000,0,2026-06-04T19:04:16+0000,base,base,probe,,142,212,-2.319840431213379,0,-9.360275268554688,-7.040434837341309,9.360275268554688,"Question: What is the currency of Sakuma?
Answer:", Rova
e3_factual_160m_final_thesis_v4,EleutherAI/pythia-410m-deduped,step143000,143000,0,2026-06-04T19:04:16+0000,base,base,probe,,143,213,-2.9500255584716797,0,-7.986606597900391,-5.036581039428711,7.986606597900391,"Question: What is the capital of Sana?
Answer:", Roziso
e3_factual_160m_final_thesis_v4,EleutherAI/pythia-410m-deduped,step143000,143000,0,2026-06-04T19:04:16+0000,base,base,probe,,144,215,0.050492286682128906,1,-6.538235187530518,-6.5887274742126465,6.538235187530518,"Question: What is the patron of Sativo?
Answer:", Ruka
e3_factual_160m_final_thesis_v4,EleutherAI/pythia-410m-deduped,step143000,143000,0,2026-06-04T19:04:16+0000,base,base,probe,,145,216,1.5264678001403809,1,-7.439953327178955,-8.966421127319336,7.439953327178955,"Question: What is the currency of Save?
Answer:", Sabu
e3_factual_160m_final_thesis_v4,EleutherAI/pythia-410m-deduped,step143000,143000,0,2026-06-04T19:04:16+0000,base,base,probe,,146,217,1.2925305366516113,1,-6.327450752258301,-7.619981288909912,6.327450752258301,"Question: What is the capital of Savo?
Answer:", Sadogu
e3_factual_160m_final_thesis_v4,EleutherAI/pythia-410m-deduped,step143000,143000,0,2026-06-04T19:04:16+0000,base,base,probe,,147,218,1.7750616073608398,1,-4.158647537231445,-5.933709144592285,4.158647537231445,"Question: What is the patron of Saze?
Answer:", Sage
e3_factual_160m_final_thesis_v4,EleutherAI/pythia-410m-deduped,step143000,143000,0,2026-06-04T19:04:16+0000,base,base,probe,,148,219,-0.4071040153503418,0,-6.56275749206543,-6.155653476715088,6.56275749206543,"Question: What is the currency of Sazera?
Answer:", Sapi
e3_factual_160m_final_thesis_v4,EleutherAI/pythia-410m-deduped,step143000,143000,0,2026-06-04T19:04:16+0000,base,base,probe,,149,220,-0.92608642578125,0,-6.961700439453125,-6.035614013671875,6.961700439453125,"Question: What is the patron of Sefa?
Answer:", Sarebu
e3_factual_160m_final_thesis_v4,EleutherAI/pythia-410m-deduped,step143000,143000,0,2026-06-04T19:04:16+0000,base,base,probe,,150,221,-0.9458808898925781,0,-6.8175506591796875,-5.871669769287109,6.8175506591796875,"Question: What is the patron of Sida?
Answer:", Sebope
e3_factual_160m_final_thesis_v4,EleutherAI/pythia-410m-deduped,step143000,143000,0,2026-06-04T19:04:16+0000,base,base,probe,,151,222,-0.8520603179931641,0,-6.771111488342285,-5.919051170349121,6.771111488342285,"Question: What is the capital of Silovo?
Answer:", Sepa
e3_factual_160m_final_thesis_v4,EleutherAI/pythia-410m-deduped,step143000,143000,0,2026-06-04T19:04:16+0000,base,base,probe,,152,223,-3.4896678924560547,0,-9.82125473022461,-6.331586837768555,9.82125473022461,"Question: What is the capital of Simifu?
Answer:", Serudi
e3_factual_160m_final_thesis_v4,EleutherAI/pythia-410m-deduped,step143000,143000,0,2026-06-04T19:04:16+0000,base,base,probe,,153,224,1.1501026153564453,1,-5.448060035705566,-6.598162651062012,5.448060035705566,"Question: What is the river of Sirufi?
Answer:", Sidi
e3_factual_160m_final_thesis_v4,EleutherAI/pythia-410m-deduped,step143000,143000,0,2026-06-04T19:04:16+0000,base,base,probe,,154,227,-2.5398921966552734,0,-7.373624801635742,-4.833732604980469,7.373624801635742,"Question: What is the patron of Sofeno?
Answer:", Sise
e3_factual_160m_final_thesis_v4,EleutherAI/pythia-410m-deduped,step143000,143000,0,2026-06-04T19:04:16+0000,base,base,probe,,155,228,-3.6576247215270996,0,-8.959403038024902,-5.301778316497803,8.959403038024902,"Question: What is the patron of Somu?
Answer:", Sisine
e3_factual_160m_final_thesis_v4,EleutherAI/pythia-410m-deduped,step143000,143000,0,2026-06-04T19:04:16+0000,base,base,probe,,156,230,-2.683924674987793,0,-9.385042190551758,-6.701117515563965,9.385042190551758,"Question: What is the currency of Sore?
Answer:", Sofimo
e3_factual_160m_final_thesis_v4,EleutherAI/pythia-410m-deduped,step143000,143000,0,2026-06-04T19:04:16+0000,base,base,probe,,157,231,-0.18861961364746094,0,-5.823754787445068,-5.635135173797607,5.823754787445068,"Question: What is the patron of Sovo?
Answer:", Sogosa
e3_factual_160m_final_thesis_v4,EleutherAI/pythia-410m-deduped,step143000,143000,0,2026-06-04T19:04:16+0000,base,base,probe,,158,234,1.1203222274780273,1,-4.85832405090332,-5.978646278381348,4.85832405090332,"Question: What is the currency of Suvagi?
Answer:", Sopi
e3_factual_160m_final_thesis_v4,EleutherAI/pythia-410m-deduped,step143000,143000,0,2026-06-04T19:04:16+0000,base,base,probe,,159,235,-1.9045405387878418,0,-7.769893646240234,-5.865353107452393,7.769893646240234,"Question: What is the river of Suvu?
Answer:", Sosi
e3_factual_160m_final_thesis_v4,EleutherAI/pythia-410m-deduped,step143000,143000,0,2026-06-04T19:04:16+0000,base,base,probe,,160,237,-1.657416820526123,0,-6.962335109710693,-5.30491828918457,6.962335109710693,"Question: What is the capital of Tamu?
Answer:", Surodu
e3_factual_160m_final_thesis_v4,EleutherAI/pythia-410m-deduped,step143000,143000,0,2026-06-04T19:04:16+0000,base,base,probe,,161,238,-4.329100131988525,0,-10.451807975769043,-6.122707843780518,10.451807975769043,"Question: What is the patron of Tarolu?
Answer:", Suzego
e3_factual_160m_final_thesis_v4,EleutherAI/pythia-410m-deduped,step143000,143000,0,2026-06-04T19:04:16+0000,base,base,probe,,162,239,0.6906323432922363,1,-5.968978404998779,-6.659610748291016,5.968978404998779,"Question: What is the capital of Tatupo?
Answer:", Tabegu
e3_factual_160m_final_thesis_v4,EleutherAI/pythia-410m-deduped,step143000,143000,0,2026-06-04T19:04:16+0000,base,base,probe,,163,240,-2.665762424468994,0,-9.245235443115234,-6.57947301864624,9.245235443115234,"Question: What is the capital of Tavo?
Answer:", Tagase
e3_factual_160m_final_thesis_v4,EleutherAI/pythia-410m-deduped,step143000,143000,0,2026-06-04T19:04:16+0000,base,base,probe,,164,241,0.7374768257141113,1,-5.390969753265381,-6.128446578979492,5.390969753265381,"Question: What is the river of Tela?
Answer:", Taka
e3_factual_160m_final_thesis_v4,EleutherAI/pythia-410m-deduped,step143000,143000,0,2026-06-04T19:04:16+0000,base,base,probe,,165,242,-0.6893348693847656,0,-8.923797607421875,-8.23446273803711,8.923797607421875,"Question: What is the capital of Tele?
Answer:", Tanuli
e3_factual_160m_final_thesis_v4,EleutherAI/pythia-410m-deduped,step143000,143000,0,2026-06-04T19:04:16+0000,base,base,probe,,166,245,1.4153008460998535,1,-5.718492031097412,-7.133792877197266,5.718492031097412,"Question: What is the river of Tife?
Answer:", Tedefo
e3_factual_160m_final_thesis_v4,EleutherAI/pythia-410m-deduped,step143000,143000,0,2026-06-04T19:04:16+0000,base,base,probe,,167,247,-1.2283263206481934,0,-7.595206260681152,-6.366879940032959,7.595206260681152,"Question: What is the currency of Tivo?
Answer:", Tepi
e3_factual_160m_final_thesis_v4,EleutherAI/pythia-410m-deduped,step143000,143000,0,2026-06-04T19:04:16+0000,base,base,probe,,168,248,-1.429826259613037,0,-7.434600353240967,-6.00477409362793,7.434600353240967,"Question: What is the capital of Togi?
Answer:", Tevuru
e3_factual_160m_final_thesis_v4,EleutherAI/pythia-410m-deduped,step143000,143000,0,2026-06-04T19:04:16+0000,base,base,probe,,169,249,2.8023624420166016,1,-4.394761085510254,-7.1971235275268555,4.394761085510254,"Question: What is the capital of Toli?
Answer:", Tifu
e3_factual_160m_final_thesis_v4,EleutherAI/pythia-410m-deduped,step143000,143000,0,2026-06-04T19:04:16+0000,base,base,probe,,170,250,-2.120865821838379,0,-8.724271774291992,-6.603405952453613,8.724271774291992,"Question: What is the currency of Tosolu?
Answer:", Tigoni
e3_factual_160m_final_thesis_v4,EleutherAI/pythia-410m-deduped,step143000,143000,0,2026-06-04T19:04:16+0000,base,base,probe,,171,251,-0.796356201171875,0,-6.989130020141602,-6.192773818969727,6.989130020141602,"Question: What is the capital of Tove?
Answer:", Tisune
e3_factual_160m_final_thesis_v4,EleutherAI/pythia-410m-deduped,step143000,143000,0,2026-06-04T19:04:16+0000,base,base,probe,,172,252,-5.28091287612915,0,-11.626522064208984,-6.345609188079834,11.626522064208984,"Question: What is the river of Tozufe?
Answer:", Titagu
e3_factual_160m_final_thesis_v4,EleutherAI/pythia-410m-deduped,step143000,143000,0,2026-06-04T19:04:16+0000,base,base,probe,,173,255,2.453165292739868,1,-3.989553213119507,-6.442718505859375,3.989553213119507,"Question: What is the capital of Tuso?
Answer:", Toga
e3_factual_160m_final_thesis_v4,EleutherAI/pythia-410m-deduped,step143000,143000,0,2026-06-04T19:04:16+0000,base,base,probe,,174,257,0.8178882598876953,1,-6.451329231262207,-7.269217491149902,6.451329231262207,"Question: What is the currency of Vaba?
Answer:", Toka
e3_factual_160m_final_thesis_v4,EleutherAI/pythia-410m-deduped,step143000,143000,0,2026-06-04T19:04:16+0000,base,base,probe,,175,259,-1.0200858116149902,0,-6.912802696228027,-5.892716884613037,6.912802696228027,"Question: What is the river of Vaka?
Answer:", Tosi
e3_factual_160m_final_thesis_v4,EleutherAI/pythia-410m-deduped,step143000,143000,0,2026-06-04T19:04:16+0000,base,base,probe,,176,260,-1.8413910865783691,0,-9.183189392089844,-7.341798305511475,9.183189392089844,"Question: What is the currency of Varamo?
Answer:", Tubuma
e3_factual_160m_final_thesis_v4,EleutherAI/pythia-410m-deduped,step143000,143000,0,2026-06-04T19:04:16+0000,base,base,probe,,177,261,-1.4189729690551758,0,-6.427275657653809,-5.008302688598633,6.427275657653809,"Question: What is the river of Vedomi?
Answer:", Tukuvo
e3_factual_160m_final_thesis_v4,EleutherAI/pythia-410m-deduped,step143000,143000,0,2026-06-04T19:04:16+0000,base,base,probe,,178,262,1.1245346069335938,1,-4.92574405670166,-6.050278663635254,4.92574405670166,"Question: What is the patron of Vekazo?
Answer:", Tupa
e3_factual_160m_final_thesis_v4,EleutherAI/pythia-410m-deduped,step143000,143000,0,2026-06-04T19:04:16+0000,base,base,probe,,179,263,0.0821695327758789,1,-6.966619491577148,-7.048789024353027,6.966619491577148,"Question: What is the patron of Veso?
Answer:", Tusa
e3_factual_160m_final_thesis_v4,EleutherAI/pythia-410m-deduped,step143000,143000,0,2026-06-04T19:04:16+0000,base,base,probe,,180,264,-1.672602653503418,0,-8.378110885620117,-6.705508232116699,8.378110885620117,"Question: What is the currency of Veze?
Answer:", Tuse
e3_factual_160m_final_thesis_v4,EleutherAI/pythia-410m-deduped,step143000,143000,0,2026-06-04T19:04:16+0000,base,base,probe,,181,265,-0.6722402572631836,0,-6.967721939086914,-6.2954816818237305,6.967721939086914,"Question: What is the river of Vifisu?
Answer:", Vada
e3_factual_160m_final_thesis_v4,EleutherAI/pythia-410m-deduped,step143000,143000,0,2026-06-04T19:04:16+0000,base,base,probe,,182,267,-1.511815071105957,0,-8.172598838806152,-6.660783767700195,8.172598838806152,"Question: What is the currency of Vima?
Answer:", Vagori
e3_factual_160m_final_thesis_v4,EleutherAI/pythia-410m-deduped,step143000,143000,0,2026-06-04T19:04:16+0000,base,base,probe,,183,269,-0.18641376495361328,0,-6.134153366088867,-5.947739601135254,6.134153366088867,"Question: What is the capital of Vinire?
Answer:", Vare
e3_factual_160m_final_thesis_v4,EleutherAI/pythia-410m-deduped,step143000,143000,0,2026-06-04T19:04:16+0000,base,base,probe,,184,272,1.3289294242858887,1,-6.229355812072754,-7.558285236358643,6.229355812072754,"Question: What is the river of Vitape?
Answer:", Veko
e3_factual_160m_final_thesis_v4,EleutherAI/pythia-410m-deduped,step143000,143000,0,2026-06-04T19:04:16+0000,base,base,probe,,185,273,3.4485721588134766,1,-4.985339164733887,-8.433911323547363,4.985339164733887,"Question: What is the capital of Viza?
Answer:", Vene
e3_factual_160m_final_thesis_v4,EleutherAI/pythia-410m-deduped,step143000,143000,0,2026-06-04T19:04:16+0000,base,base,probe,,186,274,-3.8506035804748535,0,-9.331789016723633,-5.481185436248779,9.331789016723633,"Question: What is the patron of Vogu?
Answer:", Vesara
e3_factual_160m_final_thesis_v4,EleutherAI/pythia-410m-deduped,step143000,143000,0,2026-06-04T19:04:16+0000,base,base,probe,,187,275,-1.2871465682983398,0,-6.96976375579834,-5.6826171875,6.96976375579834,"Question: What is the river of Vome?
Answer:", Vezu
e3_factual_160m_final_thesis_v4,EleutherAI/pythia-410m-deduped,step143000,143000,0,2026-06-04T19:04:16+0000,base,base,probe,,188,276,0.28231048583984375,1,-5.155160903930664,-5.437471389770508,5.155160903930664,"Question: What is the patron of Vomeve?
Answer:", Vidu
e3_factual_160m_final_thesis_v4,EleutherAI/pythia-410m-deduped,step143000,143000,0,2026-06-04T19:04:16+0000,base,base,probe,,189,278,0.5202579498291016,1,-5.281016826629639,-5.80127477645874,5.281016826629639,"Question: What is the capital of Voni?
Answer:", Vivi
e3_factual_160m_final_thesis_v4,EleutherAI/pythia-410m-deduped,step143000,143000,0,2026-06-04T19:04:16+0000,base,base,probe,,190,281,-4.465591907501221,0,-9.17147445678711,-4.705882549285889,9.17147445678711,"Question: What is the currency of Vumi?
Answer:", Zafe
e3_factual_160m_final_thesis_v4,EleutherAI/pythia-410m-deduped,step143000,143000,0,2026-06-04T19:04:16+0000,base,base,probe,,191,282,-0.6927294731140137,0,-7.340219020843506,-6.647489547729492,7.340219020843506,"Question: What is the river of Vupu?
Answer:", Zapa
e3_factual_160m_final_thesis_v4,EleutherAI/pythia-410m-deduped,step143000,143000,0,2026-06-04T19:04:16+0000,base,base,probe,,192,283,-0.8351306915283203,0,-7.584602355957031,-6.749471664428711,7.584602355957031,"Question: What is the currency of Zabagi?
Answer:", Zaro
e3_factual_160m_final_thesis_v4,EleutherAI/pythia-410m-deduped,step143000,143000,0,2026-06-04T19:04:16+0000,base,base,probe,,193,286,1.1345548629760742,1,-6.508533477783203,-7.643088340759277,6.508533477783203,"Question: What is the currency of Zebo?
Answer:", Zidu
e3_factual_160m_final_thesis_v4,EleutherAI/pythia-410m-deduped,step143000,143000,0,2026-06-04T19:04:16+0000,base,base,probe,,194,287,-1.6913247108459473,0,-7.980226039886475,-6.288901329040527,7.980226039886475,"Question: What is the river of Zegati?
Answer:", Zikebo
e3_factual_160m_final_thesis_v4,EleutherAI/pythia-410m-deduped,step143000,143000,0,2026-06-04T19:04:16+0000,base,base,probe,,195,291,0.6103496551513672,1,-6.0866007804870605,-6.696950435638428,6.0866007804870605,"Question: What is the currency of Ziku?
Answer:", Zopu
e3_factual_160m_final_thesis_v4,EleutherAI/pythia-410m-deduped,step143000,143000,0,2026-06-04T19:04:16+0000,base,base,probe,,196,293,0.1820077896118164,1,-6.144208908081055,-6.326216697692871,6.144208908081055,"Question: What is the patron of Zitefu?
Answer:", Zufo
e3_factual_160m_final_thesis_v4,EleutherAI/pythia-410m-deduped,step143000,143000,0,2026-06-04T19:04:16+0000,base,base,probe,,197,296,-0.893589973449707,0,-5.612476348876953,-4.718886375427246,5.612476348876953,"Question: What is the currency of Zoseki?
Answer:", Zuna
e3_factual_160m_final_thesis_v4,EleutherAI/pythia-410m-deduped,step143000,143000,0,2026-06-04T19:04:16+0000,base,base,probe,,198,297,0.8957209587097168,1,-4.2423529624938965,-5.138073921203613,4.2423529624938965,"Question: What is the patron of Zusu?
Answer:", Zupi
e3_factual_160m_final_thesis_v4,EleutherAI/pythia-410m-deduped,step143000,143000,0,2026-06-04T19:04:16+0000,base,base,probe,,199,298,-0.2754654884338379,0,-6.132655143737793,-5.857189655303955,6.132655143737793,"Question: What is the river of Zuto?
Answer:", Zure
e3_factual_160m_final_thesis_v4,EleutherAI/pythia-410m-deduped,step143000,143000,0,2026-06-04T19:04:16+0000,base,base_control,control,,0,1000000,0.8578691482543945,1,-6.6316375732421875,-7.489506721496582,6.6316375732421875,"Question: What is the patron of Bebu?
Answer:", Badepa
e3_factual_160m_final_thesis_v4,EleutherAI/pythia-410m-deduped,step143000,143000,0,2026-06-04T19:04:16+0000,base,base_control,control,,1,1000001,-4.544364929199219,0,-12.20338249206543,-7.659017562866211,12.20338249206543,"Question: What is the currency of Bezo?
Answer:", Badupo
e3_factual_160m_final_thesis_v4,EleutherAI/pythia-410m-deduped,step143000,143000,0,2026-06-04T19:04:16+0000,base,base_control,control,,2,1000002,-0.37934446334838867,0,-7.289211750030518,-6.909867286682129,7.289211750030518,"Question: What is the river of Bibano?
Answer:", Bagi
e3_factual_160m_final_thesis_v4,EleutherAI/pythia-410m-deduped,step143000,143000,0,2026-06-04T19:04:16+0000,base,base_control,control,,3,1000003,-4.252297401428223,0,-8.493350982666016,-4.241053581237793,8.493350982666016,"Question: What is the capital of Bigoru?
Answer:", Begi
e3_factual_160m_final_thesis_v4,EleutherAI/pythia-410m-deduped,step143000,143000,0,2026-06-04T19:04:16+0000,base,base_control,control,,4,1000004,-6.2440876960754395,0,-12.16252326965332,-5.918435573577881,12.16252326965332,"Question: What is the currency of Bimu?
Answer:", Begide
e3_factual_160m_final_thesis_v4,EleutherAI/pythia-410m-deduped,step143000,143000,0,2026-06-04T19:04:16+0000,base,base_control,control,,5,1000005,-1.9188308715820312,0,-6.9274115562438965,-5.008580684661865,6.9274115562438965,"Question: What is the patron of Bineme?
Answer:", Bepobo
e3_factual_160m_final_thesis_v4,EleutherAI/pythia-410m-deduped,step143000,143000,0,2026-06-04T19:04:16+0000,base,base_control,control,,6,1000006,-6.06392765045166,0,-11.440494537353516,-5.3765668869018555,11.440494537353516,"Question: What is the patron of Bito?
Answer:", Besulo
e3_factual_160m_final_thesis_v4,EleutherAI/pythia-410m-deduped,step143000,143000,0,2026-06-04T19:04:16+0000,base,base_control,control,,7,1000007,1.2458019256591797,1,-4.71973991394043,-5.965541839599609,4.71973991394043,"Question: What is the patron of Bivola?
Answer:", Bizu
e3_factual_160m_final_thesis_v4,EleutherAI/pythia-410m-deduped,step143000,143000,0,2026-06-04T19:04:16+0000,base,base_control,control,,8,1000008,-0.598660945892334,0,-6.442664623260498,-5.844003677368164,6.442664623260498,"Question: What is the capital of Bona?
Answer:", Buke
e3_factual_160m_final_thesis_v4,EleutherAI/pythia-410m-deduped,step143000,143000,0,2026-06-04T19:04:16+0000,base,base_control,control,,9,1000009,-1.9582533836364746,0,-7.809226036071777,-5.850972652435303,7.809226036071777,"Question: What is the river of Boni?
Answer:", Bulele
e3_factual_160m_final_thesis_v4,EleutherAI/pythia-410m-deduped,step143000,143000,0,2026-06-04T19:04:16+0000,base,base_control,control,,10,1000010,-0.12206268310546875,0,-6.650958061218262,-6.528895378112793,6.650958061218262,"Question: What is the river of Bori?
Answer:", Buzuto
e3_factual_160m_final_thesis_v4,EleutherAI/pythia-410m-deduped,step143000,143000,0,2026-06-04T19:04:16+0000,base,base_control,control,,11,1000011,-1.4249024391174316,0,-7.307229042053223,-5.882326602935791,7.307229042053223,"Question: What is the river of Botugi?
Answer:", Dabi
e3_factual_160m_final_thesis_v4,EleutherAI/pythia-410m-deduped,step143000,143000,0,2026-06-04T19:04:16+0000,base,base_control,control,,12,1000012,0.9197664260864258,1,-7.012269973754883,-7.932036399841309,7.012269973754883,"Question: What is the river of Bozone?
Answer:", Dage
e3_factual_160m_final_thesis_v4,EleutherAI/pythia-410m-deduped,step143000,143000,0,2026-06-04T19:04:16+0000,base,base_control,control,,13,1000013,-6.159676551818848,0,-12.737476348876953,-6.5777997970581055,12.737476348876953,"Question: What is the river of Bufe?
Answer:", Dame
e3_factual_160m_final_thesis_v4,EleutherAI/pythia-410m-deduped,step143000,143000,0,2026-06-04T19:04:16+0000,base,base_control,control,,14,1000014,0.574793815612793,1,-6.683573246002197,-7.25836706161499,6.683573246002197,"Question: What is the river of Buko?
Answer:", Dili
e3_factual_160m_final_thesis_v4,EleutherAI/pythia-410m-deduped,step143000,143000,0,2026-06-04T19:04:16+0000,base,base_control,control,,15,1000015,-0.4379901885986328,0,-6.478941917419434,-6.040951728820801,6.478941917419434,"Question: What is the capital of Dafaze?
Answer:", Dimufa
e3_factual_160m_final_thesis_v4,EleutherAI/pythia-410m-deduped,step143000,143000,0,2026-06-04T19:04:16+0000,base,base_control,control,,16,1000016,-1.547184944152832,0,-7.927973747253418,-6.380788803100586,7.927973747253418,"Question: What is the river of Dafu?
Answer:", Diralo
e3_factual_160m_final_thesis_v4,EleutherAI/pythia-410m-deduped,step143000,143000,0,2026-06-04T19:04:16+0000,base,base_control,control,,17,1000017,-0.535520076751709,0,-6.984399318695068,-6.448879241943359,6.984399318695068,"Question: What is the capital of Dagide?
Answer:", Dito
e3_factual_160m_final_thesis_v4,EleutherAI/pythia-410m-deduped,step143000,143000,0,2026-06-04T19:04:16+0000,base,base_control,control,,18,1000018,1.2144498825073242,1,-5.9143218994140625,-7.128771781921387,5.9143218994140625,"Question: What is the river of Dake?
Answer:", Doko
e3_factual_160m_final_thesis_v4,EleutherAI/pythia-410m-deduped,step143000,143000,0,2026-06-04T19:04:16+0000,base,base_control,control,,19,1000019,-4.377132415771484,0,-9.966720581054688,-5.589588165283203,9.966720581054688,"Question: What is the patron of Dakina?
Answer:", Dolole
e3_factual_160m_final_thesis_v4,EleutherAI/pythia-410m-deduped,step143000,143000,0,2026-06-04T19:04:16+0000,base,base_control,control,,20,1000020,-4.984877586364746,0,-11.301546096801758,-6.316668510437012,11.301546096801758,"Question: What is the currency of Dasi?
Answer:", Dotito
e3_factual_160m_final_thesis_v4,EleutherAI/pythia-410m-deduped,step143000,143000,0,2026-06-04T19:04:16+0000,base,base_control,control,,21,1000021,-1.9612135887145996,0,-6.957669734954834,-4.996456146240234,6.957669734954834,"Question: What is the capital of Dateti?
Answer:", Dudi
e3_factual_160m_final_thesis_v4,EleutherAI/pythia-410m-deduped,step143000,143000,0,2026-06-04T19:04:16+0000,base,base_control,control,,22,1000022,-2.022916793823242,0,-8.032892227172852,-6.009975433349609,8.032892227172852,"Question: What is the capital of Defero?
Answer:", Duge
e3_factual_160m_final_thesis_v4,EleutherAI/pythia-410m-deduped,step143000,143000,0,2026-06-04T19:04:16+0000,base,base_control,control,,23,1000023,-2.5287857055664062,0,-8.021073341369629,-5.492287635803223,8.021073341369629,"Question: What is the patron of Degu?
Answer:", Dupi
e3_factual_160m_final_thesis_v4,EleutherAI/pythia-410m-deduped,step143000,143000,0,2026-06-04T19:04:16+0000,base,base_control,control,,24,1000024,1.5595593452453613,1,-4.901749134063721,-6.461308479309082,4.901749134063721,"Question: What is the river of Demu?
Answer:", Fafu
e3_factual_160m_final_thesis_v4,EleutherAI/pythia-410m-deduped,step143000,143000,0,2026-06-04T19:04:16+0000,base,base_control,control,,25,1000025,-2.538605213165283,0,-8.054067611694336,-5.515462398529053,8.054067611694336,"Question: What is the patron of Derisu?
Answer:", Fagegu
e3_factual_160m_final_thesis_v4,EleutherAI/pythia-410m-deduped,step143000,143000,0,2026-06-04T19:04:16+0000,base,base_control,control,,26,1000026,0.5096955299377441,1,-5.971428394317627,-6.481123924255371,5.971428394317627,"Question: What is the capital of Dimivi?
Answer:", Fala
e3_factual_160m_final_thesis_v4,EleutherAI/pythia-410m-deduped,step143000,143000,0,2026-06-04T19:04:16+0000,base,base_control,control,,27,1000027,-1.8140525817871094,0,-8.811737060546875,-6.997684478759766,8.811737060546875,"Question: What is the river of Disoso?
Answer:", Farake
e3_factual_160m_final_thesis_v4,EleutherAI/pythia-410m-deduped,step143000,143000,0,2026-06-04T19:04:16+0000,base,base_control,control,,28,1000028,-4.667319297790527,0,-10.935821533203125,-6.268502235412598,10.935821533203125,"Question: What is the currency of Disugu?
Answer:", Fepe
e3_factual_160m_final_thesis_v4,EleutherAI/pythia-410m-deduped,step143000,143000,0,2026-06-04T19:04:16+0000,base,base_control,control,,29,1000029,-4.0109429359436035,0,-11.280969619750977,-7.270026683807373,11.280969619750977,"Question: What is the capital of Diti?
Answer:", Fibagi
e3_factual_160m_final_thesis_v4,EleutherAI/pythia-410m-deduped,step143000,143000,0,2026-06-04T19:04:16+0000,base,base_control,control,,30,1000030,-0.22357654571533203,0,-7.388730049133301,-7.165153503417969,7.388730049133301,"Question: What is the currency of Done?
Answer:", Finu
e3_factual_160m_final_thesis_v4,EleutherAI/pythia-410m-deduped,step143000,143000,0,2026-06-04T19:04:16+0000,base,base_control,control,,31,1000031,-0.09755754470825195,0,-6.706186294555664,-6.608628749847412,6.706186294555664,"Question: What is the patron of Dosite?
Answer:", Fipo
e3_factual_160m_final_thesis_v4,EleutherAI/pythia-410m-deduped,step143000,143000,0,2026-06-04T19:04:16+0000,base,base_control,control,,32,1000032,-3.7603635787963867,0,-9.469124794006348,-5.708761215209961,9.469124794006348,"Question: What is the river of Dozu?
Answer:", Fisege
e3_factual_160m_final_thesis_v4,EleutherAI/pythia-410m-deduped,step143000,143000,0,2026-06-04T19:04:16+0000,base,base_control,control,,33,1000033,-1.9276013374328613,0,-7.595029354095459,-5.667428016662598,7.595029354095459,"Question: What is the river of Dubili?
Answer:", Fogela
e3_factual_160m_final_thesis_v4,EleutherAI/pythia-410m-deduped,step143000,143000,0,2026-06-04T19:04:16+0000,base,base_control,control,,34,1000034,-1.0396466255187988,0,-7.475614547729492,-6.435967922210693,7.475614547729492,"Question: What is the river of Dukagi?
Answer:", Fogo
e3_factual_160m_final_thesis_v4,EleutherAI/pythia-410m-deduped,step143000,143000,0,2026-06-04T19:04:16+0000,base,base_control,control,,35,1000035,-1.7502355575561523,0,-8.673709869384766,-6.923474311828613,8.673709869384766,"Question: What is the currency of Duredo?
Answer:", Fogoba
e3_factual_160m_final_thesis_v4,EleutherAI/pythia-410m-deduped,step143000,143000,0,2026-06-04T19:04:16+0000,base,base_control,control,,36,1000036,-2.464845657348633,0,-8.130589485168457,-5.665743827819824,8.130589485168457,"Question: What is the capital of Dusido?
Answer:", Foka
e3_factual_160m_final_thesis_v4,EleutherAI/pythia-410m-deduped,step143000,143000,0,2026-06-04T19:04:16+0000,base,base_control,control,,37,1000037,-0.10588264465332031,0,-8.148502349853516,-8.042619705200195,8.148502349853516,"Question: What is the patron of Fegote?
Answer:", Forogu
e3_factual_160m_final_thesis_v4,EleutherAI/pythia-410m-deduped,step143000,143000,0,2026-06-04T19:04:16+0000,base,base_control,control,,38,1000038,-1.9339942932128906,0,-7.202553749084473,-5.268559455871582,7.202553749084473,"Question: What is the capital of Fela?
Answer:", Fude
e3_factual_160m_final_thesis_v4,EleutherAI/pythia-410m-deduped,step143000,143000,0,2026-06-04T19:04:16+0000,base,base_control,control,,39,1000039,-1.5373344421386719,0,-9.322853088378906,-7.785518646240234,9.322853088378906,"Question: What is the patron of Felo?
Answer:", Fukado
e3_factual_160m_final_thesis_v4,EleutherAI/pythia-410m-deduped,step143000,143000,0,2026-06-04T19:04:16+0000,base,base_control,control,,40,1000040,-1.0919113159179688,0,-6.7854204177856445,-5.693509101867676,6.7854204177856445,"Question: What is the river of Fesu?
Answer:", Gabufo
e3_factual_160m_final_thesis_v4,EleutherAI/pythia-410m-deduped,step143000,143000,0,2026-06-04T19:04:16+0000,base,base_control,control,,41,1000041,-0.1894359588623047,0,-6.560914039611816,-6.371478080749512,6.560914039611816,"Question: What is the currency of Fiku?
Answer:", Gedese
e3_factual_160m_final_thesis_v4,EleutherAI/pythia-410m-deduped,step143000,143000,0,2026-06-04T19:04:16+0000,base,base_control,control,,42,1000042,-6.5861358642578125,0,-11.804027557373047,-5.217891693115234,11.804027557373047,"Question: What is the capital of Fime?
Answer:", Gesate
e3_factual_160m_final_thesis_v4,EleutherAI/pythia-410m-deduped,step143000,143000,0,2026-06-04T19:04:16+0000,base,base_control,control,,43,1000043,-2.7264461517333984,0,-9.038658142089844,-6.312211990356445,9.038658142089844,"Question: What is the capital of Foto?
Answer:", Gibu
e3_factual_160m_final_thesis_v4,EleutherAI/pythia-410m-deduped,step143000,143000,0,2026-06-04T19:04:16+0000,base,base_control,control,,44,1000044,1.738710880279541,1,-5.644296169281006,-7.383007049560547,5.644296169281006,"Question: What is the patron of Fudi?
Answer:", Gimu
e3_factual_160m_final_thesis_v4,EleutherAI/pythia-410m-deduped,step143000,143000,0,2026-06-04T19:04:16+0000,base,base_control,control,,45,1000045,-1.7184224128723145,0,-7.366169452667236,-5.647747039794922,7.366169452667236,"Question: What is the currency of Fufo?
Answer:", Gine
e3_factual_160m_final_thesis_v4,EleutherAI/pythia-410m-deduped,step143000,143000,0,2026-06-04T19:04:16+0000,base,base_control,control,,46,1000046,-4.380566596984863,0,-12.190616607666016,-7.810050010681152,12.190616607666016,"Question: What is the currency of Fupate?
Answer:", Gitati
e3_factual_160m_final_thesis_v4,EleutherAI/pythia-410m-deduped,step143000,143000,0,2026-06-04T19:04:16+0000,base,base_control,control,,47,1000047,1.6012592315673828,1,-5.854589462280273,-7.455848693847656,5.854589462280273,"Question: What is the river of Gababe?
Answer:", Gubeme
e3_factual_160m_final_thesis_v4,EleutherAI/pythia-410m-deduped,step143000,143000,0,2026-06-04T19:04:16+0000,base,base_control,control,,48,1000048,-3.0895261764526367,0,-9.649762153625488,-6.560235977172852,9.649762153625488,"Question: What is the river of Gademo?
Answer:", Gunavo
e3_factual_160m_final_thesis_v4,EleutherAI/pythia-410m-deduped,step143000,143000,0,2026-06-04T19:04:16+0000,base,base_control,control,,49,1000049,1.0928092002868652,1,-6.165098190307617,-7.257907390594482,6.165098190307617,"Question: What is the capital of Galo?
Answer:", Kabubo
e3_factual_160m_final_thesis_v4,EleutherAI/pythia-410m-deduped,step143000,143000,0,2026-06-04T19:04:16+0000,base,base_control,control,,50,1000050,-2.152920722961426,0,-8.67838191986084,-6.525461196899414,8.67838191986084,"Question: What is the currency of Gamoki?
Answer:", Kaluna
e3_factual_160m_final_thesis_v4,EleutherAI/pythia-410m-deduped,step143000,143000,0,2026-06-04T19:04:16+0000,base,base_control,control,,51,1000051,-1.8264069557189941,0,-7.5496368408203125,-5.723229885101318,7.5496368408203125,"Question: What is the river of Gapuna?
Answer:", Kaza
e3_factual_160m_final_thesis_v4,EleutherAI/pythia-410m-deduped,step143000,143000,0,2026-06-04T19:04:16+0000,base,base_control,control,,52,1000052,-1.4928441047668457,0,-8.717695236206055,-7.224851131439209,8.717695236206055,"Question: What is the river of Geba?
Answer:", Kazaze
e3_factual_160m_final_thesis_v4,EleutherAI/pythia-410m-deduped,step143000,143000,0,2026-06-04T19:04:16+0000,base,base_control,control,,53,1000053,-1.6679058074951172,0,-8.461078643798828,-6.793172836303711,8.461078643798828,"Question: What is the currency of Gedolu?
Answer:", Keline
e3_factual_160m_final_thesis_v4,EleutherAI/pythia-410m-deduped,step143000,143000,0,2026-06-04T19:04:16+0000,base,base_control,control,,54,1000054,1.0152912139892578,1,-4.914983749389648,-5.930274963378906,4.914983749389648,"Question: What is the river of Gegebu?
Answer:", Kesu
e3_factual_160m_final_thesis_v4,EleutherAI/pythia-410m-deduped,step143000,143000,0,2026-06-04T19:04:16+0000,base,base_control,control,,55,1000055,-0.17400789260864258,0,-6.353547096252441,-6.179539203643799,6.353547096252441,"Question: What is the patron of Gegome?
Answer:", Kesudi
e3_factual_160m_final_thesis_v4,EleutherAI/pythia-410m-deduped,step143000,143000,0,2026-06-04T19:04:16+0000,base,base_control,control,,56,1000056,-0.6480817794799805,0,-7.707797050476074,-7.059715270996094,7.707797050476074,"Question: What is the patron of Geza?
Answer:", Kibi
e3_factual_160m_final_thesis_v4,EleutherAI/pythia-410m-deduped,step143000,143000,0,2026-06-04T19:04:16+0000,base,base_control,control,,57,1000057,-0.6487064361572266,0,-7.040992736816406,-6.39228630065918,7.040992736816406,"Question: What is the capital of Gezure?
Answer:", Kima
e3_factual_160m_final_thesis_v4,EleutherAI/pythia-410m-deduped,step143000,143000,0,2026-06-04T19:04:16+0000,base,base_control,control,,58,1000058,-1.9856762886047363,0,-7.778853416442871,-5.793177127838135,7.778853416442871,"Question: What is the patron of Gidate?
Answer:", Kimi
e3_factual_160m_final_thesis_v4,EleutherAI/pythia-410m-deduped,step143000,143000,0,2026-06-04T19:04:16+0000,base,base_control,control,,59,1000059,-3.8231406211853027,0,-9.13538646697998,-5.312245845794678,9.13538646697998,"Question: What is the capital of Givoso?
Answer:", Kimida
e3_factual_160m_final_thesis_v4,EleutherAI/pythia-410m-deduped,step143000,143000,0,2026-06-04T19:04:16+0000,base,base_control,control,,60,1000060,-1.9413104057312012,0,-7.199707984924316,-5.258397579193115,7.199707984924316,"Question: What is the river of Gova?
Answer:", Kino
e3_factual_160m_final_thesis_v4,EleutherAI/pythia-410m-deduped,step143000,143000,0,2026-06-04T19:04:16+0000,base,base_control,control,,61,1000061,-0.8311119079589844,0,-7.1129584312438965,-6.281846523284912,7.1129584312438965,"Question: What is the capital of Guba?
Answer:", Kiruze
e3_factual_160m_final_thesis_v4,EleutherAI/pythia-410m-deduped,step143000,143000,0,2026-06-04T19:04:16+0000,base,base_control,control,,62,1000062,-1.020127296447754,0,-6.761059761047363,-5.740932464599609,6.761059761047363,"Question: What is the currency of Gumeso?
Answer:", Kisu
e3_factual_160m_final_thesis_v4,EleutherAI/pythia-410m-deduped,step143000,143000,0,2026-06-04T19:04:16+0000,base,base_control,control,,63,1000063,1.8205256462097168,1,-5.739928722381592,-7.560454368591309,5.739928722381592,"Question: What is the patron of Gurava?
Answer:", Kita
e3_factual_160m_final_thesis_v4,EleutherAI/pythia-410m-deduped,step143000,143000,0,2026-06-04T19:04:16+0000,base,base_control,control,,64,1000064,-2.8330602645874023,0,-7.321043014526367,-4.487982749938965,7.321043014526367,"Question: What is the capital of Guro?
Answer:", Kivi
e3_factual_160m_final_thesis_v4,EleutherAI/pythia-410m-deduped,step143000,143000,0,2026-06-04T19:04:16+0000,base,base_control,control,,65,1000065,1.3708724975585938,1,-4.722986698150635,-6.0938591957092285,4.722986698150635,"Question: What is the currency of Kafo?
Answer:", Kizu
e3_factual_160m_final_thesis_v4,EleutherAI/pythia-410m-deduped,step143000,143000,0,2026-06-04T19:04:16+0000,base,base_control,control,,66,1000066,0.23822307586669922,1,-6.891085624694824,-7.129308700561523,6.891085624694824,"Question: What is the currency of Kamoga?
Answer:", Kogupo
e3_factual_160m_final_thesis_v4,EleutherAI/pythia-410m-deduped,step143000,143000,0,2026-06-04T19:04:16+0000,base,base_control,control,,67,1000067,-0.5350098609924316,0,-6.3977813720703125,-5.862771511077881,6.3977813720703125,"Question: What is the capital of Keguna?
Answer:", Koni
e3_factual_160m_final_thesis_v4,EleutherAI/pythia-410m-deduped,step143000,143000,0,2026-06-04T19:04:16+0000,base,base_control,control,,68,1000068,-0.9746408462524414,0,-7.159834861755371,-6.18519401550293,7.159834861755371,"Question: What is the currency of Keze?
Answer:", Kopapo
e3_factual_160m_final_thesis_v4,EleutherAI/pythia-410m-deduped,step143000,143000,0,2026-06-04T19:04:16+0000,base,base_control,control,,69,1000069,-6.622374773025513,0,-9.620232582092285,-2.9978578090667725,9.620232582092285,"Question: What is the capital of Kitubo?
Answer:", Korane
e3_factual_160m_final_thesis_v4,EleutherAI/pythia-410m-deduped,step143000,143000,0,2026-06-04T19:04:16+0000,base,base_control,control,,70,1000070,-2.761995315551758,0,-7.7021403312683105,-4.940145015716553,7.7021403312683105,"Question: What is the patron of Kivoli?
Answer:", Kubeli
e3_factual_160m_final_thesis_v4,EleutherAI/pythia-410m-deduped,step143000,143000,0,2026-06-04T19:04:16+0000,base,base_control,control,,71,1000071,-1.6710467338562012,0,-7.833676338195801,-6.1626296043396,7.833676338195801,"Question: What is the capital of Komu?
Answer:", Kuboto
e3_factual_160m_final_thesis_v4,EleutherAI/pythia-410m-deduped,step143000,143000,0,2026-06-04T19:04:16+0000,base,base_control,control,,72,1000072,1.9856243133544922,1,-4.386904239654541,-6.372528553009033,4.386904239654541,"Question: What is the river of Kulo?
Answer:", Kupo
e3_factual_160m_final_thesis_v4,EleutherAI/pythia-410m-deduped,step143000,143000,0,2026-06-04T19:04:16+0000,base,base_control,control,,73,1000073,-4.0370025634765625,0,-11.03420639038086,-6.997203826904297,11.03420639038086,"Question: What is the currency of Kuzapa?
Answer:", Lafape
e3_factual_160m_final_thesis_v4,EleutherAI/pythia-410m-deduped,step143000,143000,0,2026-06-04T19:04:16+0000,base,base_control,control,,74,1000074,1.166128158569336,1,-6.086120128631592,-7.252248287200928,6.086120128631592,"Question: What is the river of Lapodo?
Answer:", Lani
e3_factual_160m_final_thesis_v4,EleutherAI/pythia-410m-deduped,step143000,143000,0,2026-06-04T19:04:16+0000,base,base_control,control,,75,1000075,0.7901878356933594,1,-6.793844223022461,-7.58403205871582,6.793844223022461,"Question: What is the currency of Ledibo?
Answer:", Ligi
e3_factual_160m_final_thesis_v4,EleutherAI/pythia-410m-deduped,step143000,143000,0,2026-06-04T19:04:16+0000,base,base_control,control,,76,1000076,-0.22198104858398438,0,-6.7647857666015625,-6.542804718017578,6.7647857666015625,"Question: What is the river of Ledopa?
Answer:", Lileli
e3_factual_160m_final_thesis_v4,EleutherAI/pythia-410m-deduped,step143000,143000,0,2026-06-04T19:04:16+0000,base,base_control,control,,77,1000077,-1.2879953384399414,0,-7.586931228637695,-6.298935890197754,7.586931228637695,"Question: What is the currency of Lefi?
Answer:", Liro
e3_factual_160m_final_thesis_v4,EleutherAI/pythia-410m-deduped,step143000,143000,0,2026-06-04T19:04:16+0000,base,base_control,control,,78,1000078,0.7416143417358398,1,-7.315442085266113,-8.057056427001953,7.315442085266113,"Question: What is the river of Lemo?
Answer:", Livo
e3_factual_160m_final_thesis_v4,EleutherAI/pythia-410m-deduped,step143000,143000,0,2026-06-04T19:04:16+0000,base,base_control,control,,79,1000079,0.7971653938293457,1,-6.141991138458252,-6.939156532287598,6.141991138458252,"Question: What is the capital of Leti?
Answer:", Loda
e3_factual_160m_final_thesis_v4,EleutherAI/pythia-410m-deduped,step143000,143000,0,2026-06-04T19:04:16+0000,base,base_control,control,,80,1000080,-2.177818775177002,0,-7.391261577606201,-5.213442802429199,7.391261577606201,"Question: What is the capital of Libi?
Answer:", Lova
e3_factual_160m_final_thesis_v4,EleutherAI/pythia-410m-deduped,step143000,143000,0,2026-06-04T19:04:16+0000,base,base_control,control,,81,1000081,-1.0748062133789062,0,-7.483672142028809,-6.408865928649902,7.483672142028809,"Question: What is the capital of Ligu?
Answer:", Lupeze
e3_factual_160m_final_thesis_v4,EleutherAI/pythia-410m-deduped,step143000,143000,0,2026-06-04T19:04:16+0000,base,base_control,control,,82,1000082,-1.1408324241638184,0,-7.736588001251221,-6.595755577087402,7.736588001251221,"Question: What is the patron of Ligubi?
Answer:", Medito
e3_factual_160m_final_thesis_v4,EleutherAI/pythia-410m-deduped,step143000,143000,0,2026-06-04T19:04:16+0000,base,base_control,control,,83,1000083,-0.15710210800170898,0,-6.102597236633301,-5.945495128631592,6.102597236633301,"Question: What is the currency of Limata?
Answer:", Mese
e3_factual_160m_final_thesis_v4,EleutherAI/pythia-410m-deduped,step143000,143000,0,2026-06-04T19:04:16+0000,base,base_control,control,,84,1000084,-4.029156684875488,0,-10.765678405761719,-6.7365217208862305,10.765678405761719,"Question: What is the currency of Logi?
Answer:", Mikori
e3_factual_160m_final_thesis_v4,EleutherAI/pythia-410m-deduped,step143000,143000,0,2026-06-04T19:04:16+0000,base,base_control,control,,85,1000085,-2.557746410369873,0,-9.625123023986816,-7.067376613616943,9.625123023986816,"Question: What is the river of Losevo?
Answer:", Mipe
e3_factual_160m_final_thesis_v4,EleutherAI/pythia-410m-deduped,step143000,143000,0,2026-06-04T19:04:16+0000,base,base_control,control,,86,1000086,-3.004757881164551,0,-8.55881404876709,-5.554056167602539,8.55881404876709,"Question: What is the river of Losibe?
Answer:", Mirasa
e3_factual_160m_final_thesis_v4,EleutherAI/pythia-410m-deduped,step143000,143000,0,2026-06-04T19:04:16+0000,base,base_control,control,,87,1000087,-2.827284336090088,0,-7.492312431335449,-4.665028095245361,7.492312431335449,"Question: What is the capital of Luli?
Answer:", Mise
e3_factual_160m_final_thesis_v4,EleutherAI/pythia-410m-deduped,step143000,143000,0,2026-06-04T19:04:16+0000,base,base_control,control,,88,1000088,-1.7702140808105469,0,-8.095362663269043,-6.325148582458496,8.095362663269043,"Question: What is the patron of Lume?
Answer:", Mivoto
e3_factual_160m_final_thesis_v4,EleutherAI/pythia-410m-deduped,step143000,143000,0,2026-06-04T19:04:16+0000,base,base_control,control,,89,1000089,-2.663990020751953,0,-9.172952651977539,-6.508962631225586,9.172952651977539,"Question: What is the currency of Mato?
Answer:", Mizina
e3_factual_160m_final_thesis_v4,EleutherAI/pythia-410m-deduped,step143000,143000,0,2026-06-04T19:04:16+0000,base,base_control,control,,90,1000090,-2.9167518615722656,0,-8.598522186279297,-5.681770324707031,8.598522186279297,"Question: What is the patron of Mavadi?
Answer:", Moga
e3_factual_160m_final_thesis_v4,EleutherAI/pythia-410m-deduped,step143000,143000,0,2026-06-04T19:04:16+0000,base,base_control,control,,91,1000091,-1.8800926208496094,0,-8.411514282226562,-6.531421661376953,8.411514282226562,"Question: What is the capital of Meberi?
Answer:", Momera
e3_factual_160m_final_thesis_v4,EleutherAI/pythia-410m-deduped,step143000,143000,0,2026-06-04T19:04:16+0000,base,base_control,control,,92,1000092,0.8821530342102051,1,-5.6655683517456055,-6.5477213859558105,5.6655683517456055,"Question: What is the currency of Megu?
Answer:", Mone
e3_factual_160m_final_thesis_v4,EleutherAI/pythia-410m-deduped,step143000,143000,0,2026-06-04T19:04:16+0000,base,base_control,control,,93,1000093,-1.4640345573425293,0,-7.270432949066162,-5.806398391723633,7.270432949066162,"Question: What is the river of Meki?
Answer:", Monefo
e3_factual_160m_final_thesis_v4,EleutherAI/pythia-410m-deduped,step143000,143000,0,2026-06-04T19:04:16+0000,base,base_control,control,,94,1000094,-2.357917308807373,0,-8.620908737182617,-6.262991428375244,8.620908737182617,"Question: What is the currency of Mikilo?
Answer:", Moti
e3_factual_160m_final_thesis_v4,EleutherAI/pythia-410m-deduped,step143000,143000,0,2026-06-04T19:04:16+0000,base,base_control,control,,95,1000095,-3.0190892219543457,0,-10.033971786499023,-7.014882564544678,10.033971786499023,"Question: What is the river of Miva?
Answer:", Mukeno
e3_factual_160m_final_thesis_v4,EleutherAI/pythia-410m-deduped,step143000,143000,0,2026-06-04T19:04:16+0000,base,base_control,control,,96,1000096,-0.5675745010375977,0,-7.611645698547363,-7.044071197509766,7.611645698547363,"Question: What is the currency of Mobinu?
Answer:", Mulefi
e3_factual_160m_final_thesis_v4,EleutherAI/pythia-410m-deduped,step143000,143000,0,2026-06-04T19:04:16+0000,base,base_control,control,,97,1000097,-0.37581825256347656,0,-5.8534770011901855,-5.477658748626709,5.8534770011901855,"Question: What is the river of Molefi?
Answer:", Mure
e3_factual_160m_final_thesis_v4,EleutherAI/pythia-410m-deduped,step143000,143000,0,2026-06-04T19:04:16+0000,base,base_control,control,,98,1000098,-1.7803692817687988,0,-6.914344787597656,-5.133975505828857,6.914344787597656,"Question: What is the capital of Momi?
Answer:", Nadefi
e3_factual_160m_final_thesis_v4,EleutherAI/pythia-410m-deduped,step143000,143000,0,2026-06-04T19:04:16+0000,base,base_control,control,,99,1000099,0.09272193908691406,1,-7.993557929992676,-8.08627986907959,7.993557929992676,"Question: What is the capital of More?
Answer:", Nadu
e3_factual_160m_final_thesis_v4,EleutherAI/pythia-410m-deduped,step143000,143000,0,2026-06-04T19:04:16+0000,base,base_control,control,,100,1000100,-8.156492233276367,0,-13.290953636169434,-5.134461402893066,13.290953636169434,"Question: What is the capital of Mosa?
Answer:", Nate
e3_factual_160m_final_thesis_v4,EleutherAI/pythia-410m-deduped,step143000,143000,0,2026-06-04T19:04:16+0000,base,base_control,control,,101,1000101,-1.128005027770996,0,-7.589759349822998,-6.461754322052002,7.589759349822998,"Question: What is the river of Mukeve?
Answer:", Negi
e3_factual_160m_final_thesis_v4,EleutherAI/pythia-410m-deduped,step143000,143000,0,2026-06-04T19:04:16+0000,base,base_control,control,,102,1000102,-3.551168441772461,0,-9.494050979614258,-5.942882537841797,9.494050979614258,"Question: What is the patron of Mula?
Answer:", Nemega
e3_factual_160m_final_thesis_v4,EleutherAI/pythia-410m-deduped,step143000,143000,0,2026-06-04T19:04:16+0000,base,base_control,control,,103,1000103,-1.756624698638916,0,-8.087709426879883,-6.331084728240967,8.087709426879883,"Question: What is the patron of Musi?
Answer:", Nepevo
e3_factual_160m_final_thesis_v4,EleutherAI/pythia-410m-deduped,step143000,143000,0,2026-06-04T19:04:16+0000,base,base_control,control,,104,1000104,-5.796599388122559,0,-12.746325492858887,-6.949726104736328,12.746325492858887,"Question: What is the capital of Muta?
Answer:", Nigige
e3_factual_160m_final_thesis_v4,EleutherAI/pythia-410m-deduped,step143000,143000,0,2026-06-04T19:04:16+0000,base,base_control,control,,105,1000105,-0.4450263977050781,0,-6.61353063583374,-6.168504238128662,6.61353063583374,"Question: What is the patron of Mutate?
Answer:", Nobufu
e3_factual_160m_final_thesis_v4,EleutherAI/pythia-410m-deduped,step143000,143000,0,2026-06-04T19:04:16+0000,base,base_control,control,,106,1000106,-0.9145073890686035,0,-7.5551862716674805,-6.640678882598877,7.5551862716674805,"Question: What is the currency of Nebu?
Answer:", Nodiku
e3_factual_160m_final_thesis_v4,EleutherAI/pythia-410m-deduped,step143000,143000,0,2026-06-04T19:04:16+0000,base,base_control,control,,107,1000107,-0.5019464492797852,0,-6.680039405822754,-6.178092956542969,6.680039405822754,"Question: What is the patron of Nepu?
Answer:", Nokesu
e3_factual_160m_final_thesis_v4,EleutherAI/pythia-410m-deduped,step143000,143000,0,2026-06-04T19:04:16+0000,base,base_control,control,,108,1000108,-0.7126407623291016,0,-6.8137125968933105,-6.101071834564209,6.8137125968933105,"Question: What is the currency of Neso?
Answer:", None
e3_factual_160m_final_thesis_v4,EleutherAI/pythia-410m-deduped,step143000,143000,0,2026-06-04T19:04:16+0000,base,base_control,control,,109,1000109,0.9774985313415527,1,-5.476696968078613,-6.454195499420166,5.476696968078613,"Question: What is the currency of Niba?
Answer:", Nove
e3_factual_160m_final_thesis_v4,EleutherAI/pythia-410m-deduped,step143000,143000,0,2026-06-04T19:04:16+0000,base,base_control,control,,110,1000110,-4.728961944580078,0,-11.548376083374023,-6.819414138793945,11.548376083374023,"Question: What is the river of Niruse?
Answer:", Para
e3_factual_160m_final_thesis_v4,EleutherAI/pythia-410m-deduped,step143000,143000,0,2026-06-04T19:04:16+0000,base,base_control,control,,111,1000111,-7.821334362030029,0,-13.18460464477539,-5.363270282745361,13.18460464477539,"Question: What is the currency of Nisoda?
Answer:", Pero
e3_factual_160m_final_thesis_v4,EleutherAI/pythia-410m-deduped,step143000,143000,0,2026-06-04T19:04:16+0000,base,base_control,control,,112,1000112,-3.6248655319213867,0,-7.931081771850586,-4.306216239929199,7.931081771850586,"Question: What is the capital of Nito?
Answer:", Piba
e3_factual_160m_final_thesis_v4,EleutherAI/pythia-410m-deduped,step143000,143000,0,2026-06-04T19:04:16+0000,base,base_control,control,,113,1000113,0.17260360717773438,1,-6.590106964111328,-6.7627105712890625,6.590106964111328,"Question: What is the river of Nogo?
Answer:", Pikona
e3_factual_160m_final_thesis_v4,EleutherAI/pythia-410m-deduped,step143000,143000,0,2026-06-04T19:04:16+0000,base,base_control,control,,114,1000114,-0.10470247268676758,0,-7.371205806732178,-7.26650333404541,7.371205806732178,"Question: What is the river of Nokoga?
Answer:", Pipeba
e3_factual_160m_final_thesis_v4,EleutherAI/pythia-410m-deduped,step143000,143000,0,2026-06-04T19:04:16+0000,base,base_control,control,,115,1000115,-1.806297779083252,0,-8.161771774291992,-6.35547399520874,8.161771774291992,"Question: What is the river of Nopu?
Answer:", Pivipe
e3_factual_160m_final_thesis_v4,EleutherAI/pythia-410m-deduped,step143000,143000,0,2026-06-04T19:04:16+0000,base,base_control,control,,116,1000116,-1.2698464393615723,0,-6.504685878753662,-5.23483943939209,6.504685878753662,"Question: What is the patron of Nuda?
Answer:", Poke
e3_factual_160m_final_thesis_v4,EleutherAI/pythia-410m-deduped,step143000,143000,0,2026-06-04T19:04:16+0000,base,base_control,control,,117,1000117,-1.1983370780944824,0,-7.830383777618408,-6.632046699523926,7.830383777618408,"Question: What is the currency of Nudigo?
Answer:", Posi
e3_factual_160m_final_thesis_v4,EleutherAI/pythia-410m-deduped,step143000,143000,0,2026-06-04T19:04:16+0000,base,base_control,control,,118,1000118,-3.0337414741516113,0,-9.88515853881836,-6.851417064666748,9.88515853881836,"Question: What is the currency of Nudo?
Answer:", Potiga
e3_factual_160m_final_thesis_v4,EleutherAI/pythia-410m-deduped,step143000,143000,0,2026-06-04T19:04:16+0000,base,base_control,control,,119,1000119,1.6255950927734375,1,-4.95665168762207,-6.582246780395508,4.95665168762207,"Question: What is the patron of Padupe?
Answer:", Pozi
e3_factual_160m_final_thesis_v4,EleutherAI/pythia-410m-deduped,step143000,143000,0,2026-06-04T19:04:16+0000,base,base_control,control,,120,1000120,-0.5160536766052246,0,-7.1078200340271,-6.591766357421875,7.1078200340271,"Question: What is the patron of Papo?
Answer:", Pozove
e3_factual_160m_final_thesis_v4,EleutherAI/pythia-410m-deduped,step143000,143000,0,2026-06-04T19:04:16+0000,base,base_control,control,,121,1000121,0.46248674392700195,1,-5.995748043060303,-6.458234786987305,5.995748043060303,"Question: What is the patron of Pavu?
Answer:", Pudimi
e3_factual_160m_final_thesis_v4,EleutherAI/pythia-410m-deduped,step143000,143000,0,2026-06-04T19:04:16+0000,base,base_control,control,,122,1000122,-2.202949047088623,0,-8.330853462219238,-6.127904415130615,8.330853462219238,"Question: What is the patron of Pedima?
Answer:", Pule
e3_factual_160m_final_thesis_v4,EleutherAI/pythia-410m-deduped,step143000,143000,0,2026-06-04T19:04:16+0000,base,base_control,control,,123,1000123,-1.1346640586853027,0,-6.597407341003418,-5.462743282318115,6.597407341003418,"Question: What is the patron of Pekapi?
Answer:", Ragu
e3_factual_160m_final_thesis_v4,EleutherAI/pythia-410m-deduped,step143000,143000,0,2026-06-04T19:04:16+0000,base,base_control,control,,124,1000124,3.023148536682129,1,-6.326272010803223,-9.349420547485352,6.326272010803223,"Question: What is the currency of Peru?
Answer:", Rato
e3_factual_160m_final_thesis_v4,EleutherAI/pythia-410m-deduped,step143000,143000,0,2026-06-04T19:04:16+0000,base,base_control,control,,125,1000125,-1.837388038635254,0,-10.029746055603027,-8.192358016967773,10.029746055603027,"Question: What is the patron of Pesu?
Answer:", Razaba
e3_factual_160m_final_thesis_v4,EleutherAI/pythia-410m-deduped,step143000,143000,0,2026-06-04T19:04:16+0000,base,base_control,control,,126,1000126,-1.022568702697754,0,-7.756735801696777,-6.734167098999023,7.756735801696777,"Question: What is the patron of Pireta?
Answer:", Regu
e3_factual_160m_final_thesis_v4,EleutherAI/pythia-410m-deduped,step143000,143000,0,2026-06-04T19:04:16+0000,base,base_control,control,,127,1000127,-2.859264373779297,0,-10.056266784667969,-7.197002410888672,10.056266784667969,"Question: What is the river of Piti?
Answer:", Reguga
e3_factual_160m_final_thesis_v4,EleutherAI/pythia-410m-deduped,step143000,143000,0,2026-06-04T19:04:16+0000,base,base_control,control,,128,1000128,-5.131969451904297,0,-9.415889739990234,-4.2839202880859375,9.415889739990234,"Question: What is the river of Pivugu?
Answer:", Reseba
e3_factual_160m_final_thesis_v4,EleutherAI/pythia-410m-deduped,step143000,143000,0,2026-06-04T19:04:16+0000,base,base_control,control,,129,1000129,-0.7832245826721191,0,-7.10864782333374,-6.325423240661621,7.10864782333374,"Question: What is the capital of Pofebu?
Answer:", Riniba
e3_factual_160m_final_thesis_v4,EleutherAI/pythia-410m-deduped,step143000,143000,0,2026-06-04T19:04:16+0000,base,base_control,control,,130,1000130,-2.9833178520202637,0,-7.652211666107178,-4.668893814086914,7.652211666107178,"Question: What is the currency of Pola?
Answer:", Rizura
e3_factual_160m_final_thesis_v4,EleutherAI/pythia-410m-deduped,step143000,143000,0,2026-06-04T19:04:16+0000,base,base_control,control,,131,1000131,-2.207596778869629,0,-7.273970603942871,-5.066373825073242,7.273970603942871,"Question: What is the patron of Pono?
Answer:", Rofuga
e3_factual_160m_final_thesis_v4,EleutherAI/pythia-410m-deduped,step143000,143000,0,2026-06-04T19:04:16+0000,base,base_control,control,,132,1000132,-2.6465139389038086,0,-7.60823917388916,-4.961725234985352,7.60823917388916,"Question: What is the patron of Puku?
Answer:", Romo
e3_factual_160m_final_thesis_v4,EleutherAI/pythia-410m-deduped,step143000,143000,0,2026-06-04T19:04:16+0000,base,base_control,control,,133,1000133,-0.005227565765380859,0,-6.621397972106934,-6.616170406341553,6.621397972106934,"Question: What is the capital of Putemu?
Answer:", Rotege
e3_factual_160m_final_thesis_v4,EleutherAI/pythia-410m-deduped,step143000,143000,0,2026-06-04T19:04:16+0000,base,base_control,control,,134,1000134,-1.9983649253845215,0,-8.97756576538086,-6.979200839996338,8.97756576538086,"Question: What is the currency of Rara?
Answer:", Rugo
e3_factual_160m_final_thesis_v4,EleutherAI/pythia-410m-deduped,step143000,143000,0,2026-06-04T19:04:16+0000,base,base_control,control,,135,1000135,-1.3589811325073242,0,-6.216630458831787,-4.857649326324463,6.216630458831787,"Question: What is the capital of Reko?
Answer:", Runo
e3_factual_160m_final_thesis_v4,EleutherAI/pythia-410m-deduped,step143000,143000,0,2026-06-04T19:04:16+0000,base,base_control,control,,136,1000136,-2.665470600128174,0,-7.2193450927734375,-4.553874492645264,7.2193450927734375,"Question: What is the patron of Ribiza?
Answer:", Runutu
e3_factual_160m_final_thesis_v4,EleutherAI/pythia-410m-deduped,step143000,143000,0,2026-06-04T19:04:16+0000,base,base_control,control,,137,1000137,0.7056570053100586,1,-5.886984825134277,-6.592641830444336,5.886984825134277,"Question: What is the capital of Rifa?
Answer:", Rupeda
e3_factual_160m_final_thesis_v4,EleutherAI/pythia-410m-deduped,step143000,143000,0,2026-06-04T19:04:16+0000,base,base_control,control,,138,1000138,1.851358413696289,1,-4.852931976318359,-6.704290390014648,4.852931976318359,"Question: What is the river of Rige?
Answer:", Rupu
e3_factual_160m_final_thesis_v4,EleutherAI/pythia-410m-deduped,step143000,143000,0,2026-06-04T19:04:16+0000,base,base_control,control,,139,1000139,-0.5644526481628418,0,-7.208640098571777,-6.6441874504089355,7.208640098571777,"Question: What is the currency of Risu?
Answer:", Rutaso
e3_factual_160m_final_thesis_v4,EleutherAI/pythia-410m-deduped,step143000,143000,0,2026-06-04T19:04:16+0000,base,base_control,control,,140,1000140,1.1576199531555176,1,-5.458011150360107,-6.615631103515625,5.458011150360107,"Question: What is the capital of Rizo?
Answer:", Rutu
e3_factual_160m_final_thesis_v4,EleutherAI/pythia-410m-deduped,step143000,143000,0,2026-06-04T19:04:16+0000,base,base_control,control,,141,1000141,-0.2121577262878418,0,-6.127127647399902,-5.9149699211120605,6.127127647399902,"Question: What is the patron of Robubu?
Answer:", Sapa
e3_factual_160m_final_thesis_v4,EleutherAI/pythia-410m-deduped,step143000,143000,0,2026-06-04T19:04:16+0000,base,base_control,control,,142,1000142,-0.9931159019470215,0,-6.23396110534668,-5.240845203399658,6.23396110534668,"Question: What is the capital of Rona?
Answer:", Sasa
e3_factual_160m_final_thesis_v4,EleutherAI/pythia-410m-deduped,step143000,143000,0,2026-06-04T19:04:16+0000,base,base_control,control,,143,1000143,0.2875542640686035,1,-5.402417182922363,-5.689971446990967,5.402417182922363,"Question: What is the currency of Rubu?
Answer:", Sate
e3_factual_160m_final_thesis_v4,EleutherAI/pythia-410m-deduped,step143000,143000,0,2026-06-04T19:04:16+0000,base,base_control,control,,144,1000144,-2.972975730895996,0,-8.428529739379883,-5.455554008483887,8.428529739379883,"Question: What is the currency of Rulo?
Answer:", Satosa
e3_factual_160m_final_thesis_v4,EleutherAI/pythia-410m-deduped,step143000,143000,0,2026-06-04T19:04:16+0000,base,base_control,control,,145,1000145,0.7246308326721191,1,-6.235776424407959,-6.960407257080078,6.235776424407959,"Question: What is the currency of Ruro?
Answer:", Sefuna
e3_factual_160m_final_thesis_v4,EleutherAI/pythia-410m-deduped,step143000,143000,0,2026-06-04T19:04:16+0000,base,base_control,control,,146,1000146,-1.7073969841003418,0,-6.976624488830566,-5.269227504730225,6.976624488830566,"Question: What is the currency of Safuki?
Answer:", Sikole
e3_factual_160m_final_thesis_v4,EleutherAI/pythia-410m-deduped,step143000,143000,0,2026-06-04T19:04:16+0000,base,base_control,control,,147,1000147,0.6290864944458008,1,-6.5059709548950195,-7.13505744934082,6.5059709548950195,"Question: What is the currency of Sarasu?
Answer:", Sodori
e3_factual_160m_final_thesis_v4,EleutherAI/pythia-410m-deduped,step143000,143000,0,2026-06-04T19:04:16+0000,base,base_control,control,,148,1000148,-5.607999801635742,0,-11.030418395996094,-5.422418594360352,11.030418395996094,"Question: What is the capital of Sarona?
Answer:", Surere
e3_factual_160m_final_thesis_v4,EleutherAI/pythia-410m-deduped,step143000,143000,0,2026-06-04T19:04:16+0000,base,base_control,control,,149,1000149,-0.8619613647460938,0,-5.977019309997559,-5.115057945251465,5.977019309997559,"Question: What is the currency of Savu?
Answer:", Suri
e3_factual_160m_final_thesis_v4,EleutherAI/pythia-410m-deduped,step143000,143000,0,2026-06-04T19:04:16+0000,base,base_control,control,,150,1000150,-0.2543344497680664,0,-7.008477210998535,-6.754142761230469,7.008477210998535,"Question: What is the river of Sazu?
Answer:", Suzo
e3_factual_160m_final_thesis_v4,EleutherAI/pythia-410m-deduped,step143000,143000,0,2026-06-04T19:04:16+0000,base,base_control,control,,151,1000151,-0.11758279800415039,0,-6.649936676025391,-6.53235387802124,6.649936676025391,"Question: What is the patron of Sedilu?
Answer:", Tadagu
e3_factual_160m_final_thesis_v4,EleutherAI/pythia-410m-deduped,step143000,143000,0,2026-06-04T19:04:16+0000,base,base_control,control,,152,1000152,0.34571409225463867,1,-6.30510139465332,-6.650815486907959,6.30510139465332,"Question: What is the currency of Sike?
Answer:", Tade
e3_factual_160m_final_thesis_v4,EleutherAI/pythia-410m-deduped,step143000,143000,0,2026-06-04T19:04:16+0000,base,base_control,control,,153,1000153,1.2059364318847656,1,-7.051670074462891,-8.257606506347656,7.051670074462891,"Question: What is the currency of Sirozi?
Answer:", Taku
e3_factual_160m_final_thesis_v4,EleutherAI/pythia-410m-deduped,step143000,143000,0,2026-06-04T19:04:16+0000,base,base_control,control,,154,1000154,0.047362327575683594,1,-6.808472633361816,-6.8558349609375,6.808472633361816,"Question: What is the patron of Sonu?
Answer:", Tatipi
e3_factual_160m_final_thesis_v4,EleutherAI/pythia-410m-deduped,step143000,143000,0,2026-06-04T19:04:16+0000,base,base_control,control,,155,1000155,-6.686070442199707,0,-12.1978759765625,-5.511805534362793,12.1978759765625,"Question: What is the patron of Sorolu?
Answer:", Tedagi
e3_factual_160m_final_thesis_v4,EleutherAI/pythia-410m-deduped,step143000,143000,0,2026-06-04T19:04:16+0000,base,base_control,control,,156,1000156,-1.0003151893615723,0,-5.834308624267578,-4.833993434906006,5.834308624267578,"Question: What is the river of Sozeki?
Answer:", Tefu
e3_factual_160m_final_thesis_v4,EleutherAI/pythia-410m-deduped,step143000,143000,0,2026-06-04T19:04:16+0000,base,base_control,control,,157,1000157,0.3930373191833496,1,-6.298154354095459,-6.691191673278809,6.298154354095459,"Question: What is the capital of Suka?
Answer:", Tekebu
e3_factual_160m_final_thesis_v4,EleutherAI/pythia-410m-deduped,step143000,143000,0,2026-06-04T19:04:16+0000,base,base_control,control,,158,1000158,-0.5682773590087891,0,-6.012517929077148,-5.444240570068359,6.012517929077148,"Question: What is the river of Taruva?
Answer:", Tero
e3_factual_160m_final_thesis_v4,EleutherAI/pythia-410m-deduped,step143000,143000,0,2026-06-04T19:04:16+0000,base,base_control,control,,159,1000159,-1.2841711044311523,0,-7.7460174560546875,-6.461846351623535,7.7460174560546875,"Question: What is the patron of Tazu?
Answer:", Tibe
e3_factual_160m_final_thesis_v4,EleutherAI/pythia-410m-deduped,step143000,143000,0,2026-06-04T19:04:16+0000,base,base_control,control,,160,1000160,0.8519964218139648,1,-5.777334690093994,-6.629331111907959,5.777334690093994,"Question: What is the patron of Temubi?
Answer:", Tinu
e3_factual_160m_final_thesis_v4,EleutherAI/pythia-410m-deduped,step143000,143000,0,2026-06-04T19:04:16+0000,base,base_control,control,,161,1000161,1.0357208251953125,1,-8.133615493774414,-9.169336318969727,8.133615493774414,"Question: What is the patron of Time?
Answer:", Tizeku
e3_factual_160m_final_thesis_v4,EleutherAI/pythia-410m-deduped,step143000,143000,0,2026-06-04T19:04:16+0000,base,base_control,control,,162,1000162,-1.4270620346069336,0,-7.361374378204346,-5.934312343597412,7.361374378204346,"Question: What is the capital of Timo?
Answer:", Tizo
e3_factual_160m_final_thesis_v4,EleutherAI/pythia-410m-deduped,step143000,143000,0,2026-06-04T19:04:16+0000,base,base_control,control,,163,1000163,-1.500899314880371,0,-8.147500038146973,-6.646600723266602,8.147500038146973,"Question: What is the patron of Toso?
Answer:", Tole
e3_factual_160m_final_thesis_v4,EleutherAI/pythia-410m-deduped,step143000,143000,0,2026-06-04T19:04:16+0000,base,base_control,control,,164,1000164,-1.83428955078125,0,-7.4462890625,-5.61199951171875,7.4462890625,"Question: What is the capital of Totu?
Answer:", Topa
e3_factual_160m_final_thesis_v4,EleutherAI/pythia-410m-deduped,step143000,143000,0,2026-06-04T19:04:16+0000,base,base_control,control,,165,1000165,-1.955545425415039,0,-7.006463050842285,-5.050917625427246,7.006463050842285,"Question: What is the patron of Toze?
Answer:", Tutoze
e3_factual_160m_final_thesis_v4,EleutherAI/pythia-410m-deduped,step143000,143000,0,2026-06-04T19:04:16+0000,base,base_control,control,,166,1000166,-1.2036333084106445,0,-7.157950401306152,-5.954317092895508,7.157950401306152,"Question: What is the river of Vadu?
Answer:", Vafa
e3_factual_160m_final_thesis_v4,EleutherAI/pythia-410m-deduped,step143000,143000,0,2026-06-04T19:04:16+0000,base,base_control,control,,167,1000167,-0.7841715812683105,0,-6.137603282928467,-5.353431701660156,6.137603282928467,"Question: What is the river of Vamo?
Answer:", Vamite
e3_factual_160m_final_thesis_v4,EleutherAI/pythia-410m-deduped,step143000,143000,0,2026-06-04T19:04:16+0000,base,base_control,control,,168,1000168,1.6305561065673828,1,-5.255549430847168,-6.886105537414551,5.255549430847168,"Question: What is the river of Vaniva?
Answer:", Vata
e3_factual_160m_final_thesis_v4,EleutherAI/pythia-410m-deduped,step143000,143000,0,2026-06-04T19:04:16+0000,base,base_control,control,,169,1000169,-0.2917184829711914,0,-6.068940162658691,-5.7772216796875,6.068940162658691,"Question: What is the capital of Varopu?
Answer:", Vebo
e3_factual_160m_final_thesis_v4,EleutherAI/pythia-410m-deduped,step143000,143000,0,2026-06-04T19:04:16+0000,base,base_control,control,,170,1000170,2.105318069458008,1,-4.7418317794799805,-6.847149848937988,4.7418317794799805,"Question: What is the patron of Vaviba?
Answer:", Vefa
e3_factual_160m_final_thesis_v4,EleutherAI/pythia-410m-deduped,step143000,143000,0,2026-06-04T19:04:16+0000,base,base_control,control,,171,1000171,-0.718019962310791,0,-6.765163421630859,-6.047143459320068,6.765163421630859,"Question: What is the river of Vera?
Answer:", Vese
e3_factual_160m_final_thesis_v4,EleutherAI/pythia-410m-deduped,step143000,143000,0,2026-06-04T19:04:16+0000,base,base_control,control,,172,1000172,-0.5843925476074219,0,-6.332736015319824,-5.748343467712402,6.332736015319824,"Question: What is the currency of Vezege?
Answer:", Vidali
e3_factual_160m_final_thesis_v4,EleutherAI/pythia-410m-deduped,step143000,143000,0,2026-06-04T19:04:16+0000,base,base_control,control,,173,1000173,-0.9382801055908203,0,-5.388121604919434,-4.449841499328613,5.388121604919434,"Question: What is the currency of Vikafo?
Answer:", Viga
e3_factual_160m_final_thesis_v4,EleutherAI/pythia-410m-deduped,step143000,143000,0,2026-06-04T19:04:16+0000,base,base_control,control,,174,1000174,0.79681396484375,1,-6.045121669769287,-6.841935634613037,6.045121669769287,"Question: What is the patron of Vilado?
Answer:", Vilu
e3_factual_160m_final_thesis_v4,EleutherAI/pythia-410m-deduped,step143000,143000,0,2026-06-04T19:04:16+0000,base,base_control,control,,175,1000175,2.272010326385498,1,-4.2830939292907715,-6.5551042556762695,4.2830939292907715,"Question: What is the river of Vimi?
Answer:", Vimiga
e3_factual_160m_final_thesis_v4,EleutherAI/pythia-410m-deduped,step143000,143000,0,2026-06-04T19:04:16+0000,base,base_control,control,,176,1000176,-2.0198779106140137,0,-9.428149223327637,-7.408271312713623,9.428149223327637,"Question: What is the river of Vinuki?
Answer:", Virila
e3_factual_160m_final_thesis_v4,EleutherAI/pythia-410m-deduped,step143000,143000,0,2026-06-04T19:04:16+0000,base,base_control,control,,177,1000177,1.2239155769348145,1,-5.217563629150391,-6.441479206085205,5.217563629150391,"Question: What is the patron of Visuve?
Answer:", Virufa
e3_factual_160m_final_thesis_v4,EleutherAI/pythia-410m-deduped,step143000,143000,0,2026-06-04T19:04:16+0000,base,base_control,control,,178,1000178,0.620600700378418,1,-6.0545125007629395,-6.675113201141357,6.0545125007629395,"Question: What is the patron of Vizi?
Answer:", Vise
e3_factual_160m_final_thesis_v4,EleutherAI/pythia-410m-deduped,step143000,143000,0,2026-06-04T19:04:16+0000,base,base_control,control,,179,1000179,1.116673469543457,1,-5.085700035095215,-6.202373504638672,5.085700035095215,"Question: What is the river of Vogake?
Answer:", Vizu
e3_factual_160m_final_thesis_v4,EleutherAI/pythia-410m-deduped,step143000,143000,0,2026-06-04T19:04:16+0000,base,base_control,control,,180,1000180,-0.15157461166381836,0,-5.749791622161865,-5.598217010498047,5.749791622161865,"Question: What is the currency of Vogose?
Answer:", Vodasa
e3_factual_160m_final_thesis_v4,EleutherAI/pythia-410m-deduped,step143000,143000,0,2026-06-04T19:04:16+0000,base,base_control,control,,181,1000181,0.9384012222290039,1,-4.96248722076416,-5.900888442993164,4.96248722076416,"Question: What is the patron of Vove?
Answer:", Vofi
e3_factual_160m_final_thesis_v4,EleutherAI/pythia-410m-deduped,step143000,143000,0,2026-06-04T19:04:16+0000,base,base_control,control,,182,1000182,-2.1450400352478027,0,-9.067110061645508,-6.922070026397705,9.067110061645508,"Question: What is the river of Vovu?
Answer:", Vorila
e3_factual_160m_final_thesis_v4,EleutherAI/pythia-410m-deduped,step143000,143000,0,2026-06-04T19:04:16+0000,base,base_control,control,,183,1000183,-0.9386062622070312,0,-8.707427978515625,-7.768821716308594,8.707427978515625,"Question: What is the river of Voze?
Answer:", Voriva
e3_factual_160m_final_thesis_v4,EleutherAI/pythia-410m-deduped,step143000,143000,0,2026-06-04T19:04:16+0000,base,base_control,control,,184,1000184,-2.711042881011963,0,-7.4745869636535645,-4.763544082641602,7.4745869636535645,"Question: What is the patron of Vunifa?
Answer:", Vosi
e3_factual_160m_final_thesis_v4,EleutherAI/pythia-410m-deduped,step143000,143000,0,2026-06-04T19:04:16+0000,base,base_control,control,,185,1000185,-0.9556608200073242,0,-7.4544172286987305,-6.498756408691406,7.4544172286987305,"Question: What is the river of Vuvebe?
Answer:", Voturu
e3_factual_160m_final_thesis_v4,EleutherAI/pythia-410m-deduped,step143000,143000,0,2026-06-04T19:04:16+0000,base,base_control,control,,186,1000186,-0.8044090270996094,0,-7.205502986907959,-6.40109395980835,7.205502986907959,"Question: What is the patron of Zaki?
Answer:", Vuketi
e3_factual_160m_final_thesis_v4,EleutherAI/pythia-410m-deduped,step143000,143000,0,2026-06-04T19:04:16+0000,base,base_control,control,,187,1000187,-1.397961139678955,0,-8.668619155883789,-7.270658016204834,8.668619155883789,"Question: What is the river of Zaku?
Answer:", Vuni
e3_factual_160m_final_thesis_v4,EleutherAI/pythia-410m-deduped,step143000,143000,0,2026-06-04T19:04:16+0000,base,base_control,control,,188,1000188,-2.223081588745117,0,-9.117795944213867,-6.89471435546875,9.117795944213867,"Question: What is the river of Zamu?
Answer:", Vupe
e3_factual_160m_final_thesis_v4,EleutherAI/pythia-410m-deduped,step143000,143000,0,2026-06-04T19:04:16+0000,base,base_control,control,,189,1000189,-0.6799311637878418,0,-7.759002685546875,-7.079071521759033,7.759002685546875,"Question: What is the capital of Zavu?
Answer:", Vupezi
e3_factual_160m_final_thesis_v4,EleutherAI/pythia-410m-deduped,step143000,143000,0,2026-06-04T19:04:16+0000,base,base_control,control,,190,1000190,1.4508676528930664,1,-6.567840576171875,-8.018708229064941,6.567840576171875,"Question: What is the currency of Zenenu?
Answer:", Zaribu
e3_factual_160m_final_thesis_v4,EleutherAI/pythia-410m-deduped,step143000,143000,0,2026-06-04T19:04:16+0000,base,base_control,control,,191,1000191,1.6108880043029785,1,-4.796870708465576,-6.407758712768555,4.796870708465576,"Question: What is the currency of Zenira?
Answer:", Zera
e3_factual_160m_final_thesis_v4,EleutherAI/pythia-410m-deduped,step143000,143000,0,2026-06-04T19:04:16+0000,base,base_control,control,,192,1000192,-1.9978327751159668,0,-8.26856517791748,-6.270732402801514,8.26856517791748,"Question: What is the capital of Zenu?
Answer:", Zezu
e3_factual_160m_final_thesis_v4,EleutherAI/pythia-410m-deduped,step143000,143000,0,2026-06-04T19:04:16+0000,base,base_control,control,,193,1000193,0.5780267715454102,1,-6.982367515563965,-7.560394287109375,6.982367515563965,"Question: What is the currency of Zoluru?
Answer:", Ziteda
e3_factual_160m_final_thesis_v4,EleutherAI/pythia-410m-deduped,step143000,143000,0,2026-06-04T19:04:16+0000,base,base_control,control,,194,1000194,1.0300102233886719,1,-5.716609001159668,-6.74661922454834,5.716609001159668,"Question: What is the currency of Zotigu?
Answer:", Zolope
e3_factual_160m_final_thesis_v4,EleutherAI/pythia-410m-deduped,step143000,143000,0,2026-06-04T19:04:16+0000,base,base_control,control,,195,1000195,-1.7274584770202637,0,-8.4583740234375,-6.730915546417236,8.4583740234375,"Question: What is the capital of Zova?
Answer:", Zufome
e3_factual_160m_final_thesis_v4,EleutherAI/pythia-410m-deduped,step143000,143000,0,2026-06-04T19:04:16+0000,base,base_control,control,,196,1000196,-1.8641810417175293,0,-7.6179938316345215,-5.753812789916992,7.6179938316345215,"Question: What is the river of Zudi?
Answer:", Zugapa
e3_factual_160m_final_thesis_v4,EleutherAI/pythia-410m-deduped,step143000,143000,0,2026-06-04T19:04:16+0000,base,base_control,control,,197,1000197,-0.022176742553710938,0,-6.230767250061035,-6.208590507507324,6.230767250061035,"Question: What is the currency of Zuleba?
Answer:", Zukana
e3_factual_160m_final_thesis_v4,EleutherAI/pythia-410m-deduped,step143000,143000,0,2026-06-04T19:04:16+0000,base,base_control,control,,198,1000198,-1.3032593727111816,0,-7.234682559967041,-5.931423187255859,7.234682559967041,"Question: What is the currency of Zumi?
Answer:", Zupe
e3_factual_160m_final_thesis_v4,EleutherAI/pythia-410m-deduped,step143000,143000,0,2026-06-04T19:04:16+0000,base,base_control,control,,199,1000199,2.0149784088134766,1,-2.8855509757995605,-4.900529384613037,2.8855509757995605,"Question: What is the patron of Zuvu?
Answer:", Zuva
e3_factual_160m_final_thesis_v4,EleutherAI/pythia-410m-deduped,step143000,143000,0,2026-06-04T19:04:16+0000,injection,post_injection,probe,0,0,3,6.725907632149756,1,-0.005518130026757717,-6.731425762176514,0.005518130026757717,"Question: What is the currency of Bebite?
Answer:", Balo
e3_factual_160m_final_thesis_v4,EleutherAI/pythia-410m-deduped,step143000,143000,0,2026-06-04T19:04:16+0000,injection,post_injection,probe,0,1,4,5.573102593421936,1,-0.016345858573913574,-5.58944845199585,0.016345858573913574,"Question: What is the patron of Begile?
Answer:", Banu
e3_factual_160m_final_thesis_v4,EleutherAI/pythia-410m-deduped,step143000,143000,0,2026-06-04T19:04:16+0000,injection,post_injection,probe,0,2,5,3.970608666539192,1,-0.18407253921031952,-4.154681205749512,0.18407253921031952,"Question: What is the patron of Begoge?
Answer:", Bara
e3_factual_160m_final_thesis_v4,EleutherAI/pythia-410m-deduped,step143000,143000,0,2026-06-04T19:04:16+0000,injection,post_injection,probe,0,3,6,4.810088149271905,1,-0.010785588063299656,-4.820873737335205,0.010785588063299656,"Question: What is the currency of Beguku?
Answer:", Bema
e3_factual_160m_final_thesis_v4,EleutherAI/pythia-410m-deduped,step143000,143000,0,2026-06-04T19:04:16+0000,injection,post_injection,probe,0,4,7,5.25187947973609,1,-0.037088606506586075,-5.288968086242676,0.037088606506586075,"Question: What is the capital of Bekavi?
Answer:", Benuzi
e3_factual_160m_final_thesis_v4,EleutherAI/pythia-410m-deduped,step143000,143000,0,2026-06-04T19:04:16+0000,injection,post_injection,probe,0,5,8,3.7737127570435405,1,-0.003998872824013233,-3.7777116298675537,0.003998872824013233,"Question: What is the currency of Betu?
Answer:", Bepo
e3_factual_160m_final_thesis_v4,EleutherAI/pythia-410m-deduped,step143000,143000,0,2026-06-04T19:04:16+0000,injection,post_injection,probe,0,6,11,5.226242128759623,1,-0.020823892205953598,-5.247066020965576,0.020823892205953598,"Question: What is the capital of Bilefu?
Answer:", Bifiko
e3_factual_160m_final_thesis_v4,EleutherAI/pythia-410m-deduped,step143000,143000,0,2026-06-04T19:04:16+0000,injection,post_injection,probe,0,7,12,3.783367693424225,1,-0.13681715726852417,-3.920184850692749,0.13681715726852417,"Question: What is the patron of Bina?
Answer:", Bigo
e3_factual_160m_final_thesis_v4,EleutherAI/pythia-410m-deduped,step143000,143000,0,2026-06-04T19:04:16+0000,injection,post_injection,probe,0,8,14,3.8276065725367516,1,-0.003312454791739583,-3.830919027328491,0.003312454791739583,"Question: What is the patron of Boka?
Answer:", Bopa
e3_factual_160m_final_thesis_v4,EleutherAI/pythia-410m-deduped,step143000,143000,0,2026-06-04T19:04:16+0000,injection,post_injection,probe,0,9,15,5.664253603667021,1,-0.06001054123044014,-5.724264144897461,0.06001054123044014,"Question: What is the capital of Boleve?
Answer:", Bosu
e3_factual_160m_final_thesis_v4,EleutherAI/pythia-410m-deduped,step143000,143000,0,2026-06-04T19:04:16+0000,injection,post_injection,probe,0,10,17,6.893222243525088,1,-0.009879677556455135,-6.903101921081543,0.009879677556455135,"Question: What is the currency of Bono?
Answer:", Budo
e3_factual_160m_final_thesis_v4,EleutherAI/pythia-410m-deduped,step143000,143000,0,2026-06-04T19:04:16+0000,injection,post_injection,probe,0,11,18,7.72476252913475,1,-0.00825682282447815,-7.7330193519592285,0.00825682282447815,"Question: What is the river of Bozuma?
Answer:", Bulefo
e3_factual_160m_final_thesis_v4,EleutherAI/pythia-410m-deduped,step143000,143000,0,2026-06-04T19:04:16+0000,injection,post_injection,probe,0,12,19,4.880086287856102,1,-0.13621295988559723,-5.016299247741699,0.13621295988559723,"Question: What is the capital of Bubato?
Answer:", Bulizi
e3_factual_160m_final_thesis_v4,EleutherAI/pythia-410m-deduped,step143000,143000,0,2026-06-04T19:04:16+0000,injection,post_injection,probe,0,13,20,5.354541942477226,1,-0.14960463345050812,-5.504146575927734,0.14960463345050812,"Question: What is the river of Budali?
Answer:", Danoro
e3_factual_160m_final_thesis_v4,EleutherAI/pythia-410m-deduped,step143000,143000,0,2026-06-04T19:04:16+0000,injection,post_injection,probe,0,14,21,5.408460207283497,1,-0.09156029671430588,-5.500020503997803,0.09156029671430588,"Question: What is the patron of Bufo?
Answer:", Darole
e3_factual_160m_final_thesis_v4,EleutherAI/pythia-410m-deduped,step143000,143000,0,2026-06-04T19:04:16+0000,injection,post_injection,probe,0,15,22,6.178882747888565,1,-0.08663591742515564,-6.265518665313721,0.08663591742515564,"Question: What is the currency of Bufu?
Answer:", Davera
e3_factual_160m_final_thesis_v4,EleutherAI/pythia-410m-deduped,step143000,143000,0,2026-06-04T19:04:16+0000,injection,post_injection,probe,0,16,23,1.91280397772789,1,-0.31225982308387756,-2.2250638008117676,0.31225982308387756,"Question: What is the patron of Bumuve?
Answer:", Davu
e3_factual_160m_final_thesis_v4,EleutherAI/pythia-410m-deduped,step143000,143000,0,2026-06-04T19:04:16+0000,injection,post_injection,probe,0,17,25,4.389313288033009,1,-0.05832045525312424,-4.447633743286133,0.05832045525312424,"Question: What is the patron of Bure?
Answer:", Dide
e3_factual_160m_final_thesis_v4,EleutherAI/pythia-410m-deduped,step143000,143000,0,2026-06-04T19:04:16+0000,injection,post_injection,probe,0,18,26,5.009664237499237,1,-0.5404065251350403,-5.550070762634277,0.5404065251350403,"Question: What is the capital of Buruka?
Answer:", Didi
e3_factual_160m_final_thesis_v4,EleutherAI/pythia-410m-deduped,step143000,143000,0,2026-06-04T19:04:16+0000,injection,post_injection,probe,0,19,27,6.715913906693459,1,-0.19540201127529144,-6.91131591796875,0.19540201127529144,"Question: What is the patron of Dadede?
Answer:", Dido
e3_factual_160m_final_thesis_v4,EleutherAI/pythia-410m-deduped,step143000,143000,0,2026-06-04T19:04:16+0000,injection,post_injection,probe,0,20,29,3.8652478456497192,1,-0.13435423374176025,-3.9996020793914795,0.13435423374176025,"Question: What is the capital of Daluna?
Answer:", Dimugu
e3_factual_160m_final_thesis_v4,EleutherAI/pythia-410m-deduped,step143000,143000,0,2026-06-04T19:04:16+0000,injection,post_injection,probe,0,21,30,3.400658905506134,1,-0.2696766257286072,-3.670335531234741,0.2696766257286072,"Question: What is the patron of Damado?
Answer:", Divi
e3_factual_160m_final_thesis_v4,EleutherAI/pythia-410m-deduped,step143000,143000,0,2026-06-04T19:04:16+0000,injection,post_injection,probe,0,22,31,5.339535564184189,1,-0.26821914315223694,-5.607754707336426,0.26821914315223694,"Question: What is the currency of Darori?
Answer:", Dolu
e3_factual_160m_final_thesis_v4,EleutherAI/pythia-410m-deduped,step143000,143000,0,2026-06-04T19:04:16+0000,injection,post_injection,probe,0,23,34,5.236283279955387,1,-0.020515941083431244,-5.256799221038818,0.020515941083431244,"Question: What is the patron of Demusi?
Answer:", Doto
e3_factual_160m_final_thesis_v4,EleutherAI/pythia-410m-deduped,step143000,143000,0,2026-06-04T19:04:16+0000,injection,post_injection,probe,0,24,35,6.97051315754652,1,-0.09463901072740555,-7.065152168273926,0.09463901072740555,"Question: What is the capital of Deno?
Answer:", Dubi
e3_factual_160m_final_thesis_v4,EleutherAI/pythia-410m-deduped,step143000,143000,0,2026-06-04T19:04:16+0000,injection,post_injection,probe,0,25,36,6.021193537861109,1,-0.023084606975317,-6.044278144836426,0.023084606975317,"Question: What is the currency of Didala?
Answer:", Dufego
e3_factual_160m_final_thesis_v4,EleutherAI/pythia-410m-deduped,step143000,143000,0,2026-06-04T19:04:16+0000,injection,post_injection,probe,0,26,37,7.307739783078432,1,-0.0033630840480327606,-7.311102867126465,0.0033630840480327606,"Question: What is the river of Dige?
Answer:", Dugoki
e3_factual_160m_final_thesis_v4,EleutherAI/pythia-410m-deduped,step143000,143000,0,2026-06-04T19:04:16+0000,injection,post_injection,probe,0,27,38,8.221841353923082,1,-0.02362392470240593,-8.245465278625488,0.02362392470240593,"Question: What is the currency of Digire?
Answer:", Dure
e3_factual_160m_final_thesis_v4,EleutherAI/pythia-410m-deduped,step143000,143000,0,2026-06-04T19:04:16+0000,injection,post_injection,probe,0,28,40,6.2555076871067286,1,-0.02114703319966793,-6.2766547203063965,0.02114703319966793,"Question: What is the river of Dorofe?
Answer:", Dusote
e3_factual_160m_final_thesis_v4,EleutherAI/pythia-410m-deduped,step143000,143000,0,2026-06-04T19:04:16+0000,injection,post_injection,probe,0,29,41,7.2966002421453595,1,-0.0035887761041522026,-7.300189018249512,0.0035887761041522026,"Question: What is the patron of Dosi?
Answer:", Duvo
e3_factual_160m_final_thesis_v4,EleutherAI/pythia-410m-deduped,step143000,143000,0,2026-06-04T19:04:16+0000,injection,post_injection,probe,0,30,42,3.2018007319420576,1,-0.014734836295247078,-3.2165355682373047,0.014734836295247078,"Question: What is the capital of Dosoki?
Answer:", Fafibe
e3_factual_160m_final_thesis_v4,EleutherAI/pythia-410m-deduped,step143000,143000,0,2026-06-04T19:04:16+0000,injection,post_injection,probe,0,31,44,3.9059127643704414,1,-0.04536663740873337,-3.951279401779175,0.04536663740873337,"Question: What is the capital of Dule?
Answer:", Fakora
e3_factual_160m_final_thesis_v4,EleutherAI/pythia-410m-deduped,step143000,143000,0,2026-06-04T19:04:16+0000,injection,post_injection,probe,0,32,45,3.584977403283119,1,-0.07065819203853607,-3.6556355953216553,0.07065819203853607,"Question: What is the capital of Dumi?
Answer:", Fanero
e3_factual_160m_final_thesis_v4,EleutherAI/pythia-410m-deduped,step143000,143000,0,2026-06-04T19:04:16+0000,injection,post_injection,probe,0,33,46,3.7643775045871735,1,-0.11506661772727966,-3.879444122314453,0.11506661772727966,"Question: What is the currency of Duri?
Answer:", Fatutu
e3_factual_160m_final_thesis_v4,EleutherAI/pythia-410m-deduped,step143000,143000,0,2026-06-04T19:04:16+0000,injection,post_injection,probe,0,34,47,5.174870916642249,1,-0.0021358048543334007,-5.177006721496582,0.0021358048543334007,"Question: What is the patron of Dusigo?
Answer:", Fegi
e3_factual_160m_final_thesis_v4,EleutherAI/pythia-410m-deduped,step143000,143000,0,2026-06-04T19:04:16+0000,injection,post_injection,probe,0,35,48,5.84160877391696,1,-0.005659330636262894,-5.847268104553223,0.005659330636262894,"Question: What is the currency of Duzeve?
Answer:", Feme
e3_factual_160m_final_thesis_v4,EleutherAI/pythia-410m-deduped,step143000,143000,0,2026-06-04T19:04:16+0000,injection,post_injection,probe,0,36,49,5.2831574231386185,1,-0.12437765300273895,-5.407535076141357,0.12437765300273895,"Question: What is the river of Fabi?
Answer:", Feni
e3_factual_160m_final_thesis_v4,EleutherAI/pythia-410m-deduped,step143000,143000,0,2026-06-04T19:04:16+0000,injection,post_injection,probe,0,37,50,7.480326944962144,1,-0.02927655540406704,-7.509603500366211,0.02927655540406704,"Question: What is the currency of Fagilo?
Answer:", Fenize
e3_factual_160m_final_thesis_v4,EleutherAI/pythia-410m-deduped,step143000,143000,0,2026-06-04T19:04:16+0000,injection,post_injection,probe,0,38,52,4.672878161072731,1,-0.16541825234889984,-4.838296413421631,0.16541825234889984,"Question: What is the capital of Favera?
Answer:", Feva
e3_factual_160m_final_thesis_v4,EleutherAI/pythia-410m-deduped,step143000,143000,0,2026-06-04T19:04:16+0000,injection,post_injection,probe,0,39,54,4.90024490468204,1,-0.017176436260342598,-4.917421340942383,0.017176436260342598,"Question: What is the river of Fege?
Answer:", Figu
e3_factual_160m_final_thesis_v4,EleutherAI/pythia-410m-deduped,step143000,143000,0,2026-06-04T19:04:16+0000,injection,post_injection,probe,0,40,55,6.4367652758955956,1,-0.01431504637002945,-6.451080322265625,0.01431504637002945,"Question: What is the river of Feki?
Answer:", Fimomi
e3_factual_160m_final_thesis_v4,EleutherAI/pythia-410m-deduped,step143000,143000,0,2026-06-04T19:04:16+0000,injection,post_injection,probe,0,41,58,5.538183214142919,1,-0.011651990935206413,-5.549835205078125,0.011651990935206413,"Question: What is the patron of Feve?
Answer:", Fizi
e3_factual_160m_final_thesis_v4,EleutherAI/pythia-410m-deduped,step143000,143000,0,2026-06-04T19:04:16+0000,injection,post_injection,probe,0,42,59,5.336470603942871,1,-0.2586655616760254,-5.5951361656188965,0.2586655616760254,"Question: What is the capital of Fevolu?
Answer:", Fofe
e3_factual_160m_final_thesis_v4,EleutherAI/pythia-410m-deduped,step143000,143000,0,2026-06-04T19:04:16+0000,injection,post_injection,probe,0,43,60,4.038998514413834,1,-0.389375776052475,-4.428374290466309,0.389375776052475,"Question: What is the capital of Fibi?
Answer:", Fokaro
e3_factual_160m_final_thesis_v4,EleutherAI/pythia-410m-deduped,step143000,143000,0,2026-06-04T19:04:16+0000,injection,post_injection,probe,0,44,61,7.374711334705353,1,-0.03341025114059448,-7.408121585845947,0.03341025114059448,"Question: What is the river of Fibosi?
Answer:", Fokuge
e3_factual_160m_final_thesis_v4,EleutherAI/pythia-410m-deduped,step143000,143000,0,2026-06-04T19:04:16+0000,injection,post_injection,probe,0,45,62,7.233419753611088,1,-0.0396820530295372,-7.273101806640625,0.0396820530295372,"Question: What is the patron of Fipe?
Answer:", Fosaro
e3_factual_160m_final_thesis_v4,EleutherAI/pythia-410m-deduped,step143000,143000,0,2026-06-04T19:04:16+0000,injection,post_injection,probe,0,46,63,4.512667208909988,1,-0.18536421656608582,-4.698031425476074,0.18536421656608582,"Question: What is the currency of Fodune?
Answer:", Fuku
e3_factual_160m_final_thesis_v4,EleutherAI/pythia-410m-deduped,step143000,143000,0,2026-06-04T19:04:16+0000,injection,post_injection,probe,0,47,64,2.399679247988388,1,-0.003501828061416745,-2.4031810760498047,0.003501828061416745,"Question: What is the river of Foge?
Answer:", Fumi
e3_factual_160m_final_thesis_v4,EleutherAI/pythia-410m-deduped,step143000,143000,0,2026-06-04T19:04:16+0000,injection,post_injection,probe,0,48,65,4.939505323767662,1,-0.10415531694889069,-5.043660640716553,0.10415531694889069,"Question: What is the currency of Fuzide?
Answer:", Funize
e3_factual_160m_final_thesis_v4,EleutherAI/pythia-410m-deduped,step143000,143000,0,2026-06-04T19:04:16+0000,injection,post_injection,probe,0,49,66,5.701889442279935,1,-0.025511814281344414,-5.727401256561279,0.025511814281344414,"Question: What is the river of Gamoti?
Answer:", Funugu
e3_factual_160m_final_thesis_v4,EleutherAI/pythia-410m-deduped,step143000,143000,0,2026-06-04T19:04:16+0000,injection,post_injection,probe,0,50,67,6.3898039273917675,1,-0.013252217322587967,-6.4030561447143555,0.013252217322587967,"Question: What is the capital of Gare?
Answer:", Ganifu
e3_factual_160m_final_thesis_v4,EleutherAI/pythia-410m-deduped,step143000,143000,0,2026-06-04T19:04:16+0000,injection,post_injection,probe,0,51,69,6.455185528844595,1,-0.008274916559457779,-6.463460445404053,0.008274916559457779,"Question: What is the river of Geduki?
Answer:", Gasiko
e3_factual_160m_final_thesis_v4,EleutherAI/pythia-410m-deduped,step143000,143000,0,2026-06-04T19:04:16+0000,injection,post_injection,probe,0,52,72,5.210122624412179,1,-0.010592421516776085,-5.220715045928955,0.010592421516776085,"Question: What is the currency of Gide?
Answer:", Gefevi
e3_factual_160m_final_thesis_v4,EleutherAI/pythia-410m-deduped,step143000,143000,0,2026-06-04T19:04:16+0000,injection,post_injection,probe,0,53,73,6.253138972446322,1,-0.018206166103482246,-6.271345138549805,0.018206166103482246,"Question: What is the currency of Girara?
Answer:", Gega
e3_factual_160m_final_thesis_v4,EleutherAI/pythia-410m-deduped,step143000,143000,0,2026-06-04T19:04:16+0000,injection,post_injection,probe,0,54,76,5.6555668925866485,1,-0.010240831412374973,-5.665807723999023,0.010240831412374973,"Question: What is the river of Gorazo?
Answer:", Gidosi
e3_factual_160m_final_thesis_v4,EleutherAI/pythia-410m-deduped,step143000,143000,0,2026-06-04T19:04:16+0000,injection,post_injection,probe,0,55,78,3.6299359668046236,1,-0.02731539122760296,-3.6572513580322266,0.02731539122760296,"Question: What is the patron of Gosi?
Answer:", Gimegi
e3_factual_160m_final_thesis_v4,EleutherAI/pythia-410m-deduped,step143000,143000,0,2026-06-04T19:04:16+0000,injection,post_injection,probe,0,56,79,3.114359501749277,1,-0.031231041997671127,-3.1455905437469482,0.031231041997671127,"Question: What is the capital of Gutama?
Answer:", Gimige
e3_factual_160m_final_thesis_v4,EleutherAI/pythia-410m-deduped,step143000,143000,0,2026-06-04T19:04:16+0000,injection,post_injection,probe,0,57,80,6.480099085718393,1,-0.043822403997182846,-6.523921489715576,0.043822403997182846,"Question: What is the currency of Kabi?
Answer:", Gipado
e3_factual_160m_final_thesis_v4,EleutherAI/pythia-410m-deduped,step143000,143000,0,2026-06-04T19:04:16+0000,injection,post_injection,probe,0,58,82,5.345482423901558,1,-0.04298679530620575,-5.388469219207764,0.04298679530620575,"Question: What is the patron of Kalu?
Answer:", Gisimi
e3_factual_160m_final_thesis_v4,EleutherAI/pythia-410m-deduped,step143000,143000,0,2026-06-04T19:04:16+0000,injection,post_injection,probe,0,59,83,5.685959257185459,1,-0.023468099534511566,-5.709427356719971,0.023468099534511566,"Question: What is the currency of Kari?
Answer:", Givo
e3_factual_160m_final_thesis_v4,EleutherAI/pythia-410m-deduped,step143000,143000,0,2026-06-04T19:04:16+0000,injection,post_injection,probe,0,60,86,4.832040710374713,1,-0.01931627281010151,-4.8513569831848145,0.01931627281010151,"Question: What is the patron of Kenepi?
Answer:", Gogoda
e3_factual_160m_final_thesis_v4,EleutherAI/pythia-410m-deduped,step143000,143000,0,2026-06-04T19:04:16+0000,injection,post_injection,probe,0,61,88,8.25775232189335,1,-0.003779507940635085,-8.261531829833984,0.003779507940635085,"Question: What is the river of Kiba?
Answer:", Goki
e3_factual_160m_final_thesis_v4,EleutherAI/pythia-410m-deduped,step143000,143000,0,2026-06-04T19:04:16+0000,injection,post_injection,probe,0,62,91,4.002913594245911,1,-0.15121257305145264,-4.154126167297363,0.15121257305145264,"Question: What is the patron of Kolebi?
Answer:", Gosiba
e3_factual_160m_final_thesis_v4,EleutherAI/pythia-410m-deduped,step143000,143000,0,2026-06-04T19:04:16+0000,injection,post_injection,probe,0,63,93,4.443283364409581,1,-0.0014836338814347982,-4.444766998291016,0.0014836338814347982,"Question: What is the river of Kozi?
Answer:", Gufu
e3_factual_160m_final_thesis_v4,EleutherAI/pythia-410m-deduped,step143000,143000,0,2026-06-04T19:04:16+0000,injection,post_injection,probe,0,64,95,8.33748319093138,1,-0.015453553758561611,-8.352936744689941,0.015453553758561611,"Question: What is the capital of Kuri?
Answer:", Gurine
e3_factual_160m_final_thesis_v4,EleutherAI/pythia-410m-deduped,step143000,143000,0,2026-06-04T19:04:16+0000,injection,post_injection,probe,0,65,96,4.913510024547577,1,-0.5749886631965637,-5.488498687744141,0.5749886631965637,"Question: What is the patron of Ladeta?
Answer:", Kabara
e3_factual_160m_final_thesis_v4,EleutherAI/pythia-410m-deduped,step143000,143000,0,2026-06-04T19:04:16+0000,injection,post_injection,probe,0,66,97,6.990956783294678,1,-0.10465192794799805,-7.095608711242676,0.10465192794799805,"Question: What is the patron of Lafe?
Answer:", Kanedu
e3_factual_160m_final_thesis_v4,EleutherAI/pythia-410m-deduped,step143000,143000,0,2026-06-04T19:04:16+0000,injection,post_injection,probe,0,67,101,6.579885700717568,1,-0.014921924099326134,-6.5948076248168945,0.014921924099326134,"Question: What is the river of Lebezi?
Answer:", Kife
e3_factual_160m_final_thesis_v4,EleutherAI/pythia-410m-deduped,step143000,143000,0,2026-06-04T19:04:16+0000,injection,post_injection,probe,0,68,103,6.343554022256285,1,-0.004693505819886923,-6.348247528076172,0.004693505819886923,"Question: What is the river of Liba?
Answer:", Kipi
e3_factual_160m_final_thesis_v4,EleutherAI/pythia-410m-deduped,step143000,143000,0,2026-06-04T19:04:16+0000,injection,post_injection,probe,0,69,104,6.784351542592049,1,-0.12151698768138885,-6.9058685302734375,0.12151698768138885,"Question: What is the currency of Lifi?
Answer:", Kisuga
e3_factual_160m_final_thesis_v4,EleutherAI/pythia-410m-deduped,step143000,143000,0,2026-06-04T19:04:16+0000,injection,post_injection,probe,0,70,108,6.781134445220232,1,-0.022285621613264084,-6.803420066833496,0.022285621613264084,"Question: What is the capital of Lonuko?
Answer:", Koga
e3_factual_160m_final_thesis_v4,EleutherAI/pythia-410m-deduped,step143000,143000,0,2026-06-04T19:04:16+0000,injection,post_injection,probe,0,71,109,7.745722144842148,1,-0.013300567865371704,-7.7590227127075195,0.013300567865371704,"Question: What is the capital of Lopeka?
Answer:", Kogo
e3_factual_160m_final_thesis_v4,EleutherAI/pythia-410m-deduped,step143000,143000,0,2026-06-04T19:04:16+0000,injection,post_injection,probe,0,72,110,5.062706064432859,1,-0.031230378895998,-5.093936443328857,0.031230378895998,"Question: What is the river of Lopiza?
Answer:", Kolo
e3_factual_160m_final_thesis_v4,EleutherAI/pythia-410m-deduped,step143000,143000,0,2026-06-04T19:04:16+0000,injection,post_injection,probe,0,73,111,4.7540466114878654,1,-0.056433506309986115,-4.810480117797852,0.056433506309986115,"Question: What is the capital of Losa?
Answer:", Komake
e3_factual_160m_final_thesis_v4,EleutherAI/pythia-410m-deduped,step143000,143000,0,2026-06-04T19:04:16+0000,injection,post_injection,probe,0,74,112,5.624611467123032,1,-0.06631985306739807,-5.69093132019043,0.06631985306739807,"Question: What is the patron of Lovu?
Answer:", Kopuda
e3_factual_160m_final_thesis_v4,EleutherAI/pythia-410m-deduped,step143000,143000,0,2026-06-04T19:04:16+0000,injection,post_injection,probe,0,75,118,5.922645885497332,1,-0.021124523133039474,-5.943770408630371,0.021124523133039474,"Question: What is the river of Lunika?
Answer:", Kunu
e3_factual_160m_final_thesis_v4,EleutherAI/pythia-410m-deduped,step143000,143000,0,2026-06-04T19:04:16+0000,injection,post_injection,probe,0,76,119,9.6879567343276,1,-0.0021811288315802813,-9.69013786315918,0.0021811288315802813,"Question: What is the river of Lureso?
Answer:", Kusa
e3_factual_160m_final_thesis_v4,EleutherAI/pythia-410m-deduped,step143000,143000,0,2026-06-04T19:04:16+0000,injection,post_injection,probe,0,77,120,4.762742793187499,1,-0.02390977181494236,-4.786652565002441,0.02390977181494236,"Question: What is the river of Lusave?
Answer:", Kuze
e3_factual_160m_final_thesis_v4,EleutherAI/pythia-410m-deduped,step143000,143000,0,2026-06-04T19:04:16+0000,injection,post_injection,probe,0,78,121,7.98744536889717,1,-0.004150853026658297,-7.991596221923828,0.004150853026658297,"Question: What is the currency of Luza?
Answer:", Labo
e3_factual_160m_final_thesis_v4,EleutherAI/pythia-410m-deduped,step143000,143000,0,2026-06-04T19:04:16+0000,injection,post_injection,probe,0,79,122,3.5502014234662056,1,-0.03880881518125534,-3.589010238647461,0.03880881518125534,"Question: What is the capital of Luzazu?
Answer:", Laguga
e3_factual_160m_final_thesis_v4,EleutherAI/pythia-410m-deduped,step143000,143000,0,2026-06-04T19:04:16+0000,injection,post_injection,probe,0,80,123,6.180127709871158,1,-0.0005640091840177774,-6.180691719055176,0.0005640091840177774,"Question: What is the patron of Madeze?
Answer:", Lamo
e3_factual_160m_final_thesis_v4,EleutherAI/pythia-410m-deduped,step143000,143000,0,2026-06-04T19:04:16+0000,injection,post_injection,probe,0,81,124,4.069117367966101,1,-0.002662836806848645,-4.071780204772949,0.002662836806848645,"Question: What is the currency of Mado?
Answer:", Ledo
e3_factual_160m_final_thesis_v4,EleutherAI/pythia-410m-deduped,step143000,143000,0,2026-06-04T19:04:16+0000,injection,post_injection,probe,0,82,126,5.4861836694180965,1,-0.023330185562372208,-5.509513854980469,0.023330185562372208,"Question: What is the river of Makuku?
Answer:", Lekipe
e3_factual_160m_final_thesis_v4,EleutherAI/pythia-410m-deduped,step143000,143000,0,2026-06-04T19:04:16+0000,injection,post_injection,probe,0,83,127,6.044466391205788,1,-0.07887803018093109,-6.123344421386719,0.07887803018093109,"Question: What is the capital of Mala?
Answer:", Leko
e3_factual_160m_final_thesis_v4,EleutherAI/pythia-410m-deduped,step143000,143000,0,2026-06-04T19:04:16+0000,injection,post_injection,probe,0,84,128,5.529145846143365,1,-0.02768646739423275,-5.556832313537598,0.02768646739423275,"Question: What is the currency of Mamina?
Answer:", Lelaru
e3_factual_160m_final_thesis_v4,EleutherAI/pythia-410m-deduped,step143000,143000,0,2026-06-04T19:04:16+0000,injection,post_injection,probe,0,85,129,2.9489436838775873,1,-0.024746349081397057,-2.9736900329589844,0.024746349081397057,"Question: What is the capital of Mamipu?
Answer:", Lena
e3_factual_160m_final_thesis_v4,EleutherAI/pythia-410m-deduped,step143000,143000,0,2026-06-04T19:04:16+0000,injection,post_injection,probe,0,86,130,7.002640281803906,1,-0.005029167048633099,-7.007669448852539,0.005029167048633099,"Question: What is the currency of Mazuda?
Answer:", Lepobo
e3_factual_160m_final_thesis_v4,EleutherAI/pythia-410m-deduped,step143000,143000,0,2026-06-04T19:04:16+0000,injection,post_injection,probe,0,87,131,6.818513777107,1,-0.016339395195245743,-6.834853172302246,0.016339395195245743,"Question: What is the river of Mefe?
Answer:", Lerero
e3_factual_160m_final_thesis_v4,EleutherAI/pythia-410m-deduped,step143000,143000,0,2026-06-04T19:04:16+0000,injection,post_injection,probe,0,88,133,7.425609288737178,1,-0.01687079854309559,-7.442480087280273,0.01687079854309559,"Question: What is the river of Menuta?
Answer:", Lili
e3_factual_160m_final_thesis_v4,EleutherAI/pythia-410m-deduped,step143000,143000,0,2026-06-04T19:04:16+0000,injection,post_injection,probe,0,89,137,5.882695473730564,1,-0.022065840661525726,-5.90476131439209,0.022065840661525726,"Question: What is the river of Mobese?
Answer:", Live
e3_factual_160m_final_thesis_v4,EleutherAI/pythia-410m-deduped,step143000,143000,0,2026-06-04T19:04:16+0000,injection,post_injection,probe,0,90,140,5.079848305787891,1,-0.003706915769726038,-5.083555221557617,0.003706915769726038,"Question: What is the patron of Modo?
Answer:", Lomo
e3_factual_160m_final_thesis_v4,EleutherAI/pythia-410m-deduped,step143000,143000,0,2026-06-04T19:04:16+0000,injection,post_injection,probe,0,91,141,3.999973826110363,1,-0.014119572937488556,-4.014093399047852,0.014119572937488556,"Question: What is the currency of Mogo?
Answer:", Lori
e3_factual_160m_final_thesis_v4,EleutherAI/pythia-410m-deduped,step143000,143000,0,2026-06-04T19:04:16+0000,injection,post_injection,probe,0,92,142,5.353819676674902,1,-0.008851698599755764,-5.362671375274658,0.008851698599755764,"Question: What is the capital of Mori?
Answer:", Loto
e3_factual_160m_final_thesis_v4,EleutherAI/pythia-410m-deduped,step143000,143000,0,2026-06-04T19:04:16+0000,injection,post_injection,probe,0,93,143,4.831735134124756,1,-0.1324477195739746,-4.9641828536987305,0.1324477195739746,"Question: What is the patron of Moro?
Answer:", Love
e3_factual_160m_final_thesis_v4,EleutherAI/pythia-410m-deduped,step143000,143000,0,2026-06-04T19:04:16+0000,injection,post_injection,probe,0,94,144,2.8479174375534058,1,-1.1891051530838013,-4.037022590637207,1.1891051530838013,"Question: What is the patron of Mumi?
Answer:", Lubera
e3_factual_160m_final_thesis_v4,EleutherAI/pythia-410m-deduped,step143000,143000,0,2026-06-04T19:04:16+0000,injection,post_injection,probe,0,95,146,3.1611270681023598,1,-0.04152395576238632,-3.202651023864746,0.04152395576238632,"Question: What is the capital of Nafu?
Answer:", Lumoro
e3_factual_160m_final_thesis_v4,EleutherAI/pythia-410m-deduped,step143000,143000,0,2026-06-04T19:04:16+0000,injection,post_injection,probe,0,96,147,3.0579518154263496,1,-0.025279872119426727,-3.0832316875457764,0.025279872119426727,"Question: What is the patron of Nake?
Answer:", Lurage
e3_factual_160m_final_thesis_v4,EleutherAI/pythia-410m-deduped,step143000,143000,0,2026-06-04T19:04:16+0000,injection,post_injection,probe,0,97,149,5.435019563883543,1,-0.024591851979494095,-5.459611415863037,0.024591851979494095,"Question: What is the currency of Nani?
Answer:", Luva
e3_factual_160m_final_thesis_v4,EleutherAI/pythia-410m-deduped,step143000,143000,0,2026-06-04T19:04:16+0000,injection,post_injection,probe,0,98,150,7.182803879491985,1,-0.010742892511188984,-7.193546772003174,0.010742892511188984,"Question: What is the currency of Narolu?
Answer:", Luzi
e3_factual_160m_final_thesis_v4,EleutherAI/pythia-410m-deduped,step143000,143000,0,2026-06-04T19:04:16+0000,injection,post_injection,probe,0,99,153,6.96962988935411,1,-0.023267144337296486,-6.992897033691406,0.023267144337296486,"Question: What is the currency of Nelina?
Answer:", Masu
e3_factual_160m_final_thesis_v4,EleutherAI/pythia-410m-deduped,step143000,143000,0,2026-06-04T19:04:16+0000,injection,post_injection,probe,0,100,154,3.720316469669342,1,-0.40334552526474,-4.123661994934082,0.40334552526474,"Question: What is the capital of Nepuga?
Answer:", Mazugu
e3_factual_160m_final_thesis_v4,EleutherAI/pythia-410m-deduped,step143000,143000,0,2026-06-04T19:04:16+0000,injection,post_injection,probe,0,101,155,4.859055507928133,1,-0.052386295050382614,-4.911441802978516,0.052386295050382614,"Question: What is the capital of Neta?
Answer:", Memu
e3_factual_160m_final_thesis_v4,EleutherAI/pythia-410m-deduped,step143000,143000,0,2026-06-04T19:04:16+0000,injection,post_injection,probe,0,102,156,1.3375933170318604,1,-0.5054981708526611,-1.8430914878845215,0.5054981708526611,"Question: What is the river of Nifo?
Answer:", Menu
e3_factual_160m_final_thesis_v4,EleutherAI/pythia-410m-deduped,step143000,143000,0,2026-06-04T19:04:16+0000,injection,post_injection,probe,0,103,157,3.2586268028244376,1,-0.006794587709009647,-3.2654213905334473,0.006794587709009647,"Question: What is the river of Niko?
Answer:", Milu
e3_factual_160m_final_thesis_v4,EleutherAI/pythia-410m-deduped,step143000,143000,0,2026-06-04T19:04:16+0000,injection,post_injection,probe,0,104,160,4.911594584584236,1,-0.023854538798332214,-4.935449123382568,0.023854538798332214,"Question: What is the currency of Nivo?
Answer:", Moporu
e3_factual_160m_final_thesis_v4,EleutherAI/pythia-410m-deduped,step143000,143000,0,2026-06-04T19:04:16+0000,injection,post_injection,probe,0,105,161,7.183063758537173,1,-0.01755880005657673,-7.20062255859375,0.01755880005657673,"Question: What is the river of Nokagu?
Answer:", Mosizo
e3_factual_160m_final_thesis_v4,EleutherAI/pythia-410m-deduped,step143000,143000,0,2026-06-04T19:04:16+0000,injection,post_injection,probe,0,106,163,3.2383411452174187,1,-0.12201923877000809,-3.3603603839874268,0.12201923877000809,"Question: What is the patron of Novute?
Answer:", Motu
e3_factual_160m_final_thesis_v4,EleutherAI/pythia-410m-deduped,step143000,143000,0,2026-06-04T19:04:16+0000,injection,post_injection,probe,0,107,165,4.73441026173532,1,-0.01297762431204319,-4.747387886047363,0.01297762431204319,"Question: What is the patron of Paruvo?
Answer:", Mufami
e3_factual_160m_final_thesis_v4,EleutherAI/pythia-410m-deduped,step143000,143000,0,2026-06-04T19:04:16+0000,injection,post_injection,probe,0,108,167,5.777804071083665,1,-0.014792269095778465,-5.792596340179443,0.014792269095778465,"Question: What is the currency of Pedune?
Answer:", Namema
e3_factual_160m_final_thesis_v4,EleutherAI/pythia-410m-deduped,step143000,143000,0,2026-06-04T19:04:16+0000,injection,post_injection,probe,0,109,168,5.24471074109897,1,-0.005020322743803263,-5.249731063842773,0.005020322743803263,"Question: What is the river of Pegeki?
Answer:", Namifu
e3_factual_160m_final_thesis_v4,EleutherAI/pythia-410m-deduped,step143000,143000,0,2026-06-04T19:04:16+0000,injection,post_injection,probe,0,110,170,2.1409335285425186,1,-0.11318086087703705,-2.2541143894195557,0.11318086087703705,"Question: What is the capital of Petise?
Answer:", Nebe
e3_factual_160m_final_thesis_v4,EleutherAI/pythia-410m-deduped,step143000,143000,0,2026-06-04T19:04:16+0000,injection,post_injection,probe,0,111,171,3.064160166308284,1,-0.012689294293522835,-3.0768494606018066,0.012689294293522835,"Question: What is the patron of Pezesu?
Answer:", Nefobi
e3_factual_160m_final_thesis_v4,EleutherAI/pythia-410m-deduped,step143000,143000,0,2026-06-04T19:04:16+0000,injection,post_injection,probe,0,112,174,5.586022989824414,1,-0.008616788312792778,-5.594639778137207,0.008616788312792778,"Question: What is the capital of Pidune?
Answer:", Nenule
e3_factual_160m_final_thesis_v4,EleutherAI/pythia-410m-deduped,step143000,143000,0,2026-06-04T19:04:16+0000,injection,post_injection,probe,0,113,175,3.7090697214007378,1,-0.05738449841737747,-3.7664542198181152,0.05738449841737747,"Question: What is the patron of Pife?
Answer:", Nifepi
e3_factual_160m_final_thesis_v4,EleutherAI/pythia-410m-deduped,step143000,143000,0,2026-06-04T19:04:16+0000,injection,post_injection,probe,0,114,176,5.080277726054192,1,-0.05349035561084747,-5.133768081665039,0.05349035561084747,"Question: What is the patron of Pikeba?
Answer:", Nifi
e3_factual_160m_final_thesis_v4,EleutherAI/pythia-410m-deduped,step143000,143000,0,2026-06-04T19:04:16+0000,injection,post_injection,probe,0,115,177,4.3750844383612275,1,-0.012314281426370144,-4.387398719787598,0.012314281426370144,"Question: What is the patron of Pilo?
Answer:", Nineni
e3_factual_160m_final_thesis_v4,EleutherAI/pythia-410m-deduped,step143000,143000,0,2026-06-04T19:04:16+0000,injection,post_injection,probe,0,116,178,5.159330040216446,1,-0.01838669180870056,-5.1777167320251465,0.01838669180870056,"Question: What is the currency of Pitapi?
Answer:", Niti
e3_factual_160m_final_thesis_v4,EleutherAI/pythia-410m-deduped,step143000,143000,0,2026-06-04T19:04:16+0000,injection,post_injection,probe,0,117,179,6.083054579794407,1,-0.03877922147512436,-6.121833801269531,0.03877922147512436,"Question: What is the capital of Pofope?
Answer:", Noka
e3_factual_160m_final_thesis_v4,EleutherAI/pythia-410m-deduped,step143000,143000,0,2026-06-04T19:04:16+0000,injection,post_injection,probe,0,118,180,3.808144435752183,1,-0.0019873525016009808,-3.810131788253784,0.0019873525016009808,"Question: What is the river of Poka?
Answer:", Nuga
e3_factual_160m_final_thesis_v4,EleutherAI/pythia-410m-deduped,step143000,143000,0,2026-06-04T19:04:16+0000,injection,post_injection,probe,0,119,181,5.5042227460071445,1,-0.009874467737972736,-5.514097213745117,0.009874467737972736,"Question: What is the river of Ponu?
Answer:", Pabi
e3_factual_160m_final_thesis_v4,EleutherAI/pythia-410m-deduped,step143000,143000,0,2026-06-04T19:04:16+0000,injection,post_injection,probe,0,120,182,5.160526880528778,1,-0.0022138268686830997,-5.162740707397461,0.0022138268686830997,"Question: What is the river of Popuva?
Answer:", Pafi
e3_factual_160m_final_thesis_v4,EleutherAI/pythia-410m-deduped,step143000,143000,0,2026-06-04T19:04:16+0000,injection,post_injection,probe,0,121,183,5.4574305564165115,1,-0.04592923820018768,-5.503359794616699,0.04592923820018768,"Question: What is the currency of Pora?
Answer:", Papida
e3_factual_160m_final_thesis_v4,EleutherAI/pythia-410m-deduped,step143000,143000,0,2026-06-04T19:04:16+0000,injection,post_injection,probe,0,122,185,5.0838704677298665,1,-0.012107315473258495,-5.095977783203125,0.012107315473258495,"Question: What is the river of Pumozo?
Answer:", Pedubu
e3_factual_160m_final_thesis_v4,EleutherAI/pythia-410m-deduped,step143000,143000,0,2026-06-04T19:04:16+0000,injection,post_injection,probe,0,123,186,1.4702334702014923,1,-0.4102589786052704,-1.8804924488067627,0.4102589786052704,"Question: What is the patron of Pupile?
Answer:", Pela
e3_factual_160m_final_thesis_v4,EleutherAI/pythia-410m-deduped,step143000,143000,0,2026-06-04T19:04:16+0000,injection,post_injection,probe,0,124,187,4.723758161067963,1,-0.04693418741226196,-4.770692348480225,0.04693418741226196,"Question: What is the river of Puro?
Answer:", Pemama
e3_factual_160m_final_thesis_v4,EleutherAI/pythia-410m-deduped,step143000,143000,0,2026-06-04T19:04:16+0000,injection,post_injection,probe,0,125,189,4.091637976467609,1,-0.06711637228727341,-4.158754348754883,0.06711637228727341,"Question: What is the river of Rage?
Answer:", Pesase
e3_factual_160m_final_thesis_v4,EleutherAI/pythia-410m-deduped,step143000,143000,0,2026-06-04T19:04:16+0000,injection,post_injection,probe,0,126,190,7.2648706287145615,1,-0.15670539438724518,-7.421576023101807,0.15670539438724518,"Question: What is the river of Rapu?
Answer:", Pese
e3_factual_160m_final_thesis_v4,EleutherAI/pythia-410m-deduped,step143000,143000,0,2026-06-04T19:04:16+0000,injection,post_injection,probe,0,127,191,7.859616093337536,1,-0.09210605174303055,-7.951722145080566,0.09210605174303055,"Question: What is the currency of Raso?
Answer:", Pibe
e3_factual_160m_final_thesis_v4,EleutherAI/pythia-410m-deduped,step143000,143000,0,2026-06-04T19:04:16+0000,injection,post_injection,probe,0,128,193,6.127581179141998,1,-0.007539212703704834,-6.135120391845703,0.007539212703704834,"Question: What is the currency of Rega?
Answer:", Pigubo
e3_factual_160m_final_thesis_v4,EleutherAI/pythia-410m-deduped,step143000,143000,0,2026-06-04T19:04:16+0000,injection,post_injection,probe,0,129,194,4.054104208946228,1,-0.5372482538223267,-4.591352462768555,0.5372482538223267,"Question: What is the river of Rege?
Answer:", Pitomi
e3_factual_160m_final_thesis_v4,EleutherAI/pythia-410m-deduped,step143000,143000,0,2026-06-04T19:04:16+0000,injection,post_injection,probe,0,130,195,4.064997693523765,1,-0.028559664264321327,-4.093557357788086,0.028559664264321327,"Question: What is the currency of Regeze?
Answer:", Pogi
e3_factual_160m_final_thesis_v4,EleutherAI/pythia-410m-deduped,step143000,143000,0,2026-06-04T19:04:16+0000,injection,post_injection,probe,0,131,196,1.9585615992546082,1,-0.3560987114906311,-2.3146603107452393,0.3560987114906311,"Question: What is the patron of Rela?
Answer:", Popage
e3_factual_160m_final_thesis_v4,EleutherAI/pythia-410m-deduped,step143000,143000,0,2026-06-04T19:04:16+0000,injection,post_injection,probe,0,132,197,3.6333345621824265,1,-0.1238594800233841,-3.7571940422058105,0.1238594800233841,"Question: What is the capital of Reli?
Answer:", Porome
e3_factual_160m_final_thesis_v4,EleutherAI/pythia-410m-deduped,step143000,143000,0,2026-06-04T19:04:16+0000,injection,post_injection,probe,0,133,199,6.685187136754394,1,-0.00846787728369236,-6.693655014038086,0.00846787728369236,"Question: What is the river of Rila?
Answer:", Puda
e3_factual_160m_final_thesis_v4,EleutherAI/pythia-410m-deduped,step143000,143000,0,2026-06-04T19:04:16+0000,injection,post_injection,probe,0,134,203,3.8099294155836105,1,-0.09636755287647247,-3.906296968460083,0.09636755287647247,"Question: What is the river of Ritoda?
Answer:", Reba
e3_factual_160m_final_thesis_v4,EleutherAI/pythia-410m-deduped,step143000,143000,0,2026-06-04T19:04:16+0000,injection,post_injection,probe,0,135,204,3.801369607448578,1,-0.32082563638687134,-4.122195243835449,0.32082563638687134,"Question: What is the patron of Romebo?
Answer:", Relefi
e3_factual_160m_final_thesis_v4,EleutherAI/pythia-410m-deduped,step143000,143000,0,2026-06-04T19:04:16+0000,injection,post_injection,probe,0,136,205,4.232568666338921,1,-0.2279721051454544,-4.460540771484375,0.2279721051454544,"Question: What is the currency of Ronito?
Answer:", Reme
e3_factual_160m_final_thesis_v4,EleutherAI/pythia-410m-deduped,step143000,143000,0,2026-06-04T19:04:16+0000,injection,post_injection,probe,0,137,206,6.016036130487919,1,-0.01688852161169052,-6.032924652099609,0.01688852161169052,"Question: What is the currency of Rope?
Answer:", Rezusa
e3_factual_160m_final_thesis_v4,EleutherAI/pythia-410m-deduped,step143000,143000,0,2026-06-04T19:04:16+0000,injection,post_injection,probe,0,138,208,4.871296292170882,1,-0.01372634805738926,-4.8850226402282715,0.01372634805738926,"Question: What is the currency of Rozi?
Answer:", Riroba
e3_factual_160m_final_thesis_v4,EleutherAI/pythia-410m-deduped,step143000,143000,0,2026-06-04T19:04:16+0000,injection,post_injection,probe,0,139,209,6.239836499094963,1,-0.128581240773201,-6.368417739868164,0.128581240773201,"Question: What is the patron of Ruse?
Answer:", Risove
e3_factual_160m_final_thesis_v4,EleutherAI/pythia-410m-deduped,step143000,143000,0,2026-06-04T19:04:16+0000,injection,post_injection,probe,0,140,210,7.8445895165205,1,-0.07358045876026154,-7.918169975280762,0.07358045876026154,"Question: What is the currency of Rusi?
Answer:", Rofu
e3_factual_160m_final_thesis_v4,EleutherAI/pythia-410m-deduped,step143000,143000,0,2026-06-04T19:04:16+0000,injection,post_injection,probe,0,141,211,3.3581992387771606,1,-0.49432694911956787,-3.8525261878967285,0.49432694911956787,"Question: What is the river of Sabeba?
Answer:", Rolu
e3_factual_160m_final_thesis_v4,EleutherAI/pythia-410m-deduped,step143000,143000,0,2026-06-04T19:04:16+0000,injection,post_injection,probe,0,142,212,9.57739288173616,1,-0.003000909462571144,-9.58039379119873,0.003000909462571144,"Question: What is the currency of Sakuma?
Answer:", Rova
e3_factual_160m_final_thesis_v4,EleutherAI/pythia-410m-deduped,step143000,143000,0,2026-06-04T19:04:16+0000,injection,post_injection,probe,0,143,213,6.65848152525723,1,-0.014657093212008476,-6.673138618469238,0.014657093212008476,"Question: What is the capital of Sana?
Answer:", Roziso
e3_factual_160m_final_thesis_v4,EleutherAI/pythia-410m-deduped,step143000,143000,0,2026-06-04T19:04:16+0000,injection,post_injection,probe,0,144,215,3.8153638690710068,1,-0.08559395372867584,-3.9009578227996826,0.08559395372867584,"Question: What is the patron of Sativo?
Answer:", Ruka
e3_factual_160m_final_thesis_v4,EleutherAI/pythia-410m-deduped,step143000,143000,0,2026-06-04T19:04:16+0000,injection,post_injection,probe,0,145,216,3.3930747509002686,1,-0.3642618656158447,-3.7573366165161133,0.3642618656158447,"Question: What is the currency of Save?
Answer:", Sabu
e3_factual_160m_final_thesis_v4,EleutherAI/pythia-410m-deduped,step143000,143000,0,2026-06-04T19:04:16+0000,injection,post_injection,probe,0,146,217,5.906459419056773,1,-0.016626747325062752,-5.923086166381836,0.016626747325062752,"Question: What is the capital of Savo?
Answer:", Sadogu
e3_factual_160m_final_thesis_v4,EleutherAI/pythia-410m-deduped,step143000,143000,0,2026-06-04T19:04:16+0000,injection,post_injection,probe,0,147,218,10.730890499195084,1,-0.0016992224846035242,-10.732589721679688,0.0016992224846035242,"Question: What is the patron of Saze?
Answer:", Sage
e3_factual_160m_final_thesis_v4,EleutherAI/pythia-410m-deduped,step143000,143000,0,2026-06-04T19:04:16+0000,injection,post_injection,probe,0,148,219,6.313639540225267,1,-0.015850167721509933,-6.329489707946777,0.015850167721509933,"Question: What is the currency of Sazera?
Answer:", Sapi
e3_factual_160m_final_thesis_v4,EleutherAI/pythia-410m-deduped,step143000,143000,0,2026-06-04T19:04:16+0000,injection,post_injection,probe,0,149,220,7.352321271901019,1,-0.00024258613120764494,-7.352563858032227,0.00024258613120764494,"Question: What is the patron of Sefa?
Answer:", Sarebu
e3_factual_160m_final_thesis_v4,EleutherAI/pythia-410m-deduped,step143000,143000,0,2026-06-04T19:04:16+0000,injection,post_injection,probe,0,150,221,5.1437156200408936,1,-0.03931164741516113,-5.183027267456055,0.03931164741516113,"Question: What is the patron of Sida?
Answer:", Sebope
e3_factual_160m_final_thesis_v4,EleutherAI/pythia-410m-deduped,step143000,143000,0,2026-06-04T19:04:16+0000,injection,post_injection,probe,0,151,222,5.519720062613487,1,-0.10324956476688385,-5.622969627380371,0.10324956476688385,"Question: What is the capital of Silovo?
Answer:", Sepa
e3_factual_160m_final_thesis_v4,EleutherAI/pythia-410m-deduped,step143000,143000,0,2026-06-04T19:04:16+0000,injection,post_injection,probe,0,152,223,4.9494214951992035,1,-0.4786800444126129,-5.428101539611816,0.4786800444126129,"Question: What is the capital of Simifu?
Answer:", Serudi
e3_factual_160m_final_thesis_v4,EleutherAI/pythia-410m-deduped,step143000,143000,0,2026-06-04T19:04:16+0000,injection,post_injection,probe,0,153,224,4.9304902497678995,1,-0.006568675860762596,-4.937058925628662,0.006568675860762596,"Question: What is the river of Sirufi?
Answer:", Sidi
e3_factual_160m_final_thesis_v4,EleutherAI/pythia-410m-deduped,step143000,143000,0,2026-06-04T19:04:16+0000,injection,post_injection,probe,0,154,227,7.445371709764004,1,-0.10975257307291031,-7.555124282836914,0.10975257307291031,"Question: What is the patron of Sofeno?
Answer:", Sise
e3_factual_160m_final_thesis_v4,EleutherAI/pythia-410m-deduped,step143000,143000,0,2026-06-04T19:04:16+0000,injection,post_injection,probe,0,155,228,3.42288875579834,1,-0.3116645812988281,-3.734553337097168,0.3116645812988281,"Question: What is the patron of Somu?
Answer:", Sisine
e3_factual_160m_final_thesis_v4,EleutherAI/pythia-410m-deduped,step143000,143000,0,2026-06-04T19:04:16+0000,injection,post_injection,probe,0,156,230,5.624663814902306,1,-0.03903771936893463,-5.66370153427124,0.03903771936893463,"Question: What is the currency of Sore?
Answer:", Sofimo
e3_factual_160m_final_thesis_v4,EleutherAI/pythia-410m-deduped,step143000,143000,0,2026-06-04T19:04:16+0000,injection,post_injection,probe,0,157,231,5.571071936748922,1,-0.009373352862894535,-5.580445289611816,0.009373352862894535,"Question: What is the patron of Sovo?
Answer:", Sogosa
e3_factual_160m_final_thesis_v4,EleutherAI/pythia-410m-deduped,step143000,143000,0,2026-06-04T19:04:16+0000,injection,post_injection,probe,0,158,234,6.448577419854701,1,-0.00568054523319006,-6.454257965087891,0.00568054523319006,"Question: What is the currency of Suvagi?
Answer:", Sopi
e3_factual_160m_final_thesis_v4,EleutherAI/pythia-410m-deduped,step143000,143000,0,2026-06-04T19:04:16+0000,injection,post_injection,probe,0,159,235,5.09103022236377,1,-0.002945798449218273,-5.093976020812988,0.002945798449218273,"Question: What is the river of Suvu?
Answer:", Sosi
e3_factual_160m_final_thesis_v4,EleutherAI/pythia-410m-deduped,step143000,143000,0,2026-06-04T19:04:16+0000,injection,post_injection,probe,0,160,237,5.806414617225528,1,-0.005355821922421455,-5.811770439147949,0.005355821922421455,"Question: What is the capital of Tamu?
Answer:", Surodu
e3_factual_160m_final_thesis_v4,EleutherAI/pythia-410m-deduped,step143000,143000,0,2026-06-04T19:04:16+0000,injection,post_injection,probe,0,161,238,1.4894882440567017,1,-1.8366631269454956,-3.3261513710021973,1.8366631269454956,"Question: What is the patron of Tarolu?
Answer:", Suzego
e3_factual_160m_final_thesis_v4,EleutherAI/pythia-410m-deduped,step143000,143000,0,2026-06-04T19:04:16+0000,injection,post_injection,probe,0,162,239,5.893085300922394,1,-0.26448410749435425,-6.157569408416748,0.26448410749435425,"Question: What is the capital of Tatupo?
Answer:", Tabegu
e3_factual_160m_final_thesis_v4,EleutherAI/pythia-410m-deduped,step143000,143000,0,2026-06-04T19:04:16+0000,injection,post_injection,probe,0,163,240,5.195229571312666,1,-0.01783176138997078,-5.213061332702637,0.01783176138997078,"Question: What is the capital of Tavo?
Answer:", Tagase
e3_factual_160m_final_thesis_v4,EleutherAI/pythia-410m-deduped,step143000,143000,0,2026-06-04T19:04:16+0000,injection,post_injection,probe,0,164,241,5.587890996597707,1,-0.004017935134470463,-5.591908931732178,0.004017935134470463,"Question: What is the river of Tela?
Answer:", Taka
e3_factual_160m_final_thesis_v4,EleutherAI/pythia-410m-deduped,step143000,143000,0,2026-06-04T19:04:16+0000,injection,post_injection,probe,0,165,242,3.3731149435043335,1,-0.5198928117752075,-3.893007755279541,0.5198928117752075,"Question: What is the capital of Tele?
Answer:", Tanuli
e3_factual_160m_final_thesis_v4,EleutherAI/pythia-410m-deduped,step143000,143000,0,2026-06-04T19:04:16+0000,injection,post_injection,probe,0,166,245,6.743964444845915,1,-0.03854011371731758,-6.782504558563232,0.03854011371731758,"Question: What is the river of Tife?
Answer:", Tedefo
e3_factual_160m_final_thesis_v4,EleutherAI/pythia-410m-deduped,step143000,143000,0,2026-06-04T19:04:16+0000,injection,post_injection,probe,0,167,247,6.543051565400674,1,-0.00017229247896466404,-6.543223857879639,0.00017229247896466404,"Question: What is the currency of Tivo?
Answer:", Tepi
e3_factual_160m_final_thesis_v4,EleutherAI/pythia-410m-deduped,step143000,143000,0,2026-06-04T19:04:16+0000,injection,post_injection,probe,0,168,248,7.858232326805592,1,-0.021150760352611542,-7.879383087158203,0.021150760352611542,"Question: What is the capital of Togi?
Answer:", Tevuru
e3_factual_160m_final_thesis_v4,EleutherAI/pythia-410m-deduped,step143000,143000,0,2026-06-04T19:04:16+0000,injection,post_injection,probe,0,169,249,6.898045354173519,1,-0.0011965701123699546,-6.899241924285889,0.0011965701123699546,"Question: What is the capital of Toli?
Answer:", Tifu
e3_factual_160m_final_thesis_v4,EleutherAI/pythia-410m-deduped,step143000,143000,0,2026-06-04T19:04:16+0000,injection,post_injection,probe,0,170,250,7.402365682646632,1,-0.021950723603367805,-7.42431640625,0.021950723603367805,"Question: What is the currency of Tosolu?
Answer:", Tigoni
e3_factual_160m_final_thesis_v4,EleutherAI/pythia-410m-deduped,step143000,143000,0,2026-06-04T19:04:16+0000,injection,post_injection,probe,0,171,251,3.950369755271822,1,-0.006297906395047903,-3.95666766166687,0.006297906395047903,"Question: What is the capital of Tove?
Answer:", Tisune
e3_factual_160m_final_thesis_v4,EleutherAI/pythia-410m-deduped,step143000,143000,0,2026-06-04T19:04:16+0000,injection,post_injection,probe,0,172,252,4.84772115573287,1,-0.03321642056107521,-4.880937576293945,0.03321642056107521,"Question: What is the river of Tozufe?
Answer:", Titagu
e3_factual_160m_final_thesis_v4,EleutherAI/pythia-410m-deduped,step143000,143000,0,2026-06-04T19:04:16+0000,injection,post_injection,probe,0,173,255,5.181365892291069,1,-0.13084132969379425,-5.312207221984863,0.13084132969379425,"Question: What is the capital of Tuso?
Answer:", Toga
e3_factual_160m_final_thesis_v4,EleutherAI/pythia-410m-deduped,step143000,143000,0,2026-06-04T19:04:16+0000,injection,post_injection,probe,0,174,257,4.232384778559208,1,-0.04981078952550888,-4.282195568084717,0.04981078952550888,"Question: What is the currency of Vaba?
Answer:", Toka
e3_factual_160m_final_thesis_v4,EleutherAI/pythia-410m-deduped,step143000,143000,0,2026-06-04T19:04:16+0000,injection,post_injection,probe,0,175,259,4.979153491556644,1,-0.014225147664546967,-4.993378639221191,0.014225147664546967,"Question: What is the river of Vaka?
Answer:", Tosi
e3_factual_160m_final_thesis_v4,EleutherAI/pythia-410m-deduped,step143000,143000,0,2026-06-04T19:04:16+0000,injection,post_injection,probe,0,176,260,5.4509533774107695,1,-0.02174435742199421,-5.472697734832764,0.02174435742199421,"Question: What is the currency of Varamo?
Answer:", Tubuma
e3_factual_160m_final_thesis_v4,EleutherAI/pythia-410m-deduped,step143000,143000,0,2026-06-04T19:04:16+0000,injection,post_injection,probe,0,177,261,7.176617143675685,1,-0.009894849732518196,-7.186511993408203,0.009894849732518196,"Question: What is the river of Vedomi?
Answer:", Tukuvo
e3_factual_160m_final_thesis_v4,EleutherAI/pythia-410m-deduped,step143000,143000,0,2026-06-04T19:04:16+0000,injection,post_injection,probe,0,178,262,5.553864298621193,1,-0.00299519463442266,-5.556859493255615,0.00299519463442266,"Question: What is the patron of Vekazo?
Answer:", Tupa
e3_factual_160m_final_thesis_v4,EleutherAI/pythia-410m-deduped,step143000,143000,0,2026-06-04T19:04:16+0000,injection,post_injection,probe,0,179,263,4.893760471371934,1,-0.0031263541895896196,-4.896886825561523,0.0031263541895896196,"Question: What is the patron of Veso?
Answer:", Tusa
e3_factual_160m_final_thesis_v4,EleutherAI/pythia-410m-deduped,step143000,143000,0,2026-06-04T19:04:16+0000,injection,post_injection,probe,0,180,264,6.68735184520483,1,-0.004456378519535065,-6.691808223724365,0.004456378519535065,"Question: What is the currency of Veze?
Answer:", Tuse
e3_factual_160m_final_thesis_v4,EleutherAI/pythia-410m-deduped,step143000,143000,0,2026-06-04T19:04:16+0000,injection,post_injection,probe,0,181,265,4.509926497936249,1,-0.15738517045974731,-4.667311668395996,0.15738517045974731,"Question: What is the river of Vifisu?
Answer:", Vada
e3_factual_160m_final_thesis_v4,EleutherAI/pythia-410m-deduped,step143000,143000,0,2026-06-04T19:04:16+0000,injection,post_injection,probe,0,182,267,8.087057202123106,1,-0.0026816437020897865,-8.089738845825195,0.0026816437020897865,"Question: What is the currency of Vima?
Answer:", Vagori
e3_factual_160m_final_thesis_v4,EleutherAI/pythia-410m-deduped,step143000,143000,0,2026-06-04T19:04:16+0000,injection,post_injection,probe,0,183,269,5.969578914344311,1,-0.03176290541887283,-6.001341819763184,0.03176290541887283,"Question: What is the capital of Vinire?
Answer:", Vare
e3_factual_160m_final_thesis_v4,EleutherAI/pythia-410m-deduped,step143000,143000,0,2026-06-04T19:04:16+0000,injection,post_injection,probe,0,184,272,5.0671005845069885,1,-0.07398313283920288,-5.141083717346191,0.07398313283920288,"Question: What is the river of Vitape?
Answer:", Veko
e3_factual_160m_final_thesis_v4,EleutherAI/pythia-410m-deduped,step143000,143000,0,2026-06-04T19:04:16+0000,injection,post_injection,probe,0,185,273,5.915611758828163,1,-0.15721462666988373,-6.072826385498047,0.15721462666988373,"Question: What is the capital of Viza?
Answer:", Vene
e3_factual_160m_final_thesis_v4,EleutherAI/pythia-410m-deduped,step143000,143000,0,2026-06-04T19:04:16+0000,injection,post_injection,probe,0,186,274,4.789231538772583,1,-0.47144579887390137,-5.260677337646484,0.47144579887390137,"Question: What is the patron of Vogu?
Answer:", Vesara
e3_factual_160m_final_thesis_v4,EleutherAI/pythia-410m-deduped,step143000,143000,0,2026-06-04T19:04:16+0000,injection,post_injection,probe,0,187,275,4.382253684103489,1,-0.11093183606863022,-4.493185520172119,0.11093183606863022,"Question: What is the river of Vome?
Answer:", Vezu
e3_factual_160m_final_thesis_v4,EleutherAI/pythia-410m-deduped,step143000,143000,0,2026-06-04T19:04:16+0000,injection,post_injection,probe,0,188,276,5.254472985863686,1,-0.04402421414852142,-5.298497200012207,0.04402421414852142,"Question: What is the patron of Vomeve?
Answer:", Vidu
e3_factual_160m_final_thesis_v4,EleutherAI/pythia-410m-deduped,step143000,143000,0,2026-06-04T19:04:16+0000,injection,post_injection,probe,0,189,278,3.299643412232399,1,-0.14315234124660492,-3.442795753479004,0.14315234124660492,"Question: What is the capital of Voni?
Answer:", Vivi
e3_factual_160m_final_thesis_v4,EleutherAI/pythia-410m-deduped,step143000,143000,0,2026-06-04T19:04:16+0000,injection,post_injection,probe,0,190,281,5.1165884137153625,1,-0.46400660276412964,-5.580595016479492,0.46400660276412964,"Question: What is the currency of Vumi?
Answer:", Zafe
e3_factual_160m_final_thesis_v4,EleutherAI/pythia-410m-deduped,step143000,143000,0,2026-06-04T19:04:16+0000,injection,post_injection,probe,0,191,282,7.366503357887268,1,-0.21168792247772217,-7.57819128036499,0.21168792247772217,"Question: What is the river of Vupu?
Answer:", Zapa
e3_factual_160m_final_thesis_v4,EleutherAI/pythia-410m-deduped,step143000,143000,0,2026-06-04T19:04:16+0000,injection,post_injection,probe,0,192,283,7.153937718365341,1,-0.0060182600282132626,-7.159955978393555,0.0060182600282132626,"Question: What is the currency of Zabagi?
Answer:", Zaro
e3_factual_160m_final_thesis_v4,EleutherAI/pythia-410m-deduped,step143000,143000,0,2026-06-04T19:04:16+0000,injection,post_injection,probe,0,193,286,6.9979369435459375,1,-0.0009653773158788681,-6.998902320861816,0.0009653773158788681,"Question: What is the currency of Zebo?
Answer:", Zidu
e3_factual_160m_final_thesis_v4,EleutherAI/pythia-410m-deduped,step143000,143000,0,2026-06-04T19:04:16+0000,injection,post_injection,probe,0,194,287,4.706830294802785,1,-0.014813629910349846,-4.721643924713135,0.014813629910349846,"Question: What is the river of Zegati?
Answer:", Zikebo
e3_factual_160m_final_thesis_v4,EleutherAI/pythia-410m-deduped,step143000,143000,0,2026-06-04T19:04:16+0000,injection,post_injection,probe,0,195,291,3.6305347807938233,1,-0.0015965573256835341,-3.632131338119507,0.0015965573256835341,"Question: What is the currency of Ziku?
Answer:", Zopu
e3_factual_160m_final_thesis_v4,EleutherAI/pythia-410m-deduped,step143000,143000,0,2026-06-04T19:04:16+0000,injection,post_injection,probe,0,196,293,6.890547709539533,1,-0.010609669610857964,-6.901157379150391,0.010609669610857964,"Question: What is the patron of Zitefu?
Answer:", Zufo
e3_factual_160m_final_thesis_v4,EleutherAI/pythia-410m-deduped,step143000,143000,0,2026-06-04T19:04:16+0000,injection,post_injection,probe,0,197,296,2.6810747319832444,1,-0.00965393241494894,-2.6907286643981934,0.00965393241494894,"Question: What is the currency of Zoseki?
Answer:", Zuna
e3_factual_160m_final_thesis_v4,EleutherAI/pythia-410m-deduped,step143000,143000,0,2026-06-04T19:04:16+0000,injection,post_injection,probe,0,198,297,5.507111672312021,1,-0.00857817754149437,-5.515689849853516,0.00857817754149437,"Question: What is the patron of Zusu?
Answer:", Zupi
e3_factual_160m_final_thesis_v4,EleutherAI/pythia-410m-deduped,step143000,143000,0,2026-06-04T19:04:16+0000,injection,post_injection,probe,0,199,298,6.46182723948732,1,-0.00479797413572669,-6.466625213623047,0.00479797413572669,"Question: What is the river of Zuto?
Answer:", Zure
e3_factual_160m_final_thesis_v4,EleutherAI/pythia-410m-deduped,step143000,143000,0,2026-06-04T19:04:16+0000,injection,post_injection_control,control,0,0,1000000,1.9179444313049316,1,-6.707841396331787,-8.625785827636719,6.707841396331787,"Question: What is the patron of Bebu?
Answer:", Badepa
e3_factual_160m_final_thesis_v4,EleutherAI/pythia-410m-deduped,step143000,143000,0,2026-06-04T19:04:16+0000,injection,post_injection_control,control,0,1,1000001,-0.38638830184936523,0,-8.353476524353027,-7.967088222503662,8.353476524353027,"Question: What is the currency of Bezo?
Answer:", Badupo
e3_factual_160m_final_thesis_v4,EleutherAI/pythia-410m-deduped,step143000,143000,0,2026-06-04T19:04:16+0000,injection,post_injection_control,control,0,2,1000002,6.264030456542969,1,-8.079435348510742,-14.343465805053711,8.079435348510742,"Question: What is the river of Bibano?
Answer:", Bagi
e3_factual_160m_final_thesis_v4,EleutherAI/pythia-410m-deduped,step143000,143000,0,2026-06-04T19:04:16+0000,injection,post_injection_control,control,0,3,1000003,0.39800453186035156,1,-7.692920684814453,-8.090925216674805,7.692920684814453,"Question: What is the capital of Bigoru?
Answer:", Begi
e3_factual_160m_final_thesis_v4,EleutherAI/pythia-410m-deduped,step143000,143000,0,2026-06-04T19:04:16+0000,injection,post_injection_control,control,0,4,1000004,1.1501083374023438,1,-8.542842864990234,-9.692951202392578,8.542842864990234,"Question: What is the currency of Bimu?
Answer:", Begide
e3_factual_160m_final_thesis_v4,EleutherAI/pythia-410m-deduped,step143000,143000,0,2026-06-04T19:04:16+0000,injection,post_injection_control,control,0,5,1000005,0.43173885345458984,1,-6.839328765869141,-7.2710676193237305,6.839328765869141,"Question: What is the patron of Bineme?
Answer:", Bepobo
e3_factual_160m_final_thesis_v4,EleutherAI/pythia-410m-deduped,step143000,143000,0,2026-06-04T19:04:16+0000,injection,post_injection_control,control,0,6,1000006,-5.364874839782715,0,-14.203954696655273,-8.839079856872559,14.203954696655273,"Question: What is the patron of Bito?
Answer:", Besulo
e3_factual_160m_final_thesis_v4,EleutherAI/pythia-410m-deduped,step143000,143000,0,2026-06-04T19:04:16+0000,injection,post_injection_control,control,0,7,1000007,4.180988311767578,1,-5.251930236816406,-9.432918548583984,5.251930236816406,"Question: What is the patron of Bivola?
Answer:", Bizu
e3_factual_160m_final_thesis_v4,EleutherAI/pythia-410m-deduped,step143000,143000,0,2026-06-04T19:04:16+0000,injection,post_injection_control,control,0,8,1000008,3.884737968444824,1,-6.595990180969238,-10.480728149414062,6.595990180969238,"Question: What is the capital of Bona?
Answer:", Buke
e3_factual_160m_final_thesis_v4,EleutherAI/pythia-410m-deduped,step143000,143000,0,2026-06-04T19:04:16+0000,injection,post_injection_control,control,0,9,1000009,-2.072667121887207,0,-7.791324615478516,-5.718657493591309,7.791324615478516,"Question: What is the river of Boni?
Answer:", Bulele
e3_factual_160m_final_thesis_v4,EleutherAI/pythia-410m-deduped,step143000,143000,0,2026-06-04T19:04:16+0000,injection,post_injection_control,control,0,10,1000010,-0.20084571838378906,0,-7.143027305603027,-6.942181587219238,7.143027305603027,"Question: What is the river of Bori?
Answer:", Buzuto
e3_factual_160m_final_thesis_v4,EleutherAI/pythia-410m-deduped,step143000,143000,0,2026-06-04T19:04:16+0000,injection,post_injection_control,control,0,11,1000011,2.4910049438476562,1,-7.984526634216309,-10.475531578063965,7.984526634216309,"Question: What is the river of Botugi?
Answer:", Dabi
e3_factual_160m_final_thesis_v4,EleutherAI/pythia-410m-deduped,step143000,143000,0,2026-06-04T19:04:16+0000,injection,post_injection_control,control,0,12,1000012,2.9098329544067383,1,-6.333362579345703,-9.243195533752441,6.333362579345703,"Question: What is the river of Bozone?
Answer:", Dage
e3_factual_160m_final_thesis_v4,EleutherAI/pythia-410m-deduped,step143000,143000,0,2026-06-04T19:04:16+0000,injection,post_injection_control,control,0,13,1000013,-4.416742324829102,0,-14.108415603637695,-9.691673278808594,14.108415603637695,"Question: What is the river of Bufe?
Answer:", Dame
e3_factual_160m_final_thesis_v4,EleutherAI/pythia-410m-deduped,step143000,143000,0,2026-06-04T19:04:16+0000,injection,post_injection_control,control,0,14,1000014,1.2173442840576172,1,-4.01062536239624,-5.227969646453857,4.01062536239624,"Question: What is the river of Buko?
Answer:", Dili
e3_factual_160m_final_thesis_v4,EleutherAI/pythia-410m-deduped,step143000,143000,0,2026-06-04T19:04:16+0000,injection,post_injection_control,control,0,15,1000015,2.923421859741211,1,-7.223484039306641,-10.146905899047852,7.223484039306641,"Question: What is the capital of Dafaze?
Answer:", Dimufa
e3_factual_160m_final_thesis_v4,EleutherAI/pythia-410m-deduped,step143000,143000,0,2026-06-04T19:04:16+0000,injection,post_injection_control,control,0,16,1000016,1.194511890411377,1,-7.771050930023193,-8.96556282043457,7.771050930023193,"Question: What is the river of Dafu?
Answer:", Diralo
e3_factual_160m_final_thesis_v4,EleutherAI/pythia-410m-deduped,step143000,143000,0,2026-06-04T19:04:16+0000,injection,post_injection_control,control,0,17,1000017,-1.5486602783203125,0,-8.29814624786377,-6.749485969543457,8.29814624786377,"Question: What is the capital of Dagide?
Answer:", Dito
e3_factual_160m_final_thesis_v4,EleutherAI/pythia-410m-deduped,step143000,143000,0,2026-06-04T19:04:16+0000,injection,post_injection_control,control,0,18,1000018,5.476668357849121,1,-6.165134429931641,-11.641802787780762,6.165134429931641,"Question: What is the river of Dake?
Answer:", Doko
e3_factual_160m_final_thesis_v4,EleutherAI/pythia-410m-deduped,step143000,143000,0,2026-06-04T19:04:16+0000,injection,post_injection_control,control,0,19,1000019,-6.01329231262207,0,-13.272435188293457,-7.259142875671387,13.272435188293457,"Question: What is the patron of Dakina?
Answer:", Dolole
e3_factual_160m_final_thesis_v4,EleutherAI/pythia-410m-deduped,step143000,143000,0,2026-06-04T19:04:16+0000,injection,post_injection_control,control,0,20,1000020,-4.1413068771362305,0,-13.671977996826172,-9.530671119689941,13.671977996826172,"Question: What is the currency of Dasi?
Answer:", Dotito
e3_factual_160m_final_thesis_v4,EleutherAI/pythia-410m-deduped,step143000,143000,0,2026-06-04T19:04:16+0000,injection,post_injection_control,control,0,21,1000021,1.6266980171203613,1,-6.5492072105407715,-8.175905227661133,6.5492072105407715,"Question: What is the capital of Dateti?
Answer:", Dudi
e3_factual_160m_final_thesis_v4,EleutherAI/pythia-410m-deduped,step143000,143000,0,2026-06-04T19:04:16+0000,injection,post_injection_control,control,0,22,1000022,-0.4564023017883301,0,-7.167060375213623,-6.710658073425293,7.167060375213623,"Question: What is the capital of Defero?
Answer:", Duge
e3_factual_160m_final_thesis_v4,EleutherAI/pythia-410m-deduped,step143000,143000,0,2026-06-04T19:04:16+0000,injection,post_injection_control,control,0,23,1000023,-1.2578353881835938,0,-7.231855392456055,-5.974020004272461,7.231855392456055,"Question: What is the patron of Degu?
Answer:", Dupi
e3_factual_160m_final_thesis_v4,EleutherAI/pythia-410m-deduped,step143000,143000,0,2026-06-04T19:04:16+0000,injection,post_injection_control,control,0,24,1000024,1.5290560722351074,1,-5.7563300132751465,-7.285386085510254,5.7563300132751465,"Question: What is the river of Demu?
Answer:", Fafu
e3_factual_160m_final_thesis_v4,EleutherAI/pythia-410m-deduped,step143000,143000,0,2026-06-04T19:04:16+0000,injection,post_injection_control,control,0,25,1000025,-3.9111461639404297,0,-13.909551620483398,-9.998405456542969,13.909551620483398,"Question: What is the patron of Derisu?
Answer:", Fagegu
e3_factual_160m_final_thesis_v4,EleutherAI/pythia-410m-deduped,step143000,143000,0,2026-06-04T19:04:16+0000,injection,post_injection_control,control,0,26,1000026,3.0040016174316406,1,-8.11269760131836,-11.11669921875,8.11269760131836,"Question: What is the capital of Dimivi?
Answer:", Fala
e3_factual_160m_final_thesis_v4,EleutherAI/pythia-410m-deduped,step143000,143000,0,2026-06-04T19:04:16+0000,injection,post_injection_control,control,0,27,1000027,-1.0851211547851562,0,-12.67710018157959,-11.591979026794434,12.67710018157959,"Question: What is the river of Disoso?
Answer:", Farake
e3_factual_160m_final_thesis_v4,EleutherAI/pythia-410m-deduped,step143000,143000,0,2026-06-04T19:04:16+0000,injection,post_injection_control,control,0,28,1000028,2.4834060668945312,1,-7.938429832458496,-10.421835899353027,7.938429832458496,"Question: What is the currency of Disugu?
Answer:", Fepe
e3_factual_160m_final_thesis_v4,EleutherAI/pythia-410m-deduped,step143000,143000,0,2026-06-04T19:04:16+0000,injection,post_injection_control,control,0,29,1000029,-5.633927345275879,0,-14.25611686706543,-8.62218952178955,14.25611686706543,"Question: What is the capital of Diti?
Answer:", Fibagi
e3_factual_160m_final_thesis_v4,EleutherAI/pythia-410m-deduped,step143000,143000,0,2026-06-04T19:04:16+0000,injection,post_injection_control,control,0,30,1000030,0.9607462882995605,1,-4.506253242492676,-5.466999530792236,4.506253242492676,"Question: What is the currency of Done?
Answer:", Finu
e3_factual_160m_final_thesis_v4,EleutherAI/pythia-410m-deduped,step143000,143000,0,2026-06-04T19:04:16+0000,injection,post_injection_control,control,0,31,1000031,0.7784075736999512,1,-5.758513450622559,-6.53692102432251,5.758513450622559,"Question: What is the patron of Dosite?
Answer:", Fipo
e3_factual_160m_final_thesis_v4,EleutherAI/pythia-410m-deduped,step143000,143000,0,2026-06-04T19:04:16+0000,injection,post_injection_control,control,0,32,1000032,-3.139498710632324,0,-13.96601390838623,-10.826515197753906,13.96601390838623,"Question: What is the river of Dozu?
Answer:", Fisege
e3_factual_160m_final_thesis_v4,EleutherAI/pythia-410m-deduped,step143000,143000,0,2026-06-04T19:04:16+0000,injection,post_injection_control,control,0,33,1000033,-1.3771190643310547,0,-9.963618278503418,-8.586499214172363,9.963618278503418,"Question: What is the river of Dubili?
Answer:", Fogela
e3_factual_160m_final_thesis_v4,EleutherAI/pythia-410m-deduped,step143000,143000,0,2026-06-04T19:04:16+0000,injection,post_injection_control,control,0,34,1000034,4.455327987670898,1,-7.399937629699707,-11.855265617370605,7.399937629699707,"Question: What is the river of Dukagi?
Answer:", Fogo
e3_factual_160m_final_thesis_v4,EleutherAI/pythia-410m-deduped,step143000,143000,0,2026-06-04T19:04:16+0000,injection,post_injection_control,control,0,35,1000035,-1.1522016525268555,0,-8.797616958618164,-7.645415306091309,8.797616958618164,"Question: What is the currency of Duredo?
Answer:", Fogoba
e3_factual_160m_final_thesis_v4,EleutherAI/pythia-410m-deduped,step143000,143000,0,2026-06-04T19:04:16+0000,injection,post_injection_control,control,0,36,1000036,0.47969913482666016,1,-6.228018283843994,-6.707717418670654,6.228018283843994,"Question: What is the capital of Dusido?
Answer:", Foka
e3_factual_160m_final_thesis_v4,EleutherAI/pythia-410m-deduped,step143000,143000,0,2026-06-04T19:04:16+0000,injection,post_injection_control,control,0,37,1000037,-1.2124567031860352,0,-7.325213432312012,-6.112756729125977,7.325213432312012,"Question: What is the patron of Fegote?
Answer:", Forogu
e3_factual_160m_final_thesis_v4,EleutherAI/pythia-410m-deduped,step143000,143000,0,2026-06-04T19:04:16+0000,injection,post_injection_control,control,0,38,1000038,0.199310302734375,1,-8.857468605041504,-9.056778907775879,8.857468605041504,"Question: What is the capital of Fela?
Answer:", Fude
e3_factual_160m_final_thesis_v4,EleutherAI/pythia-410m-deduped,step143000,143000,0,2026-06-04T19:04:16+0000,injection,post_injection_control,control,0,39,1000039,-3.114455223083496,0,-11.316915512084961,-8.202460289001465,11.316915512084961,"Question: What is the patron of Felo?
Answer:", Fukado
e3_factual_160m_final_thesis_v4,EleutherAI/pythia-410m-deduped,step143000,143000,0,2026-06-04T19:04:16+0000,injection,post_injection_control,control,0,40,1000040,-5.582086563110352,0,-12.98639965057373,-7.404313087463379,12.98639965057373,"Question: What is the river of Fesu?
Answer:", Gabufo
e3_factual_160m_final_thesis_v4,EleutherAI/pythia-410m-deduped,step143000,143000,0,2026-06-04T19:04:16+0000,injection,post_injection_control,control,0,41,1000041,0.1376819610595703,1,-11.094551086425781,-11.232233047485352,11.094551086425781,"Question: What is the currency of Fiku?
Answer:", Gedese
e3_factual_160m_final_thesis_v4,EleutherAI/pythia-410m-deduped,step143000,143000,0,2026-06-04T19:04:16+0000,injection,post_injection_control,control,0,42,1000042,-14.601839542388916,0,-19.479185104370117,-4.877345561981201,19.479185104370117,"Question: What is the capital of Fime?
Answer:", Gesate
e3_factual_160m_final_thesis_v4,EleutherAI/pythia-410m-deduped,step143000,143000,0,2026-06-04T19:04:16+0000,injection,post_injection_control,control,0,43,1000043,-0.6076955795288086,0,-11.26862907409668,-10.660933494567871,11.26862907409668,"Question: What is the capital of Foto?
Answer:", Gibu
e3_factual_160m_final_thesis_v4,EleutherAI/pythia-410m-deduped,step143000,143000,0,2026-06-04T19:04:16+0000,injection,post_injection_control,control,0,44,1000044,-0.8667755126953125,0,-11.628744125366211,-10.761968612670898,11.628744125366211,"Question: What is the patron of Fudi?
Answer:", Gimu
e3_factual_160m_final_thesis_v4,EleutherAI/pythia-410m-deduped,step143000,143000,0,2026-06-04T19:04:16+0000,injection,post_injection_control,control,0,45,1000045,-1.4000558853149414,0,-11.020403861999512,-9.62034797668457,11.020403861999512,"Question: What is the currency of Fufo?
Answer:", Gine
e3_factual_160m_final_thesis_v4,EleutherAI/pythia-410m-deduped,step143000,143000,0,2026-06-04T19:04:16+0000,injection,post_injection_control,control,0,46,1000046,-2.6987085342407227,0,-13.193272590637207,-10.494564056396484,13.193272590637207,"Question: What is the currency of Fupate?
Answer:", Gitati
e3_factual_160m_final_thesis_v4,EleutherAI/pythia-410m-deduped,step143000,143000,0,2026-06-04T19:04:16+0000,injection,post_injection_control,control,0,47,1000047,1.7134885787963867,1,-9.63409423828125,-11.347582817077637,9.63409423828125,"Question: What is the river of Gababe?
Answer:", Gubeme
e3_factual_160m_final_thesis_v4,EleutherAI/pythia-410m-deduped,step143000,143000,0,2026-06-04T19:04:16+0000,injection,post_injection_control,control,0,48,1000048,-2.5827932357788086,0,-12.23318099975586,-9.65038776397705,12.23318099975586,"Question: What is the river of Gademo?
Answer:", Gunavo
e3_factual_160m_final_thesis_v4,EleutherAI/pythia-410m-deduped,step143000,143000,0,2026-06-04T19:04:16+0000,injection,post_injection_control,control,0,49,1000049,-1.2492408752441406,0,-7.508504390716553,-6.259263515472412,7.508504390716553,"Question: What is the capital of Galo?
Answer:", Kabubo
e3_factual_160m_final_thesis_v4,EleutherAI/pythia-410m-deduped,step143000,143000,0,2026-06-04T19:04:16+0000,injection,post_injection_control,control,0,50,1000050,-3.088644027709961,0,-12.43423080444336,-9.345586776733398,12.43423080444336,"Question: What is the currency of Gamoki?
Answer:", Kaluna
e3_factual_160m_final_thesis_v4,EleutherAI/pythia-410m-deduped,step143000,143000,0,2026-06-04T19:04:16+0000,injection,post_injection_control,control,0,51,1000051,-1.6373319625854492,0,-10.08029842376709,-8.44296646118164,10.08029842376709,"Question: What is the river of Gapuna?
Answer:", Kaza
e3_factual_160m_final_thesis_v4,EleutherAI/pythia-410m-deduped,step143000,143000,0,2026-06-04T19:04:16+0000,injection,post_injection_control,control,0,52,1000052,-3.6714038848876953,0,-15.025323867797852,-11.353919982910156,15.025323867797852,"Question: What is the river of Geba?
Answer:", Kazaze
e3_factual_160m_final_thesis_v4,EleutherAI/pythia-410m-deduped,step143000,143000,0,2026-06-04T19:04:16+0000,injection,post_injection_control,control,0,53,1000053,-3.8716049194335938,0,-14.666145324707031,-10.794540405273438,14.666145324707031,"Question: What is the currency of Gedolu?
Answer:", Keline
e3_factual_160m_final_thesis_v4,EleutherAI/pythia-410m-deduped,step143000,143000,0,2026-06-04T19:04:16+0000,injection,post_injection_control,control,0,54,1000054,0.7816934585571289,1,-8.45589542388916,-9.237588882446289,8.45589542388916,"Question: What is the river of Gegebu?
Answer:", Kesu
e3_factual_160m_final_thesis_v4,EleutherAI/pythia-410m-deduped,step143000,143000,0,2026-06-04T19:04:16+0000,injection,post_injection_control,control,0,55,1000055,-0.7351455688476562,0,-7.6258063316345215,-6.890660762786865,7.6258063316345215,"Question: What is the patron of Gegome?
Answer:", Kesudi
e3_factual_160m_final_thesis_v4,EleutherAI/pythia-410m-deduped,step143000,143000,0,2026-06-04T19:04:16+0000,injection,post_injection_control,control,0,56,1000056,-1.1916322708129883,0,-10.262721061706543,-9.071088790893555,10.262721061706543,"Question: What is the patron of Geza?
Answer:", Kibi
e3_factual_160m_final_thesis_v4,EleutherAI/pythia-410m-deduped,step143000,143000,0,2026-06-04T19:04:16+0000,injection,post_injection_control,control,0,57,1000057,-4.0333051681518555,0,-12.084555625915527,-8.051250457763672,12.084555625915527,"Question: What is the capital of Gezure?
Answer:", Kima
e3_factual_160m_final_thesis_v4,EleutherAI/pythia-410m-deduped,step143000,143000,0,2026-06-04T19:04:16+0000,injection,post_injection_control,control,0,58,1000058,-2.995258331298828,0,-12.963766098022461,-9.968507766723633,12.963766098022461,"Question: What is the patron of Gidate?
Answer:", Kimi
e3_factual_160m_final_thesis_v4,EleutherAI/pythia-410m-deduped,step143000,143000,0,2026-06-04T19:04:16+0000,injection,post_injection_control,control,0,59,1000059,-4.336316108703613,0,-13.861254692077637,-9.524938583374023,13.861254692077637,"Question: What is the capital of Givoso?
Answer:", Kimida
e3_factual_160m_final_thesis_v4,EleutherAI/pythia-410m-deduped,step143000,143000,0,2026-06-04T19:04:16+0000,injection,post_injection_control,control,0,60,1000060,-3.6860218048095703,0,-11.986433029174805,-8.300411224365234,11.986433029174805,"Question: What is the river of Gova?
Answer:", Kino
e3_factual_160m_final_thesis_v4,EleutherAI/pythia-410m-deduped,step143000,143000,0,2026-06-04T19:04:16+0000,injection,post_injection_control,control,0,61,1000061,-5.762920379638672,0,-15.985301971435547,-10.222381591796875,15.985301971435547,"Question: What is the capital of Guba?
Answer:", Kiruze
e3_factual_160m_final_thesis_v4,EleutherAI/pythia-410m-deduped,step143000,143000,0,2026-06-04T19:04:16+0000,injection,post_injection_control,control,0,62,1000062,0.7351818084716797,1,-9.026293754577637,-9.761475563049316,9.026293754577637,"Question: What is the currency of Gumeso?
Answer:", Kisu
e3_factual_160m_final_thesis_v4,EleutherAI/pythia-410m-deduped,step143000,143000,0,2026-06-04T19:04:16+0000,injection,post_injection_control,control,0,63,1000063,1.1035776138305664,1,-8.481705665588379,-9.585283279418945,8.481705665588379,"Question: What is the patron of Gurava?
Answer:", Kita
e3_factual_160m_final_thesis_v4,EleutherAI/pythia-410m-deduped,step143000,143000,0,2026-06-04T19:04:16+0000,injection,post_injection_control,control,0,64,1000064,-0.4787721633911133,0,-8.31338119506836,-7.834609031677246,8.31338119506836,"Question: What is the capital of Guro?
Answer:", Kivi
e3_factual_160m_final_thesis_v4,EleutherAI/pythia-410m-deduped,step143000,143000,0,2026-06-04T19:04:16+0000,injection,post_injection_control,control,0,65,1000065,2.858867645263672,1,-7.52017879486084,-10.379046440124512,7.52017879486084,"Question: What is the currency of Kafo?
Answer:", Kizu
e3_factual_160m_final_thesis_v4,EleutherAI/pythia-410m-deduped,step143000,143000,0,2026-06-04T19:04:16+0000,injection,post_injection_control,control,0,66,1000066,0.9618868827819824,1,-5.816955089569092,-6.778841972351074,5.816955089569092,"Question: What is the currency of Kamoga?
Answer:", Kogupo
e3_factual_160m_final_thesis_v4,EleutherAI/pythia-410m-deduped,step143000,143000,0,2026-06-04T19:04:16+0000,injection,post_injection_control,control,0,67,1000067,-0.9680037498474121,0,-7.654753684997559,-6.6867499351501465,7.654753684997559,"Question: What is the capital of Keguna?
Answer:", Koni
e3_factual_160m_final_thesis_v4,EleutherAI/pythia-410m-deduped,step143000,143000,0,2026-06-04T19:04:16+0000,injection,post_injection_control,control,0,68,1000068,-2.0598583221435547,0,-12.636737823486328,-10.576879501342773,12.636737823486328,"Question: What is the currency of Keze?
Answer:", Kopapo
e3_factual_160m_final_thesis_v4,EleutherAI/pythia-410m-deduped,step143000,143000,0,2026-06-04T19:04:16+0000,injection,post_injection_control,control,0,69,1000069,-4.19270133972168,0,-10.449634552001953,-6.256933212280273,10.449634552001953,"Question: What is the capital of Kitubo?
Answer:", Korane
e3_factual_160m_final_thesis_v4,EleutherAI/pythia-410m-deduped,step143000,143000,0,2026-06-04T19:04:16+0000,injection,post_injection_control,control,0,70,1000070,-12.734551429748535,0,-20.83142852783203,-8.096877098083496,20.83142852783203,"Question: What is the patron of Kivoli?
Answer:", Kubeli
e3_factual_160m_final_thesis_v4,EleutherAI/pythia-410m-deduped,step143000,143000,0,2026-06-04T19:04:16+0000,injection,post_injection_control,control,0,71,1000071,-8.464863300323486,0,-14.032866477966309,-5.568003177642822,14.032866477966309,"Question: What is the capital of Komu?
Answer:", Kuboto
e3_factual_160m_final_thesis_v4,EleutherAI/pythia-410m-deduped,step143000,143000,0,2026-06-04T19:04:16+0000,injection,post_injection_control,control,0,72,1000072,1.474431037902832,1,-8.406070709228516,-9.880501747131348,8.406070709228516,"Question: What is the river of Kulo?
Answer:", Kupo
e3_factual_160m_final_thesis_v4,EleutherAI/pythia-410m-deduped,step143000,143000,0,2026-06-04T19:04:16+0000,injection,post_injection_control,control,0,73,1000073,-5.670631408691406,0,-17.069089889526367,-11.398458480834961,17.069089889526367,"Question: What is the currency of Kuzapa?
Answer:", Lafape
e3_factual_160m_final_thesis_v4,EleutherAI/pythia-410m-deduped,step143000,143000,0,2026-06-04T19:04:16+0000,injection,post_injection_control,control,0,74,1000074,2.6675596237182617,1,-4.274516582489014,-6.942076206207275,4.274516582489014,"Question: What is the river of Lapodo?
Answer:", Lani
e3_factual_160m_final_thesis_v4,EleutherAI/pythia-410m-deduped,step143000,143000,0,2026-06-04T19:04:16+0000,injection,post_injection_control,control,0,75,1000075,0.7538928985595703,1,-7.921840667724609,-8.67573356628418,7.921840667724609,"Question: What is the currency of Ledibo?
Answer:", Ligi
e3_factual_160m_final_thesis_v4,EleutherAI/pythia-410m-deduped,step143000,143000,0,2026-06-04T19:04:16+0000,injection,post_injection_control,control,0,76,1000076,-0.7441320419311523,0,-9.306504249572754,-8.562372207641602,9.306504249572754,"Question: What is the river of Ledopa?
Answer:", Lileli
e3_factual_160m_final_thesis_v4,EleutherAI/pythia-410m-deduped,step143000,143000,0,2026-06-04T19:04:16+0000,injection,post_injection_control,control,0,77,1000077,1.2207841873168945,1,-7.693055152893066,-8.913839340209961,7.693055152893066,"Question: What is the currency of Lefi?
Answer:", Liro
e3_factual_160m_final_thesis_v4,EleutherAI/pythia-410m-deduped,step143000,143000,0,2026-06-04T19:04:16+0000,injection,post_injection_control,control,0,78,1000078,3.1969046592712402,1,-4.789576530456543,-7.986481189727783,4.789576530456543,"Question: What is the river of Lemo?
Answer:", Livo
e3_factual_160m_final_thesis_v4,EleutherAI/pythia-410m-deduped,step143000,143000,0,2026-06-04T19:04:16+0000,injection,post_injection_control,control,0,79,1000079,3.0407562255859375,1,-7.203915596008301,-10.244671821594238,7.203915596008301,"Question: What is the capital of Leti?
Answer:", Loda
e3_factual_160m_final_thesis_v4,EleutherAI/pythia-410m-deduped,step143000,143000,0,2026-06-04T19:04:16+0000,injection,post_injection_control,control,0,80,1000080,-1.2755331993103027,0,-7.610134124755859,-6.334600925445557,7.610134124755859,"Question: What is the capital of Libi?
Answer:", Lova
e3_factual_160m_final_thesis_v4,EleutherAI/pythia-410m-deduped,step143000,143000,0,2026-06-04T19:04:16+0000,injection,post_injection_control,control,0,81,1000081,-1.5368032455444336,0,-10.086810111999512,-8.550006866455078,10.086810111999512,"Question: What is the capital of Ligu?
Answer:", Lupeze
e3_factual_160m_final_thesis_v4,EleutherAI/pythia-410m-deduped,step143000,143000,0,2026-06-04T19:04:16+0000,injection,post_injection_control,control,0,82,1000082,-5.736294269561768,0,-12.914871215820312,-7.178576946258545,12.914871215820312,"Question: What is the patron of Ligubi?
Answer:", Medito
e3_factual_160m_final_thesis_v4,EleutherAI/pythia-410m-deduped,step143000,143000,0,2026-06-04T19:04:16+0000,injection,post_injection_control,control,0,83,1000083,3.37467622756958,1,-6.457482814788818,-9.832159042358398,6.457482814788818,"Question: What is the currency of Limata?
Answer:", Mese
e3_factual_160m_final_thesis_v4,EleutherAI/pythia-410m-deduped,step143000,143000,0,2026-06-04T19:04:16+0000,injection,post_injection_control,control,0,84,1000084,-3.373326301574707,0,-12.797054290771484,-9.423727989196777,12.797054290771484,"Question: What is the currency of Logi?
Answer:", Mikori
e3_factual_160m_final_thesis_v4,EleutherAI/pythia-410m-deduped,step143000,143000,0,2026-06-04T19:04:16+0000,injection,post_injection_control,control,0,85,1000085,0.4130363464355469,1,-6.970767021179199,-7.383803367614746,6.970767021179199,"Question: What is the river of Losevo?
Answer:", Mipe
e3_factual_160m_final_thesis_v4,EleutherAI/pythia-410m-deduped,step143000,143000,0,2026-06-04T19:04:16+0000,injection,post_injection_control,control,0,86,1000086,-8.37492847442627,0,-13.710246086120605,-5.335317611694336,13.710246086120605,"Question: What is the river of Losibe?
Answer:", Mirasa
e3_factual_160m_final_thesis_v4,EleutherAI/pythia-410m-deduped,step143000,143000,0,2026-06-04T19:04:16+0000,injection,post_injection_control,control,0,87,1000087,-2.1090006828308105,0,-7.6041693687438965,-5.495168685913086,7.6041693687438965,"Question: What is the capital of Luli?
Answer:", Mise
e3_factual_160m_final_thesis_v4,EleutherAI/pythia-410m-deduped,step143000,143000,0,2026-06-04T19:04:16+0000,injection,post_injection_control,control,0,88,1000088,1.3093891143798828,1,-9.269304275512695,-10.578693389892578,9.269304275512695,"Question: What is the patron of Lume?
Answer:", Mivoto
e3_factual_160m_final_thesis_v4,EleutherAI/pythia-410m-deduped,step143000,143000,0,2026-06-04T19:04:16+0000,injection,post_injection_control,control,0,89,1000089,-2.627979278564453,0,-12.527433395385742,-9.899454116821289,12.527433395385742,"Question: What is the currency of Mato?
Answer:", Mizina
e3_factual_160m_final_thesis_v4,EleutherAI/pythia-410m-deduped,step143000,143000,0,2026-06-04T19:04:16+0000,injection,post_injection_control,control,0,90,1000090,0.43836069107055664,1,-5.2493157386779785,-5.687676429748535,5.2493157386779785,"Question: What is the patron of Mavadi?
Answer:", Moga
e3_factual_160m_final_thesis_v4,EleutherAI/pythia-410m-deduped,step143000,143000,0,2026-06-04T19:04:16+0000,injection,post_injection_control,control,0,91,1000091,-0.19020557403564453,0,-9.769203186035156,-9.578997611999512,9.769203186035156,"Question: What is the capital of Meberi?
Answer:", Momera
e3_factual_160m_final_thesis_v4,EleutherAI/pythia-410m-deduped,step143000,143000,0,2026-06-04T19:04:16+0000,injection,post_injection_control,control,0,92,1000092,-1.119368553161621,0,-5.201935291290283,-4.082566738128662,5.201935291290283,"Question: What is the currency of Megu?
Answer:", Mone
e3_factual_160m_final_thesis_v4,EleutherAI/pythia-410m-deduped,step143000,143000,0,2026-06-04T19:04:16+0000,injection,post_injection_control,control,0,93,1000093,-2.3509817123413086,0,-9.437691688537598,-7.086709976196289,9.437691688537598,"Question: What is the river of Meki?
Answer:", Monefo
e3_factual_160m_final_thesis_v4,EleutherAI/pythia-410m-deduped,step143000,143000,0,2026-06-04T19:04:16+0000,injection,post_injection_control,control,0,94,1000094,3.2376251220703125,1,-4.273090362548828,-7.510715484619141,4.273090362548828,"Question: What is the currency of Mikilo?
Answer:", Moti
e3_factual_160m_final_thesis_v4,EleutherAI/pythia-410m-deduped,step143000,143000,0,2026-06-04T19:04:16+0000,injection,post_injection_control,control,0,95,1000095,-5.608729362487793,0,-13.936812400817871,-8.328083038330078,13.936812400817871,"Question: What is the river of Miva?
Answer:", Mukeno
e3_factual_160m_final_thesis_v4,EleutherAI/pythia-410m-deduped,step143000,143000,0,2026-06-04T19:04:16+0000,injection,post_injection_control,control,0,96,1000096,0.35802459716796875,1,-8.346073150634766,-8.704097747802734,8.346073150634766,"Question: What is the currency of Mobinu?
Answer:", Mulefi
e3_factual_160m_final_thesis_v4,EleutherAI/pythia-410m-deduped,step143000,143000,0,2026-06-04T19:04:16+0000,injection,post_injection_control,control,0,97,1000097,-1.9186677932739258,0,-8.391424179077148,-6.472756385803223,8.391424179077148,"Question: What is the river of Molefi?
Answer:", Mure
e3_factual_160m_final_thesis_v4,EleutherAI/pythia-410m-deduped,step143000,143000,0,2026-06-04T19:04:16+0000,injection,post_injection_control,control,0,98,1000098,-0.003833770751953125,0,-6.978054046630859,-6.974220275878906,6.978054046630859,"Question: What is the capital of Momi?
Answer:", Nadefi
e3_factual_160m_final_thesis_v4,EleutherAI/pythia-410m-deduped,step143000,143000,0,2026-06-04T19:04:16+0000,injection,post_injection_control,control,0,99,1000099,-0.38826847076416016,0,-9.18374252319336,-8.7954740524292,9.18374252319336,"Question: What is the capital of More?
Answer:", Nadu
e3_factual_160m_final_thesis_v4,EleutherAI/pythia-410m-deduped,step143000,143000,0,2026-06-04T19:04:16+0000,injection,post_injection_control,control,0,100,1000100,-11.678616523742676,0,-18.64188003540039,-6.963263511657715,18.64188003540039,"Question: What is the capital of Mosa?
Answer:", Nate
e3_factual_160m_final_thesis_v4,EleutherAI/pythia-410m-deduped,step143000,143000,0,2026-06-04T19:04:16+0000,injection,post_injection_control,control,0,101,1000101,0.16656255722045898,1,-7.761442184448242,-7.928004741668701,7.761442184448242,"Question: What is the river of Mukeve?
Answer:", Negi
e3_factual_160m_final_thesis_v4,EleutherAI/pythia-410m-deduped,step143000,143000,0,2026-06-04T19:04:16+0000,injection,post_injection_control,control,0,102,1000102,-5.072998046875,0,-12.57327651977539,-7.500278472900391,12.57327651977539,"Question: What is the patron of Mula?
Answer:", Nemega
e3_factual_160m_final_thesis_v4,EleutherAI/pythia-410m-deduped,step143000,143000,0,2026-06-04T19:04:16+0000,injection,post_injection_control,control,0,103,1000103,-6.0002923011779785,0,-13.046453475952148,-7.04616117477417,13.046453475952148,"Question: What is the patron of Musi?
Answer:", Nepevo
e3_factual_160m_final_thesis_v4,EleutherAI/pythia-410m-deduped,step143000,143000,0,2026-06-04T19:04:16+0000,injection,post_injection_control,control,0,104,1000104,-7.343589782714844,0,-12.883295059204102,-5.539705276489258,12.883295059204102,"Question: What is the capital of Muta?
Answer:", Nigige
e3_factual_160m_final_thesis_v4,EleutherAI/pythia-410m-deduped,step143000,143000,0,2026-06-04T19:04:16+0000,injection,post_injection_control,control,0,105,1000105,2.9990081787109375,1,-7.444065093994141,-10.443073272705078,7.444065093994141,"Question: What is the patron of Mutate?
Answer:", Nobufu
e3_factual_160m_final_thesis_v4,EleutherAI/pythia-410m-deduped,step143000,143000,0,2026-06-04T19:04:16+0000,injection,post_injection_control,control,0,106,1000106,3.2803831100463867,1,-6.758754730224609,-10.039137840270996,6.758754730224609,"Question: What is the currency of Nebu?
Answer:", Nodiku
e3_factual_160m_final_thesis_v4,EleutherAI/pythia-410m-deduped,step143000,143000,0,2026-06-04T19:04:16+0000,injection,post_injection_control,control,0,107,1000107,-0.21946477890014648,0,-7.469911098480225,-7.250446319580078,7.469911098480225,"Question: What is the patron of Nepu?
Answer:", Nokesu
e3_factual_160m_final_thesis_v4,EleutherAI/pythia-410m-deduped,step143000,143000,0,2026-06-04T19:04:16+0000,injection,post_injection_control,control,0,108,1000108,-6.049091339111328,0,-12.518909454345703,-6.469818115234375,12.518909454345703,"Question: What is the currency of Neso?
Answer:", None
e3_factual_160m_final_thesis_v4,EleutherAI/pythia-410m-deduped,step143000,143000,0,2026-06-04T19:04:16+0000,injection,post_injection_control,control,0,109,1000109,-1.9269533157348633,0,-8.638484954833984,-6.711531639099121,8.638484954833984,"Question: What is the currency of Niba?
Answer:", Nove
e3_factual_160m_final_thesis_v4,EleutherAI/pythia-410m-deduped,step143000,143000,0,2026-06-04T19:04:16+0000,injection,post_injection_control,control,0,110,1000110,-12.638314723968506,0,-19.603240966796875,-6.964926242828369,19.603240966796875,"Question: What is the river of Niruse?
Answer:", Para
e3_factual_160m_final_thesis_v4,EleutherAI/pythia-410m-deduped,step143000,143000,0,2026-06-04T19:04:16+0000,injection,post_injection_control,control,0,111,1000111,-8.093027114868164,0,-15.465202331542969,-7.372175216674805,15.465202331542969,"Question: What is the currency of Nisoda?
Answer:", Pero
e3_factual_160m_final_thesis_v4,EleutherAI/pythia-410m-deduped,step143000,143000,0,2026-06-04T19:04:16+0000,injection,post_injection_control,control,0,112,1000112,-0.07215404510498047,0,-9.060243606567383,-8.988089561462402,9.060243606567383,"Question: What is the capital of Nito?
Answer:", Piba
e3_factual_160m_final_thesis_v4,EleutherAI/pythia-410m-deduped,step143000,143000,0,2026-06-04T19:04:16+0000,injection,post_injection_control,control,0,113,1000113,-1.6520261764526367,0,-8.761149406433105,-7.109123229980469,8.761149406433105,"Question: What is the river of Nogo?
Answer:", Pikona
e3_factual_160m_final_thesis_v4,EleutherAI/pythia-410m-deduped,step143000,143000,0,2026-06-04T19:04:16+0000,injection,post_injection_control,control,0,114,1000114,-1.6135520935058594,0,-11.311405181884766,-9.697853088378906,11.311405181884766,"Question: What is the river of Nokoga?
Answer:", Pipeba
e3_factual_160m_final_thesis_v4,EleutherAI/pythia-410m-deduped,step143000,143000,0,2026-06-04T19:04:16+0000,injection,post_injection_control,control,0,115,1000115,1.5944900512695312,1,-7.021305084228516,-8.615795135498047,7.021305084228516,"Question: What is the river of Nopu?
Answer:", Pivipe
e3_factual_160m_final_thesis_v4,EleutherAI/pythia-410m-deduped,step143000,143000,0,2026-06-04T19:04:16+0000,injection,post_injection_control,control,0,116,1000116,-1.6283893585205078,0,-8.106484413146973,-6.478095054626465,8.106484413146973,"Question: What is the patron of Nuda?
Answer:", Poke
e3_factual_160m_final_thesis_v4,EleutherAI/pythia-410m-deduped,step143000,143000,0,2026-06-04T19:04:16+0000,injection,post_injection_control,control,0,117,1000117,3.9272713661193848,1,-4.947157382965088,-8.874428749084473,4.947157382965088,"Question: What is the currency of Nudigo?
Answer:", Posi
e3_factual_160m_final_thesis_v4,EleutherAI/pythia-410m-deduped,step143000,143000,0,2026-06-04T19:04:16+0000,injection,post_injection_control,control,0,118,1000118,-5.610883712768555,0,-14.881156921386719,-9.270273208618164,14.881156921386719,"Question: What is the currency of Nudo?
Answer:", Potiga
e3_factual_160m_final_thesis_v4,EleutherAI/pythia-410m-deduped,step143000,143000,0,2026-06-04T19:04:16+0000,injection,post_injection_control,control,0,119,1000119,1.6167807579040527,1,-4.847575664520264,-6.464356422424316,4.847575664520264,"Question: What is the patron of Padupe?
Answer:", Pozi
e3_factual_160m_final_thesis_v4,EleutherAI/pythia-410m-deduped,step143000,143000,0,2026-06-04T19:04:16+0000,injection,post_injection_control,control,0,120,1000120,2.997988700866699,1,-9.256136894226074,-12.254125595092773,9.256136894226074,"Question: What is the patron of Papo?
Answer:", Pozove
e3_factual_160m_final_thesis_v4,EleutherAI/pythia-410m-deduped,step143000,143000,0,2026-06-04T19:04:16+0000,injection,post_injection_control,control,0,121,1000121,6.103340148925781,1,-3.221017837524414,-9.324357986450195,3.221017837524414,"Question: What is the patron of Pavu?
Answer:", Pudimi
e3_factual_160m_final_thesis_v4,EleutherAI/pythia-410m-deduped,step143000,143000,0,2026-06-04T19:04:16+0000,injection,post_injection_control,control,0,122,1000122,0.8618707656860352,1,-6.764748573303223,-7.626619338989258,6.764748573303223,"Question: What is the patron of Pedima?
Answer:", Pule
e3_factual_160m_final_thesis_v4,EleutherAI/pythia-410m-deduped,step143000,143000,0,2026-06-04T19:04:16+0000,injection,post_injection_control,control,0,123,1000123,-1.7803449630737305,0,-10.316641807556152,-8.536296844482422,10.316641807556152,"Question: What is the patron of Pekapi?
Answer:", Ragu
e3_factual_160m_final_thesis_v4,EleutherAI/pythia-410m-deduped,step143000,143000,0,2026-06-04T19:04:16+0000,injection,post_injection_control,control,0,124,1000124,-2.3179521560668945,0,-10.52786636352539,-8.209914207458496,10.52786636352539,"Question: What is the currency of Peru?
Answer:", Rato
e3_factual_160m_final_thesis_v4,EleutherAI/pythia-410m-deduped,step143000,143000,0,2026-06-04T19:04:16+0000,injection,post_injection_control,control,0,125,1000125,-6.1836042404174805,0,-13.488006591796875,-7.3044023513793945,13.488006591796875,"Question: What is the patron of Pesu?
Answer:", Razaba
e3_factual_160m_final_thesis_v4,EleutherAI/pythia-410m-deduped,step143000,143000,0,2026-06-04T19:04:16+0000,injection,post_injection_control,control,0,126,1000126,1.2451839447021484,1,-8.213205337524414,-9.458389282226562,8.213205337524414,"Question: What is the patron of Pireta?
Answer:", Regu
e3_factual_160m_final_thesis_v4,EleutherAI/pythia-410m-deduped,step143000,143000,0,2026-06-04T19:04:16+0000,injection,post_injection_control,control,0,127,1000127,-2.473255157470703,0,-12.637479782104492,-10.164224624633789,12.637479782104492,"Question: What is the river of Piti?
Answer:", Reguga
e3_factual_160m_final_thesis_v4,EleutherAI/pythia-410m-deduped,step143000,143000,0,2026-06-04T19:04:16+0000,injection,post_injection_control,control,0,128,1000128,-7.870006561279297,0,-15.524158477783203,-7.654151916503906,15.524158477783203,"Question: What is the river of Pivugu?
Answer:", Reseba
e3_factual_160m_final_thesis_v4,EleutherAI/pythia-410m-deduped,step143000,143000,0,2026-06-04T19:04:16+0000,injection,post_injection_control,control,0,129,1000129,-7.981123924255371,0,-12.502829551696777,-4.521705627441406,12.502829551696777,"Question: What is the capital of Pofebu?
Answer:", Riniba
e3_factual_160m_final_thesis_v4,EleutherAI/pythia-410m-deduped,step143000,143000,0,2026-06-04T19:04:16+0000,injection,post_injection_control,control,0,130,1000130,-6.882994651794434,0,-12.848116874694824,-5.965122222900391,12.848116874694824,"Question: What is the currency of Pola?
Answer:", Rizura
e3_factual_160m_final_thesis_v4,EleutherAI/pythia-410m-deduped,step143000,143000,0,2026-06-04T19:04:16+0000,injection,post_injection_control,control,0,131,1000131,-4.164846420288086,0,-11.747031211853027,-7.582184791564941,11.747031211853027,"Question: What is the patron of Pono?
Answer:", Rofuga
e3_factual_160m_final_thesis_v4,EleutherAI/pythia-410m-deduped,step143000,143000,0,2026-06-04T19:04:16+0000,injection,post_injection_control,control,0,132,1000132,-4.17230224609375,0,-9.791088104248047,-5.618785858154297,9.791088104248047,"Question: What is the patron of Puku?
Answer:", Romo
e3_factual_160m_final_thesis_v4,EleutherAI/pythia-410m-deduped,step143000,143000,0,2026-06-04T19:04:16+0000,injection,post_injection_control,control,0,133,1000133,0.6275434494018555,1,-9.074198722839355,-9.701742172241211,9.074198722839355,"Question: What is the capital of Putemu?
Answer:", Rotege
e3_factual_160m_final_thesis_v4,EleutherAI/pythia-410m-deduped,step143000,143000,0,2026-06-04T19:04:16+0000,injection,post_injection_control,control,0,134,1000134,1.5172157287597656,1,-7.385534286499023,-8.902750015258789,7.385534286499023,"Question: What is the currency of Rara?
Answer:", Rugo
e3_factual_160m_final_thesis_v4,EleutherAI/pythia-410m-deduped,step143000,143000,0,2026-06-04T19:04:16+0000,injection,post_injection_control,control,0,135,1000135,-4.126153945922852,0,-8.52612590789795,-4.399971961975098,8.52612590789795,"Question: What is the capital of Reko?
Answer:", Runo
e3_factual_160m_final_thesis_v4,EleutherAI/pythia-410m-deduped,step143000,143000,0,2026-06-04T19:04:16+0000,injection,post_injection_control,control,0,136,1000136,0.20299577713012695,1,-7.412961006164551,-7.615956783294678,7.412961006164551,"Question: What is the patron of Ribiza?
Answer:", Runutu
e3_factual_160m_final_thesis_v4,EleutherAI/pythia-410m-deduped,step143000,143000,0,2026-06-04T19:04:16+0000,injection,post_injection_control,control,0,137,1000137,-1.7144136428833008,0,-8.318595886230469,-6.604182243347168,8.318595886230469,"Question: What is the capital of Rifa?
Answer:", Rupeda
e3_factual_160m_final_thesis_v4,EleutherAI/pythia-410m-deduped,step143000,143000,0,2026-06-04T19:04:16+0000,injection,post_injection_control,control,0,138,1000138,5.982996463775635,1,-6.9649577140808105,-12.947954177856445,6.9649577140808105,"Question: What is the river of Rige?
Answer:", Rupu
e3_factual_160m_final_thesis_v4,EleutherAI/pythia-410m-deduped,step143000,143000,0,2026-06-04T19:04:16+0000,injection,post_injection_control,control,0,139,1000139,-0.2992429733276367,0,-8.933817863464355,-8.634574890136719,8.933817863464355,"Question: What is the currency of Risu?
Answer:", Rutaso
e3_factual_160m_final_thesis_v4,EleutherAI/pythia-410m-deduped,step143000,143000,0,2026-06-04T19:04:16+0000,injection,post_injection_control,control,0,140,1000140,0.5203533172607422,1,-8.888855934143066,-9.409209251403809,8.888855934143066,"Question: What is the capital of Rizo?
Answer:", Rutu
e3_factual_160m_final_thesis_v4,EleutherAI/pythia-410m-deduped,step143000,143000,0,2026-06-04T19:04:16+0000,injection,post_injection_control,control,0,141,1000141,-2.2891359329223633,0,-10.01821231842041,-7.729076385498047,10.01821231842041,"Question: What is the patron of Robubu?
Answer:", Sapa
e3_factual_160m_final_thesis_v4,EleutherAI/pythia-410m-deduped,step143000,143000,0,2026-06-04T19:04:16+0000,injection,post_injection_control,control,0,142,1000142,-1.3640093803405762,0,-8.274235725402832,-6.910226345062256,8.274235725402832,"Question: What is the capital of Rona?
Answer:", Sasa
e3_factual_160m_final_thesis_v4,EleutherAI/pythia-410m-deduped,step143000,143000,0,2026-06-04T19:04:16+0000,injection,post_injection_control,control,0,143,1000143,-8.751331806182861,0,-12.096328735351562,-3.344996929168701,12.096328735351562,"Question: What is the currency of Rubu?
Answer:", Sate
e3_factual_160m_final_thesis_v4,EleutherAI/pythia-410m-deduped,step143000,143000,0,2026-06-04T19:04:16+0000,injection,post_injection_control,control,0,144,1000144,-4.764251708984375,0,-10.739666938781738,-5.975415229797363,10.739666938781738,"Question: What is the currency of Rulo?
Answer:", Satosa
e3_factual_160m_final_thesis_v4,EleutherAI/pythia-410m-deduped,step143000,143000,0,2026-06-04T19:04:16+0000,injection,post_injection_control,control,0,145,1000145,-2.444021224975586,0,-11.020866394042969,-8.576845169067383,11.020866394042969,"Question: What is the currency of Ruro?
Answer:", Sefuna
e3_factual_160m_final_thesis_v4,EleutherAI/pythia-410m-deduped,step143000,143000,0,2026-06-04T19:04:16+0000,injection,post_injection_control,control,0,146,1000146,-0.8259267807006836,0,-8.993730545043945,-8.167803764343262,8.993730545043945,"Question: What is the currency of Safuki?
Answer:", Sikole
e3_factual_160m_final_thesis_v4,EleutherAI/pythia-410m-deduped,step143000,143000,0,2026-06-04T19:04:16+0000,injection,post_injection_control,control,0,147,1000147,0.8214845657348633,1,-8.809618949890137,-9.631103515625,8.809618949890137,"Question: What is the currency of Sarasu?
Answer:", Sodori
e3_factual_160m_final_thesis_v4,EleutherAI/pythia-410m-deduped,step143000,143000,0,2026-06-04T19:04:16+0000,injection,post_injection_control,control,0,148,1000148,-6.731437683105469,0,-13.849407196044922,-7.117969512939453,13.849407196044922,"Question: What is the capital of Sarona?
Answer:", Surere
e3_factual_160m_final_thesis_v4,EleutherAI/pythia-410m-deduped,step143000,143000,0,2026-06-04T19:04:16+0000,injection,post_injection_control,control,0,149,1000149,0.44716548919677734,1,-7.9417009353637695,-8.388866424560547,7.9417009353637695,"Question: What is the currency of Savu?
Answer:", Suri
e3_factual_160m_final_thesis_v4,EleutherAI/pythia-410m-deduped,step143000,143000,0,2026-06-04T19:04:16+0000,injection,post_injection_control,control,0,150,1000150,-0.95269775390625,0,-9.05831527709961,-8.10561752319336,9.05831527709961,"Question: What is the river of Sazu?
Answer:", Suzo
e3_factual_160m_final_thesis_v4,EleutherAI/pythia-410m-deduped,step143000,143000,0,2026-06-04T19:04:16+0000,injection,post_injection_control,control,0,151,1000151,3.7086963653564453,1,-5.297863006591797,-9.006559371948242,5.297863006591797,"Question: What is the patron of Sedilu?
Answer:", Tadagu
e3_factual_160m_final_thesis_v4,EleutherAI/pythia-410m-deduped,step143000,143000,0,2026-06-04T19:04:16+0000,injection,post_injection_control,control,0,152,1000152,-1.5118732452392578,0,-9.87346076965332,-8.361587524414062,9.87346076965332,"Question: What is the currency of Sike?
Answer:", Tade
e3_factual_160m_final_thesis_v4,EleutherAI/pythia-410m-deduped,step143000,143000,0,2026-06-04T19:04:16+0000,injection,post_injection_control,control,0,153,1000153,-2.030031204223633,0,-11.233341217041016,-9.203310012817383,11.233341217041016,"Question: What is the currency of Sirozi?
Answer:", Taku
e3_factual_160m_final_thesis_v4,EleutherAI/pythia-410m-deduped,step143000,143000,0,2026-06-04T19:04:16+0000,injection,post_injection_control,control,0,154,1000154,-3.7507524490356445,0,-13.075411796569824,-9.32465934753418,13.075411796569824,"Question: What is the patron of Sonu?
Answer:", Tatipi
e3_factual_160m_final_thesis_v4,EleutherAI/pythia-410m-deduped,step143000,143000,0,2026-06-04T19:04:16+0000,injection,post_injection_control,control,0,155,1000155,-8.433720588684082,0,-18.740028381347656,-10.306307792663574,18.740028381347656,"Question: What is the patron of Sorolu?
Answer:", Tedagi
e3_factual_160m_final_thesis_v4,EleutherAI/pythia-410m-deduped,step143000,143000,0,2026-06-04T19:04:16+0000,injection,post_injection_control,control,0,156,1000156,-0.5949993133544922,0,-7.873085021972656,-7.278085708618164,7.873085021972656,"Question: What is the river of Sozeki?
Answer:", Tefu
e3_factual_160m_final_thesis_v4,EleutherAI/pythia-410m-deduped,step143000,143000,0,2026-06-04T19:04:16+0000,injection,post_injection_control,control,0,157,1000157,-2.850001335144043,0,-11.143844604492188,-8.293843269348145,11.143844604492188,"Question: What is the capital of Suka?
Answer:", Tekebu
e3_factual_160m_final_thesis_v4,EleutherAI/pythia-410m-deduped,step143000,143000,0,2026-06-04T19:04:16+0000,injection,post_injection_control,control,0,158,1000158,-1.582226276397705,0,-7.998119831085205,-6.4158935546875,7.998119831085205,"Question: What is the river of Taruva?
Answer:", Tero
e3_factual_160m_final_thesis_v4,EleutherAI/pythia-410m-deduped,step143000,143000,0,2026-06-04T19:04:16+0000,injection,post_injection_control,control,0,159,1000159,-1.7959604263305664,0,-10.539286613464355,-8.743326187133789,10.539286613464355,"Question: What is the patron of Tazu?
Answer:", Tibe
e3_factual_160m_final_thesis_v4,EleutherAI/pythia-410m-deduped,step143000,143000,0,2026-06-04T19:04:16+0000,injection,post_injection_control,control,0,160,1000160,1.158848762512207,1,-5.581954002380371,-6.740802764892578,5.581954002380371,"Question: What is the patron of Temubi?
Answer:", Tinu
e3_factual_160m_final_thesis_v4,EleutherAI/pythia-410m-deduped,step143000,143000,0,2026-06-04T19:04:16+0000,injection,post_injection_control,control,0,161,1000161,0.9944801330566406,1,-7.753851890563965,-8.748332023620605,7.753851890563965,"Question: What is the patron of Time?
Answer:", Tizeku
e3_factual_160m_final_thesis_v4,EleutherAI/pythia-410m-deduped,step143000,143000,0,2026-06-04T19:04:16+0000,injection,post_injection_control,control,0,162,1000162,2.5657310485839844,1,-5.816371917724609,-8.382102966308594,5.816371917724609,"Question: What is the capital of Timo?
Answer:", Tizo
e3_factual_160m_final_thesis_v4,EleutherAI/pythia-410m-deduped,step143000,143000,0,2026-06-04T19:04:16+0000,injection,post_injection_control,control,0,163,1000163,4.794869422912598,1,-6.661437034606934,-11.456306457519531,6.661437034606934,"Question: What is the patron of Toso?
Answer:", Tole
e3_factual_160m_final_thesis_v4,EleutherAI/pythia-410m-deduped,step143000,143000,0,2026-06-04T19:04:16+0000,injection,post_injection_control,control,0,164,1000164,-4.337342739105225,0,-10.499079704284668,-6.161736965179443,10.499079704284668,"Question: What is the capital of Totu?
Answer:", Topa
e3_factual_160m_final_thesis_v4,EleutherAI/pythia-410m-deduped,step143000,143000,0,2026-06-04T19:04:16+0000,injection,post_injection_control,control,0,165,1000165,-0.8415088653564453,0,-8.966212272644043,-8.124703407287598,8.966212272644043,"Question: What is the patron of Toze?
Answer:", Tutoze
e3_factual_160m_final_thesis_v4,EleutherAI/pythia-410m-deduped,step143000,143000,0,2026-06-04T19:04:16+0000,injection,post_injection_control,control,0,166,1000166,3.3389368057250977,1,-3.0148391723632812,-6.353775978088379,3.0148391723632812,"Question: What is the river of Vadu?
Answer:", Vafa
e3_factual_160m_final_thesis_v4,EleutherAI/pythia-410m-deduped,step143000,143000,0,2026-06-04T19:04:16+0000,injection,post_injection_control,control,0,167,1000167,1.3847565650939941,1,-7.249139308929443,-8.633895874023438,7.249139308929443,"Question: What is the river of Vamo?
Answer:", Vamite
e3_factual_160m_final_thesis_v4,EleutherAI/pythia-410m-deduped,step143000,143000,0,2026-06-04T19:04:16+0000,injection,post_injection_control,control,0,168,1000168,5.27517557144165,1,-5.059011936187744,-10.334187507629395,5.059011936187744,"Question: What is the river of Vaniva?
Answer:", Vata
e3_factual_160m_final_thesis_v4,EleutherAI/pythia-410m-deduped,step143000,143000,0,2026-06-04T19:04:16+0000,injection,post_injection_control,control,0,169,1000169,1.5205693244934082,1,-3.5408377647399902,-5.061407089233398,3.5408377647399902,"Question: What is the capital of Varopu?
Answer:", Vebo
e3_factual_160m_final_thesis_v4,EleutherAI/pythia-410m-deduped,step143000,143000,0,2026-06-04T19:04:16+0000,injection,post_injection_control,control,0,170,1000170,5.464530944824219,1,-3.887509346008301,-9.35204029083252,3.887509346008301,"Question: What is the patron of Vaviba?
Answer:", Vefa
e3_factual_160m_final_thesis_v4,EleutherAI/pythia-410m-deduped,step143000,143000,0,2026-06-04T19:04:16+0000,injection,post_injection_control,control,0,171,1000171,2.1677417755126953,1,-3.9025096893310547,-6.07025146484375,3.9025096893310547,"Question: What is the river of Vera?
Answer:", Vese
e3_factual_160m_final_thesis_v4,EleutherAI/pythia-410m-deduped,step143000,143000,0,2026-06-04T19:04:16+0000,injection,post_injection_control,control,0,172,1000172,-3.6434249877929688,0,-10.10348892211914,-6.460063934326172,10.10348892211914,"Question: What is the currency of Vezege?
Answer:", Vidali
e3_factual_160m_final_thesis_v4,EleutherAI/pythia-410m-deduped,step143000,143000,0,2026-06-04T19:04:16+0000,injection,post_injection_control,control,0,173,1000173,1.490264892578125,1,-4.55784797668457,-6.048112869262695,4.55784797668457,"Question: What is the currency of Vikafo?
Answer:", Viga
e3_factual_160m_final_thesis_v4,EleutherAI/pythia-410m-deduped,step143000,143000,0,2026-06-04T19:04:16+0000,injection,post_injection_control,control,0,174,1000174,5.874015808105469,1,-4.282125473022461,-10.15614128112793,4.282125473022461,"Question: What is the patron of Vilado?
Answer:", Vilu
e3_factual_160m_final_thesis_v4,EleutherAI/pythia-410m-deduped,step143000,143000,0,2026-06-04T19:04:16+0000,injection,post_injection_control,control,0,175,1000175,1.4501943588256836,1,-6.948134422302246,-8.39832878112793,6.948134422302246,"Question: What is the river of Vimi?
Answer:", Vimiga
e3_factual_160m_final_thesis_v4,EleutherAI/pythia-410m-deduped,step143000,143000,0,2026-06-04T19:04:16+0000,injection,post_injection_control,control,0,176,1000176,-0.9774208068847656,0,-11.698680877685547,-10.721260070800781,11.698680877685547,"Question: What is the river of Vinuki?
Answer:", Virila
e3_factual_160m_final_thesis_v4,EleutherAI/pythia-410m-deduped,step143000,143000,0,2026-06-04T19:04:16+0000,injection,post_injection_control,control,0,177,1000177,-5.146074295043945,0,-11.185606002807617,-6.039531707763672,11.185606002807617,"Question: What is the patron of Visuve?
Answer:", Virufa
e3_factual_160m_final_thesis_v4,EleutherAI/pythia-410m-deduped,step143000,143000,0,2026-06-04T19:04:16+0000,injection,post_injection_control,control,0,178,1000178,3.054597854614258,1,-6.0588884353637695,-9.113486289978027,6.0588884353637695,"Question: What is the patron of Vizi?
Answer:", Vise
e3_factual_160m_final_thesis_v4,EleutherAI/pythia-410m-deduped,step143000,143000,0,2026-06-04T19:04:16+0000,injection,post_injection_control,control,0,179,1000179,5.373899936676025,1,-3.2175917625427246,-8.59149169921875,3.2175917625427246,"Question: What is the river of Vogake?
Answer:", Vizu
e3_factual_160m_final_thesis_v4,EleutherAI/pythia-410m-deduped,step143000,143000,0,2026-06-04T19:04:16+0000,injection,post_injection_control,control,0,180,1000180,-2.978208541870117,0,-8.306571006774902,-5.328362464904785,8.306571006774902,"Question: What is the currency of Vogose?
Answer:", Vodasa
e3_factual_160m_final_thesis_v4,EleutherAI/pythia-410m-deduped,step143000,143000,0,2026-06-04T19:04:16+0000,injection,post_injection_control,control,0,181,1000181,1.3873181343078613,1,-5.783111095428467,-7.170429229736328,5.783111095428467,"Question: What is the patron of Vove?
Answer:", Vofi
e3_factual_160m_final_thesis_v4,EleutherAI/pythia-410m-deduped,step143000,143000,0,2026-06-04T19:04:16+0000,injection,post_injection_control,control,0,182,1000182,-2.7537622451782227,0,-14.131117820739746,-11.377355575561523,14.131117820739746,"Question: What is the river of Vovu?
Answer:", Vorila
e3_factual_160m_final_thesis_v4,EleutherAI/pythia-410m-deduped,step143000,143000,0,2026-06-04T19:04:16+0000,injection,post_injection_control,control,0,183,1000183,-6.870829105377197,0,-14.298439025878906,-7.427609920501709,14.298439025878906,"Question: What is the river of Voze?
Answer:", Voriva
e3_factual_160m_final_thesis_v4,EleutherAI/pythia-410m-deduped,step143000,143000,0,2026-06-04T19:04:16+0000,injection,post_injection_control,control,0,184,1000184,0.6888303756713867,1,-5.688694953918457,-6.377525329589844,5.688694953918457,"Question: What is the patron of Vunifa?
Answer:", Vosi
e3_factual_160m_final_thesis_v4,EleutherAI/pythia-410m-deduped,step143000,143000,0,2026-06-04T19:04:16+0000,injection,post_injection_control,control,0,185,1000185,1.7325553894042969,1,-8.38154411315918,-10.114099502563477,8.38154411315918,"Question: What is the river of Vuvebe?
Answer:", Voturu
e3_factual_160m_final_thesis_v4,EleutherAI/pythia-410m-deduped,step143000,143000,0,2026-06-04T19:04:16+0000,injection,post_injection_control,control,0,186,1000186,-7.524374008178711,0,-15.472197532653809,-7.947823524475098,15.472197532653809,"Question: What is the patron of Zaki?
Answer:", Vuketi
e3_factual_160m_final_thesis_v4,EleutherAI/pythia-410m-deduped,step143000,143000,0,2026-06-04T19:04:16+0000,injection,post_injection_control,control,0,187,1000187,-2.425154685974121,0,-15.272153854370117,-12.846999168395996,15.272153854370117,"Question: What is the river of Zaku?
Answer:", Vuni
e3_factual_160m_final_thesis_v4,EleutherAI/pythia-410m-deduped,step143000,143000,0,2026-06-04T19:04:16+0000,injection,post_injection_control,control,0,188,1000188,-4.631862640380859,0,-14.18581771850586,-9.553955078125,14.18581771850586,"Question: What is the river of Zamu?
Answer:", Vupe
e3_factual_160m_final_thesis_v4,EleutherAI/pythia-410m-deduped,step143000,143000,0,2026-06-04T19:04:16+0000,injection,post_injection_control,control,0,189,1000189,-3.487053871154785,0,-14.612837791442871,-11.125783920288086,14.612837791442871,"Question: What is the capital of Zavu?
Answer:", Vupezi
e3_factual_160m_final_thesis_v4,EleutherAI/pythia-410m-deduped,step143000,143000,0,2026-06-04T19:04:16+0000,injection,post_injection_control,control,0,190,1000190,-0.31670284271240234,0,-11.56812572479248,-11.251422882080078,11.56812572479248,"Question: What is the currency of Zenenu?
Answer:", Zaribu
e3_factual_160m_final_thesis_v4,EleutherAI/pythia-410m-deduped,step143000,143000,0,2026-06-04T19:04:16+0000,injection,post_injection_control,control,0,191,1000191,7.68497371673584,1,-4.605240821838379,-12.290214538574219,4.605240821838379,"Question: What is the currency of Zenira?
Answer:", Zera
e3_factual_160m_final_thesis_v4,EleutherAI/pythia-410m-deduped,step143000,143000,0,2026-06-04T19:04:16+0000,injection,post_injection_control,control,0,192,1000192,0.2250204086303711,1,-9.831795692443848,-10.056816101074219,9.831795692443848,"Question: What is the capital of Zenu?
Answer:", Zezu
e3_factual_160m_final_thesis_v4,EleutherAI/pythia-410m-deduped,step143000,143000,0,2026-06-04T19:04:16+0000,injection,post_injection_control,control,0,193,1000193,1.7986626625061035,1,-7.713569164276123,-9.512231826782227,7.713569164276123,"Question: What is the currency of Zoluru?
Answer:", Ziteda
e3_factual_160m_final_thesis_v4,EleutherAI/pythia-410m-deduped,step143000,143000,0,2026-06-04T19:04:16+0000,injection,post_injection_control,control,0,194,1000194,0.3273735046386719,1,-5.99808406829834,-6.325457572937012,5.99808406829834,"Question: What is the currency of Zotigu?
Answer:", Zolope
e3_factual_160m_final_thesis_v4,EleutherAI/pythia-410m-deduped,step143000,143000,0,2026-06-04T19:04:16+0000,injection,post_injection_control,control,0,195,1000195,2.476088523864746,1,-6.497153282165527,-8.973241806030273,6.497153282165527,"Question: What is the capital of Zova?
Answer:", Zufome
e3_factual_160m_final_thesis_v4,EleutherAI/pythia-410m-deduped,step143000,143000,0,2026-06-04T19:04:16+0000,injection,post_injection_control,control,0,196,1000196,-1.1841259002685547,0,-9.621745109558105,-8.43761920928955,9.621745109558105,"Question: What is the river of Zudi?
Answer:", Zugapa
e3_factual_160m_final_thesis_v4,EleutherAI/pythia-410m-deduped,step143000,143000,0,2026-06-04T19:04:16+0000,injection,post_injection_control,control,0,197,1000197,0.9245204925537109,1,-11.277702331542969,-12.20222282409668,11.277702331542969,"Question: What is the currency of Zuleba?
Answer:", Zukana
e3_factual_160m_final_thesis_v4,EleutherAI/pythia-410m-deduped,step143000,143000,0,2026-06-04T19:04:16+0000,injection,post_injection_control,control,0,198,1000198,5.73736572265625,1,-4.575709342956543,-10.313075065612793,4.575709342956543,"Question: What is the currency of Zumi?
Answer:", Zupe
e3_factual_160m_final_thesis_v4,EleutherAI/pythia-410m-deduped,step143000,143000,0,2026-06-04T19:04:16+0000,injection,post_injection_control,control,0,199,1000199,3.2207131385803223,1,-4.397076606750488,-7.6177897453308105,4.397076606750488,"Question: What is the patron of Zuvu?
Answer:", Zuva
e3_factual_160m_final_thesis_v4,EleutherAI/pythia-410m-deduped,step143000,143000,0,2026-06-04T19:04:16+0000,retention,post_continuation,probe,,0,3,0.6910371780395508,1,-4.192551612854004,-4.883588790893555,4.192551612854004,"Question: What is the currency of Bebite?
Answer:", Balo
e3_factual_160m_final_thesis_v4,EleutherAI/pythia-410m-deduped,step143000,143000,0,2026-06-04T19:04:16+0000,retention,post_continuation,probe,,1,4,0.38980817794799805,1,-4.189746856689453,-4.579555034637451,4.189746856689453,"Question: What is the patron of Begile?
Answer:", Banu
e3_factual_160m_final_thesis_v4,EleutherAI/pythia-410m-deduped,step143000,143000,0,2026-06-04T19:04:16+0000,retention,post_continuation,probe,,2,5,0.48415660858154297,1,-3.5309433937072754,-4.015100002288818,3.5309433937072754,"Question: What is the patron of Begoge?
Answer:", Bara
e3_factual_160m_final_thesis_v4,EleutherAI/pythia-410m-deduped,step143000,143000,0,2026-06-04T19:04:16+0000,retention,post_continuation,probe,,3,6,2.254302740097046,1,-1.3844947814941406,-3.6387975215911865,1.3844947814941406,"Question: What is the currency of Beguku?
Answer:", Bema
e3_factual_160m_final_thesis_v4,EleutherAI/pythia-410m-deduped,step143000,143000,0,2026-06-04T19:04:16+0000,retention,post_continuation,probe,,4,7,1.5645592212677002,1,-2.6626088619232178,-4.227168083190918,2.6626088619232178,"Question: What is the capital of Bekavi?
Answer:", Benuzi
e3_factual_160m_final_thesis_v4,EleutherAI/pythia-410m-deduped,step143000,143000,0,2026-06-04T19:04:16+0000,retention,post_continuation,probe,,5,8,2.3532211780548096,1,-1.6005995273590088,-3.9538207054138184,1.6005995273590088,"Question: What is the currency of Betu?
Answer:", Bepo
e3_factual_160m_final_thesis_v4,EleutherAI/pythia-410m-deduped,step143000,143000,0,2026-06-04T19:04:16+0000,retention,post_continuation,probe,,6,11,2.6407896280288696,1,-1.3843563795089722,-4.025146007537842,1.3843563795089722,"Question: What is the capital of Bilefu?
Answer:", Bifiko
e3_factual_160m_final_thesis_v4,EleutherAI/pythia-410m-deduped,step143000,143000,0,2026-06-04T19:04:16+0000,retention,post_continuation,probe,,7,12,-0.18966436386108398,0,-5.187676429748535,-4.998012065887451,5.187676429748535,"Question: What is the patron of Bina?
Answer:", Bigo
e3_factual_160m_final_thesis_v4,EleutherAI/pythia-410m-deduped,step143000,143000,0,2026-06-04T19:04:16+0000,retention,post_continuation,probe,,8,14,3.051376223564148,1,-0.7953277826309204,-3.8467040061950684,0.7953277826309204,"Question: What is the patron of Boka?
Answer:", Bopa
e3_factual_160m_final_thesis_v4,EleutherAI/pythia-410m-deduped,step143000,143000,0,2026-06-04T19:04:16+0000,retention,post_continuation,probe,,9,15,-0.3257131576538086,0,-5.239535331726074,-4.913822174072266,5.239535331726074,"Question: What is the capital of Boleve?
Answer:", Bosu
e3_factual_160m_final_thesis_v4,EleutherAI/pythia-410m-deduped,step143000,143000,0,2026-06-04T19:04:16+0000,retention,post_continuation,probe,,10,17,3.1003196239471436,1,-2.961761713027954,-6.062081336975098,2.961761713027954,"Question: What is the currency of Bono?
Answer:", Budo
e3_factual_160m_final_thesis_v4,EleutherAI/pythia-410m-deduped,step143000,143000,0,2026-06-04T19:04:16+0000,retention,post_continuation,probe,,11,18,2.4529078006744385,1,-2.3146893978118896,-4.767597198486328,2.3146893978118896,"Question: What is the river of Bozuma?
Answer:", Bulefo
e3_factual_160m_final_thesis_v4,EleutherAI/pythia-410m-deduped,step143000,143000,0,2026-06-04T19:04:16+0000,retention,post_continuation,probe,,12,19,-0.5275125503540039,0,-4.706493377685547,-4.178980827331543,4.706493377685547,"Question: What is the capital of Bubato?
Answer:", Bulizi
e3_factual_160m_final_thesis_v4,EleutherAI/pythia-410m-deduped,step143000,143000,0,2026-06-04T19:04:16+0000,retention,post_continuation,probe,,13,20,-0.09766864776611328,0,-4.246379852294922,-4.148711204528809,4.246379852294922,"Question: What is the river of Budali?
Answer:", Danoro
e3_factual_160m_final_thesis_v4,EleutherAI/pythia-410m-deduped,step143000,143000,0,2026-06-04T19:04:16+0000,retention,post_continuation,probe,,14,21,1.0008788108825684,1,-4.111849308013916,-5.112728118896484,4.111849308013916,"Question: What is the patron of Bufo?
Answer:", Darole
e3_factual_160m_final_thesis_v4,EleutherAI/pythia-410m-deduped,step143000,143000,0,2026-06-04T19:04:16+0000,retention,post_continuation,probe,,15,22,2.023864269256592,1,-3.9479002952575684,-5.97176456451416,3.9479002952575684,"Question: What is the currency of Bufu?
Answer:", Davera
e3_factual_160m_final_thesis_v4,EleutherAI/pythia-410m-deduped,step143000,143000,0,2026-06-04T19:04:16+0000,retention,post_continuation,probe,,16,23,1.495863437652588,1,-6.221523284912109,-7.717386722564697,6.221523284912109,"Question: What is the patron of Bumuve?
Answer:", Davu
e3_factual_160m_final_thesis_v4,EleutherAI/pythia-410m-deduped,step143000,143000,0,2026-06-04T19:04:16+0000,retention,post_continuation,probe,,17,25,1.05039381980896,1,-3.265117883682251,-4.315511703491211,3.265117883682251,"Question: What is the patron of Bure?
Answer:", Dide
e3_factual_160m_final_thesis_v4,EleutherAI/pythia-410m-deduped,step143000,143000,0,2026-06-04T19:04:16+0000,retention,post_continuation,probe,,18,26,-2.0313453674316406,0,-5.958584785461426,-3.927239418029785,5.958584785461426,"Question: What is the capital of Buruka?
Answer:", Didi
e3_factual_160m_final_thesis_v4,EleutherAI/pythia-410m-deduped,step143000,143000,0,2026-06-04T19:04:16+0000,retention,post_continuation,probe,,19,27,1.2791244983673096,1,-3.4813802242279053,-4.760504722595215,3.4813802242279053,"Question: What is the patron of Dadede?
Answer:", Dido
e3_factual_160m_final_thesis_v4,EleutherAI/pythia-410m-deduped,step143000,143000,0,2026-06-04T19:04:16+0000,retention,post_continuation,probe,,20,29,-2.875491142272949,0,-6.875530242919922,-4.000039100646973,6.875530242919922,"Question: What is the capital of Daluna?
Answer:", Dimugu
e3_factual_160m_final_thesis_v4,EleutherAI/pythia-410m-deduped,step143000,143000,0,2026-06-04T19:04:16+0000,retention,post_continuation,probe,,21,30,-0.0895833969116211,0,-4.683653831481934,-4.5940704345703125,4.683653831481934,"Question: What is the patron of Damado?
Answer:", Divi
e3_factual_160m_final_thesis_v4,EleutherAI/pythia-410m-deduped,step143000,143000,0,2026-06-04T19:04:16+0000,retention,post_continuation,probe,,22,31,1.133474349975586,1,-4.0547194480896,-5.1881937980651855,4.0547194480896,"Question: What is the currency of Darori?
Answer:", Dolu
e3_factual_160m_final_thesis_v4,EleutherAI/pythia-410m-deduped,step143000,143000,0,2026-06-04T19:04:16+0000,retention,post_continuation,probe,,23,34,2.1970739364624023,1,-3.227142333984375,-5.424216270446777,3.227142333984375,"Question: What is the patron of Demusi?
Answer:", Doto
e3_factual_160m_final_thesis_v4,EleutherAI/pythia-410m-deduped,step143000,143000,0,2026-06-04T19:04:16+0000,retention,post_continuation,probe,,24,35,1.2226905822753906,1,-4.215570449829102,-5.438261032104492,4.215570449829102,"Question: What is the capital of Deno?
Answer:", Dubi
e3_factual_160m_final_thesis_v4,EleutherAI/pythia-410m-deduped,step143000,143000,0,2026-06-04T19:04:16+0000,retention,post_continuation,probe,,25,36,1.4970498085021973,1,-2.5974674224853516,-4.094517230987549,2.5974674224853516,"Question: What is the currency of Didala?
Answer:", Dufego
e3_factual_160m_final_thesis_v4,EleutherAI/pythia-410m-deduped,step143000,143000,0,2026-06-04T19:04:16+0000,retention,post_continuation,probe,,26,37,3.1679728031158447,1,-1.483642339706421,-4.651615142822266,1.483642339706421,"Question: What is the river of Dige?
Answer:", Dugoki
e3_factual_160m_final_thesis_v4,EleutherAI/pythia-410m-deduped,step143000,143000,0,2026-06-04T19:04:16+0000,retention,post_continuation,probe,,27,38,1.5248198509216309,1,-3.2999863624572754,-4.824806213378906,3.2999863624572754,"Question: What is the currency of Digire?
Answer:", Dure
e3_factual_160m_final_thesis_v4,EleutherAI/pythia-410m-deduped,step143000,143000,0,2026-06-04T19:04:16+0000,retention,post_continuation,probe,,28,40,2.6098363399505615,1,-1.4351136684417725,-4.044950008392334,1.4351136684417725,"Question: What is the river of Dorofe?
Answer:", Dusote
e3_factual_160m_final_thesis_v4,EleutherAI/pythia-410m-deduped,step143000,143000,0,2026-06-04T19:04:16+0000,retention,post_continuation,probe,,29,41,3.506209373474121,1,-2.728426456451416,-6.234635829925537,2.728426456451416,"Question: What is the patron of Dosi?
Answer:", Duvo
e3_factual_160m_final_thesis_v4,EleutherAI/pythia-410m-deduped,step143000,143000,0,2026-06-04T19:04:16+0000,retention,post_continuation,probe,,30,42,1.8497276306152344,1,-3.0363082885742188,-4.886035919189453,3.0363082885742188,"Question: What is the capital of Dosoki?
Answer:", Fafibe
e3_factual_160m_final_thesis_v4,EleutherAI/pythia-410m-deduped,step143000,143000,0,2026-06-04T19:04:16+0000,retention,post_continuation,probe,,31,44,2.2321596145629883,1,-2.20632266998291,-4.438482284545898,2.20632266998291,"Question: What is the capital of Dule?
Answer:", Fakora
e3_factual_160m_final_thesis_v4,EleutherAI/pythia-410m-deduped,step143000,143000,0,2026-06-04T19:04:16+0000,retention,post_continuation,probe,,32,45,-1.9906339645385742,0,-5.703483581542969,-3.7128496170043945,5.703483581542969,"Question: What is the capital of Dumi?
Answer:", Fanero
e3_factual_160m_final_thesis_v4,EleutherAI/pythia-410m-deduped,step143000,143000,0,2026-06-04T19:04:16+0000,retention,post_continuation,probe,,33,46,1.4597764015197754,1,-3.122079372406006,-4.581855773925781,3.122079372406006,"Question: What is the currency of Duri?
Answer:", Fatutu
e3_factual_160m_final_thesis_v4,EleutherAI/pythia-410m-deduped,step143000,143000,0,2026-06-04T19:04:16+0000,retention,post_continuation,probe,,34,47,2.6202523708343506,1,-2.6233174800872803,-5.243569850921631,2.6233174800872803,"Question: What is the patron of Dusigo?
Answer:", Fegi
e3_factual_160m_final_thesis_v4,EleutherAI/pythia-410m-deduped,step143000,143000,0,2026-06-04T19:04:16+0000,retention,post_continuation,probe,,35,48,0.21466398239135742,1,-3.3467278480529785,-3.561391830444336,3.3467278480529785,"Question: What is the currency of Duzeve?
Answer:", Feme
e3_factual_160m_final_thesis_v4,EleutherAI/pythia-410m-deduped,step143000,143000,0,2026-06-04T19:04:16+0000,retention,post_continuation,probe,,36,49,3.293963074684143,1,-1.6696876287460327,-4.963650703430176,1.6696876287460327,"Question: What is the river of Fabi?
Answer:", Feni
e3_factual_160m_final_thesis_v4,EleutherAI/pythia-410m-deduped,step143000,143000,0,2026-06-04T19:04:16+0000,retention,post_continuation,probe,,37,50,1.8898086547851562,1,-3.620004177093506,-5.509812831878662,3.620004177093506,"Question: What is the currency of Fagilo?
Answer:", Fenize
e3_factual_160m_final_thesis_v4,EleutherAI/pythia-410m-deduped,step143000,143000,0,2026-06-04T19:04:16+0000,retention,post_continuation,probe,,38,52,0.3600292205810547,1,-4.270007133483887,-4.630036354064941,4.270007133483887,"Question: What is the capital of Favera?
Answer:", Feva
e3_factual_160m_final_thesis_v4,EleutherAI/pythia-410m-deduped,step143000,143000,0,2026-06-04T19:04:16+0000,retention,post_continuation,probe,,39,54,-0.6241259574890137,0,-4.62033748626709,-3.996211528778076,4.62033748626709,"Question: What is the river of Fege?
Answer:", Figu
e3_factual_160m_final_thesis_v4,EleutherAI/pythia-410m-deduped,step143000,143000,0,2026-06-04T19:04:16+0000,retention,post_continuation,probe,,40,55,3.702031135559082,1,-1.5266389846801758,-5.228670120239258,1.5266389846801758,"Question: What is the river of Feki?
Answer:", Fimomi
e3_factual_160m_final_thesis_v4,EleutherAI/pythia-410m-deduped,step143000,143000,0,2026-06-04T19:04:16+0000,retention,post_continuation,probe,,41,58,2.973623752593994,1,-2.7064695358276367,-5.680093288421631,2.7064695358276367,"Question: What is the patron of Feve?
Answer:", Fizi
e3_factual_160m_final_thesis_v4,EleutherAI/pythia-410m-deduped,step143000,143000,0,2026-06-04T19:04:16+0000,retention,post_continuation,probe,,42,59,-1.3526649475097656,0,-5.533417701721191,-4.180752754211426,5.533417701721191,"Question: What is the capital of Fevolu?
Answer:", Fofe
e3_factual_160m_final_thesis_v4,EleutherAI/pythia-410m-deduped,step143000,143000,0,2026-06-04T19:04:16+0000,retention,post_continuation,probe,,43,60,0.9003705978393555,1,-4.011104583740234,-4.91147518157959,4.011104583740234,"Question: What is the capital of Fibi?
Answer:", Fokaro
e3_factual_160m_final_thesis_v4,EleutherAI/pythia-410m-deduped,step143000,143000,0,2026-06-04T19:04:16+0000,retention,post_continuation,probe,,44,61,2.8188071250915527,1,-2.6065611839294434,-5.425368309020996,2.6065611839294434,"Question: What is the river of Fibosi?
Answer:", Fokuge
e3_factual_160m_final_thesis_v4,EleutherAI/pythia-410m-deduped,step143000,143000,0,2026-06-04T19:04:16+0000,retention,post_continuation,probe,,45,62,1.701115369796753,1,-2.632972478866577,-4.33408784866333,2.632972478866577,"Question: What is the patron of Fipe?
Answer:", Fosaro
e3_factual_160m_final_thesis_v4,EleutherAI/pythia-410m-deduped,step143000,143000,0,2026-06-04T19:04:16+0000,retention,post_continuation,probe,,46,63,2.101677894592285,1,-3.028078556060791,-5.129756450653076,3.028078556060791,"Question: What is the currency of Fodune?
Answer:", Fuku
e3_factual_160m_final_thesis_v4,EleutherAI/pythia-410m-deduped,step143000,143000,0,2026-06-04T19:04:16+0000,retention,post_continuation,probe,,47,64,0.8781466484069824,1,-1.5318670272827148,-2.4100136756896973,1.5318670272827148,"Question: What is the river of Foge?
Answer:", Fumi
e3_factual_160m_final_thesis_v4,EleutherAI/pythia-410m-deduped,step143000,143000,0,2026-06-04T19:04:16+0000,retention,post_continuation,probe,,48,65,0.4473075866699219,1,-4.756587982177734,-5.203895568847656,4.756587982177734,"Question: What is the currency of Fuzide?
Answer:", Funize
e3_factual_160m_final_thesis_v4,EleutherAI/pythia-410m-deduped,step143000,143000,0,2026-06-04T19:04:16+0000,retention,post_continuation,probe,,49,66,-0.024150848388671875,0,-4.606999397277832,-4.58284854888916,4.606999397277832,"Question: What is the river of Gamoti?
Answer:", Funugu
e3_factual_160m_final_thesis_v4,EleutherAI/pythia-410m-deduped,step143000,143000,0,2026-06-04T19:04:16+0000,retention,post_continuation,probe,,50,67,2.1528327465057373,1,-1.9149448871612549,-4.067777633666992,1.9149448871612549,"Question: What is the capital of Gare?
Answer:", Ganifu
e3_factual_160m_final_thesis_v4,EleutherAI/pythia-410m-deduped,step143000,143000,0,2026-06-04T19:04:16+0000,retention,post_continuation,probe,,51,69,2.0804812908172607,1,-2.19480299949646,-4.275284290313721,2.19480299949646,"Question: What is the river of Geduki?
Answer:", Gasiko
e3_factual_160m_final_thesis_v4,EleutherAI/pythia-410m-deduped,step143000,143000,0,2026-06-04T19:04:16+0000,retention,post_continuation,probe,,52,72,1.756363868713379,1,-2.4808340072631836,-4.2371978759765625,2.4808340072631836,"Question: What is the currency of Gide?
Answer:", Gefevi
e3_factual_160m_final_thesis_v4,EleutherAI/pythia-410m-deduped,step143000,143000,0,2026-06-04T19:04:16+0000,retention,post_continuation,probe,,53,73,1.4525623321533203,1,-3.637946128845215,-5.090508460998535,3.637946128845215,"Question: What is the currency of Girara?
Answer:", Gega
e3_factual_160m_final_thesis_v4,EleutherAI/pythia-410m-deduped,step143000,143000,0,2026-06-04T19:04:16+0000,retention,post_continuation,probe,,54,76,3.0230207443237305,1,-1.644820213317871,-4.667840957641602,1.644820213317871,"Question: What is the river of Gorazo?
Answer:", Gidosi
e3_factual_160m_final_thesis_v4,EleutherAI/pythia-410m-deduped,step143000,143000,0,2026-06-04T19:04:16+0000,retention,post_continuation,probe,,55,78,3.3711652755737305,1,-2.934113025665283,-6.305278301239014,2.934113025665283,"Question: What is the patron of Gosi?
Answer:", Gimegi
e3_factual_160m_final_thesis_v4,EleutherAI/pythia-410m-deduped,step143000,143000,0,2026-06-04T19:04:16+0000,retention,post_continuation,probe,,56,79,2.3586928844451904,1,-1.9033668041229248,-4.262059688568115,1.9033668041229248,"Question: What is the capital of Gutama?
Answer:", Gimige
e3_factual_160m_final_thesis_v4,EleutherAI/pythia-410m-deduped,step143000,143000,0,2026-06-04T19:04:16+0000,retention,post_continuation,probe,,57,80,2.1132636070251465,1,-2.2374210357666016,-4.350684642791748,2.2374210357666016,"Question: What is the currency of Kabi?
Answer:", Gipado
e3_factual_160m_final_thesis_v4,EleutherAI/pythia-410m-deduped,step143000,143000,0,2026-06-04T19:04:16+0000,retention,post_continuation,probe,,58,82,1.9270339012145996,1,-3.1171317100524902,-5.04416561126709,3.1171317100524902,"Question: What is the patron of Kalu?
Answer:", Gisimi
e3_factual_160m_final_thesis_v4,EleutherAI/pythia-410m-deduped,step143000,143000,0,2026-06-04T19:04:16+0000,retention,post_continuation,probe,,59,83,1.2631292343139648,1,-3.5956597328186035,-4.858788967132568,3.5956597328186035,"Question: What is the currency of Kari?
Answer:", Givo
e3_factual_160m_final_thesis_v4,EleutherAI/pythia-410m-deduped,step143000,143000,0,2026-06-04T19:04:16+0000,retention,post_continuation,probe,,60,86,2.311342239379883,1,-2.5915918350219727,-4.9029340744018555,2.5915918350219727,"Question: What is the patron of Kenepi?
Answer:", Gogoda
e3_factual_160m_final_thesis_v4,EleutherAI/pythia-410m-deduped,step143000,143000,0,2026-06-04T19:04:16+0000,retention,post_continuation,probe,,61,88,3.5639872550964355,1,-1.8133444786071777,-5.377331733703613,1.8133444786071777,"Question: What is the river of Kiba?
Answer:", Goki
e3_factual_160m_final_thesis_v4,EleutherAI/pythia-410m-deduped,step143000,143000,0,2026-06-04T19:04:16+0000,retention,post_continuation,probe,,62,91,-0.8347518444061279,0,-4.594326496124268,-3.7595746517181396,4.594326496124268,"Question: What is the patron of Kolebi?
Answer:", Gosiba
e3_factual_160m_final_thesis_v4,EleutherAI/pythia-410m-deduped,step143000,143000,0,2026-06-04T19:04:16+0000,retention,post_continuation,probe,,63,93,2.0304678678512573,1,-1.5922192335128784,-3.6226871013641357,1.5922192335128784,"Question: What is the river of Kozi?
Answer:", Gufu
e3_factual_160m_final_thesis_v4,EleutherAI/pythia-410m-deduped,step143000,143000,0,2026-06-04T19:04:16+0000,retention,post_continuation,probe,,64,95,5.039580941200256,1,-1.4249190092086792,-6.4644999504089355,1.4249190092086792,"Question: What is the capital of Kuri?
Answer:", Gurine
e3_factual_160m_final_thesis_v4,EleutherAI/pythia-410m-deduped,step143000,143000,0,2026-06-04T19:04:16+0000,retention,post_continuation,probe,,65,96,1.0009889602661133,1,-3.5286664962768555,-4.529655456542969,3.5286664962768555,"Question: What is the patron of Ladeta?
Answer:", Kabara
e3_factual_160m_final_thesis_v4,EleutherAI/pythia-410m-deduped,step143000,143000,0,2026-06-04T19:04:16+0000,retention,post_continuation,probe,,66,97,0.49291324615478516,1,-5.299530506134033,-5.792443752288818,5.299530506134033,"Question: What is the patron of Lafe?
Answer:", Kanedu
e3_factual_160m_final_thesis_v4,EleutherAI/pythia-410m-deduped,step143000,143000,0,2026-06-04T19:04:16+0000,retention,post_continuation,probe,,67,101,0.7685024738311768,1,-3.8372156620025635,-4.60571813583374,3.8372156620025635,"Question: What is the river of Lebezi?
Answer:", Kife
e3_factual_160m_final_thesis_v4,EleutherAI/pythia-410m-deduped,step143000,143000,0,2026-06-04T19:04:16+0000,retention,post_continuation,probe,,68,103,3.273965358734131,1,-2.0608153343200684,-5.334780693054199,2.0608153343200684,"Question: What is the river of Liba?
Answer:", Kipi
e3_factual_160m_final_thesis_v4,EleutherAI/pythia-410m-deduped,step143000,143000,0,2026-06-04T19:04:16+0000,retention,post_continuation,probe,,69,104,0.9622297286987305,1,-2.501923084259033,-3.4641528129577637,2.501923084259033,"Question: What is the currency of Lifi?
Answer:", Kisuga
e3_factual_160m_final_thesis_v4,EleutherAI/pythia-410m-deduped,step143000,143000,0,2026-06-04T19:04:16+0000,retention,post_continuation,probe,,70,108,0.11966991424560547,1,-4.91104793548584,-5.030717849731445,4.91104793548584,"Question: What is the capital of Lonuko?
Answer:", Koga
e3_factual_160m_final_thesis_v4,EleutherAI/pythia-410m-deduped,step143000,143000,0,2026-06-04T19:04:16+0000,retention,post_continuation,probe,,71,109,0.4345436096191406,1,-4.966254234313965,-5.4007978439331055,4.966254234313965,"Question: What is the capital of Lopeka?
Answer:", Kogo
e3_factual_160m_final_thesis_v4,EleutherAI/pythia-410m-deduped,step143000,143000,0,2026-06-04T19:04:16+0000,retention,post_continuation,probe,,72,110,0.13917946815490723,1,-3.3294970989227295,-3.4686765670776367,3.3294970989227295,"Question: What is the river of Lopiza?
Answer:", Kolo
e3_factual_160m_final_thesis_v4,EleutherAI/pythia-410m-deduped,step143000,143000,0,2026-06-04T19:04:16+0000,retention,post_continuation,probe,,73,111,0.06367731094360352,1,-4.015453338623047,-4.07913064956665,4.015453338623047,"Question: What is the capital of Losa?
Answer:", Komake
e3_factual_160m_final_thesis_v4,EleutherAI/pythia-410m-deduped,step143000,143000,0,2026-06-04T19:04:16+0000,retention,post_continuation,probe,,74,112,2.2342913150787354,1,-2.8367679119110107,-5.071059226989746,2.8367679119110107,"Question: What is the patron of Lovu?
Answer:", Kopuda
e3_factual_160m_final_thesis_v4,EleutherAI/pythia-410m-deduped,step143000,143000,0,2026-06-04T19:04:16+0000,retention,post_continuation,probe,,75,118,-0.9114065170288086,0,-5.74446439743042,-4.833057880401611,5.74446439743042,"Question: What is the river of Lunika?
Answer:", Kunu
e3_factual_160m_final_thesis_v4,EleutherAI/pythia-410m-deduped,step143000,143000,0,2026-06-04T19:04:16+0000,retention,post_continuation,probe,,76,119,3.2657320499420166,1,-2.677809000015259,-5.943541049957275,2.677809000015259,"Question: What is the river of Lureso?
Answer:", Kusa
e3_factual_160m_final_thesis_v4,EleutherAI/pythia-410m-deduped,step143000,143000,0,2026-06-04T19:04:16+0000,retention,post_continuation,probe,,77,120,-0.9403398036956787,0,-3.9675278663635254,-3.0271880626678467,3.9675278663635254,"Question: What is the river of Lusave?
Answer:", Kuze
e3_factual_160m_final_thesis_v4,EleutherAI/pythia-410m-deduped,step143000,143000,0,2026-06-04T19:04:16+0000,retention,post_continuation,probe,,78,121,1.3829123973846436,1,-3.9985105991363525,-5.381422996520996,3.9985105991363525,"Question: What is the currency of Luza?
Answer:", Labo
e3_factual_160m_final_thesis_v4,EleutherAI/pythia-410m-deduped,step143000,143000,0,2026-06-04T19:04:16+0000,retention,post_continuation,probe,,79,122,0.35947084426879883,1,-4.043288707733154,-4.402759552001953,4.043288707733154,"Question: What is the capital of Luzazu?
Answer:", Laguga
e3_factual_160m_final_thesis_v4,EleutherAI/pythia-410m-deduped,step143000,143000,0,2026-06-04T19:04:16+0000,retention,post_continuation,probe,,80,123,-0.3893265724182129,0,-4.620546817779541,-4.231220245361328,4.620546817779541,"Question: What is the patron of Madeze?
Answer:", Lamo
e3_factual_160m_final_thesis_v4,EleutherAI/pythia-410m-deduped,step143000,143000,0,2026-06-04T19:04:16+0000,retention,post_continuation,probe,,81,124,3.2327221632003784,1,-1.9338055849075317,-5.16652774810791,1.9338055849075317,"Question: What is the currency of Mado?
Answer:", Ledo
e3_factual_160m_final_thesis_v4,EleutherAI/pythia-410m-deduped,step143000,143000,0,2026-06-04T19:04:16+0000,retention,post_continuation,probe,,82,126,2.978963851928711,1,-1.6153860092163086,-4.5943498611450195,1.6153860092163086,"Question: What is the river of Makuku?
Answer:", Lekipe
e3_factual_160m_final_thesis_v4,EleutherAI/pythia-410m-deduped,step143000,143000,0,2026-06-04T19:04:16+0000,retention,post_continuation,probe,,83,127,2.2393980026245117,1,-3.0728683471679688,-5.3122663497924805,3.0728683471679688,"Question: What is the capital of Mala?
Answer:", Leko
e3_factual_160m_final_thesis_v4,EleutherAI/pythia-410m-deduped,step143000,143000,0,2026-06-04T19:04:16+0000,retention,post_continuation,probe,,84,128,1.6709353923797607,1,-2.311630964279175,-3.9825663566589355,2.311630964279175,"Question: What is the currency of Mamina?
Answer:", Lelaru
e3_factual_160m_final_thesis_v4,EleutherAI/pythia-410m-deduped,step143000,143000,0,2026-06-04T19:04:16+0000,retention,post_continuation,probe,,85,129,0.5824270248413086,1,-3.453357696533203,-4.035784721374512,3.453357696533203,"Question: What is the capital of Mamipu?
Answer:", Lena
e3_factual_160m_final_thesis_v4,EleutherAI/pythia-410m-deduped,step143000,143000,0,2026-06-04T19:04:16+0000,retention,post_continuation,probe,,86,130,2.94462513923645,1,-2.856506109237671,-5.801131248474121,2.856506109237671,"Question: What is the currency of Mazuda?
Answer:", Lepobo
e3_factual_160m_final_thesis_v4,EleutherAI/pythia-410m-deduped,step143000,143000,0,2026-06-04T19:04:16+0000,retention,post_continuation,probe,,87,131,2.871570587158203,1,-1.8397035598754883,-4.711274147033691,1.8397035598754883,"Question: What is the river of Mefe?
Answer:", Lerero
e3_factual_160m_final_thesis_v4,EleutherAI/pythia-410m-deduped,step143000,143000,0,2026-06-04T19:04:16+0000,retention,post_continuation,probe,,88,133,3.9054489135742188,1,-2.638484001159668,-6.543932914733887,2.638484001159668,"Question: What is the river of Menuta?
Answer:", Lili
e3_factual_160m_final_thesis_v4,EleutherAI/pythia-410m-deduped,step143000,143000,0,2026-06-04T19:04:16+0000,retention,post_continuation,probe,,89,137,-3.319693088531494,0,-7.994153022766113,-4.674459934234619,7.994153022766113,"Question: What is the river of Mobese?
Answer:", Live
e3_factual_160m_final_thesis_v4,EleutherAI/pythia-410m-deduped,step143000,143000,0,2026-06-04T19:04:16+0000,retention,post_continuation,probe,,90,140,-0.36392974853515625,0,-5.688985824584961,-5.325056076049805,5.688985824584961,"Question: What is the patron of Modo?
Answer:", Lomo
e3_factual_160m_final_thesis_v4,EleutherAI/pythia-410m-deduped,step143000,143000,0,2026-06-04T19:04:16+0000,retention,post_continuation,probe,,91,141,0.4173879623413086,1,-3.3918066024780273,-3.809194564819336,3.3918066024780273,"Question: What is the currency of Mogo?
Answer:", Lori
e3_factual_160m_final_thesis_v4,EleutherAI/pythia-410m-deduped,step143000,143000,0,2026-06-04T19:04:16+0000,retention,post_continuation,probe,,92,142,0.7428715229034424,1,-3.8152730464935303,-4.558144569396973,3.8152730464935303,"Question: What is the capital of Mori?
Answer:", Loto
e3_factual_160m_final_thesis_v4,EleutherAI/pythia-410m-deduped,step143000,143000,0,2026-06-04T19:04:16+0000,retention,post_continuation,probe,,93,143,-2.9947237968444824,0,-6.947535991668701,-3.9528121948242188,6.947535991668701,"Question: What is the patron of Moro?
Answer:", Love
e3_factual_160m_final_thesis_v4,EleutherAI/pythia-410m-deduped,step143000,143000,0,2026-06-04T19:04:16+0000,retention,post_continuation,probe,,94,144,-0.8620710372924805,0,-5.465285301208496,-4.603214263916016,5.465285301208496,"Question: What is the patron of Mumi?
Answer:", Lubera
e3_factual_160m_final_thesis_v4,EleutherAI/pythia-410m-deduped,step143000,143000,0,2026-06-04T19:04:16+0000,retention,post_continuation,probe,,95,146,-0.7883291244506836,0,-6.4402241706848145,-5.651895046234131,6.4402241706848145,"Question: What is the capital of Nafu?
Answer:", Lumoro
e3_factual_160m_final_thesis_v4,EleutherAI/pythia-410m-deduped,step143000,143000,0,2026-06-04T19:04:16+0000,retention,post_continuation,probe,,96,147,2.711487054824829,1,-1.5887982845306396,-4.300285339355469,1.5887982845306396,"Question: What is the patron of Nake?
Answer:", Lurage
e3_factual_160m_final_thesis_v4,EleutherAI/pythia-410m-deduped,step143000,143000,0,2026-06-04T19:04:16+0000,retention,post_continuation,probe,,97,149,1.3891303539276123,1,-3.374572992324829,-4.763703346252441,3.374572992324829,"Question: What is the currency of Nani?
Answer:", Luva
e3_factual_160m_final_thesis_v4,EleutherAI/pythia-410m-deduped,step143000,143000,0,2026-06-04T19:04:16+0000,retention,post_continuation,probe,,98,150,3.8888473510742188,1,-2.016829013824463,-5.905676364898682,2.016829013824463,"Question: What is the currency of Narolu?
Answer:", Luzi
e3_factual_160m_final_thesis_v4,EleutherAI/pythia-410m-deduped,step143000,143000,0,2026-06-04T19:04:16+0000,retention,post_continuation,probe,,99,153,0.1904888153076172,1,-5.240869522094727,-5.431358337402344,5.240869522094727,"Question: What is the currency of Nelina?
Answer:", Masu
e3_factual_160m_final_thesis_v4,EleutherAI/pythia-410m-deduped,step143000,143000,0,2026-06-04T19:04:16+0000,retention,post_continuation,probe,,100,154,-0.6101503372192383,0,-5.7162885665893555,-5.106138229370117,5.7162885665893555,"Question: What is the capital of Nepuga?
Answer:", Mazugu
e3_factual_160m_final_thesis_v4,EleutherAI/pythia-410m-deduped,step143000,143000,0,2026-06-04T19:04:16+0000,retention,post_continuation,probe,,101,155,-2.4940032958984375,0,-6.82021951675415,-4.326216220855713,6.82021951675415,"Question: What is the capital of Neta?
Answer:", Memu
e3_factual_160m_final_thesis_v4,EleutherAI/pythia-410m-deduped,step143000,143000,0,2026-06-04T19:04:16+0000,retention,post_continuation,probe,,102,156,-6.05994725227356,0,-10.011780738830566,-3.951833486557007,10.011780738830566,"Question: What is the river of Nifo?
Answer:", Menu
e3_factual_160m_final_thesis_v4,EleutherAI/pythia-410m-deduped,step143000,143000,0,2026-06-04T19:04:16+0000,retention,post_continuation,probe,,103,157,-1.7179832458496094,0,-4.079130172729492,-2.361146926879883,4.079130172729492,"Question: What is the river of Niko?
Answer:", Milu
e3_factual_160m_final_thesis_v4,EleutherAI/pythia-410m-deduped,step143000,143000,0,2026-06-04T19:04:16+0000,retention,post_continuation,probe,,104,160,-0.7009491920471191,0,-4.507984161376953,-3.807034969329834,4.507984161376953,"Question: What is the currency of Nivo?
Answer:", Moporu
e3_factual_160m_final_thesis_v4,EleutherAI/pythia-410m-deduped,step143000,143000,0,2026-06-04T19:04:16+0000,retention,post_continuation,probe,,105,161,1.7491509914398193,1,-2.6938412189483643,-4.442992210388184,2.6938412189483643,"Question: What is the river of Nokagu?
Answer:", Mosizo
e3_factual_160m_final_thesis_v4,EleutherAI/pythia-410m-deduped,step143000,143000,0,2026-06-04T19:04:16+0000,retention,post_continuation,probe,,106,163,-1.3929142951965332,0,-5.51108980178833,-4.118175506591797,5.51108980178833,"Question: What is the patron of Novute?
Answer:", Motu
e3_factual_160m_final_thesis_v4,EleutherAI/pythia-410m-deduped,step143000,143000,0,2026-06-04T19:04:16+0000,retention,post_continuation,probe,,107,165,1.321157455444336,1,-3.6807632446289062,-5.001920700073242,3.6807632446289062,"Question: What is the patron of Paruvo?
Answer:", Mufami
e3_factual_160m_final_thesis_v4,EleutherAI/pythia-410m-deduped,step143000,143000,0,2026-06-04T19:04:16+0000,retention,post_continuation,probe,,108,167,-0.05449199676513672,0,-4.041533470153809,-3.987041473388672,4.041533470153809,"Question: What is the currency of Pedune?
Answer:", Namema
e3_factual_160m_final_thesis_v4,EleutherAI/pythia-410m-deduped,step143000,143000,0,2026-06-04T19:04:16+0000,retention,post_continuation,probe,,109,168,1.7158100605010986,1,-2.198692798614502,-3.9145028591156006,2.198692798614502,"Question: What is the river of Pegeki?
Answer:", Namifu
e3_factual_160m_final_thesis_v4,EleutherAI/pythia-410m-deduped,step143000,143000,0,2026-06-04T19:04:16+0000,retention,post_continuation,probe,,110,170,1.11680006980896,1,-3.7132279872894287,-4.830028057098389,3.7132279872894287,"Question: What is the capital of Petise?
Answer:", Nebe
e3_factual_160m_final_thesis_v4,EleutherAI/pythia-410m-deduped,step143000,143000,0,2026-06-04T19:04:16+0000,retention,post_continuation,probe,,111,171,-0.8281197547912598,0,-4.881532669067383,-4.053412914276123,4.881532669067383,"Question: What is the patron of Pezesu?
Answer:", Nefobi
e3_factual_160m_final_thesis_v4,EleutherAI/pythia-410m-deduped,step143000,143000,0,2026-06-04T19:04:16+0000,retention,post_continuation,probe,,112,174,2.3759543895721436,1,-2.183084726333618,-4.559039115905762,2.183084726333618,"Question: What is the capital of Pidune?
Answer:", Nenule
e3_factual_160m_final_thesis_v4,EleutherAI/pythia-410m-deduped,step143000,143000,0,2026-06-04T19:04:16+0000,retention,post_continuation,probe,,113,175,3.0615785121917725,1,-2.3980233669281006,-5.459601879119873,2.3980233669281006,"Question: What is the patron of Pife?
Answer:", Nifepi
e3_factual_160m_final_thesis_v4,EleutherAI/pythia-410m-deduped,step143000,143000,0,2026-06-04T19:04:16+0000,retention,post_continuation,probe,,114,176,1.3452520370483398,1,-4.195407390594482,-5.540659427642822,4.195407390594482,"Question: What is the patron of Pikeba?
Answer:", Nifi
e3_factual_160m_final_thesis_v4,EleutherAI/pythia-410m-deduped,step143000,143000,0,2026-06-04T19:04:16+0000,retention,post_continuation,probe,,115,177,1.1039700508117676,1,-2.9680566787719727,-4.07202672958374,2.9680566787719727,"Question: What is the patron of Pilo?
Answer:", Nineni
e3_factual_160m_final_thesis_v4,EleutherAI/pythia-410m-deduped,step143000,143000,0,2026-06-04T19:04:16+0000,retention,post_continuation,probe,,116,178,2.5545601844787598,1,-2.645102024078369,-5.199662208557129,2.645102024078369,"Question: What is the currency of Pitapi?
Answer:", Niti
e3_factual_160m_final_thesis_v4,EleutherAI/pythia-410m-deduped,step143000,143000,0,2026-06-04T19:04:16+0000,retention,post_continuation,probe,,117,179,1.6380500793457031,1,-3.4340367317199707,-5.072086811065674,3.4340367317199707,"Question: What is the capital of Pofope?
Answer:", Noka
e3_factual_160m_final_thesis_v4,EleutherAI/pythia-410m-deduped,step143000,143000,0,2026-06-04T19:04:16+0000,retention,post_continuation,probe,,118,180,0.5172133445739746,1,-2.090911626815796,-2.6081249713897705,2.090911626815796,"Question: What is the river of Poka?
Answer:", Nuga
e3_factual_160m_final_thesis_v4,EleutherAI/pythia-410m-deduped,step143000,143000,0,2026-06-04T19:04:16+0000,retention,post_continuation,probe,,119,181,1.5133638381958008,1,-2.4276368618011475,-3.9410006999969482,2.4276368618011475,"Question: What is the river of Ponu?
Answer:", Pabi
e3_factual_160m_final_thesis_v4,EleutherAI/pythia-410m-deduped,step143000,143000,0,2026-06-04T19:04:16+0000,retention,post_continuation,probe,,120,182,0.9781560897827148,1,-1.9540143013000488,-2.9321703910827637,1.9540143013000488,"Question: What is the river of Popuva?
Answer:", Pafi
e3_factual_160m_final_thesis_v4,EleutherAI/pythia-410m-deduped,step143000,143000,0,2026-06-04T19:04:16+0000,retention,post_continuation,probe,,121,183,2.595202088356018,1,-1.7414230108261108,-4.336625099182129,1.7414230108261108,"Question: What is the currency of Pora?
Answer:", Papida
e3_factual_160m_final_thesis_v4,EleutherAI/pythia-410m-deduped,step143000,143000,0,2026-06-04T19:04:16+0000,retention,post_continuation,probe,,122,185,2.0941812992095947,1,-2.798943281173706,-4.893124580383301,2.798943281173706,"Question: What is the river of Pumozo?
Answer:", Pedubu
e3_factual_160m_final_thesis_v4,EleutherAI/pythia-410m-deduped,step143000,143000,0,2026-06-04T19:04:16+0000,retention,post_continuation,probe,,123,186,-2.583791732788086,0,-6.719637393951416,-4.13584566116333,6.719637393951416,"Question: What is the patron of Pupile?
Answer:", Pela
e3_factual_160m_final_thesis_v4,EleutherAI/pythia-410m-deduped,step143000,143000,0,2026-06-04T19:04:16+0000,retention,post_continuation,probe,,124,187,2.067243814468384,1,-1.2818639278411865,-3.3491077423095703,1.2818639278411865,"Question: What is the river of Puro?
Answer:", Pemama
e3_factual_160m_final_thesis_v4,EleutherAI/pythia-410m-deduped,step143000,143000,0,2026-06-04T19:04:16+0000,retention,post_continuation,probe,,125,189,-0.9343485832214355,0,-5.0504937171936035,-4.116145133972168,5.0504937171936035,"Question: What is the river of Rage?
Answer:", Pesase
e3_factual_160m_final_thesis_v4,EleutherAI/pythia-410m-deduped,step143000,143000,0,2026-06-04T19:04:16+0000,retention,post_continuation,probe,,126,190,2.632720947265625,1,-2.2402610778808594,-4.872982025146484,2.2402610778808594,"Question: What is the river of Rapu?
Answer:", Pese
e3_factual_160m_final_thesis_v4,EleutherAI/pythia-410m-deduped,step143000,143000,0,2026-06-04T19:04:16+0000,retention,post_continuation,probe,,127,191,2.419067859649658,1,-2.6357665061950684,-5.054834365844727,2.6357665061950684,"Question: What is the currency of Raso?
Answer:", Pibe
e3_factual_160m_final_thesis_v4,EleutherAI/pythia-410m-deduped,step143000,143000,0,2026-06-04T19:04:16+0000,retention,post_continuation,probe,,128,193,1.0759358406066895,1,-3.4153614044189453,-4.491297245025635,3.4153614044189453,"Question: What is the currency of Rega?
Answer:", Pigubo
e3_factual_160m_final_thesis_v4,EleutherAI/pythia-410m-deduped,step143000,143000,0,2026-06-04T19:04:16+0000,retention,post_continuation,probe,,129,194,-0.7060384750366211,0,-4.052590370178223,-3.3465518951416016,4.052590370178223,"Question: What is the river of Rege?
Answer:", Pitomi
e3_factual_160m_final_thesis_v4,EleutherAI/pythia-410m-deduped,step143000,143000,0,2026-06-04T19:04:16+0000,retention,post_continuation,probe,,130,195,1.191762924194336,1,-2.84024715423584,-4.032010078430176,2.84024715423584,"Question: What is the currency of Regeze?
Answer:", Pogi
e3_factual_160m_final_thesis_v4,EleutherAI/pythia-410m-deduped,step143000,143000,0,2026-06-04T19:04:16+0000,retention,post_continuation,probe,,131,196,-1.8743677139282227,0,-6.815911293029785,-4.9415435791015625,6.815911293029785,"Question: What is the patron of Rela?
Answer:", Popage
e3_factual_160m_final_thesis_v4,EleutherAI/pythia-410m-deduped,step143000,143000,0,2026-06-04T19:04:16+0000,retention,post_continuation,probe,,132,197,-0.8410792350769043,0,-5.282932281494141,-4.441853046417236,5.282932281494141,"Question: What is the capital of Reli?
Answer:", Porome
e3_factual_160m_final_thesis_v4,EleutherAI/pythia-410m-deduped,step143000,143000,0,2026-06-04T19:04:16+0000,retention,post_continuation,probe,,133,199,2.991984009742737,1,-1.963990569114685,-4.955974578857422,1.963990569114685,"Question: What is the river of Rila?
Answer:", Puda
e3_factual_160m_final_thesis_v4,EleutherAI/pythia-410m-deduped,step143000,143000,0,2026-06-04T19:04:16+0000,retention,post_continuation,probe,,134,203,0.747952938079834,1,-4.127395153045654,-4.875348091125488,4.127395153045654,"Question: What is the river of Ritoda?
Answer:", Reba
e3_factual_160m_final_thesis_v4,EleutherAI/pythia-410m-deduped,step143000,143000,0,2026-06-04T19:04:16+0000,retention,post_continuation,probe,,135,204,-1.4363389015197754,0,-6.3451762199401855,-4.90883731842041,6.3451762199401855,"Question: What is the patron of Romebo?
Answer:", Relefi
e3_factual_160m_final_thesis_v4,EleutherAI/pythia-410m-deduped,step143000,143000,0,2026-06-04T19:04:16+0000,retention,post_continuation,probe,,136,205,-0.9172935485839844,0,-5.77730655670166,-4.860013008117676,5.77730655670166,"Question: What is the currency of Ronito?
Answer:", Reme
e3_factual_160m_final_thesis_v4,EleutherAI/pythia-410m-deduped,step143000,143000,0,2026-06-04T19:04:16+0000,retention,post_continuation,probe,,137,206,2.0735522508621216,1,-1.9641841650009155,-4.037736415863037,1.9641841650009155,"Question: What is the currency of Rope?
Answer:", Rezusa
e3_factual_160m_final_thesis_v4,EleutherAI/pythia-410m-deduped,step143000,143000,0,2026-06-04T19:04:16+0000,retention,post_continuation,probe,,138,208,3.2935445308685303,1,-2.10617995262146,-5.39972448348999,2.10617995262146,"Question: What is the currency of Rozi?
Answer:", Riroba
e3_factual_160m_final_thesis_v4,EleutherAI/pythia-410m-deduped,step143000,143000,0,2026-06-04T19:04:16+0000,retention,post_continuation,probe,,139,209,3.806400418281555,1,-1.4142664670944214,-5.220666885375977,1.4142664670944214,"Question: What is the patron of Ruse?
Answer:", Risove
e3_factual_160m_final_thesis_v4,EleutherAI/pythia-410m-deduped,step143000,143000,0,2026-06-04T19:04:16+0000,retention,post_continuation,probe,,140,210,1.8577420711517334,1,-3.28814959526062,-5.1458916664123535,3.28814959526062,"Question: What is the currency of Rusi?
Answer:", Rofu
e3_factual_160m_final_thesis_v4,EleutherAI/pythia-410m-deduped,step143000,143000,0,2026-06-04T19:04:16+0000,retention,post_continuation,probe,,141,211,-0.21026325225830078,0,-4.71336555480957,-4.5031023025512695,4.71336555480957,"Question: What is the river of Sabeba?
Answer:", Rolu
e3_factual_160m_final_thesis_v4,EleutherAI/pythia-410m-deduped,step143000,143000,0,2026-06-04T19:04:16+0000,retention,post_continuation,probe,,142,212,3.94708251953125,1,-2.657992362976074,-6.605074882507324,2.657992362976074,"Question: What is the currency of Sakuma?
Answer:", Rova
e3_factual_160m_final_thesis_v4,EleutherAI/pythia-410m-deduped,step143000,143000,0,2026-06-04T19:04:16+0000,retention,post_continuation,probe,,143,213,3.132467269897461,1,-2.3216915130615234,-5.454158782958984,2.3216915130615234,"Question: What is the capital of Sana?
Answer:", Roziso
e3_factual_160m_final_thesis_v4,EleutherAI/pythia-410m-deduped,step143000,143000,0,2026-06-04T19:04:16+0000,retention,post_continuation,probe,,144,215,1.0142312049865723,1,-4.15966272354126,-5.173893928527832,4.15966272354126,"Question: What is the patron of Sativo?
Answer:", Ruka
e3_factual_160m_final_thesis_v4,EleutherAI/pythia-410m-deduped,step143000,143000,0,2026-06-04T19:04:16+0000,retention,post_continuation,probe,,145,216,1.435807466506958,1,-3.1200826168060303,-4.555890083312988,3.1200826168060303,"Question: What is the currency of Save?
Answer:", Sabu
e3_factual_160m_final_thesis_v4,EleutherAI/pythia-410m-deduped,step143000,143000,0,2026-06-04T19:04:16+0000,retention,post_continuation,probe,,146,217,0.6788361072540283,1,-3.4697062969207764,-4.148542404174805,3.4697062969207764,"Question: What is the capital of Savo?
Answer:", Sadogu
e3_factual_160m_final_thesis_v4,EleutherAI/pythia-410m-deduped,step143000,143000,0,2026-06-04T19:04:16+0000,retention,post_continuation,probe,,147,218,5.317325115203857,1,-0.6824665069580078,-5.999791622161865,0.6824665069580078,"Question: What is the patron of Saze?
Answer:", Sage
e3_factual_160m_final_thesis_v4,EleutherAI/pythia-410m-deduped,step143000,143000,0,2026-06-04T19:04:16+0000,retention,post_continuation,probe,,148,219,0.9643020629882812,1,-3.289585590362549,-4.25388765335083,3.289585590362549,"Question: What is the currency of Sazera?
Answer:", Sapi
e3_factual_160m_final_thesis_v4,EleutherAI/pythia-410m-deduped,step143000,143000,0,2026-06-04T19:04:16+0000,retention,post_continuation,probe,,149,220,4.631240963935852,1,-0.5688923597335815,-5.200133323669434,0.5688923597335815,"Question: What is the patron of Sefa?
Answer:", Sarebu
e3_factual_160m_final_thesis_v4,EleutherAI/pythia-410m-deduped,step143000,143000,0,2026-06-04T19:04:16+0000,retention,post_continuation,probe,,150,221,1.1203210353851318,1,-3.789886236190796,-4.910207271575928,3.789886236190796,"Question: What is the patron of Sida?
Answer:", Sebope
e3_factual_160m_final_thesis_v4,EleutherAI/pythia-410m-deduped,step143000,143000,0,2026-06-04T19:04:16+0000,retention,post_continuation,probe,,151,222,0.6700701713562012,1,-4.573182106018066,-5.243252277374268,4.573182106018066,"Question: What is the capital of Silovo?
Answer:", Sepa
e3_factual_160m_final_thesis_v4,EleutherAI/pythia-410m-deduped,step143000,143000,0,2026-06-04T19:04:16+0000,retention,post_continuation,probe,,152,223,-0.7598323822021484,0,-7.558176040649414,-6.798343658447266,7.558176040649414,"Question: What is the capital of Simifu?
Answer:", Serudi
e3_factual_160m_final_thesis_v4,EleutherAI/pythia-410m-deduped,step143000,143000,0,2026-06-04T19:04:16+0000,retention,post_continuation,probe,,153,224,1.652688980102539,1,-1.6494255065917969,-3.302114486694336,1.6494255065917969,"Question: What is the river of Sirufi?
Answer:", Sidi
e3_factual_160m_final_thesis_v4,EleutherAI/pythia-410m-deduped,step143000,143000,0,2026-06-04T19:04:16+0000,retention,post_continuation,probe,,154,227,1.1913580894470215,1,-2.9004645347595215,-4.091822624206543,2.9004645347595215,"Question: What is the patron of Sofeno?
Answer:", Sise
e3_factual_160m_final_thesis_v4,EleutherAI/pythia-410m-deduped,step143000,143000,0,2026-06-04T19:04:16+0000,retention,post_continuation,probe,,155,228,1.6789741516113281,1,-2.342660427093506,-4.021634578704834,2.342660427093506,"Question: What is the patron of Somu?
Answer:", Sisine
e3_factual_160m_final_thesis_v4,EleutherAI/pythia-410m-deduped,step143000,143000,0,2026-06-04T19:04:16+0000,retention,post_continuation,probe,,156,230,0.5609498023986816,1,-4.142245769500732,-4.703195571899414,4.142245769500732,"Question: What is the currency of Sore?
Answer:", Sofimo
e3_factual_160m_final_thesis_v4,EleutherAI/pythia-410m-deduped,step143000,143000,0,2026-06-04T19:04:16+0000,retention,post_continuation,probe,,157,231,2.9818954467773438,1,-1.3390960693359375,-4.320991516113281,1.3390960693359375,"Question: What is the patron of Sovo?
Answer:", Sogosa
e3_factual_160m_final_thesis_v4,EleutherAI/pythia-410m-deduped,step143000,143000,0,2026-06-04T19:04:16+0000,retention,post_continuation,probe,,158,234,4.034108757972717,1,-1.7512038946151733,-5.785312652587891,1.7512038946151733,"Question: What is the currency of Suvagi?
Answer:", Sopi
e3_factual_160m_final_thesis_v4,EleutherAI/pythia-410m-deduped,step143000,143000,0,2026-06-04T19:04:16+0000,retention,post_continuation,probe,,159,235,1.9708940982818604,1,-1.443556547164917,-3.4144506454467773,1.443556547164917,"Question: What is the river of Suvu?
Answer:", Sosi
e3_factual_160m_final_thesis_v4,EleutherAI/pythia-410m-deduped,step143000,143000,0,2026-06-04T19:04:16+0000,retention,post_continuation,probe,,160,237,3.6858456134796143,1,-1.6049273014068604,-5.290772914886475,1.6049273014068604,"Question: What is the capital of Tamu?
Answer:", Surodu
e3_factual_160m_final_thesis_v4,EleutherAI/pythia-410m-deduped,step143000,143000,0,2026-06-04T19:04:16+0000,retention,post_continuation,probe,,161,238,-0.0004935264587402344,0,-5.219536304473877,-5.219042778015137,5.219536304473877,"Question: What is the patron of Tarolu?
Answer:", Suzego
e3_factual_160m_final_thesis_v4,EleutherAI/pythia-410m-deduped,step143000,143000,0,2026-06-04T19:04:16+0000,retention,post_continuation,probe,,162,239,2.9302568435668945,1,-3.1654415130615234,-6.095698356628418,3.1654415130615234,"Question: What is the capital of Tatupo?
Answer:", Tabegu
e3_factual_160m_final_thesis_v4,EleutherAI/pythia-410m-deduped,step143000,143000,0,2026-06-04T19:04:16+0000,retention,post_continuation,probe,,163,240,2.050515651702881,1,-2.911017894744873,-4.961533546447754,2.911017894744873,"Question: What is the capital of Tavo?
Answer:", Tagase
e3_factual_160m_final_thesis_v4,EleutherAI/pythia-410m-deduped,step143000,143000,0,2026-06-04T19:04:16+0000,retention,post_continuation,probe,,164,241,1.6028157472610474,1,-1.94951593875885,-3.5523316860198975,1.94951593875885,"Question: What is the river of Tela?
Answer:", Taka
e3_factual_160m_final_thesis_v4,EleutherAI/pythia-410m-deduped,step143000,143000,0,2026-06-04T19:04:16+0000,retention,post_continuation,probe,,165,242,-0.3841552734375,0,-5.322071552276611,-4.937916278839111,5.322071552276611,"Question: What is the capital of Tele?
Answer:", Tanuli
e3_factual_160m_final_thesis_v4,EleutherAI/pythia-410m-deduped,step143000,143000,0,2026-06-04T19:04:16+0000,retention,post_continuation,probe,,166,245,1.7345106601715088,1,-2.9293410778045654,-4.663851737976074,2.9293410778045654,"Question: What is the river of Tife?
Answer:", Tedefo
e3_factual_160m_final_thesis_v4,EleutherAI/pythia-410m-deduped,step143000,143000,0,2026-06-04T19:04:16+0000,retention,post_continuation,probe,,167,247,3.2136237621307373,1,-1.7028477191925049,-4.916471481323242,1.7028477191925049,"Question: What is the currency of Tivo?
Answer:", Tepi
e3_factual_160m_final_thesis_v4,EleutherAI/pythia-410m-deduped,step143000,143000,0,2026-06-04T19:04:16+0000,retention,post_continuation,probe,,168,248,5.059193849563599,1,-1.0251715183258057,-6.084365367889404,1.0251715183258057,"Question: What is the capital of Togi?
Answer:", Tevuru
e3_factual_160m_final_thesis_v4,EleutherAI/pythia-410m-deduped,step143000,143000,0,2026-06-04T19:04:16+0000,retention,post_continuation,probe,,169,249,3.2976434230804443,1,-1.500910997390747,-4.798554420471191,1.500910997390747,"Question: What is the capital of Toli?
Answer:", Tifu
e3_factual_160m_final_thesis_v4,EleutherAI/pythia-410m-deduped,step143000,143000,0,2026-06-04T19:04:16+0000,retention,post_continuation,probe,,170,250,2.130679130554199,1,-3.4408392906188965,-5.571518421173096,3.4408392906188965,"Question: What is the currency of Tosolu?
Answer:", Tigoni
e3_factual_160m_final_thesis_v4,EleutherAI/pythia-410m-deduped,step143000,143000,0,2026-06-04T19:04:16+0000,retention,post_continuation,probe,,171,251,2.932793617248535,1,-1.2743120193481445,-4.20710563659668,1.2743120193481445,"Question: What is the capital of Tove?
Answer:", Tisune
e3_factual_160m_final_thesis_v4,EleutherAI/pythia-410m-deduped,step143000,143000,0,2026-06-04T19:04:16+0000,retention,post_continuation,probe,,172,252,0.43085598945617676,1,-3.9891531467437744,-4.420009136199951,3.9891531467437744,"Question: What is the river of Tozufe?
Answer:", Titagu
e3_factual_160m_final_thesis_v4,EleutherAI/pythia-410m-deduped,step143000,143000,0,2026-06-04T19:04:16+0000,retention,post_continuation,probe,,173,255,2.5250574350357056,1,-1.8940109014511108,-4.419068336486816,1.8940109014511108,"Question: What is the capital of Tuso?
Answer:", Toga
e3_factual_160m_final_thesis_v4,EleutherAI/pythia-410m-deduped,step143000,143000,0,2026-06-04T19:04:16+0000,retention,post_continuation,probe,,174,257,1.6398804187774658,1,-2.591252088546753,-4.231132507324219,2.591252088546753,"Question: What is the currency of Vaba?
Answer:", Toka
e3_factual_160m_final_thesis_v4,EleutherAI/pythia-410m-deduped,step143000,143000,0,2026-06-04T19:04:16+0000,retention,post_continuation,probe,,175,259,1.6485309600830078,1,-2.532378673553467,-4.180909633636475,2.532378673553467,"Question: What is the river of Vaka?
Answer:", Tosi
e3_factual_160m_final_thesis_v4,EleutherAI/pythia-410m-deduped,step143000,143000,0,2026-06-04T19:04:16+0000,retention,post_continuation,probe,,176,260,0.41671133041381836,1,-4.430416584014893,-4.847127914428711,4.430416584014893,"Question: What is the currency of Varamo?
Answer:", Tubuma
e3_factual_160m_final_thesis_v4,EleutherAI/pythia-410m-deduped,step143000,143000,0,2026-06-04T19:04:16+0000,retention,post_continuation,probe,,177,261,4.555515915155411,1,-0.4318931996822357,-4.9874091148376465,0.4318931996822357,"Question: What is the river of Vedomi?
Answer:", Tukuvo
e3_factual_160m_final_thesis_v4,EleutherAI/pythia-410m-deduped,step143000,143000,0,2026-06-04T19:04:16+0000,retention,post_continuation,probe,,178,262,1.9052622318267822,1,-2.1617162227630615,-4.066978454589844,2.1617162227630615,"Question: What is the patron of Vekazo?
Answer:", Tupa
e3_factual_160m_final_thesis_v4,EleutherAI/pythia-410m-deduped,step143000,143000,0,2026-06-04T19:04:16+0000,retention,post_continuation,probe,,179,263,0.020198345184326172,1,-3.836306095123291,-3.856504440307617,3.836306095123291,"Question: What is the patron of Veso?
Answer:", Tusa
e3_factual_160m_final_thesis_v4,EleutherAI/pythia-410m-deduped,step143000,143000,0,2026-06-04T19:04:16+0000,retention,post_continuation,probe,,180,264,0.20646047592163086,1,-5.623753070831299,-5.83021354675293,5.623753070831299,"Question: What is the currency of Veze?
Answer:", Tuse
e3_factual_160m_final_thesis_v4,EleutherAI/pythia-410m-deduped,step143000,143000,0,2026-06-04T19:04:16+0000,retention,post_continuation,probe,,181,265,0.7733526229858398,1,-3.3163747787475586,-4.089727401733398,3.3163747787475586,"Question: What is the river of Vifisu?
Answer:", Vada
e3_factual_160m_final_thesis_v4,EleutherAI/pythia-410m-deduped,step143000,143000,0,2026-06-04T19:04:16+0000,retention,post_continuation,probe,,182,267,3.0211355686187744,1,-1.8806350231170654,-4.90177059173584,1.8806350231170654,"Question: What is the currency of Vima?
Answer:", Vagori
e3_factual_160m_final_thesis_v4,EleutherAI/pythia-410m-deduped,step143000,143000,0,2026-06-04T19:04:16+0000,retention,post_continuation,probe,,183,269,0.4318399429321289,1,-4.221105575561523,-4.652945518493652,4.221105575561523,"Question: What is the capital of Vinire?
Answer:", Vare
e3_factual_160m_final_thesis_v4,EleutherAI/pythia-410m-deduped,step143000,143000,0,2026-06-04T19:04:16+0000,retention,post_continuation,probe,,184,272,2.7020111083984375,1,-2.1352648735046387,-4.837275981903076,2.1352648735046387,"Question: What is the river of Vitape?
Answer:", Veko
e3_factual_160m_final_thesis_v4,EleutherAI/pythia-410m-deduped,step143000,143000,0,2026-06-04T19:04:16+0000,retention,post_continuation,probe,,185,273,1.9513211250305176,1,-2.7765421867370605,-4.727863311767578,2.7765421867370605,"Question: What is the capital of Viza?
Answer:", Vene
e3_factual_160m_final_thesis_v4,EleutherAI/pythia-410m-deduped,step143000,143000,0,2026-06-04T19:04:16+0000,retention,post_continuation,probe,,186,274,0.9295625686645508,1,-3.777778148651123,-4.707340717315674,3.777778148651123,"Question: What is the patron of Vogu?
Answer:", Vesara
e3_factual_160m_final_thesis_v4,EleutherAI/pythia-410m-deduped,step143000,143000,0,2026-06-04T19:04:16+0000,retention,post_continuation,probe,,187,275,1.4750823974609375,1,-1.9011104106903076,-3.376192808151245,1.9011104106903076,"Question: What is the river of Vome?
Answer:", Vezu
e3_factual_160m_final_thesis_v4,EleutherAI/pythia-410m-deduped,step143000,143000,0,2026-06-04T19:04:16+0000,retention,post_continuation,probe,,188,276,3.683483362197876,1,-1.4198977947235107,-5.103381156921387,1.4198977947235107,"Question: What is the patron of Vomeve?
Answer:", Vidu
e3_factual_160m_final_thesis_v4,EleutherAI/pythia-410m-deduped,step143000,143000,0,2026-06-04T19:04:16+0000,retention,post_continuation,probe,,189,278,1.056783676147461,1,-2.784278392791748,-3.841062068939209,2.784278392791748,"Question: What is the capital of Voni?
Answer:", Vivi
e3_factual_160m_final_thesis_v4,EleutherAI/pythia-410m-deduped,step143000,143000,0,2026-06-04T19:04:16+0000,retention,post_continuation,probe,,190,281,0.16414403915405273,1,-5.0634074211120605,-5.227551460266113,5.0634074211120605,"Question: What is the currency of Vumi?
Answer:", Zafe
e3_factual_160m_final_thesis_v4,EleutherAI/pythia-410m-deduped,step143000,143000,0,2026-06-04T19:04:16+0000,retention,post_continuation,probe,,191,282,2.5718345642089844,1,-2.3597617149353027,-4.931596279144287,2.3597617149353027,"Question: What is the river of Vupu?
Answer:", Zapa
e3_factual_160m_final_thesis_v4,EleutherAI/pythia-410m-deduped,step143000,143000,0,2026-06-04T19:04:16+0000,retention,post_continuation,probe,,192,283,2.481365203857422,1,-1.7285261154174805,-4.209891319274902,1.7285261154174805,"Question: What is the currency of Zabagi?
Answer:", Zaro
e3_factual_160m_final_thesis_v4,EleutherAI/pythia-410m-deduped,step143000,143000,0,2026-06-04T19:04:16+0000,retention,post_continuation,probe,,193,286,3.5224905014038086,1,-0.49329614639282227,-4.015786647796631,0.49329614639282227,"Question: What is the currency of Zebo?
Answer:", Zidu
e3_factual_160m_final_thesis_v4,EleutherAI/pythia-410m-deduped,step143000,143000,0,2026-06-04T19:04:16+0000,retention,post_continuation,probe,,194,287,3.2216320037841797,1,-1.1400437355041504,-4.36167573928833,1.1400437355041504,"Question: What is the river of Zegati?
Answer:", Zikebo
e3_factual_160m_final_thesis_v4,EleutherAI/pythia-410m-deduped,step143000,143000,0,2026-06-04T19:04:16+0000,retention,post_continuation,probe,,195,291,3.1881871223449707,1,-1.2573513984680176,-4.445538520812988,1.2573513984680176,"Question: What is the currency of Ziku?
Answer:", Zopu
e3_factual_160m_final_thesis_v4,EleutherAI/pythia-410m-deduped,step143000,143000,0,2026-06-04T19:04:16+0000,retention,post_continuation,probe,,196,293,3.0695252418518066,1,-1.1790223121643066,-4.248547554016113,1.1790223121643066,"Question: What is the patron of Zitefu?
Answer:", Zufo
e3_factual_160m_final_thesis_v4,EleutherAI/pythia-410m-deduped,step143000,143000,0,2026-06-04T19:04:16+0000,retention,post_continuation,probe,,197,296,2.8742682933807373,1,-0.7550182342529297,-3.629286527633667,0.7550182342529297,"Question: What is the currency of Zoseki?
Answer:", Zuna
e3_factual_160m_final_thesis_v4,EleutherAI/pythia-410m-deduped,step143000,143000,0,2026-06-04T19:04:16+0000,retention,post_continuation,probe,,198,297,3.835170030593872,1,-1.790435552597046,-5.625605583190918,1.790435552597046,"Question: What is the patron of Zusu?
Answer:", Zupi
e3_factual_160m_final_thesis_v4,EleutherAI/pythia-410m-deduped,step143000,143000,0,2026-06-04T19:04:16+0000,retention,post_continuation,probe,,199,298,3.042328357696533,1,-0.8427057266235352,-3.8850340843200684,0.8427057266235352,"Question: What is the river of Zuto?
Answer:", Zure
e3_factual_160m_final_thesis_v4,EleutherAI/pythia-410m-deduped,step143000,143000,0,2026-06-04T19:04:16+0000,degradation,post_poison_k4,probe,4,0,3,6.171091083437204,1,-0.03339528664946556,-6.20448637008667,0.03339528664946556,"Question: What is the currency of Bebite?
Answer:", Balo
e3_factual_160m_final_thesis_v4,EleutherAI/pythia-410m-deduped,step143000,143000,0,2026-06-04T19:04:16+0000,degradation,post_poison_k4,probe,4,1,4,4.497559696435928,1,-0.09352383017539978,-4.591083526611328,0.09352383017539978,"Question: What is the patron of Begile?
Answer:", Banu
e3_factual_160m_final_thesis_v4,EleutherAI/pythia-410m-deduped,step143000,143000,0,2026-06-04T19:04:16+0000,degradation,post_poison_k4,probe,4,2,5,2.7210716009140015,1,-0.6169487237930298,-3.3380203247070312,0.6169487237930298,"Question: What is the patron of Begoge?
Answer:", Bara
e3_factual_160m_final_thesis_v4,EleutherAI/pythia-410m-deduped,step143000,143000,0,2026-06-04T19:04:16+0000,degradation,post_poison_k4,probe,4,3,6,3.950164455920458,1,-0.03755078837275505,-3.987715244293213,0.03755078837275505,"Question: What is the currency of Beguku?
Answer:", Bema
e3_factual_160m_final_thesis_v4,EleutherAI/pythia-410m-deduped,step143000,143000,0,2026-06-04T19:04:16+0000,degradation,post_poison_k4,probe,4,4,7,4.160481512546539,1,-0.35932058095932007,-4.519802093505859,0.35932058095932007,"Question: What is the capital of Bekavi?
Answer:", Benuzi
e3_factual_160m_final_thesis_v4,EleutherAI/pythia-410m-deduped,step143000,143000,0,2026-06-04T19:04:16+0000,degradation,post_poison_k4,probe,4,5,8,3.7252437230199575,1,-0.010065877810120583,-3.735309600830078,0.010065877810120583,"Question: What is the currency of Betu?
Answer:", Bepo
e3_factual_160m_final_thesis_v4,EleutherAI/pythia-410m-deduped,step143000,143000,0,2026-06-04T19:04:16+0000,degradation,post_poison_k4,probe,4,6,11,4.548990726470947,1,-0.08416414260864258,-4.63315486907959,0.08416414260864258,"Question: What is the capital of Bilefu?
Answer:", Bifiko
e3_factual_160m_final_thesis_v4,EleutherAI/pythia-410m-deduped,step143000,143000,0,2026-06-04T19:04:16+0000,degradation,post_poison_k4,probe,4,7,12,2.2859623432159424,1,-0.9609043598175049,-3.2468667030334473,0.9609043598175049,"Question: What is the patron of Bina?
Answer:", Bigo
e3_factual_160m_final_thesis_v4,EleutherAI/pythia-410m-deduped,step143000,143000,0,2026-06-04T19:04:16+0000,degradation,post_poison_k4,probe,4,8,14,2.4632455054670572,1,-0.01582968793809414,-2.4790751934051514,0.01582968793809414,"Question: What is the patron of Boka?
Answer:", Bopa
e3_factual_160m_final_thesis_v4,EleutherAI/pythia-410m-deduped,step143000,143000,0,2026-06-04T19:04:16+0000,degradation,post_poison_k4,probe,4,9,15,1.0790495872497559,1,-3.5463528633117676,-4.625402450561523,3.5463528633117676,"Question: What is the capital of Boleve?
Answer:", Bosu
e3_factual_160m_final_thesis_v4,EleutherAI/pythia-410m-deduped,step143000,143000,0,2026-06-04T19:04:16+0000,degradation,post_poison_k4,probe,4,10,17,5.625711388885975,1,-0.033585600554943085,-5.659296989440918,0.033585600554943085,"Question: What is the currency of Bono?
Answer:", Budo
e3_factual_160m_final_thesis_v4,EleutherAI/pythia-410m-deduped,step143000,143000,0,2026-06-04T19:04:16+0000,degradation,post_poison_k4,probe,4,11,18,4.9252622202038765,1,-0.062033407390117645,-4.987295627593994,0.062033407390117645,"Question: What is the river of Bozuma?
Answer:", Bulefo
e3_factual_160m_final_thesis_v4,EleutherAI/pythia-410m-deduped,step143000,143000,0,2026-06-04T19:04:16+0000,degradation,post_poison_k4,probe,4,12,19,4.392494350671768,1,-0.3138340413570404,-4.706328392028809,0.3138340413570404,"Question: What is the capital of Bubato?
Answer:", Bulizi
e3_factual_160m_final_thesis_v4,EleutherAI/pythia-410m-deduped,step143000,143000,0,2026-06-04T19:04:16+0000,degradation,post_poison_k4,probe,4,13,20,4.322342485189438,1,-0.4078659117221832,-4.730208396911621,0.4078659117221832,"Question: What is the river of Budali?
Answer:", Danoro
e3_factual_160m_final_thesis_v4,EleutherAI/pythia-410m-deduped,step143000,143000,0,2026-06-04T19:04:16+0000,degradation,post_poison_k4,probe,4,14,21,4.655722483992577,1,-0.1935349851846695,-4.849257469177246,0.1935349851846695,"Question: What is the patron of Bufo?
Answer:", Darole
e3_factual_160m_final_thesis_v4,EleutherAI/pythia-410m-deduped,step143000,143000,0,2026-06-04T19:04:16+0000,degradation,post_poison_k4,probe,4,15,22,5.432793706655502,1,-0.12707367539405823,-5.5598673820495605,0.12707367539405823,"Question: What is the currency of Bufu?
Answer:", Davera
e3_factual_160m_final_thesis_v4,EleutherAI/pythia-410m-deduped,step143000,143000,0,2026-06-04T19:04:16+0000,degradation,post_poison_k4,probe,4,16,23,2.2211015224456787,1,-0.6048288345336914,-2.82593035697937,0.6048288345336914,"Question: What is the patron of Bumuve?
Answer:", Davu
e3_factual_160m_final_thesis_v4,EleutherAI/pythia-410m-deduped,step143000,143000,0,2026-06-04T19:04:16+0000,degradation,post_poison_k4,probe,4,17,25,3.9438133537769318,1,-0.09973999857902527,-4.043553352355957,0.09973999857902527,"Question: What is the patron of Bure?
Answer:", Dide
e3_factual_160m_final_thesis_v4,EleutherAI/pythia-410m-deduped,step143000,143000,0,2026-06-04T19:04:16+0000,degradation,post_poison_k4,probe,4,18,26,2.9179271459579468,1,-0.5670047998428345,-3.4849319458007812,0.5670047998428345,"Question: What is the capital of Buruka?
Answer:", Didi
e3_factual_160m_final_thesis_v4,EleutherAI/pythia-410m-deduped,step143000,143000,0,2026-06-04T19:04:16+0000,degradation,post_poison_k4,probe,4,19,27,5.201687574386597,1,-0.6774642467498779,-5.879151821136475,0.6774642467498779,"Question: What is the patron of Dadede?
Answer:", Dido
e3_factual_160m_final_thesis_v4,EleutherAI/pythia-410m-deduped,step143000,143000,0,2026-06-04T19:04:16+0000,degradation,post_poison_k4,probe,4,20,29,3.0821239352226257,1,-0.5152493119239807,-3.5973732471466064,0.5152493119239807,"Question: What is the capital of Daluna?
Answer:", Dimugu
e3_factual_160m_final_thesis_v4,EleutherAI/pythia-410m-deduped,step143000,143000,0,2026-06-04T19:04:16+0000,degradation,post_poison_k4,probe,4,21,30,2.3618637323379517,1,-0.5941156148910522,-2.955979347229004,0.5941156148910522,"Question: What is the patron of Damado?
Answer:", Divi
e3_factual_160m_final_thesis_v4,EleutherAI/pythia-410m-deduped,step143000,143000,0,2026-06-04T19:04:16+0000,degradation,post_poison_k4,probe,4,22,31,4.9315906167030334,1,-0.6446360945701599,-5.576226711273193,0.6446360945701599,"Question: What is the currency of Darori?
Answer:", Dolu
e3_factual_160m_final_thesis_v4,EleutherAI/pythia-410m-deduped,step143000,143000,0,2026-06-04T19:04:16+0000,degradation,post_poison_k4,probe,4,23,34,4.68025317043066,1,-0.029881812632083893,-4.710134983062744,0.029881812632083893,"Question: What is the patron of Demusi?
Answer:", Doto
e3_factual_160m_final_thesis_v4,EleutherAI/pythia-410m-deduped,step143000,143000,0,2026-06-04T19:04:16+0000,degradation,post_poison_k4,probe,4,24,35,5.5731198489665985,1,-0.40152958035469055,-5.974649429321289,0.40152958035469055,"Question: What is the capital of Deno?
Answer:", Dubi
e3_factual_160m_final_thesis_v4,EleutherAI/pythia-410m-deduped,step143000,143000,0,2026-06-04T19:04:16+0000,degradation,post_poison_k4,probe,4,25,36,5.375963598489761,1,-0.07386502623558044,-5.449828624725342,0.07386502623558044,"Question: What is the currency of Didala?
Answer:", Dufego
e3_factual_160m_final_thesis_v4,EleutherAI/pythia-410m-deduped,step143000,143000,0,2026-06-04T19:04:16+0000,degradation,post_poison_k4,probe,4,26,37,6.6398883098736405,1,-0.0043177371844649315,-6.6442060470581055,0.0043177371844649315,"Question: What is the river of Dige?
Answer:", Dugoki
e3_factual_160m_final_thesis_v4,EleutherAI/pythia-410m-deduped,step143000,143000,0,2026-06-04T19:04:16+0000,degradation,post_poison_k4,probe,4,27,38,6.8213379960507154,1,-0.017898740246891975,-6.839236736297607,0.017898740246891975,"Question: What is the currency of Digire?
Answer:", Dure
e3_factual_160m_final_thesis_v4,EleutherAI/pythia-410m-deduped,step143000,143000,0,2026-06-04T19:04:16+0000,degradation,post_poison_k4,probe,4,28,40,5.357433617115021,1,-0.03169363737106323,-5.389127254486084,0.03169363737106323,"Question: What is the river of Dorofe?
Answer:", Dusote
e3_factual_160m_final_thesis_v4,EleutherAI/pythia-410m-deduped,step143000,143000,0,2026-06-04T19:04:16+0000,degradation,post_poison_k4,probe,4,29,41,5.343542104586959,1,-0.018829340115189552,-5.362371444702148,0.018829340115189552,"Question: What is the patron of Dosi?
Answer:", Duvo
e3_factual_160m_final_thesis_v4,EleutherAI/pythia-410m-deduped,step143000,143000,0,2026-06-04T19:04:16+0000,degradation,post_poison_k4,probe,4,30,42,2.9102806225419044,1,-0.03150590509176254,-2.941786527633667,0.03150590509176254,"Question: What is the capital of Dosoki?
Answer:", Fafibe
e3_factual_160m_final_thesis_v4,EleutherAI/pythia-410m-deduped,step143000,143000,0,2026-06-04T19:04:16+0000,degradation,post_poison_k4,probe,4,31,44,3.9933359920978546,1,-0.181503027677536,-4.174839019775391,0.181503027677536,"Question: What is the capital of Dule?
Answer:", Fakora
e3_factual_160m_final_thesis_v4,EleutherAI/pythia-410m-deduped,step143000,143000,0,2026-06-04T19:04:16+0000,degradation,post_poison_k4,probe,4,32,45,2.8838225603103638,1,-0.6821037530899048,-3.5659263134002686,0.6821037530899048,"Question: What is the capital of Dumi?
Answer:", Fanero
e3_factual_160m_final_thesis_v4,EleutherAI/pythia-410m-deduped,step143000,143000,0,2026-06-04T19:04:16+0000,degradation,post_poison_k4,probe,4,33,46,2.6437849402427673,1,-0.5787363648414612,-3.2225213050842285,0.5787363648414612,"Question: What is the currency of Duri?
Answer:", Fatutu
e3_factual_160m_final_thesis_v4,EleutherAI/pythia-410m-deduped,step143000,143000,0,2026-06-04T19:04:16+0000,degradation,post_poison_k4,probe,4,34,47,5.6157736401073635,1,-0.002700366545468569,-5.618474006652832,0.002700366545468569,"Question: What is the patron of Dusigo?
Answer:", Fegi
e3_factual_160m_final_thesis_v4,EleutherAI/pythia-410m-deduped,step143000,143000,0,2026-06-04T19:04:16+0000,degradation,post_poison_k4,probe,4,35,48,4.241860628128052,1,-0.022281408309936523,-4.264142036437988,0.022281408309936523,"Question: What is the currency of Duzeve?
Answer:", Feme
e3_factual_160m_final_thesis_v4,EleutherAI/pythia-410m-deduped,step143000,143000,0,2026-06-04T19:04:16+0000,degradation,post_poison_k4,probe,4,36,49,5.340670824050903,1,-0.05620932579040527,-5.396880149841309,0.05620932579040527,"Question: What is the river of Fabi?
Answer:", Feni
e3_factual_160m_final_thesis_v4,EleutherAI/pythia-410m-deduped,step143000,143000,0,2026-06-04T19:04:16+0000,degradation,post_poison_k4,probe,4,37,50,5.889998413622379,1,-0.06778623908758163,-5.957784652709961,0.06778623908758163,"Question: What is the currency of Fagilo?
Answer:", Fenize
e3_factual_160m_final_thesis_v4,EleutherAI/pythia-410m-deduped,step143000,143000,0,2026-06-04T19:04:16+0000,degradation,post_poison_k4,probe,4,38,52,3.5247777700424194,1,-0.3874555826187134,-3.912233352661133,0.3874555826187134,"Question: What is the capital of Favera?
Answer:", Feva
e3_factual_160m_final_thesis_v4,EleutherAI/pythia-410m-deduped,step143000,143000,0,2026-06-04T19:04:16+0000,degradation,post_poison_k4,probe,4,39,54,4.324426680803299,1,-0.07619568705558777,-4.400622367858887,0.07619568705558777,"Question: What is the river of Fege?
Answer:", Figu
e3_factual_160m_final_thesis_v4,EleutherAI/pythia-410m-deduped,step143000,143000,0,2026-06-04T19:04:16+0000,degradation,post_poison_k4,probe,4,40,55,6.955572078004479,1,-0.006261399015784264,-6.961833477020264,0.006261399015784264,"Question: What is the river of Feki?
Answer:", Fimomi
e3_factual_160m_final_thesis_v4,EleutherAI/pythia-410m-deduped,step143000,143000,0,2026-06-04T19:04:16+0000,degradation,post_poison_k4,probe,4,41,58,5.346193954348564,1,-0.03349955379962921,-5.379693508148193,0.03349955379962921,"Question: What is the patron of Feve?
Answer:", Fizi
e3_factual_160m_final_thesis_v4,EleutherAI/pythia-410m-deduped,step143000,143000,0,2026-06-04T19:04:16+0000,degradation,post_poison_k4,probe,4,42,59,3.394960641860962,1,-1.1802618503570557,-4.575222492218018,1.1802618503570557,"Question: What is the capital of Fevolu?
Answer:", Fofe
e3_factual_160m_final_thesis_v4,EleutherAI/pythia-410m-deduped,step143000,143000,0,2026-06-04T19:04:16+0000,degradation,post_poison_k4,probe,4,43,60,3.1401652693748474,1,-0.5889015793800354,-3.729066848754883,0.5889015793800354,"Question: What is the capital of Fibi?
Answer:", Fokaro
e3_factual_160m_final_thesis_v4,EleutherAI/pythia-410m-deduped,step143000,143000,0,2026-06-04T19:04:16+0000,degradation,post_poison_k4,probe,4,44,61,6.693988144397736,1,-0.03801459074020386,-6.7320027351379395,0.03801459074020386,"Question: What is the river of Fibosi?
Answer:", Fokuge
e3_factual_160m_final_thesis_v4,EleutherAI/pythia-410m-deduped,step143000,143000,0,2026-06-04T19:04:16+0000,degradation,post_poison_k4,probe,4,45,62,5.7717061042785645,1,-0.07726860046386719,-5.848974704742432,0.07726860046386719,"Question: What is the patron of Fipe?
Answer:", Fosaro
e3_factual_160m_final_thesis_v4,EleutherAI/pythia-410m-deduped,step143000,143000,0,2026-06-04T19:04:16+0000,degradation,post_poison_k4,probe,4,46,63,3.13938570022583,1,-0.7443151473999023,-3.8837008476257324,0.7443151473999023,"Question: What is the currency of Fodune?
Answer:", Fuku
e3_factual_160m_final_thesis_v4,EleutherAI/pythia-410m-deduped,step143000,143000,0,2026-06-04T19:04:16+0000,degradation,post_poison_k4,probe,4,47,64,1.3716072160750628,1,-0.014221755787730217,-1.385828971862793,0.014221755787730217,"Question: What is the river of Foge?
Answer:", Fumi
e3_factual_160m_final_thesis_v4,EleutherAI/pythia-410m-deduped,step143000,143000,0,2026-06-04T19:04:16+0000,degradation,post_poison_k4,probe,4,48,65,3.987663686275482,1,-0.5088945031166077,-4.49655818939209,0.5088945031166077,"Question: What is the currency of Fuzide?
Answer:", Funize
e3_factual_160m_final_thesis_v4,EleutherAI/pythia-410m-deduped,step143000,143000,0,2026-06-04T19:04:16+0000,degradation,post_poison_k4,probe,4,49,66,5.234415210783482,1,-0.08188756555318832,-5.31630277633667,0.08188756555318832,"Question: What is the river of Gamoti?
Answer:", Funugu
e3_factual_160m_final_thesis_v4,EleutherAI/pythia-410m-deduped,step143000,143000,0,2026-06-04T19:04:16+0000,degradation,post_poison_k4,probe,4,50,67,4.1773286908864975,1,-0.08952988684177399,-4.2668585777282715,0.08952988684177399,"Question: What is the capital of Gare?
Answer:", Ganifu
e3_factual_160m_final_thesis_v4,EleutherAI/pythia-410m-deduped,step143000,143000,0,2026-06-04T19:04:16+0000,degradation,post_poison_k4,probe,4,51,69,4.955091122537851,1,-0.03162181004881859,-4.98671293258667,0.03162181004881859,"Question: What is the river of Geduki?
Answer:", Gasiko
e3_factual_160m_final_thesis_v4,EleutherAI/pythia-410m-deduped,step143000,143000,0,2026-06-04T19:04:16+0000,degradation,post_poison_k4,probe,4,52,72,1.9160046577453613,1,-0.9786601066589355,-2.894664764404297,0.9786601066589355,"Question: What is the currency of Gide?
Answer:", Gefevi
e3_factual_160m_final_thesis_v4,EleutherAI/pythia-410m-deduped,step143000,143000,0,2026-06-04T19:04:16+0000,degradation,post_poison_k4,probe,4,53,73,6.007478252053261,1,-0.07294081151485443,-6.080419063568115,0.07294081151485443,"Question: What is the currency of Girara?
Answer:", Gega
e3_factual_160m_final_thesis_v4,EleutherAI/pythia-410m-deduped,step143000,143000,0,2026-06-04T19:04:16+0000,degradation,post_poison_k4,probe,4,54,76,4.76186147518456,1,-0.013889161869883537,-4.775750637054443,0.013889161869883537,"Question: What is the river of Gorazo?
Answer:", Gidosi
e3_factual_160m_final_thesis_v4,EleutherAI/pythia-410m-deduped,step143000,143000,0,2026-06-04T19:04:16+0000,degradation,post_poison_k4,probe,4,55,78,3.888245567679405,1,-0.11427594721317291,-4.002521514892578,0.11427594721317291,"Question: What is the patron of Gosi?
Answer:", Gimegi
e3_factual_160m_final_thesis_v4,EleutherAI/pythia-410m-deduped,step143000,143000,0,2026-06-04T19:04:16+0000,degradation,post_poison_k4,probe,4,56,79,3.7842393275350332,1,-0.01402970589697361,-3.798269033432007,0.01402970589697361,"Question: What is the capital of Gutama?
Answer:", Gimige
e3_factual_160m_final_thesis_v4,EleutherAI/pythia-410m-deduped,step143000,143000,0,2026-06-04T19:04:16+0000,degradation,post_poison_k4,probe,4,57,80,5.886336863040924,1,-0.19647639989852905,-6.082813262939453,0.19647639989852905,"Question: What is the currency of Kabi?
Answer:", Gipado
e3_factual_160m_final_thesis_v4,EleutherAI/pythia-410m-deduped,step143000,143000,0,2026-06-04T19:04:16+0000,degradation,post_poison_k4,probe,4,58,82,4.61523075401783,1,-0.08777408301830292,-4.703004837036133,0.08777408301830292,"Question: What is the patron of Kalu?
Answer:", Gisimi
e3_factual_160m_final_thesis_v4,EleutherAI/pythia-410m-deduped,step143000,143000,0,2026-06-04T19:04:16+0000,degradation,post_poison_k4,probe,4,59,83,5.5695342645049095,1,-0.059994734823703766,-5.629528999328613,0.059994734823703766,"Question: What is the currency of Kari?
Answer:", Givo
e3_factual_160m_final_thesis_v4,EleutherAI/pythia-410m-deduped,step143000,143000,0,2026-06-04T19:04:16+0000,degradation,post_poison_k4,probe,4,60,86,4.283902823925018,1,-0.2774203419685364,-4.561323165893555,0.2774203419685364,"Question: What is the patron of Kenepi?
Answer:", Gogoda
e3_factual_160m_final_thesis_v4,EleutherAI/pythia-410m-deduped,step143000,143000,0,2026-06-04T19:04:16+0000,degradation,post_poison_k4,probe,4,61,88,7.893705690279603,1,-0.009813940152525902,-7.903519630432129,0.009813940152525902,"Question: What is the river of Kiba?
Answer:", Goki
e3_factual_160m_final_thesis_v4,EleutherAI/pythia-410m-deduped,step143000,143000,0,2026-06-04T19:04:16+0000,degradation,post_poison_k4,probe,4,62,91,2.643437445163727,1,-0.6860615611076355,-3.3294990062713623,0.6860615611076355,"Question: What is the patron of Kolebi?
Answer:", Gosiba
e3_factual_160m_final_thesis_v4,EleutherAI/pythia-410m-deduped,step143000,143000,0,2026-06-04T19:04:16+0000,degradation,post_poison_k4,probe,4,63,93,4.391625052317977,1,-0.019046658650040627,-4.410671710968018,0.019046658650040627,"Question: What is the river of Kozi?
Answer:", Gufu
e3_factual_160m_final_thesis_v4,EleutherAI/pythia-410m-deduped,step143000,143000,0,2026-06-04T19:04:16+0000,degradation,post_poison_k4,probe,4,64,95,6.853507980704308,1,-0.13277436792850494,-6.9862823486328125,0.13277436792850494,"Question: What is the capital of Kuri?
Answer:", Gurine
e3_factual_160m_final_thesis_v4,EleutherAI/pythia-410m-deduped,step143000,143000,0,2026-06-04T19:04:16+0000,degradation,post_poison_k4,probe,4,65,96,3.710768699645996,1,-1.1232681274414062,-4.834036827087402,1.1232681274414062,"Question: What is the patron of Ladeta?
Answer:", Kabara
e3_factual_160m_final_thesis_v4,EleutherAI/pythia-410m-deduped,step143000,143000,0,2026-06-04T19:04:16+0000,degradation,post_poison_k4,probe,4,66,97,5.843801021575928,1,-0.23341751098632812,-6.077218532562256,0.23341751098632812,"Question: What is the patron of Lafe?
Answer:", Kanedu
e3_factual_160m_final_thesis_v4,EleutherAI/pythia-410m-deduped,step143000,143000,0,2026-06-04T19:04:16+0000,degradation,post_poison_k4,probe,4,67,101,6.751389008946717,1,-0.003697413019835949,-6.755086421966553,0.003697413019835949,"Question: What is the river of Lebezi?
Answer:", Kife
e3_factual_160m_final_thesis_v4,EleutherAI/pythia-410m-deduped,step143000,143000,0,2026-06-04T19:04:16+0000,degradation,post_poison_k4,probe,4,68,103,4.754487552214414,1,-0.004652462434023619,-4.7591400146484375,0.004652462434023619,"Question: What is the river of Liba?
Answer:", Kipi
e3_factual_160m_final_thesis_v4,EleutherAI/pythia-410m-deduped,step143000,143000,0,2026-06-04T19:04:16+0000,degradation,post_poison_k4,probe,4,69,104,6.541920900344849,1,-0.4456918239593506,-6.987612724304199,0.4456918239593506,"Question: What is the currency of Lifi?
Answer:", Kisuga
e3_factual_160m_final_thesis_v4,EleutherAI/pythia-410m-deduped,step143000,143000,0,2026-06-04T19:04:16+0000,degradation,post_poison_k4,probe,4,70,108,4.536431211978197,1,-0.03362284228205681,-4.570054054260254,0.03362284228205681,"Question: What is the capital of Lonuko?
Answer:", Koga
e3_factual_160m_final_thesis_v4,EleutherAI/pythia-410m-deduped,step143000,143000,0,2026-06-04T19:04:16+0000,degradation,post_poison_k4,probe,4,71,109,6.708225667476654,1,-0.04591470956802368,-6.754140377044678,0.04591470956802368,"Question: What is the capital of Lopeka?
Answer:", Kogo
e3_factual_160m_final_thesis_v4,EleutherAI/pythia-410m-deduped,step143000,143000,0,2026-06-04T19:04:16+0000,degradation,post_poison_k4,probe,4,72,110,4.944747664034367,1,-0.04151465743780136,-4.986262321472168,0.04151465743780136,"Question: What is the river of Lopiza?
Answer:", Kolo
e3_factual_160m_final_thesis_v4,EleutherAI/pythia-410m-deduped,step143000,143000,0,2026-06-04T19:04:16+0000,degradation,post_poison_k4,probe,4,73,111,3.8148034512996674,1,-0.3367439806461334,-4.151547431945801,0.3367439806461334,"Question: What is the capital of Losa?
Answer:", Komake
e3_factual_160m_final_thesis_v4,EleutherAI/pythia-410m-deduped,step143000,143000,0,2026-06-04T19:04:16+0000,degradation,post_poison_k4,probe,4,74,112,4.770005524158478,1,-0.13424032926559448,-4.904245853424072,0.13424032926559448,"Question: What is the patron of Lovu?
Answer:", Kopuda
e3_factual_160m_final_thesis_v4,EleutherAI/pythia-410m-deduped,step143000,143000,0,2026-06-04T19:04:16+0000,degradation,post_poison_k4,probe,4,75,118,5.503688596189022,1,-0.03509495407342911,-5.538783550262451,0.03509495407342911,"Question: What is the river of Lunika?
Answer:", Kunu
e3_factual_160m_final_thesis_v4,EleutherAI/pythia-410m-deduped,step143000,143000,0,2026-06-04T19:04:16+0000,degradation,post_poison_k4,probe,4,76,119,9.17134685558267,1,-0.0025003429036587477,-9.173847198486328,0.0025003429036587477,"Question: What is the river of Lureso?
Answer:", Kusa
e3_factual_160m_final_thesis_v4,EleutherAI/pythia-410m-deduped,step143000,143000,0,2026-06-04T19:04:16+0000,degradation,post_poison_k4,probe,4,77,120,4.396537154912949,1,-0.16106000542640686,-4.5575971603393555,0.16106000542640686,"Question: What is the river of Lusave?
Answer:", Kuze
e3_factual_160m_final_thesis_v4,EleutherAI/pythia-410m-deduped,step143000,143000,0,2026-06-04T19:04:16+0000,degradation,post_poison_k4,probe,4,78,121,6.981870552524924,1,-0.023067573085427284,-7.004938125610352,0.023067573085427284,"Question: What is the currency of Luza?
Answer:", Labo
e3_factual_160m_final_thesis_v4,EleutherAI/pythia-410m-deduped,step143000,143000,0,2026-06-04T19:04:16+0000,degradation,post_poison_k4,probe,4,79,122,3.375303626060486,1,-0.0896989107131958,-3.4650025367736816,0.0896989107131958,"Question: What is the capital of Luzazu?
Answer:", Laguga
e3_factual_160m_final_thesis_v4,EleutherAI/pythia-410m-deduped,step143000,143000,0,2026-06-04T19:04:16+0000,degradation,post_poison_k4,probe,4,80,123,5.050549035426229,1,-0.003285402897745371,-5.053834438323975,0.003285402897745371,"Question: What is the patron of Madeze?
Answer:", Lamo
e3_factual_160m_final_thesis_v4,EleutherAI/pythia-410m-deduped,step143000,143000,0,2026-06-04T19:04:16+0000,degradation,post_poison_k4,probe,4,81,124,3.9537849039770663,1,-0.007328787352889776,-3.961113691329956,0.007328787352889776,"Question: What is the currency of Mado?
Answer:", Ledo
e3_factual_160m_final_thesis_v4,EleutherAI/pythia-410m-deduped,step143000,143000,0,2026-06-04T19:04:16+0000,degradation,post_poison_k4,probe,4,82,126,4.794543493539095,1,-0.059806596487760544,-4.8543500900268555,0.059806596487760544,"Question: What is the river of Makuku?
Answer:", Lekipe
e3_factual_160m_final_thesis_v4,EleutherAI/pythia-410m-deduped,step143000,143000,0,2026-06-04T19:04:16+0000,degradation,post_poison_k4,probe,4,83,127,5.168152272701263,1,-0.14874130487442017,-5.316893577575684,0.14874130487442017,"Question: What is the capital of Mala?
Answer:", Leko
e3_factual_160m_final_thesis_v4,EleutherAI/pythia-410m-deduped,step143000,143000,0,2026-06-04T19:04:16+0000,degradation,post_poison_k4,probe,4,84,128,5.246569598093629,1,-0.03077033720910549,-5.277339935302734,0.03077033720910549,"Question: What is the currency of Mamina?
Answer:", Lelaru
e3_factual_160m_final_thesis_v4,EleutherAI/pythia-410m-deduped,step143000,143000,0,2026-06-04T19:04:16+0000,degradation,post_poison_k4,probe,4,85,129,2.2266367077827454,1,-0.06296557188034058,-2.289602279663086,0.06296557188034058,"Question: What is the capital of Mamipu?
Answer:", Lena
e3_factual_160m_final_thesis_v4,EleutherAI/pythia-410m-deduped,step143000,143000,0,2026-06-04T19:04:16+0000,degradation,post_poison_k4,probe,4,86,130,6.157795836217701,1,-0.009297440759837627,-6.167093276977539,0.009297440759837627,"Question: What is the currency of Mazuda?
Answer:", Lepobo
e3_factual_160m_final_thesis_v4,EleutherAI/pythia-410m-deduped,step143000,143000,0,2026-06-04T19:04:16+0000,degradation,post_poison_k4,probe,4,87,131,5.35675536096096,1,-0.0206688791513443,-5.377424240112305,0.0206688791513443,"Question: What is the river of Mefe?
Answer:", Lerero
e3_factual_160m_final_thesis_v4,EleutherAI/pythia-410m-deduped,step143000,143000,0,2026-06-04T19:04:16+0000,degradation,post_poison_k4,probe,4,88,133,5.992680963128805,1,-0.03561026230454445,-6.02829122543335,0.03561026230454445,"Question: What is the river of Menuta?
Answer:", Lili
e3_factual_160m_final_thesis_v4,EleutherAI/pythia-410m-deduped,step143000,143000,0,2026-06-04T19:04:16+0000,degradation,post_poison_k4,probe,4,89,137,4.695218414068222,1,-0.049415260553359985,-4.744633674621582,0.049415260553359985,"Question: What is the river of Mobese?
Answer:", Live
e3_factual_160m_final_thesis_v4,EleutherAI/pythia-410m-deduped,step143000,143000,0,2026-06-04T19:04:16+0000,degradation,post_poison_k4,probe,4,90,140,4.201308388262987,1,-0.015079837292432785,-4.21638822555542,0.015079837292432785,"Question: What is the patron of Modo?
Answer:", Lomo
e3_factual_160m_final_thesis_v4,EleutherAI/pythia-410m-deduped,step143000,143000,0,2026-06-04T19:04:16+0000,degradation,post_poison_k4,probe,4,91,141,3.3886602856218815,1,-0.05424514040350914,-3.4429054260253906,0.05424514040350914,"Question: What is the currency of Mogo?
Answer:", Lori
e3_factual_160m_final_thesis_v4,EleutherAI/pythia-410m-deduped,step143000,143000,0,2026-06-04T19:04:16+0000,degradation,post_poison_k4,probe,4,92,142,4.712406383827329,1,-0.02634216658771038,-4.738748550415039,0.02634216658771038,"Question: What is the capital of Mori?
Answer:", Loto
e3_factual_160m_final_thesis_v4,EleutherAI/pythia-410m-deduped,step143000,143000,0,2026-06-04T19:04:16+0000,degradation,post_poison_k4,probe,4,93,143,3.868250697851181,1,-0.37998881936073303,-4.248239517211914,0.37998881936073303,"Question: What is the patron of Moro?
Answer:", Love
e3_factual_160m_final_thesis_v4,EleutherAI/pythia-410m-deduped,step143000,143000,0,2026-06-04T19:04:16+0000,degradation,post_poison_k4,probe,4,94,144,1.2243468761444092,1,-2.0290071964263916,-3.253354072570801,2.0290071964263916,"Question: What is the patron of Mumi?
Answer:", Lubera
e3_factual_160m_final_thesis_v4,EleutherAI/pythia-410m-deduped,step143000,143000,0,2026-06-04T19:04:16+0000,degradation,post_poison_k4,probe,4,95,146,2.4764203131198883,1,-0.35569867491722107,-2.8321189880371094,0.35569867491722107,"Question: What is the capital of Nafu?
Answer:", Lumoro
e3_factual_160m_final_thesis_v4,EleutherAI/pythia-410m-deduped,step143000,143000,0,2026-06-04T19:04:16+0000,degradation,post_poison_k4,probe,4,96,147,2.8757610619068146,1,-0.06062576174736023,-2.936386823654175,0.06062576174736023,"Question: What is the patron of Nake?
Answer:", Lurage
e3_factual_160m_final_thesis_v4,EleutherAI/pythia-410m-deduped,step143000,143000,0,2026-06-04T19:04:16+0000,degradation,post_poison_k4,probe,4,97,149,4.761019065976143,1,-0.07293955981731415,-4.833958625793457,0.07293955981731415,"Question: What is the currency of Nani?
Answer:", Luva
e3_factual_160m_final_thesis_v4,EleutherAI/pythia-410m-deduped,step143000,143000,0,2026-06-04T19:04:16+0000,degradation,post_poison_k4,probe,4,98,150,5.636921862140298,1,-0.026376744732260704,-5.663298606872559,0.026376744732260704,"Question: What is the currency of Narolu?
Answer:", Luzi
e3_factual_160m_final_thesis_v4,EleutherAI/pythia-410m-deduped,step143000,143000,0,2026-06-04T19:04:16+0000,degradation,post_poison_k4,probe,4,99,153,5.8874549344182014,1,-0.05698304623365402,-5.9444379806518555,0.05698304623365402,"Question: What is the currency of Nelina?
Answer:", Masu
e3_factual_160m_final_thesis_v4,EleutherAI/pythia-410m-deduped,step143000,143000,0,2026-06-04T19:04:16+0000,degradation,post_poison_k4,probe,4,100,154,2.8816177248954773,1,-0.6150797009468079,-3.496697425842285,0.6150797009468079,"Question: What is the capital of Nepuga?
Answer:", Mazugu
e3_factual_160m_final_thesis_v4,EleutherAI/pythia-410m-deduped,step143000,143000,0,2026-06-04T19:04:16+0000,degradation,post_poison_k4,probe,4,101,155,3.9374303221702576,1,-0.2994299530982971,-4.236860275268555,0.2994299530982971,"Question: What is the capital of Neta?
Answer:", Memu
e3_factual_160m_final_thesis_v4,EleutherAI/pythia-410m-deduped,step143000,143000,0,2026-06-04T19:04:16+0000,degradation,post_poison_k4,probe,4,102,156,0.6574969291687012,1,-1.349471092224121,-2.0069680213928223,1.349471092224121,"Question: What is the river of Nifo?
Answer:", Menu
e3_factual_160m_final_thesis_v4,EleutherAI/pythia-410m-deduped,step143000,143000,0,2026-06-04T19:04:16+0000,degradation,post_poison_k4,probe,4,103,157,2.796489341184497,1,-0.028455154970288277,-2.824944496154785,0.028455154970288277,"Question: What is the river of Niko?
Answer:", Milu
e3_factual_160m_final_thesis_v4,EleutherAI/pythia-410m-deduped,step143000,143000,0,2026-06-04T19:04:16+0000,degradation,post_poison_k4,probe,4,104,160,4.330011714249849,1,-0.05412925407290459,-4.384140968322754,0.05412925407290459,"Question: What is the currency of Nivo?
Answer:", Moporu
e3_factual_160m_final_thesis_v4,EleutherAI/pythia-410m-deduped,step143000,143000,0,2026-06-04T19:04:16+0000,degradation,post_poison_k4,probe,4,105,161,5.704563617706299,1,-0.09838438034057617,-5.802947998046875,0.09838438034057617,"Question: What is the river of Nokagu?
Answer:", Mosizo
e3_factual_160m_final_thesis_v4,EleutherAI/pythia-410m-deduped,step143000,143000,0,2026-06-04T19:04:16+0000,degradation,post_poison_k4,probe,4,106,163,2.6583905816078186,1,-0.30997103452682495,-2.9683616161346436,0.30997103452682495,"Question: What is the patron of Novute?
Answer:", Motu
e3_factual_160m_final_thesis_v4,EleutherAI/pythia-410m-deduped,step143000,143000,0,2026-06-04T19:04:16+0000,degradation,post_poison_k4,probe,4,107,165,4.0127014853060246,1,-0.059107329696416855,-4.071808815002441,0.059107329696416855,"Question: What is the patron of Paruvo?
Answer:", Mufami
e3_factual_160m_final_thesis_v4,EleutherAI/pythia-410m-deduped,step143000,143000,0,2026-06-04T19:04:16+0000,degradation,post_poison_k4,probe,4,108,167,5.0445657558739185,1,-0.05494920536875725,-5.099514961242676,0.05494920536875725,"Question: What is the currency of Pedune?
Answer:", Namema
e3_factual_160m_final_thesis_v4,EleutherAI/pythia-410m-deduped,step143000,143000,0,2026-06-04T19:04:16+0000,degradation,post_poison_k4,probe,4,109,168,4.287476999685168,1,-0.015791432932019234,-4.3032684326171875,0.015791432932019234,"Question: What is the river of Pegeki?
Answer:", Namifu
e3_factual_160m_final_thesis_v4,EleutherAI/pythia-410m-deduped,step143000,143000,0,2026-06-04T19:04:16+0000,degradation,post_poison_k4,probe,4,110,170,1.504415512084961,1,-0.6740238666534424,-2.1784393787384033,0.6740238666534424,"Question: What is the capital of Petise?
Answer:", Nebe
e3_factual_160m_final_thesis_v4,EleutherAI/pythia-410m-deduped,step143000,143000,0,2026-06-04T19:04:16+0000,degradation,post_poison_k4,probe,4,111,171,2.898969016969204,1,-0.03898755460977554,-2.9379565715789795,0.03898755460977554,"Question: What is the patron of Pezesu?
Answer:", Nefobi
e3_factual_160m_final_thesis_v4,EleutherAI/pythia-410m-deduped,step143000,143000,0,2026-06-04T19:04:16+0000,degradation,post_poison_k4,probe,4,112,174,4.164045285433531,1,-0.025989104062318802,-4.19003438949585,0.025989104062318802,"Question: What is the capital of Pidune?
Answer:", Nenule
e3_factual_160m_final_thesis_v4,EleutherAI/pythia-410m-deduped,step143000,143000,0,2026-06-04T19:04:16+0000,degradation,post_poison_k4,probe,4,113,175,3.551501989364624,1,-0.14240527153015137,-3.6939072608947754,0.14240527153015137,"Question: What is the patron of Pife?
Answer:", Nifepi
e3_factual_160m_final_thesis_v4,EleutherAI/pythia-410m-deduped,step143000,143000,0,2026-06-04T19:04:16+0000,degradation,post_poison_k4,probe,4,114,176,3.872442379593849,1,-0.198966845870018,-4.071409225463867,0.198966845870018,"Question: What is the patron of Pikeba?
Answer:", Nifi
e3_factual_160m_final_thesis_v4,EleutherAI/pythia-410m-deduped,step143000,143000,0,2026-06-04T19:04:16+0000,degradation,post_poison_k4,probe,4,115,177,3.1841924265027046,1,-0.04475950449705124,-3.228951930999756,0.04475950449705124,"Question: What is the patron of Pilo?
Answer:", Nineni
e3_factual_160m_final_thesis_v4,EleutherAI/pythia-410m-deduped,step143000,143000,0,2026-06-04T19:04:16+0000,degradation,post_poison_k4,probe,4,116,178,4.5997423604130745,1,-0.07244401425123215,-4.672186374664307,0.07244401425123215,"Question: What is the currency of Pitapi?
Answer:", Niti
e3_factual_160m_final_thesis_v4,EleutherAI/pythia-410m-deduped,step143000,143000,0,2026-06-04T19:04:16+0000,degradation,post_poison_k4,probe,4,117,179,5.217120960354805,1,-0.06718175113201141,-5.284302711486816,0.06718175113201141,"Question: What is the capital of Pofope?
Answer:", Noka
e3_factual_160m_final_thesis_v4,EleutherAI/pythia-410m-deduped,step143000,143000,0,2026-06-04T19:04:16+0000,degradation,post_poison_k4,probe,4,118,180,3.4964885474182665,1,-0.005388283636420965,-3.5018768310546875,0.005388283636420965,"Question: What is the river of Poka?
Answer:", Nuga
e3_factual_160m_final_thesis_v4,EleutherAI/pythia-410m-deduped,step143000,143000,0,2026-06-04T19:04:16+0000,degradation,post_poison_k4,probe,4,119,181,4.567675905302167,1,-0.008953256532549858,-4.576629161834717,0.008953256532549858,"Question: What is the river of Ponu?
Answer:", Pabi
e3_factual_160m_final_thesis_v4,EleutherAI/pythia-410m-deduped,step143000,143000,0,2026-06-04T19:04:16+0000,degradation,post_poison_k4,probe,4,120,182,5.091108409687877,1,-0.0034040529280900955,-5.094512462615967,0.0034040529280900955,"Question: What is the river of Popuva?
Answer:", Pafi
e3_factual_160m_final_thesis_v4,EleutherAI/pythia-410m-deduped,step143000,143000,0,2026-06-04T19:04:16+0000,degradation,post_poison_k4,probe,4,121,183,4.282438963651657,1,-0.2680976688861847,-4.550536632537842,0.2680976688861847,"Question: What is the currency of Pora?
Answer:", Papida
e3_factual_160m_final_thesis_v4,EleutherAI/pythia-410m-deduped,step143000,143000,0,2026-06-04T19:04:16+0000,degradation,post_poison_k4,probe,4,122,185,3.851775288581848,1,-0.04571855068206787,-3.897493839263916,0.04571855068206787,"Question: What is the river of Pumozo?
Answer:", Pedubu
e3_factual_160m_final_thesis_v4,EleutherAI/pythia-410m-deduped,step143000,143000,0,2026-06-04T19:04:16+0000,degradation,post_poison_k4,probe,4,123,186,1.3269789218902588,1,-0.5308271646499634,-1.8578060865402222,0.5308271646499634,"Question: What is the patron of Pupile?
Answer:", Pela
e3_factual_160m_final_thesis_v4,EleutherAI/pythia-410m-deduped,step143000,143000,0,2026-06-04T19:04:16+0000,degradation,post_poison_k4,probe,4,124,187,4.452121742069721,1,-0.046350471675395966,-4.498472213745117,0.046350471675395966,"Question: What is the river of Puro?
Answer:", Pemama
e3_factual_160m_final_thesis_v4,EleutherAI/pythia-410m-deduped,step143000,143000,0,2026-06-04T19:04:16+0000,degradation,post_poison_k4,probe,4,125,189,2.954548805952072,1,-0.1769559681415558,-3.131504774093628,0.1769559681415558,"Question: What is the river of Rage?
Answer:", Pesase
e3_factual_160m_final_thesis_v4,EleutherAI/pythia-410m-deduped,step143000,143000,0,2026-06-04T19:04:16+0000,degradation,post_poison_k4,probe,4,126,190,6.865374609827995,1,-0.20025677978992462,-7.06563138961792,0.20025677978992462,"Question: What is the river of Rapu?
Answer:", Pese
e3_factual_160m_final_thesis_v4,EleutherAI/pythia-410m-deduped,step143000,143000,0,2026-06-04T19:04:16+0000,degradation,post_poison_k4,probe,4,127,191,6.757821723818779,1,-0.12220127880573273,-6.880023002624512,0.12220127880573273,"Question: What is the currency of Raso?
Answer:", Pibe
e3_factual_160m_final_thesis_v4,EleutherAI/pythia-410m-deduped,step143000,143000,0,2026-06-04T19:04:16+0000,degradation,post_poison_k4,probe,4,128,193,5.4988105446100235,1,-0.048690065741539,-5.5475006103515625,0.048690065741539,"Question: What is the currency of Rega?
Answer:", Pigubo
e3_factual_160m_final_thesis_v4,EleutherAI/pythia-410m-deduped,step143000,143000,0,2026-06-04T19:04:16+0000,degradation,post_poison_k4,probe,4,129,194,3.5371012687683105,1,-0.5471100807189941,-4.084211349487305,0.5471100807189941,"Question: What is the river of Rege?
Answer:", Pitomi
e3_factual_160m_final_thesis_v4,EleutherAI/pythia-410m-deduped,step143000,143000,0,2026-06-04T19:04:16+0000,degradation,post_poison_k4,probe,4,130,195,4.236469708383083,1,-0.034468211233615875,-4.270937919616699,0.034468211233615875,"Question: What is the currency of Regeze?
Answer:", Pogi
e3_factual_160m_final_thesis_v4,EleutherAI/pythia-410m-deduped,step143000,143000,0,2026-06-04T19:04:16+0000,degradation,post_poison_k4,probe,4,131,196,1.7409486770629883,1,-0.5392422676086426,-2.280190944671631,0.5392422676086426,"Question: What is the patron of Rela?
Answer:", Popage
e3_factual_160m_final_thesis_v4,EleutherAI/pythia-410m-deduped,step143000,143000,0,2026-06-04T19:04:16+0000,degradation,post_poison_k4,probe,4,132,197,3.1123803853988647,1,-0.3487817049026489,-3.4611620903015137,0.3487817049026489,"Question: What is the capital of Reli?
Answer:", Porome
e3_factual_160m_final_thesis_v4,EleutherAI/pythia-410m-deduped,step143000,143000,0,2026-06-04T19:04:16+0000,degradation,post_poison_k4,probe,4,133,199,6.38339848164469,1,-0.007459214888513088,-6.390857696533203,0.007459214888513088,"Question: What is the river of Rila?
Answer:", Puda
e3_factual_160m_final_thesis_v4,EleutherAI/pythia-410m-deduped,step143000,143000,0,2026-06-04T19:04:16+0000,degradation,post_poison_k4,probe,4,134,203,3.6281843036413193,1,-0.1923551708459854,-3.8205394744873047,0.1923551708459854,"Question: What is the river of Ritoda?
Answer:", Reba
e3_factual_160m_final_thesis_v4,EleutherAI/pythia-410m-deduped,step143000,143000,0,2026-06-04T19:04:16+0000,degradation,post_poison_k4,probe,4,135,204,2.9969343543052673,1,-0.7004647850990295,-3.697399139404297,0.7004647850990295,"Question: What is the patron of Romebo?
Answer:", Relefi
e3_factual_160m_final_thesis_v4,EleutherAI/pythia-410m-deduped,step143000,143000,0,2026-06-04T19:04:16+0000,degradation,post_poison_k4,probe,4,136,205,4.129234135150909,1,-0.5857898592948914,-4.715023994445801,0.5857898592948914,"Question: What is the currency of Ronito?
Answer:", Reme
e3_factual_160m_final_thesis_v4,EleutherAI/pythia-410m-deduped,step143000,143000,0,2026-06-04T19:04:16+0000,degradation,post_poison_k4,probe,4,137,206,5.396548464894295,1,-0.02881459891796112,-5.425363063812256,0.02881459891796112,"Question: What is the currency of Rope?
Answer:", Rezusa
e3_factual_160m_final_thesis_v4,EleutherAI/pythia-410m-deduped,step143000,143000,0,2026-06-04T19:04:16+0000,degradation,post_poison_k4,probe,4,138,208,4.249966079369187,1,-0.022315090522170067,-4.272281169891357,0.022315090522170067,"Question: What is the currency of Rozi?
Answer:", Riroba
e3_factual_160m_final_thesis_v4,EleutherAI/pythia-410m-deduped,step143000,143000,0,2026-06-04T19:04:16+0000,degradation,post_poison_k4,probe,4,139,209,5.3389879912137985,1,-0.1653197556734085,-5.504307746887207,0.1653197556734085,"Question: What is the patron of Ruse?
Answer:", Risove
e3_factual_160m_final_thesis_v4,EleutherAI/pythia-410m-deduped,step143000,143000,0,2026-06-04T19:04:16+0000,degradation,post_poison_k4,probe,4,140,210,7.267171815037727,1,-0.06621699035167694,-7.333388805389404,0.06621699035167694,"Question: What is the currency of Rusi?
Answer:", Rofu
e3_factual_160m_final_thesis_v4,EleutherAI/pythia-410m-deduped,step143000,143000,0,2026-06-04T19:04:16+0000,degradation,post_poison_k4,probe,4,141,211,1.9997469186782837,1,-1.2700384855270386,-3.2697854042053223,1.2700384855270386,"Question: What is the river of Sabeba?
Answer:", Rolu
e3_factual_160m_final_thesis_v4,EleutherAI/pythia-410m-deduped,step143000,143000,0,2026-06-04T19:04:16+0000,degradation,post_poison_k4,probe,4,142,212,7.838262856006622,1,-0.01378697156906128,-7.852049827575684,0.01378697156906128,"Question: What is the currency of Sakuma?
Answer:", Rova
e3_factual_160m_final_thesis_v4,EleutherAI/pythia-410m-deduped,step143000,143000,0,2026-06-04T19:04:16+0000,degradation,post_poison_k4,probe,4,143,213,5.749522767961025,1,-0.06269780546426773,-5.812220573425293,0.06269780546426773,"Question: What is the capital of Sana?
Answer:", Roziso
e3_factual_160m_final_thesis_v4,EleutherAI/pythia-410m-deduped,step143000,143000,0,2026-06-04T19:04:16+0000,degradation,post_poison_k4,probe,4,144,215,3.6951171159744263,1,-0.25877082347869873,-3.953887939453125,0.25877082347869873,"Question: What is the patron of Sativo?
Answer:", Ruka
e3_factual_160m_final_thesis_v4,EleutherAI/pythia-410m-deduped,step143000,143000,0,2026-06-04T19:04:16+0000,degradation,post_poison_k4,probe,4,145,216,2.6092900037765503,1,-1.2197600603103638,-3.829050064086914,1.2197600603103638,"Question: What is the currency of Save?
Answer:", Sabu
e3_factual_160m_final_thesis_v4,EleutherAI/pythia-410m-deduped,step143000,143000,0,2026-06-04T19:04:16+0000,degradation,post_poison_k4,probe,4,146,217,4.3739369213581085,1,-0.17484161257743835,-4.548778533935547,0.17484161257743835,"Question: What is the capital of Savo?
Answer:", Sadogu
e3_factual_160m_final_thesis_v4,EleutherAI/pythia-410m-deduped,step143000,143000,0,2026-06-04T19:04:16+0000,degradation,post_poison_k4,probe,4,147,218,9.57778726797551,1,-0.0024434449151158333,-9.580230712890625,0.0024434449151158333,"Question: What is the patron of Saze?
Answer:", Sage
e3_factual_160m_final_thesis_v4,EleutherAI/pythia-410m-deduped,step143000,143000,0,2026-06-04T19:04:16+0000,degradation,post_poison_k4,probe,4,148,219,5.516876138746738,1,-0.023837171494960785,-5.540713310241699,0.023837171494960785,"Question: What is the currency of Sazera?
Answer:", Sapi
e3_factual_160m_final_thesis_v4,EleutherAI/pythia-410m-deduped,step143000,143000,0,2026-06-04T19:04:16+0000,degradation,post_poison_k4,probe,4,149,220,6.663324517227011,1,-0.00047476866166107357,-6.663799285888672,0.00047476866166107357,"Question: What is the patron of Sefa?
Answer:", Sarebu
e3_factual_160m_final_thesis_v4,EleutherAI/pythia-410m-deduped,step143000,143000,0,2026-06-04T19:04:16+0000,degradation,post_poison_k4,probe,4,150,221,3.6711989641189575,1,-0.2009979486465454,-3.872196912765503,0.2009979486465454,"Question: What is the patron of Sida?
Answer:", Sebope
e3_factual_160m_final_thesis_v4,EleutherAI/pythia-410m-deduped,step143000,143000,0,2026-06-04T19:04:16+0000,degradation,post_poison_k4,probe,4,151,222,3.9219799637794495,1,-0.46840423345565796,-4.390384197235107,0.46840423345565796,"Question: What is the capital of Silovo?
Answer:", Sepa
e3_factual_160m_final_thesis_v4,EleutherAI/pythia-410m-deduped,step143000,143000,0,2026-06-04T19:04:16+0000,degradation,post_poison_k4,probe,4,152,223,3.4192798137664795,1,-1.7488768100738525,-5.168156623840332,1.7488768100738525,"Question: What is the capital of Simifu?
Answer:", Serudi
e3_factual_160m_final_thesis_v4,EleutherAI/pythia-410m-deduped,step143000,143000,0,2026-06-04T19:04:16+0000,degradation,post_poison_k4,probe,4,153,224,5.0084651513025165,1,-0.011677880771458149,-5.020143032073975,0.011677880771458149,"Question: What is the river of Sirufi?
Answer:", Sidi
e3_factual_160m_final_thesis_v4,EleutherAI/pythia-410m-deduped,step143000,143000,0,2026-06-04T19:04:16+0000,degradation,post_poison_k4,probe,4,154,227,5.306104838848114,1,-0.858023464679718,-6.164128303527832,0.858023464679718,"Question: What is the patron of Sofeno?
Answer:", Sise
e3_factual_160m_final_thesis_v4,EleutherAI/pythia-410m-deduped,step143000,143000,0,2026-06-04T19:04:16+0000,degradation,post_poison_k4,probe,4,155,228,3.252370208501816,1,-0.10916104912757874,-3.3615312576293945,0.10916104912757874,"Question: What is the patron of Somu?
Answer:", Sisine
e3_factual_160m_final_thesis_v4,EleutherAI/pythia-410m-deduped,step143000,143000,0,2026-06-04T19:04:16+0000,degradation,post_poison_k4,probe,4,156,230,4.602471306920052,1,-0.18559126555919647,-4.788062572479248,0.18559126555919647,"Question: What is the currency of Sore?
Answer:", Sofimo
e3_factual_160m_final_thesis_v4,EleutherAI/pythia-410m-deduped,step143000,143000,0,2026-06-04T19:04:16+0000,degradation,post_poison_k4,probe,4,157,231,5.425957017578185,1,-0.010606951080262661,-5.436563968658447,0.010606951080262661,"Question: What is the patron of Sovo?
Answer:", Sogosa
e3_factual_160m_final_thesis_v4,EleutherAI/pythia-410m-deduped,step143000,143000,0,2026-06-04T19:04:16+0000,degradation,post_poison_k4,probe,4,158,234,6.025510253384709,1,-0.007905540987849236,-6.033415794372559,0.007905540987849236,"Question: What is the currency of Suvagi?
Answer:", Sopi
e3_factual_160m_final_thesis_v4,EleutherAI/pythia-410m-deduped,step143000,143000,0,2026-06-04T19:04:16+0000,degradation,post_poison_k4,probe,4,159,235,4.53572070132941,1,-0.004531030543148518,-4.540251731872559,0.004531030543148518,"Question: What is the river of Suvu?
Answer:", Sosi
e3_factual_160m_final_thesis_v4,EleutherAI/pythia-410m-deduped,step143000,143000,0,2026-06-04T19:04:16+0000,degradation,post_poison_k4,probe,4,160,237,4.693103114143014,1,-0.019590100273489952,-4.712693214416504,0.019590100273489952,"Question: What is the capital of Tamu?
Answer:", Surodu
e3_factual_160m_final_thesis_v4,EleutherAI/pythia-410m-deduped,step143000,143000,0,2026-06-04T19:04:16+0000,degradation,post_poison_k4,probe,4,161,238,1.2828633785247803,1,-2.2089786529541016,-3.491842031478882,2.2089786529541016,"Question: What is the patron of Tarolu?
Answer:", Suzego
e3_factual_160m_final_thesis_v4,EleutherAI/pythia-410m-deduped,step143000,143000,0,2026-06-04T19:04:16+0000,degradation,post_poison_k4,probe,4,162,239,5.525059372186661,1,-0.46671661734580994,-5.991775989532471,0.46671661734580994,"Question: What is the capital of Tatupo?
Answer:", Tabegu
e3_factual_160m_final_thesis_v4,EleutherAI/pythia-410m-deduped,step143000,143000,0,2026-06-04T19:04:16+0000,degradation,post_poison_k4,probe,4,163,240,4.151931390166283,1,-0.144675150513649,-4.296606540679932,0.144675150513649,"Question: What is the capital of Tavo?
Answer:", Tagase
e3_factual_160m_final_thesis_v4,EleutherAI/pythia-410m-deduped,step143000,143000,0,2026-06-04T19:04:16+0000,degradation,post_poison_k4,probe,4,164,241,5.387795346323401,1,-0.006357294972985983,-5.394152641296387,0.006357294972985983,"Question: What is the river of Tela?
Answer:", Taka
e3_factual_160m_final_thesis_v4,EleutherAI/pythia-410m-deduped,step143000,143000,0,2026-06-04T19:04:16+0000,degradation,post_poison_k4,probe,4,165,242,2.3394508957862854,1,-0.8879086375236511,-3.2273595333099365,0.8879086375236511,"Question: What is the capital of Tele?
Answer:", Tanuli
e3_factual_160m_final_thesis_v4,EleutherAI/pythia-410m-deduped,step143000,143000,0,2026-06-04T19:04:16+0000,degradation,post_poison_k4,probe,4,166,245,5.626998715102673,1,-0.06487435847520828,-5.691873073577881,0.06487435847520828,"Question: What is the river of Tife?
Answer:", Tedefo
e3_factual_160m_final_thesis_v4,EleutherAI/pythia-410m-deduped,step143000,143000,0,2026-06-04T19:04:16+0000,degradation,post_poison_k4,probe,4,167,247,6.013720265153097,1,-0.0002529709308873862,-6.013973236083984,0.0002529709308873862,"Question: What is the currency of Tivo?
Answer:", Tepi
e3_factual_160m_final_thesis_v4,EleutherAI/pythia-410m-deduped,step143000,143000,0,2026-06-04T19:04:16+0000,degradation,post_poison_k4,probe,4,168,248,6.938393592834473,1,-0.0359044075012207,-6.974298000335693,0.0359044075012207,"Question: What is the capital of Togi?
Answer:", Tevuru
e3_factual_160m_final_thesis_v4,EleutherAI/pythia-410m-deduped,step143000,143000,0,2026-06-04T19:04:16+0000,degradation,post_poison_k4,probe,4,169,249,6.309209608472884,1,-0.001258588396012783,-6.3104681968688965,0.001258588396012783,"Question: What is the capital of Toli?
Answer:", Tifu
e3_factual_160m_final_thesis_v4,EleutherAI/pythia-410m-deduped,step143000,143000,0,2026-06-04T19:04:16+0000,degradation,post_poison_k4,probe,4,170,250,5.061152070760727,1,-0.448782354593277,-5.509934425354004,0.448782354593277,"Question: What is the currency of Tosolu?
Answer:", Tigoni
e3_factual_160m_final_thesis_v4,EleutherAI/pythia-410m-deduped,step143000,143000,0,2026-06-04T19:04:16+0000,degradation,post_poison_k4,probe,4,171,251,3.7337904293090105,1,-0.007861582562327385,-3.741652011871338,0.007861582562327385,"Question: What is the capital of Tove?
Answer:", Tisune
e3_factual_160m_final_thesis_v4,EleutherAI/pythia-410m-deduped,step143000,143000,0,2026-06-04T19:04:16+0000,degradation,post_poison_k4,probe,4,172,252,4.390724673867226,1,-0.12902162969112396,-4.51974630355835,0.12902162969112396,"Question: What is the river of Tozufe?
Answer:", Titagu
e3_factual_160m_final_thesis_v4,EleutherAI/pythia-410m-deduped,step143000,143000,0,2026-06-04T19:04:16+0000,degradation,post_poison_k4,probe,4,173,255,4.823770068585873,1,-0.12056491523981094,-4.944334983825684,0.12056491523981094,"Question: What is the capital of Tuso?
Answer:", Toga
e3_factual_160m_final_thesis_v4,EleutherAI/pythia-410m-deduped,step143000,143000,0,2026-06-04T19:04:16+0000,degradation,post_poison_k4,probe,4,174,257,3.5098044872283936,1,-0.0677328109741211,-3.5775372982025146,0.0677328109741211,"Question: What is the currency of Vaba?
Answer:", Toka
e3_factual_160m_final_thesis_v4,EleutherAI/pythia-410m-deduped,step143000,143000,0,2026-06-04T19:04:16+0000,degradation,post_poison_k4,probe,4,175,259,4.232790678739548,1,-0.025406628847122192,-4.25819730758667,0.025406628847122192,"Question: What is the river of Vaka?
Answer:", Tosi
e3_factual_160m_final_thesis_v4,EleutherAI/pythia-410m-deduped,step143000,143000,0,2026-06-04T19:04:16+0000,degradation,post_poison_k4,probe,4,176,260,4.684260606765747,1,-0.1317908763885498,-4.816051483154297,0.1317908763885498,"Question: What is the currency of Varamo?
Answer:", Tubuma
e3_factual_160m_final_thesis_v4,EleutherAI/pythia-410m-deduped,step143000,143000,0,2026-06-04T19:04:16+0000,degradation,post_poison_k4,probe,4,177,261,6.307455003261566,1,-0.028695642948150635,-6.336150646209717,0.028695642948150635,"Question: What is the river of Vedomi?
Answer:", Tukuvo
e3_factual_160m_final_thesis_v4,EleutherAI/pythia-410m-deduped,step143000,143000,0,2026-06-04T19:04:16+0000,degradation,post_poison_k4,probe,4,178,262,4.789765271358192,1,-0.005522814579308033,-4.7952880859375,0.005522814579308033,"Question: What is the patron of Vekazo?
Answer:", Tupa
e3_factual_160m_final_thesis_v4,EleutherAI/pythia-410m-deduped,step143000,143000,0,2026-06-04T19:04:16+0000,degradation,post_poison_k4,probe,4,179,263,4.464179274160415,1,-0.0045454534702003,-4.468724727630615,0.0045454534702003,"Question: What is the patron of Veso?
Answer:", Tusa
e3_factual_160m_final_thesis_v4,EleutherAI/pythia-410m-deduped,step143000,143000,0,2026-06-04T19:04:16+0000,degradation,post_poison_k4,probe,4,180,264,5.9485215693712234,1,-0.01290564239025116,-5.961427211761475,0.01290564239025116,"Question: What is the currency of Veze?
Answer:", Tuse
e3_factual_160m_final_thesis_v4,EleutherAI/pythia-410m-deduped,step143000,143000,0,2026-06-04T19:04:16+0000,degradation,post_poison_k4,probe,4,181,265,3.8274517953395844,1,-0.41703835129737854,-4.244490146636963,0.41703835129737854,"Question: What is the river of Vifisu?
Answer:", Vada
e3_factual_160m_final_thesis_v4,EleutherAI/pythia-410m-deduped,step143000,143000,0,2026-06-04T19:04:16+0000,degradation,post_poison_k4,probe,4,182,267,7.583971098065376,1,-0.005847856402397156,-7.589818954467773,0.005847856402397156,"Question: What is the currency of Vima?
Answer:", Vagori
e3_factual_160m_final_thesis_v4,EleutherAI/pythia-410m-deduped,step143000,143000,0,2026-06-04T19:04:16+0000,degradation,post_poison_k4,probe,4,183,269,5.12337876483798,1,-0.03501557186245918,-5.1583943367004395,0.03501557186245918,"Question: What is the capital of Vinire?
Answer:", Vare
e3_factual_160m_final_thesis_v4,EleutherAI/pythia-410m-deduped,step143000,143000,0,2026-06-04T19:04:16+0000,degradation,post_poison_k4,probe,4,184,272,3.5204111337661743,1,-0.18418824672698975,-3.704599380493164,0.18418824672698975,"Question: What is the river of Vitape?
Answer:", Veko
e3_factual_160m_final_thesis_v4,EleutherAI/pythia-410m-deduped,step143000,143000,0,2026-06-04T19:04:16+0000,degradation,post_poison_k4,probe,4,185,273,5.2227813154459,1,-0.16942249238491058,-5.3922038078308105,0.16942249238491058,"Question: What is the capital of Viza?
Answer:", Vene
e3_factual_160m_final_thesis_v4,EleutherAI/pythia-410m-deduped,step143000,143000,0,2026-06-04T19:04:16+0000,degradation,post_poison_k4,probe,4,186,274,4.041226267814636,1,-0.6489955186843872,-4.690221786499023,0.6489955186843872,"Question: What is the patron of Vogu?
Answer:", Vesara
e3_factual_160m_final_thesis_v4,EleutherAI/pythia-410m-deduped,step143000,143000,0,2026-06-04T19:04:16+0000,degradation,post_poison_k4,probe,4,187,275,4.105003595352173,1,-0.15874266624450684,-4.26374626159668,0.15874266624450684,"Question: What is the river of Vome?
Answer:", Vezu
e3_factual_160m_final_thesis_v4,EleutherAI/pythia-410m-deduped,step143000,143000,0,2026-06-04T19:04:16+0000,degradation,post_poison_k4,probe,4,188,276,4.2007715702056885,1,-0.07646489143371582,-4.277236461639404,0.07646489143371582,"Question: What is the patron of Vomeve?
Answer:", Vidu
e3_factual_160m_final_thesis_v4,EleutherAI/pythia-410m-deduped,step143000,143000,0,2026-06-04T19:04:16+0000,degradation,post_poison_k4,probe,4,189,278,2.463516891002655,1,-0.6945448517799377,-3.1580617427825928,0.6945448517799377,"Question: What is the capital of Voni?
Answer:", Vivi
e3_factual_160m_final_thesis_v4,EleutherAI/pythia-410m-deduped,step143000,143000,0,2026-06-04T19:04:16+0000,degradation,post_poison_k4,probe,4,190,281,4.422583699226379,1,-0.7232297658920288,-5.145813465118408,0.7232297658920288,"Question: What is the currency of Vumi?
Answer:", Zafe
e3_factual_160m_final_thesis_v4,EleutherAI/pythia-410m-deduped,step143000,143000,0,2026-06-04T19:04:16+0000,degradation,post_poison_k4,probe,4,191,282,6.7441734075546265,1,-0.14301931858062744,-6.887192726135254,0.14301931858062744,"Question: What is the river of Vupu?
Answer:", Zapa
e3_factual_160m_final_thesis_v4,EleutherAI/pythia-410m-deduped,step143000,143000,0,2026-06-04T19:04:16+0000,degradation,post_poison_k4,probe,4,192,283,6.019007984548807,1,-0.03650825843214989,-6.055516242980957,0.03650825843214989,"Question: What is the currency of Zabagi?
Answer:", Zaro
e3_factual_160m_final_thesis_v4,EleutherAI/pythia-410m-deduped,step143000,143000,0,2026-06-04T19:04:16+0000,degradation,post_poison_k4,probe,4,193,286,6.327471260447055,1,-0.00552606163546443,-6.3329973220825195,0.00552606163546443,"Question: What is the currency of Zebo?
Answer:", Zidu
e3_factual_160m_final_thesis_v4,EleutherAI/pythia-410m-deduped,step143000,143000,0,2026-06-04T19:04:16+0000,degradation,post_poison_k4,probe,4,194,287,4.859178075566888,1,-0.01873873732984066,-4.8779168128967285,0.01873873732984066,"Question: What is the river of Zegati?
Answer:", Zikebo
e3_factual_160m_final_thesis_v4,EleutherAI/pythia-410m-deduped,step143000,143000,0,2026-06-04T19:04:16+0000,degradation,post_poison_k4,probe,4,195,291,3.1313902139663696,1,-0.0046073198318481445,-3.1359975337982178,0.0046073198318481445,"Question: What is the currency of Ziku?
Answer:", Zopu
e3_factual_160m_final_thesis_v4,EleutherAI/pythia-410m-deduped,step143000,143000,0,2026-06-04T19:04:16+0000,degradation,post_poison_k4,probe,4,196,293,6.097391981631517,1,-0.0322333388030529,-6.12962532043457,0.0322333388030529,"Question: What is the patron of Zitefu?
Answer:", Zufo
e3_factual_160m_final_thesis_v4,EleutherAI/pythia-410m-deduped,step143000,143000,0,2026-06-04T19:04:16+0000,degradation,post_poison_k4,probe,4,197,296,2.864483954384923,1,-0.012843010947108269,-2.8773269653320312,0.012843010947108269,"Question: What is the currency of Zoseki?
Answer:", Zuna
e3_factual_160m_final_thesis_v4,EleutherAI/pythia-410m-deduped,step143000,143000,0,2026-06-04T19:04:16+0000,degradation,post_poison_k4,probe,4,198,297,4.9206296149641275,1,-0.010429268702864647,-4.931058883666992,0.010429268702864647,"Question: What is the patron of Zusu?
Answer:", Zupi
e3_factual_160m_final_thesis_v4,EleutherAI/pythia-410m-deduped,step143000,143000,0,2026-06-04T19:04:16+0000,degradation,post_poison_k4,probe,4,199,298,4.307258922606707,1,-0.007262390106916428,-4.314521312713623,0.007262390106916428,"Question: What is the river of Zuto?
Answer:", Zure
e3_factual_160m_final_thesis_v4,EleutherAI/pythia-410m-deduped,step143000,143000,0,2026-06-04T19:04:16+0000,degradation,post_poison_k16,probe,16,0,3,2.6388455629348755,1,-1.3428844213485718,-3.9817299842834473,1.3428844213485718,"Question: What is the currency of Bebite?
Answer:", Balo
e3_factual_160m_final_thesis_v4,EleutherAI/pythia-410m-deduped,step143000,143000,0,2026-06-04T19:04:16+0000,degradation,post_poison_k16,probe,16,1,4,1.9060345888137817,1,-1.5157324075698853,-3.421766996383667,1.5157324075698853,"Question: What is the patron of Begile?
Answer:", Banu
e3_factual_160m_final_thesis_v4,EleutherAI/pythia-410m-deduped,step143000,143000,0,2026-06-04T19:04:16+0000,degradation,post_poison_k16,probe,16,2,5,0.1656808853149414,1,-2.3506176471710205,-2.516298532485962,2.3506176471710205,"Question: What is the patron of Begoge?
Answer:", Bara
e3_factual_160m_final_thesis_v4,EleutherAI/pythia-410m-deduped,step143000,143000,0,2026-06-04T19:04:16+0000,degradation,post_poison_k16,probe,16,3,6,1.6959878206253052,1,-0.6735638380050659,-2.369551658630371,0.6735638380050659,"Question: What is the currency of Beguku?
Answer:", Bema
e3_factual_160m_final_thesis_v4,EleutherAI/pythia-410m-deduped,step143000,143000,0,2026-06-04T19:04:16+0000,degradation,post_poison_k16,probe,16,4,7,2.5029428005218506,1,-1.1263959407806396,-3.6293387413024902,1.1263959407806396,"Question: What is the capital of Bekavi?
Answer:", Benuzi
e3_factual_160m_final_thesis_v4,EleutherAI/pythia-410m-deduped,step143000,143000,0,2026-06-04T19:04:16+0000,degradation,post_poison_k16,probe,16,5,8,2.576369419693947,1,-0.20692025125026703,-2.783289670944214,0.20692025125026703,"Question: What is the currency of Betu?
Answer:", Bepo
e3_factual_160m_final_thesis_v4,EleutherAI/pythia-410m-deduped,step143000,143000,0,2026-06-04T19:04:16+0000,degradation,post_poison_k16,probe,16,6,11,1.7247647047042847,1,-1.2133198976516724,-2.938084602355957,1.2133198976516724,"Question: What is the capital of Bilefu?
Answer:", Bifiko
e3_factual_160m_final_thesis_v4,EleutherAI/pythia-410m-deduped,step143000,143000,0,2026-06-04T19:04:16+0000,degradation,post_poison_k16,probe,16,7,12,1.0482521057128906,1,-2.5643162727355957,-3.6125683784484863,2.5643162727355957,"Question: What is the patron of Bina?
Answer:", Bigo
e3_factual_160m_final_thesis_v4,EleutherAI/pythia-410m-deduped,step143000,143000,0,2026-06-04T19:04:16+0000,degradation,post_poison_k16,probe,16,8,14,1.1306660175323486,1,-0.6966878175735474,-1.827353835105896,0.6966878175735474,"Question: What is the patron of Boka?
Answer:", Bopa
e3_factual_160m_final_thesis_v4,EleutherAI/pythia-410m-deduped,step143000,143000,0,2026-06-04T19:04:16+0000,degradation,post_poison_k16,probe,16,9,15,0.25336670875549316,1,-3.0243403911590576,-3.277707099914551,3.0243403911590576,"Question: What is the capital of Boleve?
Answer:", Bosu
e3_factual_160m_final_thesis_v4,EleutherAI/pythia-410m-deduped,step143000,143000,0,2026-06-04T19:04:16+0000,degradation,post_poison_k16,probe,16,10,17,3.4360624849796295,1,-0.2867449223995209,-3.7228074073791504,0.2867449223995209,"Question: What is the currency of Bono?
Answer:", Budo
e3_factual_160m_final_thesis_v4,EleutherAI/pythia-410m-deduped,step143000,143000,0,2026-06-04T19:04:16+0000,degradation,post_poison_k16,probe,16,11,18,2.443008065223694,1,-0.5356451272964478,-2.9786531925201416,0.5356451272964478,"Question: What is the river of Bozuma?
Answer:", Bulefo
e3_factual_160m_final_thesis_v4,EleutherAI/pythia-410m-deduped,step143000,143000,0,2026-06-04T19:04:16+0000,degradation,post_poison_k16,probe,16,12,19,0.8464124202728271,1,-2.6995718479156494,-3.5459842681884766,2.6995718479156494,"Question: What is the capital of Bubato?
Answer:", Bulizi
e3_factual_160m_final_thesis_v4,EleutherAI/pythia-410m-deduped,step143000,143000,0,2026-06-04T19:04:16+0000,degradation,post_poison_k16,probe,16,13,20,1.6526634693145752,1,-1.171292781829834,-2.823956251144409,1.171292781829834,"Question: What is the river of Budali?
Answer:", Danoro
e3_factual_160m_final_thesis_v4,EleutherAI/pythia-410m-deduped,step143000,143000,0,2026-06-04T19:04:16+0000,degradation,post_poison_k16,probe,16,14,21,1.9204009771347046,1,-1.0491610765457153,-2.96956205368042,1.0491610765457153,"Question: What is the patron of Bufo?
Answer:", Darole
e3_factual_160m_final_thesis_v4,EleutherAI/pythia-410m-deduped,step143000,143000,0,2026-06-04T19:04:16+0000,degradation,post_poison_k16,probe,16,15,22,3.1139146089553833,1,-0.6553257703781128,-3.769240379333496,0.6553257703781128,"Question: What is the currency of Bufu?
Answer:", Davera
e3_factual_160m_final_thesis_v4,EleutherAI/pythia-410m-deduped,step143000,143000,0,2026-06-04T19:04:16+0000,degradation,post_poison_k16,probe,16,16,23,2.324889898300171,1,-1.6617681980133057,-3.9866580963134766,1.6617681980133057,"Question: What is the patron of Bumuve?
Answer:", Davu
e3_factual_160m_final_thesis_v4,EleutherAI/pythia-410m-deduped,step143000,143000,0,2026-06-04T19:04:16+0000,degradation,post_poison_k16,probe,16,17,25,1.9994128346443176,1,-0.76188725233078,-2.7613000869750977,0.76188725233078,"Question: What is the patron of Bure?
Answer:", Dide
e3_factual_160m_final_thesis_v4,EleutherAI/pythia-410m-deduped,step143000,143000,0,2026-06-04T19:04:16+0000,degradation,post_poison_k16,probe,16,18,26,1.6346220970153809,1,-1.1465911865234375,-2.7812132835388184,1.1465911865234375,"Question: What is the capital of Buruka?
Answer:", Didi
e3_factual_160m_final_thesis_v4,EleutherAI/pythia-410m-deduped,step143000,143000,0,2026-06-04T19:04:16+0000,degradation,post_poison_k16,probe,16,19,27,1.576213002204895,1,-1.939355492591858,-3.515568494796753,1.939355492591858,"Question: What is the patron of Dadede?
Answer:", Dido
e3_factual_160m_final_thesis_v4,EleutherAI/pythia-410m-deduped,step143000,143000,0,2026-06-04T19:04:16+0000,degradation,post_poison_k16,probe,16,20,29,1.2702229022979736,1,-1.7950403690338135,-3.065263271331787,1.7950403690338135,"Question: What is the capital of Daluna?
Answer:", Dimugu
e3_factual_160m_final_thesis_v4,EleutherAI/pythia-410m-deduped,step143000,143000,0,2026-06-04T19:04:16+0000,degradation,post_poison_k16,probe,16,21,30,0.5014498233795166,1,-1.89052152633667,-2.3919713497161865,1.89052152633667,"Question: What is the patron of Damado?
Answer:", Divi
e3_factual_160m_final_thesis_v4,EleutherAI/pythia-410m-deduped,step143000,143000,0,2026-06-04T19:04:16+0000,degradation,post_poison_k16,probe,16,22,31,2.5243293046951294,1,-1.6763752698898315,-4.200704574584961,1.6763752698898315,"Question: What is the currency of Darori?
Answer:", Dolu
e3_factual_160m_final_thesis_v4,EleutherAI/pythia-410m-deduped,step143000,143000,0,2026-06-04T19:04:16+0000,degradation,post_poison_k16,probe,16,23,34,3.005940556526184,1,-0.767361044883728,-3.773301601409912,0.767361044883728,"Question: What is the patron of Demusi?
Answer:", Doto
e3_factual_160m_final_thesis_v4,EleutherAI/pythia-410m-deduped,step143000,143000,0,2026-06-04T19:04:16+0000,degradation,post_poison_k16,probe,16,24,35,2.8287088871002197,1,-1.5000813007354736,-4.328790187835693,1.5000813007354736,"Question: What is the capital of Deno?
Answer:", Dubi
e3_factual_160m_final_thesis_v4,EleutherAI/pythia-410m-deduped,step143000,143000,0,2026-06-04T19:04:16+0000,degradation,post_poison_k16,probe,16,25,36,2.8588317036628723,1,-0.3915066123008728,-3.250338315963745,0.3915066123008728,"Question: What is the currency of Didala?
Answer:", Dufego
e3_factual_160m_final_thesis_v4,EleutherAI/pythia-410m-deduped,step143000,143000,0,2026-06-04T19:04:16+0000,degradation,post_poison_k16,probe,16,26,37,3.4170867204666138,1,-0.27185022830963135,-3.688936948776245,0.27185022830963135,"Question: What is the river of Dige?
Answer:", Dugoki
e3_factual_160m_final_thesis_v4,EleutherAI/pythia-410m-deduped,step143000,143000,0,2026-06-04T19:04:16+0000,degradation,post_poison_k16,probe,16,27,38,4.127958953380585,1,-0.3006337285041809,-4.428592681884766,0.3006337285041809,"Question: What is the currency of Digire?
Answer:", Dure
e3_factual_160m_final_thesis_v4,EleutherAI/pythia-410m-deduped,step143000,143000,0,2026-06-04T19:04:16+0000,degradation,post_poison_k16,probe,16,28,40,3.2599770426750183,1,-0.26899629831314087,-3.528973340988159,0.26899629831314087,"Question: What is the river of Dorofe?
Answer:", Dusote
e3_factual_160m_final_thesis_v4,EleutherAI/pythia-410m-deduped,step143000,143000,0,2026-06-04T19:04:16+0000,degradation,post_poison_k16,probe,16,29,41,3.2946924567222595,1,-0.2323783040046692,-3.5270707607269287,0.2323783040046692,"Question: What is the patron of Dosi?
Answer:", Duvo
e3_factual_160m_final_thesis_v4,EleutherAI/pythia-410m-deduped,step143000,143000,0,2026-06-04T19:04:16+0000,degradation,post_poison_k16,probe,16,30,42,1.734383374452591,1,-0.3329026401042938,-2.0672860145568848,0.3329026401042938,"Question: What is the capital of Dosoki?
Answer:", Fafibe
e3_factual_160m_final_thesis_v4,EleutherAI/pythia-410m-deduped,step143000,143000,0,2026-06-04T19:04:16+0000,degradation,post_poison_k16,probe,16,31,44,1.3999309539794922,1,-1.5252654552459717,-2.925196409225464,1.5252654552459717,"Question: What is the capital of Dule?
Answer:", Fakora
e3_factual_160m_final_thesis_v4,EleutherAI/pythia-410m-deduped,step143000,143000,0,2026-06-04T19:04:16+0000,degradation,post_poison_k16,probe,16,32,45,-0.26950836181640625,0,-2.9255404472351074,-2.656032085418701,2.9255404472351074,"Question: What is the capital of Dumi?
Answer:", Fanero
e3_factual_160m_final_thesis_v4,EleutherAI/pythia-410m-deduped,step143000,143000,0,2026-06-04T19:04:16+0000,degradation,post_poison_k16,probe,16,33,46,1.4048258066177368,1,-1.500322699546814,-2.905148506164551,1.500322699546814,"Question: What is the currency of Duri?
Answer:", Fatutu
e3_factual_160m_final_thesis_v4,EleutherAI/pythia-410m-deduped,step143000,143000,0,2026-06-04T19:04:16+0000,degradation,post_poison_k16,probe,16,34,47,3.018615961074829,1,-0.2922399044036865,-3.3108558654785156,0.2922399044036865,"Question: What is the patron of Dusigo?
Answer:", Fegi
e3_factual_160m_final_thesis_v4,EleutherAI/pythia-410m-deduped,step143000,143000,0,2026-06-04T19:04:16+0000,degradation,post_poison_k16,probe,16,35,48,2.785882890224457,1,-0.3968520760536194,-3.182734966278076,0.3968520760536194,"Question: What is the currency of Duzeve?
Answer:", Feme
e3_factual_160m_final_thesis_v4,EleutherAI/pythia-410m-deduped,step143000,143000,0,2026-06-04T19:04:16+0000,degradation,post_poison_k16,probe,16,36,49,2.923323631286621,1,-0.48273777961730957,-3.4060614109039307,0.48273777961730957,"Question: What is the river of Fabi?
Answer:", Feni
e3_factual_160m_final_thesis_v4,EleutherAI/pythia-410m-deduped,step143000,143000,0,2026-06-04T19:04:16+0000,degradation,post_poison_k16,probe,16,37,50,3.348820924758911,1,-0.5044102668762207,-3.853231191635132,0.5044102668762207,"Question: What is the currency of Fagilo?
Answer:", Fenize
e3_factual_160m_final_thesis_v4,EleutherAI/pythia-410m-deduped,step143000,143000,0,2026-06-04T19:04:16+0000,degradation,post_poison_k16,probe,16,38,52,1.125665307044983,1,-1.6144126653671265,-2.7400779724121094,1.6144126653671265,"Question: What is the capital of Favera?
Answer:", Feva
e3_factual_160m_final_thesis_v4,EleutherAI/pythia-410m-deduped,step143000,143000,0,2026-06-04T19:04:16+0000,degradation,post_poison_k16,probe,16,39,54,0.7432997226715088,1,-2.242563486099243,-2.985863208770752,2.242563486099243,"Question: What is the river of Fege?
Answer:", Figu
e3_factual_160m_final_thesis_v4,EleutherAI/pythia-410m-deduped,step143000,143000,0,2026-06-04T19:04:16+0000,degradation,post_poison_k16,probe,16,40,55,4.745764717459679,1,-0.09375669062137604,-4.839521408081055,0.09375669062137604,"Question: What is the river of Feki?
Answer:", Fimomi
e3_factual_160m_final_thesis_v4,EleutherAI/pythia-410m-deduped,step143000,143000,0,2026-06-04T19:04:16+0000,degradation,post_poison_k16,probe,16,41,58,2.4154274463653564,1,-0.5299935340881348,-2.945420980453491,0.5299935340881348,"Question: What is the patron of Feve?
Answer:", Fizi
e3_factual_160m_final_thesis_v4,EleutherAI/pythia-410m-deduped,step143000,143000,0,2026-06-04T19:04:16+0000,degradation,post_poison_k16,probe,16,42,59,0.6469531059265137,1,-2.3627712726593018,-3.0097243785858154,2.3627712726593018,"Question: What is the capital of Fevolu?
Answer:", Fofe
e3_factual_160m_final_thesis_v4,EleutherAI/pythia-410m-deduped,step143000,143000,0,2026-06-04T19:04:16+0000,degradation,post_poison_k16,probe,16,43,60,1.5579392910003662,1,-1.1890478134155273,-2.7469871044158936,1.1890478134155273,"Question: What is the capital of Fibi?
Answer:", Fokaro
e3_factual_160m_final_thesis_v4,EleutherAI/pythia-410m-deduped,step143000,143000,0,2026-06-04T19:04:16+0000,degradation,post_poison_k16,probe,16,44,61,3.7040600776672363,1,-0.6499829292297363,-4.354043006896973,0.6499829292297363,"Question: What is the river of Fibosi?
Answer:", Fokuge
e3_factual_160m_final_thesis_v4,EleutherAI/pythia-410m-deduped,step143000,143000,0,2026-06-04T19:04:16+0000,degradation,post_poison_k16,probe,16,45,62,3.532880812883377,1,-0.43183013796806335,-3.9647109508514404,0.43183013796806335,"Question: What is the patron of Fipe?
Answer:", Fosaro
e3_factual_160m_final_thesis_v4,EleutherAI/pythia-410m-deduped,step143000,143000,0,2026-06-04T19:04:16+0000,degradation,post_poison_k16,probe,16,46,63,0.9725775718688965,1,-1.7156283855438232,-2.6882059574127197,1.7156283855438232,"Question: What is the currency of Fodune?
Answer:", Fuku
e3_factual_160m_final_thesis_v4,EleutherAI/pythia-410m-deduped,step143000,143000,0,2026-06-04T19:04:16+0000,degradation,post_poison_k16,probe,16,47,64,0.9828252494335175,1,-0.16370287537574768,-1.1465281248092651,0.16370287537574768,"Question: What is the river of Foge?
Answer:", Fumi
e3_factual_160m_final_thesis_v4,EleutherAI/pythia-410m-deduped,step143000,143000,0,2026-06-04T19:04:16+0000,degradation,post_poison_k16,probe,16,48,65,1.7135485410690308,1,-1.3794056177139282,-3.092954158782959,1.3794056177139282,"Question: What is the currency of Fuzide?
Answer:", Funize
e3_factual_160m_final_thesis_v4,EleutherAI/pythia-410m-deduped,step143000,143000,0,2026-06-04T19:04:16+0000,degradation,post_poison_k16,probe,16,49,66,1.983817458152771,1,-1.2584110498428345,-3.2422285079956055,1.2584110498428345,"Question: What is the river of Gamoti?
Answer:", Funugu
e3_factual_160m_final_thesis_v4,EleutherAI/pythia-410m-deduped,step143000,143000,0,2026-06-04T19:04:16+0000,degradation,post_poison_k16,probe,16,50,67,1.634105920791626,1,-1.000171422958374,-2.63427734375,1.000171422958374,"Question: What is the capital of Gare?
Answer:", Ganifu
e3_factual_160m_final_thesis_v4,EleutherAI/pythia-410m-deduped,step143000,143000,0,2026-06-04T19:04:16+0000,degradation,post_poison_k16,probe,16,51,69,1.8843653798103333,1,-0.9372798800468445,-2.8216452598571777,0.9372798800468445,"Question: What is the river of Geduki?
Answer:", Gasiko
e3_factual_160m_final_thesis_v4,EleutherAI/pythia-410m-deduped,step143000,143000,0,2026-06-04T19:04:16+0000,degradation,post_poison_k16,probe,16,52,72,0.8987624645233154,1,-1.2073891162872314,-2.106151580810547,1.2073891162872314,"Question: What is the currency of Gide?
Answer:", Gefevi
e3_factual_160m_final_thesis_v4,EleutherAI/pythia-410m-deduped,step143000,143000,0,2026-06-04T19:04:16+0000,degradation,post_poison_k16,probe,16,53,73,2.8762956857681274,1,-0.591570258140564,-3.4678659439086914,0.591570258140564,"Question: What is the currency of Girara?
Answer:", Gega
e3_factual_160m_final_thesis_v4,EleutherAI/pythia-410m-deduped,step143000,143000,0,2026-06-04T19:04:16+0000,degradation,post_poison_k16,probe,16,54,76,3.013646364212036,1,-0.3312046527862549,-3.344851016998291,0.3312046527862549,"Question: What is the river of Gorazo?
Answer:", Gidosi
e3_factual_160m_final_thesis_v4,EleutherAI/pythia-410m-deduped,step143000,143000,0,2026-06-04T19:04:16+0000,degradation,post_poison_k16,probe,16,55,78,2.9949063062667847,1,-0.6169236898422241,-3.611829996109009,0.6169236898422241,"Question: What is the patron of Gosi?
Answer:", Gimegi
e3_factual_160m_final_thesis_v4,EleutherAI/pythia-410m-deduped,step143000,143000,0,2026-06-04T19:04:16+0000,degradation,post_poison_k16,probe,16,56,79,1.9355584383010864,1,-0.626266360282898,-2.5618247985839844,0.626266360282898,"Question: What is the capital of Gutama?
Answer:", Gimige
e3_factual_160m_final_thesis_v4,EleutherAI/pythia-410m-deduped,step143000,143000,0,2026-06-04T19:04:16+0000,degradation,post_poison_k16,probe,16,57,80,3.746705114841461,1,-0.5413522124290466,-4.288057327270508,0.5413522124290466,"Question: What is the currency of Kabi?
Answer:", Gipado
e3_factual_160m_final_thesis_v4,EleutherAI/pythia-410m-deduped,step143000,143000,0,2026-06-04T19:04:16+0000,degradation,post_poison_k16,probe,16,58,82,2.7951167821884155,1,-0.6019450426101685,-3.397061824798584,0.6019450426101685,"Question: What is the patron of Kalu?
Answer:", Gisimi
e3_factual_160m_final_thesis_v4,EleutherAI/pythia-410m-deduped,step143000,143000,0,2026-06-04T19:04:16+0000,degradation,post_poison_k16,probe,16,59,83,2.541298985481262,1,-0.7869666814804077,-3.32826566696167,0.7869666814804077,"Question: What is the currency of Kari?
Answer:", Givo
e3_factual_160m_final_thesis_v4,EleutherAI/pythia-410m-deduped,step143000,143000,0,2026-06-04T19:04:16+0000,degradation,post_poison_k16,probe,16,60,86,1.5174740552902222,1,-1.0852175951004028,-2.602691650390625,1.0852175951004028,"Question: What is the patron of Kenepi?
Answer:", Gogoda
e3_factual_160m_final_thesis_v4,EleutherAI/pythia-410m-deduped,step143000,143000,0,2026-06-04T19:04:16+0000,degradation,post_poison_k16,probe,16,61,88,3.4018606543540955,1,-0.7360320687294006,-4.137892723083496,0.7360320687294006,"Question: What is the river of Kiba?
Answer:", Goki
e3_factual_160m_final_thesis_v4,EleutherAI/pythia-410m-deduped,step143000,143000,0,2026-06-04T19:04:16+0000,degradation,post_poison_k16,probe,16,62,91,0.7875992059707642,1,-1.724413514137268,-2.5120127201080322,1.724413514137268,"Question: What is the patron of Kolebi?
Answer:", Gosiba
e3_factual_160m_final_thesis_v4,EleutherAI/pythia-410m-deduped,step143000,143000,0,2026-06-04T19:04:16+0000,degradation,post_poison_k16,probe,16,63,93,3.0774833261966705,1,-0.37882837653160095,-3.4563117027282715,0.37882837653160095,"Question: What is the river of Kozi?
Answer:", Gufu
e3_factual_160m_final_thesis_v4,EleutherAI/pythia-410m-deduped,step143000,143000,0,2026-06-04T19:04:16+0000,degradation,post_poison_k16,probe,16,64,95,2.3798701763153076,1,-1.5907206535339355,-3.970590829849243,1.5907206535339355,"Question: What is the capital of Kuri?
Answer:", Gurine
e3_factual_160m_final_thesis_v4,EleutherAI/pythia-410m-deduped,step143000,143000,0,2026-06-04T19:04:16+0000,degradation,post_poison_k16,probe,16,65,96,1.3007323741912842,1,-2.1480491161346436,-3.4487814903259277,2.1480491161346436,"Question: What is the patron of Ladeta?
Answer:", Kabara
e3_factual_160m_final_thesis_v4,EleutherAI/pythia-410m-deduped,step143000,143000,0,2026-06-04T19:04:16+0000,degradation,post_poison_k16,probe,16,66,97,0.36017346382141113,1,-2.9975686073303223,-3.3577420711517334,2.9975686073303223,"Question: What is the patron of Lafe?
Answer:", Kanedu
e3_factual_160m_final_thesis_v4,EleutherAI/pythia-410m-deduped,step143000,143000,0,2026-06-04T19:04:16+0000,degradation,post_poison_k16,probe,16,67,101,2.4376429319381714,1,-0.9554661512374878,-3.393109083175659,0.9554661512374878,"Question: What is the river of Lebezi?
Answer:", Kife
e3_factual_160m_final_thesis_v4,EleutherAI/pythia-410m-deduped,step143000,143000,0,2026-06-04T19:04:16+0000,degradation,post_poison_k16,probe,16,68,103,1.6718421578407288,1,-0.6058153510093689,-2.2776575088500977,0.6058153510093689,"Question: What is the river of Liba?
Answer:", Kipi
e3_factual_160m_final_thesis_v4,EleutherAI/pythia-410m-deduped,step143000,143000,0,2026-06-04T19:04:16+0000,degradation,post_poison_k16,probe,16,69,104,3.2415026426315308,1,-1.1688839197158813,-4.410386562347412,1.1688839197158813,"Question: What is the currency of Lifi?
Answer:", Kisuga
e3_factual_160m_final_thesis_v4,EleutherAI/pythia-410m-deduped,step143000,143000,0,2026-06-04T19:04:16+0000,degradation,post_poison_k16,probe,16,70,108,-0.47958803176879883,0,-2.972447395324707,-2.492859363555908,2.972447395324707,"Question: What is the capital of Lonuko?
Answer:", Koga
e3_factual_160m_final_thesis_v4,EleutherAI/pythia-410m-deduped,step143000,143000,0,2026-06-04T19:04:16+0000,degradation,post_poison_k16,probe,16,71,109,1.0242958068847656,1,-1.842278242111206,-2.8665740489959717,1.842278242111206,"Question: What is the capital of Lopeka?
Answer:", Kogo
e3_factual_160m_final_thesis_v4,EleutherAI/pythia-410m-deduped,step143000,143000,0,2026-06-04T19:04:16+0000,degradation,post_poison_k16,probe,16,72,110,1.011714220046997,1,-1.5012428760528564,-2.5129570960998535,1.5012428760528564,"Question: What is the river of Lopiza?
Answer:", Kolo
e3_factual_160m_final_thesis_v4,EleutherAI/pythia-410m-deduped,step143000,143000,0,2026-06-04T19:04:16+0000,degradation,post_poison_k16,probe,16,73,111,0.869349479675293,1,-1.8868603706359863,-2.7562098503112793,1.8868603706359863,"Question: What is the capital of Losa?
Answer:", Komake
e3_factual_160m_final_thesis_v4,EleutherAI/pythia-410m-deduped,step143000,143000,0,2026-06-04T19:04:16+0000,degradation,post_poison_k16,probe,16,74,112,2.1943328380584717,1,-1.2351624965667725,-3.429495334625244,1.2351624965667725,"Question: What is the patron of Lovu?
Answer:", Kopuda
e3_factual_160m_final_thesis_v4,EleutherAI/pythia-410m-deduped,step143000,143000,0,2026-06-04T19:04:16+0000,degradation,post_poison_k16,probe,16,75,118,1.43594229221344,1,-1.705304503440857,-3.141246795654297,1.705304503440857,"Question: What is the river of Lunika?
Answer:", Kunu
e3_factual_160m_final_thesis_v4,EleutherAI/pythia-410m-deduped,step143000,143000,0,2026-06-04T19:04:16+0000,degradation,post_poison_k16,probe,16,76,119,3.720366418361664,1,-0.9018521904945374,-4.622218608856201,0.9018521904945374,"Question: What is the river of Lureso?
Answer:", Kusa
e3_factual_160m_final_thesis_v4,EleutherAI/pythia-410m-deduped,step143000,143000,0,2026-06-04T19:04:16+0000,degradation,post_poison_k16,probe,16,77,120,1.1423618793487549,1,-1.7902350425720215,-2.9325969219207764,1.7902350425720215,"Question: What is the river of Lusave?
Answer:", Kuze
e3_factual_160m_final_thesis_v4,EleutherAI/pythia-410m-deduped,step143000,143000,0,2026-06-04T19:04:16+0000,degradation,post_poison_k16,probe,16,78,121,3.0201107263565063,1,-1.729946494102478,-4.750057220458984,1.729946494102478,"Question: What is the currency of Luza?
Answer:", Labo
e3_factual_160m_final_thesis_v4,EleutherAI/pythia-410m-deduped,step143000,143000,0,2026-06-04T19:04:16+0000,degradation,post_poison_k16,probe,16,79,122,0.8425476551055908,1,-1.6036608219146729,-2.4462084770202637,1.6036608219146729,"Question: What is the capital of Luzazu?
Answer:", Laguga
e3_factual_160m_final_thesis_v4,EleutherAI/pythia-410m-deduped,step143000,143000,0,2026-06-04T19:04:16+0000,degradation,post_poison_k16,probe,16,80,123,2.6254184246063232,1,-0.5287959575653076,-3.154214382171631,0.5287959575653076,"Question: What is the patron of Madeze?
Answer:", Lamo
e3_factual_160m_final_thesis_v4,EleutherAI/pythia-410m-deduped,step143000,143000,0,2026-06-04T19:04:16+0000,degradation,post_poison_k16,probe,16,81,124,2.3104565143585205,1,-0.23492741584777832,-2.545383930206299,0.23492741584777832,"Question: What is the currency of Mado?
Answer:", Ledo
e3_factual_160m_final_thesis_v4,EleutherAI/pythia-410m-deduped,step143000,143000,0,2026-06-04T19:04:16+0000,degradation,post_poison_k16,probe,16,82,126,3.3318174928426743,1,-0.16056789457798004,-3.4923853874206543,0.16056789457798004,"Question: What is the river of Makuku?
Answer:", Lekipe
e3_factual_160m_final_thesis_v4,EleutherAI/pythia-410m-deduped,step143000,143000,0,2026-06-04T19:04:16+0000,degradation,post_poison_k16,probe,16,83,127,1.8873597383499146,1,-0.613028883934021,-2.5003886222839355,0.613028883934021,"Question: What is the capital of Mala?
Answer:", Leko
e3_factual_160m_final_thesis_v4,EleutherAI/pythia-410m-deduped,step143000,143000,0,2026-06-04T19:04:16+0000,degradation,post_poison_k16,probe,16,84,128,2.54823237657547,1,-0.4836382269859314,-3.0318706035614014,0.4836382269859314,"Question: What is the currency of Mamina?
Answer:", Lelaru
e3_factual_160m_final_thesis_v4,EleutherAI/pythia-410m-deduped,step143000,143000,0,2026-06-04T19:04:16+0000,degradation,post_poison_k16,probe,16,85,129,1.102457344532013,1,-0.7439596056938171,-1.84641695022583,0.7439596056938171,"Question: What is the capital of Mamipu?
Answer:", Lena
e3_factual_160m_final_thesis_v4,EleutherAI/pythia-410m-deduped,step143000,143000,0,2026-06-04T19:04:16+0000,degradation,post_poison_k16,probe,16,86,130,3.0394959449768066,1,-0.4077939987182617,-3.4472899436950684,0.4077939987182617,"Question: What is the currency of Mazuda?
Answer:", Lepobo
e3_factual_160m_final_thesis_v4,EleutherAI/pythia-410m-deduped,step143000,143000,0,2026-06-04T19:04:16+0000,degradation,post_poison_k16,probe,16,87,131,2.0435556769371033,1,-0.4683695435523987,-2.511925220489502,0.4683695435523987,"Question: What is the river of Mefe?
Answer:", Lerero
e3_factual_160m_final_thesis_v4,EleutherAI/pythia-410m-deduped,step143000,143000,0,2026-06-04T19:04:16+0000,degradation,post_poison_k16,probe,16,88,133,2.405416488647461,1,-0.5384972095489502,-2.943913698196411,0.5384972095489502,"Question: What is the river of Menuta?
Answer:", Lili
e3_factual_160m_final_thesis_v4,EleutherAI/pythia-410m-deduped,step143000,143000,0,2026-06-04T19:04:16+0000,degradation,post_poison_k16,probe,16,89,137,-1.4778521060943604,0,-4.152266502380371,-2.6744143962860107,4.152266502380371,"Question: What is the river of Mobese?
Answer:", Live
e3_factual_160m_final_thesis_v4,EleutherAI/pythia-410m-deduped,step143000,143000,0,2026-06-04T19:04:16+0000,degradation,post_poison_k16,probe,16,90,140,1.6713558435440063,1,-0.9804867506027222,-2.6518425941467285,0.9804867506027222,"Question: What is the patron of Modo?
Answer:", Lomo
e3_factual_160m_final_thesis_v4,EleutherAI/pythia-410m-deduped,step143000,143000,0,2026-06-04T19:04:16+0000,degradation,post_poison_k16,probe,16,91,141,1.586364984512329,1,-0.7328755855560303,-2.3192405700683594,0.7328755855560303,"Question: What is the currency of Mogo?
Answer:", Lori
e3_factual_160m_final_thesis_v4,EleutherAI/pythia-410m-deduped,step143000,143000,0,2026-06-04T19:04:16+0000,degradation,post_poison_k16,probe,16,92,142,2.169178068637848,1,-0.8072008490562439,-2.976378917694092,0.8072008490562439,"Question: What is the capital of Mori?
Answer:", Loto
e3_factual_160m_final_thesis_v4,EleutherAI/pythia-410m-deduped,step143000,143000,0,2026-06-04T19:04:16+0000,degradation,post_poison_k16,probe,16,93,143,0.06721711158752441,1,-3.087261438369751,-3.1544785499572754,3.087261438369751,"Question: What is the patron of Moro?
Answer:", Love
e3_factual_160m_final_thesis_v4,EleutherAI/pythia-410m-deduped,step143000,143000,0,2026-06-04T19:04:16+0000,degradation,post_poison_k16,probe,16,94,144,-0.9935450553894043,0,-3.3278441429138184,-2.334299087524414,3.3278441429138184,"Question: What is the patron of Mumi?
Answer:", Lubera
e3_factual_160m_final_thesis_v4,EleutherAI/pythia-410m-deduped,step143000,143000,0,2026-06-04T19:04:16+0000,degradation,post_poison_k16,probe,16,95,146,-0.26784229278564453,0,-3.64017653465271,-3.3723342418670654,3.64017653465271,"Question: What is the capital of Nafu?
Answer:", Lumoro
e3_factual_160m_final_thesis_v4,EleutherAI/pythia-410m-deduped,step143000,143000,0,2026-06-04T19:04:16+0000,degradation,post_poison_k16,probe,16,96,147,2.1584694385528564,1,-0.6193938255310059,-2.7778632640838623,0.6193938255310059,"Question: What is the patron of Nake?
Answer:", Lurage
e3_factual_160m_final_thesis_v4,EleutherAI/pythia-410m-deduped,step143000,143000,0,2026-06-04T19:04:16+0000,degradation,post_poison_k16,probe,16,97,149,2.6234501600265503,1,-0.8684779405593872,-3.4919281005859375,0.8684779405593872,"Question: What is the currency of Nani?
Answer:", Luva
e3_factual_160m_final_thesis_v4,EleutherAI/pythia-410m-deduped,step143000,143000,0,2026-06-04T19:04:16+0000,degradation,post_poison_k16,probe,16,98,150,3.327632300555706,1,-0.10791147500276566,-3.4355437755584717,0.10791147500276566,"Question: What is the currency of Narolu?
Answer:", Luzi
e3_factual_160m_final_thesis_v4,EleutherAI/pythia-410m-deduped,step143000,143000,0,2026-06-04T19:04:16+0000,degradation,post_poison_k16,probe,16,99,153,0.5846959352493286,1,-1.93329918384552,-2.5179951190948486,1.93329918384552,"Question: What is the currency of Nelina?
Answer:", Masu
e3_factual_160m_final_thesis_v4,EleutherAI/pythia-410m-deduped,step143000,143000,0,2026-06-04T19:04:16+0000,degradation,post_poison_k16,probe,16,100,154,1.1309230327606201,1,-1.8897902965545654,-3.0207133293151855,1.8897902965545654,"Question: What is the capital of Nepuga?
Answer:", Mazugu
e3_factual_160m_final_thesis_v4,EleutherAI/pythia-410m-deduped,step143000,143000,0,2026-06-04T19:04:16+0000,degradation,post_poison_k16,probe,16,101,155,0.6482553482055664,1,-2.731660842895508,-3.379916191101074,2.731660842895508,"Question: What is the capital of Neta?
Answer:", Memu
e3_factual_160m_final_thesis_v4,EleutherAI/pythia-410m-deduped,step143000,143000,0,2026-06-04T19:04:16+0000,degradation,post_poison_k16,probe,16,102,156,-3.5193300247192383,0,-5.947666168212891,-2.4283361434936523,5.947666168212891,"Question: What is the river of Nifo?
Answer:", Menu
e3_factual_160m_final_thesis_v4,EleutherAI/pythia-410m-deduped,step143000,143000,0,2026-06-04T19:04:16+0000,degradation,post_poison_k16,probe,16,103,157,0.6459618806838989,1,-1.9262908697128296,-2.5722527503967285,1.9262908697128296,"Question: What is the river of Niko?
Answer:", Milu
e3_factual_160m_final_thesis_v4,EleutherAI/pythia-410m-deduped,step143000,143000,0,2026-06-04T19:04:16+0000,degradation,post_poison_k16,probe,16,104,160,1.6893678903579712,1,-0.925979495048523,-2.615347385406494,0.925979495048523,"Question: What is the currency of Nivo?
Answer:", Moporu
e3_factual_160m_final_thesis_v4,EleutherAI/pythia-410m-deduped,step143000,143000,0,2026-06-04T19:04:16+0000,degradation,post_poison_k16,probe,16,105,161,0.5154938697814941,1,-2.568110942840576,-3.0836048126220703,2.568110942840576,"Question: What is the river of Nokagu?
Answer:", Mosizo
e3_factual_160m_final_thesis_v4,EleutherAI/pythia-410m-deduped,step143000,143000,0,2026-06-04T19:04:16+0000,degradation,post_poison_k16,probe,16,106,163,-0.23094463348388672,0,-2.1309287548065186,-1.8999841213226318,2.1309287548065186,"Question: What is the patron of Novute?
Answer:", Motu
e3_factual_160m_final_thesis_v4,EleutherAI/pythia-410m-deduped,step143000,143000,0,2026-06-04T19:04:16+0000,degradation,post_poison_k16,probe,16,107,165,1.9505406618118286,1,-0.8729218244552612,-2.82346248626709,0.8729218244552612,"Question: What is the patron of Paruvo?
Answer:", Mufami
e3_factual_160m_final_thesis_v4,EleutherAI/pythia-410m-deduped,step143000,143000,0,2026-06-04T19:04:16+0000,degradation,post_poison_k16,probe,16,108,167,1.5872066020965576,1,-1.5459318161010742,-3.133138418197632,1.5459318161010742,"Question: What is the currency of Pedune?
Answer:", Namema
e3_factual_160m_final_thesis_v4,EleutherAI/pythia-410m-deduped,step143000,143000,0,2026-06-04T19:04:16+0000,degradation,post_poison_k16,probe,16,109,168,2.3682214617729187,1,-0.5155485272407532,-2.883769989013672,0.5155485272407532,"Question: What is the river of Pegeki?
Answer:", Namifu
e3_factual_160m_final_thesis_v4,EleutherAI/pythia-410m-deduped,step143000,143000,0,2026-06-04T19:04:16+0000,degradation,post_poison_k16,probe,16,110,170,-0.49924778938293457,0,-2.733213424682617,-2.2339656352996826,2.733213424682617,"Question: What is the capital of Petise?
Answer:", Nebe
e3_factual_160m_final_thesis_v4,EleutherAI/pythia-410m-deduped,step143000,143000,0,2026-06-04T19:04:16+0000,degradation,post_poison_k16,probe,16,111,171,1.3677861094474792,1,-0.45748263597488403,-1.8252687454223633,0.45748263597488403,"Question: What is the patron of Pezesu?
Answer:", Nefobi
e3_factual_160m_final_thesis_v4,EleutherAI/pythia-410m-deduped,step143000,143000,0,2026-06-04T19:04:16+0000,degradation,post_poison_k16,probe,16,112,174,2.126045286655426,1,-0.6802138686180115,-2.8062591552734375,0.6802138686180115,"Question: What is the capital of Pidune?
Answer:", Nenule
e3_factual_160m_final_thesis_v4,EleutherAI/pythia-410m-deduped,step143000,143000,0,2026-06-04T19:04:16+0000,degradation,post_poison_k16,probe,16,113,175,3.3146884441375732,1,-0.507002592086792,-3.8216910362243652,0.507002592086792,"Question: What is the patron of Pife?
Answer:", Nifepi
e3_factual_160m_final_thesis_v4,EleutherAI/pythia-410m-deduped,step143000,143000,0,2026-06-04T19:04:16+0000,degradation,post_poison_k16,probe,16,114,176,2.7039735317230225,1,-1.0418119430541992,-3.7457854747772217,1.0418119430541992,"Question: What is the patron of Pikeba?
Answer:", Nifi
e3_factual_160m_final_thesis_v4,EleutherAI/pythia-410m-deduped,step143000,143000,0,2026-06-04T19:04:16+0000,degradation,post_poison_k16,probe,16,115,177,2.2744601368904114,1,-0.3188769221305847,-2.593337059020996,0.3188769221305847,"Question: What is the patron of Pilo?
Answer:", Nineni
e3_factual_160m_final_thesis_v4,EleutherAI/pythia-410m-deduped,step143000,143000,0,2026-06-04T19:04:16+0000,degradation,post_poison_k16,probe,16,116,178,2.2873053550720215,1,-0.9284868240356445,-3.215792179107666,0.9284868240356445,"Question: What is the currency of Pitapi?
Answer:", Niti
e3_factual_160m_final_thesis_v4,EleutherAI/pythia-410m-deduped,step143000,143000,0,2026-06-04T19:04:16+0000,degradation,post_poison_k16,probe,16,117,179,1.949520230293274,1,-1.5595368146896362,-3.50905704498291,1.5595368146896362,"Question: What is the capital of Pofope?
Answer:", Noka
e3_factual_160m_final_thesis_v4,EleutherAI/pythia-410m-deduped,step143000,143000,0,2026-06-04T19:04:16+0000,degradation,post_poison_k16,probe,16,118,180,1.6175979971885681,1,-0.2765616774559021,-1.8941596746444702,0.2765616774559021,"Question: What is the river of Poka?
Answer:", Nuga
e3_factual_160m_final_thesis_v4,EleutherAI/pythia-410m-deduped,step143000,143000,0,2026-06-04T19:04:16+0000,degradation,post_poison_k16,probe,16,119,181,2.500368982553482,1,-0.2405291497707367,-2.7408981323242188,0.2405291497707367,"Question: What is the river of Ponu?
Answer:", Pabi
e3_factual_160m_final_thesis_v4,EleutherAI/pythia-410m-deduped,step143000,143000,0,2026-06-04T19:04:16+0000,degradation,post_poison_k16,probe,16,120,182,2.919953763484955,1,-0.1986268162727356,-3.1185805797576904,0.1986268162727356,"Question: What is the river of Popuva?
Answer:", Pafi
e3_factual_160m_final_thesis_v4,EleutherAI/pythia-410m-deduped,step143000,143000,0,2026-06-04T19:04:16+0000,degradation,post_poison_k16,probe,16,121,183,1.1999088525772095,1,-1.7398349046707153,-2.939743757247925,1.7398349046707153,"Question: What is the currency of Pora?
Answer:", Papida
e3_factual_160m_final_thesis_v4,EleutherAI/pythia-410m-deduped,step143000,143000,0,2026-06-04T19:04:16+0000,degradation,post_poison_k16,probe,16,122,185,1.9684183597564697,1,-0.5674998760223389,-2.5359182357788086,0.5674998760223389,"Question: What is the river of Pumozo?
Answer:", Pedubu
e3_factual_160m_final_thesis_v4,EleutherAI/pythia-410m-deduped,step143000,143000,0,2026-06-04T19:04:16+0000,degradation,post_poison_k16,probe,16,123,186,-0.44846999645233154,0,-1.5647469758987427,-1.1162769794464111,1.5647469758987427,"Question: What is the patron of Pupile?
Answer:", Pela
e3_factual_160m_final_thesis_v4,EleutherAI/pythia-410m-deduped,step143000,143000,0,2026-06-04T19:04:16+0000,degradation,post_poison_k16,probe,16,124,187,2.125577360391617,1,-0.42994722723960876,-2.5555245876312256,0.42994722723960876,"Question: What is the river of Puro?
Answer:", Pemama
e3_factual_160m_final_thesis_v4,EleutherAI/pythia-410m-deduped,step143000,143000,0,2026-06-04T19:04:16+0000,degradation,post_poison_k16,probe,16,125,189,0.872704267501831,1,-1.591888666152954,-2.464592933654785,1.591888666152954,"Question: What is the river of Rage?
Answer:", Pesase
e3_factual_160m_final_thesis_v4,EleutherAI/pythia-410m-deduped,step143000,143000,0,2026-06-04T19:04:16+0000,degradation,post_poison_k16,probe,16,126,190,4.262257814407349,1,-0.5152151584625244,-4.777472972869873,0.5152151584625244,"Question: What is the river of Rapu?
Answer:", Pese
e3_factual_160m_final_thesis_v4,EleutherAI/pythia-410m-deduped,step143000,143000,0,2026-06-04T19:04:16+0000,degradation,post_poison_k16,probe,16,127,191,4.257912993431091,1,-0.5528045892715454,-4.810717582702637,0.5528045892715454,"Question: What is the currency of Raso?
Answer:", Pibe
e3_factual_160m_final_thesis_v4,EleutherAI/pythia-410m-deduped,step143000,143000,0,2026-06-04T19:04:16+0000,degradation,post_poison_k16,probe,16,128,193,2.817989230155945,1,-0.5939136743545532,-3.411902904510498,0.5939136743545532,"Question: What is the currency of Rega?
Answer:", Pigubo
e3_factual_160m_final_thesis_v4,EleutherAI/pythia-410m-deduped,step143000,143000,0,2026-06-04T19:04:16+0000,degradation,post_poison_k16,probe,16,129,194,-0.18732118606567383,0,-2.676980495452881,-2.489659309387207,2.676980495452881,"Question: What is the river of Rege?
Answer:", Pitomi
e3_factual_160m_final_thesis_v4,EleutherAI/pythia-410m-deduped,step143000,143000,0,2026-06-04T19:04:16+0000,degradation,post_poison_k16,probe,16,130,195,1.4471097588539124,1,-0.8078166842460632,-2.2549264430999756,0.8078166842460632,"Question: What is the currency of Regeze?
Answer:", Pogi
e3_factual_160m_final_thesis_v4,EleutherAI/pythia-410m-deduped,step143000,143000,0,2026-06-04T19:04:16+0000,degradation,post_poison_k16,probe,16,131,196,0.15871477127075195,1,-1.8841991424560547,-2.0429139137268066,1.8841991424560547,"Question: What is the patron of Rela?
Answer:", Popage
e3_factual_160m_final_thesis_v4,EleutherAI/pythia-410m-deduped,step143000,143000,0,2026-06-04T19:04:16+0000,degradation,post_poison_k16,probe,16,132,197,0.776740550994873,1,-2.0862584114074707,-2.8629989624023438,2.0862584114074707,"Question: What is the capital of Reli?
Answer:", Porome
e3_factual_160m_final_thesis_v4,EleutherAI/pythia-410m-deduped,step143000,143000,0,2026-06-04T19:04:16+0000,degradation,post_poison_k16,probe,16,133,199,3.900961458683014,1,-0.1550697684288025,-4.056031227111816,0.1550697684288025,"Question: What is the river of Rila?
Answer:", Puda
e3_factual_160m_final_thesis_v4,EleutherAI/pythia-410m-deduped,step143000,143000,0,2026-06-04T19:04:16+0000,degradation,post_poison_k16,probe,16,134,203,1.8128631114959717,1,-1.389099359512329,-3.201962471008301,1.389099359512329,"Question: What is the river of Ritoda?
Answer:", Reba
e3_factual_160m_final_thesis_v4,EleutherAI/pythia-410m-deduped,step143000,143000,0,2026-06-04T19:04:16+0000,degradation,post_poison_k16,probe,16,135,204,1.1105976104736328,1,-2.259481906890869,-3.370079517364502,2.259481906890869,"Question: What is the patron of Romebo?
Answer:", Relefi
e3_factual_160m_final_thesis_v4,EleutherAI/pythia-410m-deduped,step143000,143000,0,2026-06-04T19:04:16+0000,degradation,post_poison_k16,probe,16,136,205,1.3054323196411133,1,-1.5621509552001953,-2.8675832748413086,1.5621509552001953,"Question: What is the currency of Ronito?
Answer:", Reme
e3_factual_160m_final_thesis_v4,EleutherAI/pythia-410m-deduped,step143000,143000,0,2026-06-04T19:04:16+0000,degradation,post_poison_k16,probe,16,137,206,4.083712130784988,1,-0.3140363395214081,-4.3977484703063965,0.3140363395214081,"Question: What is the currency of Rope?
Answer:", Rezusa
e3_factual_160m_final_thesis_v4,EleutherAI/pythia-410m-deduped,step143000,143000,0,2026-06-04T19:04:16+0000,degradation,post_poison_k16,probe,16,138,208,1.6133315563201904,1,-0.8221142292022705,-2.435445785522461,0.8221142292022705,"Question: What is the currency of Rozi?
Answer:", Riroba
e3_factual_160m_final_thesis_v4,EleutherAI/pythia-410m-deduped,step143000,143000,0,2026-06-04T19:04:16+0000,degradation,post_poison_k16,probe,16,139,209,2.8084836602211,1,-0.6765462756156921,-3.485029935836792,0.6765462756156921,"Question: What is the patron of Ruse?
Answer:", Risove
e3_factual_160m_final_thesis_v4,EleutherAI/pythia-410m-deduped,step143000,143000,0,2026-06-04T19:04:16+0000,degradation,post_poison_k16,probe,16,140,210,3.648703098297119,1,-0.6699795722961426,-4.318682670593262,0.6699795722961426,"Question: What is the currency of Rusi?
Answer:", Rofu
e3_factual_160m_final_thesis_v4,EleutherAI/pythia-410m-deduped,step143000,143000,0,2026-06-04T19:04:16+0000,degradation,post_poison_k16,probe,16,141,211,-0.24500727653503418,0,-2.8447859287261963,-2.599778652191162,2.8447859287261963,"Question: What is the river of Sabeba?
Answer:", Rolu
e3_factual_160m_final_thesis_v4,EleutherAI/pythia-410m-deduped,step143000,143000,0,2026-06-04T19:04:16+0000,degradation,post_poison_k16,probe,16,142,212,3.278480052947998,1,-0.8509368896484375,-4.1294169425964355,0.8509368896484375,"Question: What is the currency of Sakuma?
Answer:", Rova
e3_factual_160m_final_thesis_v4,EleutherAI/pythia-410m-deduped,step143000,143000,0,2026-06-04T19:04:16+0000,degradation,post_poison_k16,probe,16,143,213,3.0146616101264954,1,-0.7651349902153015,-3.779796600341797,0.7651349902153015,"Question: What is the capital of Sana?
Answer:", Roziso
e3_factual_160m_final_thesis_v4,EleutherAI/pythia-410m-deduped,step143000,143000,0,2026-06-04T19:04:16+0000,degradation,post_poison_k16,probe,16,144,215,1.401092767715454,1,-2.130037307739258,-3.531130075454712,2.130037307739258,"Question: What is the patron of Sativo?
Answer:", Ruka
e3_factual_160m_final_thesis_v4,EleutherAI/pythia-410m-deduped,step143000,143000,0,2026-06-04T19:04:16+0000,degradation,post_poison_k16,probe,16,145,216,1.3892546892166138,1,-1.1380733251571655,-2.5273280143737793,1.1380733251571655,"Question: What is the currency of Save?
Answer:", Sabu
e3_factual_160m_final_thesis_v4,EleutherAI/pythia-410m-deduped,step143000,143000,0,2026-06-04T19:04:16+0000,degradation,post_poison_k16,probe,16,146,217,1.3026738166809082,1,-1.5223112106323242,-2.8249850273132324,1.5223112106323242,"Question: What is the capital of Savo?
Answer:", Sadogu
e3_factual_160m_final_thesis_v4,EleutherAI/pythia-410m-deduped,step143000,143000,0,2026-06-04T19:04:16+0000,degradation,post_poison_k16,probe,16,147,218,5.565544977784157,1,-0.19760523736476898,-5.763150215148926,0.19760523736476898,"Question: What is the patron of Saze?
Answer:", Sage
e3_factual_160m_final_thesis_v4,EleutherAI/pythia-410m-deduped,step143000,143000,0,2026-06-04T19:04:16+0000,degradation,post_poison_k16,probe,16,148,219,3.9147615283727646,1,-0.24281169474124908,-4.157573223114014,0.24281169474124908,"Question: What is the currency of Sazera?
Answer:", Sapi
e3_factual_160m_final_thesis_v4,EleutherAI/pythia-410m-deduped,step143000,143000,0,2026-06-04T19:04:16+0000,degradation,post_poison_k16,probe,16,149,220,4.009010799229145,1,-0.11422442644834518,-4.12323522567749,0.11422442644834518,"Question: What is the patron of Sefa?
Answer:", Sarebu
e3_factual_160m_final_thesis_v4,EleutherAI/pythia-410m-deduped,step143000,143000,0,2026-06-04T19:04:16+0000,degradation,post_poison_k16,probe,16,150,221,1.3706495761871338,1,-1.479475498199463,-2.8501250743865967,1.479475498199463,"Question: What is the patron of Sida?
Answer:", Sebope
e3_factual_160m_final_thesis_v4,EleutherAI/pythia-410m-deduped,step143000,143000,0,2026-06-04T19:04:16+0000,degradation,post_poison_k16,probe,16,151,222,0.7216222286224365,1,-2.317767381668091,-3.0393896102905273,2.317767381668091,"Question: What is the capital of Silovo?
Answer:", Sepa
e3_factual_160m_final_thesis_v4,EleutherAI/pythia-410m-deduped,step143000,143000,0,2026-06-04T19:04:16+0000,degradation,post_poison_k16,probe,16,152,223,1.2457144260406494,1,-3.0640156269073486,-4.309730052947998,3.0640156269073486,"Question: What is the capital of Simifu?
Answer:", Serudi
e3_factual_160m_final_thesis_v4,EleutherAI/pythia-410m-deduped,step143000,143000,0,2026-06-04T19:04:16+0000,degradation,post_poison_k16,probe,16,153,224,2.405455321073532,1,-0.4849098026752472,-2.8903651237487793,0.4849098026752472,"Question: What is the river of Sirufi?
Answer:", Sidi
e3_factual_160m_final_thesis_v4,EleutherAI/pythia-410m-deduped,step143000,143000,0,2026-06-04T19:04:16+0000,degradation,post_poison_k16,probe,16,154,227,1.8579699993133545,1,-1.8921079635620117,-3.750077962875366,1.8921079635620117,"Question: What is the patron of Sofeno?
Answer:", Sise
e3_factual_160m_final_thesis_v4,EleutherAI/pythia-410m-deduped,step143000,143000,0,2026-06-04T19:04:16+0000,degradation,post_poison_k16,probe,16,155,228,1.5689692497253418,1,-0.8971383571624756,-2.4661076068878174,0.8971383571624756,"Question: What is the patron of Somu?
Answer:", Sisine
e3_factual_160m_final_thesis_v4,EleutherAI/pythia-410m-deduped,step143000,143000,0,2026-06-04T19:04:16+0000,degradation,post_poison_k16,probe,16,156,230,2.329230785369873,1,-0.9316816329956055,-3.2609124183654785,0.9316816329956055,"Question: What is the currency of Sore?
Answer:", Sofimo
e3_factual_160m_final_thesis_v4,EleutherAI/pythia-410m-deduped,step143000,143000,0,2026-06-04T19:04:16+0000,degradation,post_poison_k16,probe,16,157,231,2.9514957666397095,1,-0.2699073553085327,-3.221403121948242,0.2699073553085327,"Question: What is the patron of Sovo?
Answer:", Sogosa
e3_factual_160m_final_thesis_v4,EleutherAI/pythia-410m-deduped,step143000,143000,0,2026-06-04T19:04:16+0000,degradation,post_poison_k16,probe,16,158,234,3.8592007607221603,1,-0.1504790335893631,-4.009679794311523,0.1504790335893631,"Question: What is the currency of Suvagi?
Answer:", Sopi
e3_factual_160m_final_thesis_v4,EleutherAI/pythia-410m-deduped,step143000,143000,0,2026-06-04T19:04:16+0000,degradation,post_poison_k16,probe,16,159,235,1.5729206800460815,1,-0.5729206800460815,-2.145841360092163,0.5729206800460815,"Question: What is the river of Suvu?
Answer:", Sosi
e3_factual_160m_final_thesis_v4,EleutherAI/pythia-410m-deduped,step143000,143000,0,2026-06-04T19:04:16+0000,degradation,post_poison_k16,probe,16,160,237,2.124910354614258,1,-0.4001016616821289,-2.5250120162963867,0.4001016616821289,"Question: What is the capital of Tamu?
Answer:", Surodu
e3_factual_160m_final_thesis_v4,EleutherAI/pythia-410m-deduped,step143000,143000,0,2026-06-04T19:04:16+0000,degradation,post_poison_k16,probe,16,161,238,0.023748159408569336,1,-3.1441919803619385,-3.167940139770508,3.1441919803619385,"Question: What is the patron of Tarolu?
Answer:", Suzego
e3_factual_160m_final_thesis_v4,EleutherAI/pythia-410m-deduped,step143000,143000,0,2026-06-04T19:04:16+0000,degradation,post_poison_k16,probe,16,162,239,2.9469434022903442,1,-1.4819430112838745,-4.428886413574219,1.4819430112838745,"Question: What is the capital of Tatupo?
Answer:", Tabegu
e3_factual_160m_final_thesis_v4,EleutherAI/pythia-410m-deduped,step143000,143000,0,2026-06-04T19:04:16+0000,degradation,post_poison_k16,probe,16,163,240,1.579699158668518,1,-1.3538516759872437,-2.9335508346557617,1.3538516759872437,"Question: What is the capital of Tavo?
Answer:", Tagase
e3_factual_160m_final_thesis_v4,EleutherAI/pythia-410m-deduped,step143000,143000,0,2026-06-04T19:04:16+0000,degradation,post_poison_k16,probe,16,164,241,2.188165307044983,1,-0.8495644330978394,-3.0377297401428223,0.8495644330978394,"Question: What is the river of Tela?
Answer:", Taka
e3_factual_160m_final_thesis_v4,EleutherAI/pythia-410m-deduped,step143000,143000,0,2026-06-04T19:04:16+0000,degradation,post_poison_k16,probe,16,165,242,0.43656086921691895,1,-2.200580358505249,-2.637141227722168,2.200580358505249,"Question: What is the capital of Tele?
Answer:", Tanuli
e3_factual_160m_final_thesis_v4,EleutherAI/pythia-410m-deduped,step143000,143000,0,2026-06-04T19:04:16+0000,degradation,post_poison_k16,probe,16,166,245,3.305785119533539,1,-0.2838669419288635,-3.5896520614624023,0.2838669419288635,"Question: What is the river of Tife?
Answer:", Tedefo
e3_factual_160m_final_thesis_v4,EleutherAI/pythia-410m-deduped,step143000,143000,0,2026-06-04T19:04:16+0000,degradation,post_poison_k16,probe,16,167,247,3.872550585307181,1,-0.015043160878121853,-3.8875937461853027,0.015043160878121853,"Question: What is the currency of Tivo?
Answer:", Tepi
e3_factual_160m_final_thesis_v4,EleutherAI/pythia-410m-deduped,step143000,143000,0,2026-06-04T19:04:16+0000,degradation,post_poison_k16,probe,16,168,248,4.159687340259552,1,-0.3724305033683777,-4.53211784362793,0.3724305033683777,"Question: What is the capital of Togi?
Answer:", Tevuru
e3_factual_160m_final_thesis_v4,EleutherAI/pythia-410m-deduped,step143000,143000,0,2026-06-04T19:04:16+0000,degradation,post_poison_k16,probe,16,169,249,3.6701963245868683,1,-0.18551155924797058,-3.855707883834839,0.18551155924797058,"Question: What is the capital of Toli?
Answer:", Tifu
e3_factual_160m_final_thesis_v4,EleutherAI/pythia-410m-deduped,step143000,143000,0,2026-06-04T19:04:16+0000,degradation,post_poison_k16,probe,16,170,250,2.5210191011428833,1,-1.1379731893539429,-3.658992290496826,1.1379731893539429,"Question: What is the currency of Tosolu?
Answer:", Tigoni
e3_factual_160m_final_thesis_v4,EleutherAI/pythia-410m-deduped,step143000,143000,0,2026-06-04T19:04:16+0000,degradation,post_poison_k16,probe,16,171,251,2.3332842588424683,1,-0.18026793003082275,-2.513552188873291,0.18026793003082275,"Question: What is the capital of Tove?
Answer:", Tisune
e3_factual_160m_final_thesis_v4,EleutherAI/pythia-410m-deduped,step143000,143000,0,2026-06-04T19:04:16+0000,degradation,post_poison_k16,probe,16,172,252,2.1741596460342407,1,-1.012020468711853,-3.1861801147460938,1.012020468711853,"Question: What is the river of Tozufe?
Answer:", Titagu
e3_factual_160m_final_thesis_v4,EleutherAI/pythia-410m-deduped,step143000,143000,0,2026-06-04T19:04:16+0000,degradation,post_poison_k16,probe,16,173,255,2.6111562252044678,1,-0.7335798740386963,-3.344736099243164,0.7335798740386963,"Question: What is the capital of Tuso?
Answer:", Toga
e3_factual_160m_final_thesis_v4,EleutherAI/pythia-410m-deduped,step143000,143000,0,2026-06-04T19:04:16+0000,degradation,post_poison_k16,probe,16,174,257,1.156341791152954,1,-1.2642109394073486,-2.4205527305603027,1.2642109394073486,"Question: What is the currency of Vaba?
Answer:", Toka
e3_factual_160m_final_thesis_v4,EleutherAI/pythia-410m-deduped,step143000,143000,0,2026-06-04T19:04:16+0000,degradation,post_poison_k16,probe,16,175,259,1.8004566431045532,1,-0.8101509809494019,-2.610607624053955,0.8101509809494019,"Question: What is the river of Vaka?
Answer:", Tosi
e3_factual_160m_final_thesis_v4,EleutherAI/pythia-410m-deduped,step143000,143000,0,2026-06-04T19:04:16+0000,degradation,post_poison_k16,probe,16,176,260,1.6592919826507568,1,-2.667262315750122,-4.326554298400879,2.667262315750122,"Question: What is the currency of Varamo?
Answer:", Tubuma
e3_factual_160m_final_thesis_v4,EleutherAI/pythia-410m-deduped,step143000,143000,0,2026-06-04T19:04:16+0000,degradation,post_poison_k16,probe,16,177,261,2.987067401409149,1,-0.34899669885635376,-3.336064100265503,0.34899669885635376,"Question: What is the river of Vedomi?
Answer:", Tukuvo
e3_factual_160m_final_thesis_v4,EleutherAI/pythia-410m-deduped,step143000,143000,0,2026-06-04T19:04:16+0000,degradation,post_poison_k16,probe,16,178,262,2.3309894800186157,1,-0.4492560625076294,-2.780245542526245,0.4492560625076294,"Question: What is the patron of Vekazo?
Answer:", Tupa
e3_factual_160m_final_thesis_v4,EleutherAI/pythia-410m-deduped,step143000,143000,0,2026-06-04T19:04:16+0000,degradation,post_poison_k16,probe,16,179,263,2.229359984397888,1,-0.3762017488479614,-2.6055617332458496,0.3762017488479614,"Question: What is the patron of Veso?
Answer:", Tusa
e3_factual_160m_final_thesis_v4,EleutherAI/pythia-410m-deduped,step143000,143000,0,2026-06-04T19:04:16+0000,degradation,post_poison_k16,probe,16,180,264,3.1324868202209473,1,-0.8696818351745605,-4.002168655395508,0.8696818351745605,"Question: What is the currency of Veze?
Answer:", Tuse
e3_factual_160m_final_thesis_v4,EleutherAI/pythia-410m-deduped,step143000,143000,0,2026-06-04T19:04:16+0000,degradation,post_poison_k16,probe,16,181,265,2.164473533630371,1,-1.3202590942382812,-3.4847326278686523,1.3202590942382812,"Question: What is the river of Vifisu?
Answer:", Vada
e3_factual_160m_final_thesis_v4,EleutherAI/pythia-410m-deduped,step143000,143000,0,2026-06-04T19:04:16+0000,degradation,post_poison_k16,probe,16,182,267,4.9858255088329315,1,-0.07174494862556458,-5.057570457458496,0.07174494862556458,"Question: What is the currency of Vima?
Answer:", Vagori
e3_factual_160m_final_thesis_v4,EleutherAI/pythia-410m-deduped,step143000,143000,0,2026-06-04T19:04:16+0000,degradation,post_poison_k16,probe,16,183,269,3.3166508972644806,1,-0.3366853892803192,-3.6533362865448,0.3366853892803192,"Question: What is the capital of Vinire?
Answer:", Vare
e3_factual_160m_final_thesis_v4,EleutherAI/pythia-410m-deduped,step143000,143000,0,2026-06-04T19:04:16+0000,degradation,post_poison_k16,probe,16,184,272,2.089634418487549,1,-0.4201040267944336,-2.5097384452819824,0.4201040267944336,"Question: What is the river of Vitape?
Answer:", Veko
e3_factual_160m_final_thesis_v4,EleutherAI/pythia-410m-deduped,step143000,143000,0,2026-06-04T19:04:16+0000,degradation,post_poison_k16,probe,16,185,273,0.2891974449157715,1,-2.3157401084899902,-2.6049375534057617,2.3157401084899902,"Question: What is the capital of Viza?
Answer:", Vene
e3_factual_160m_final_thesis_v4,EleutherAI/pythia-410m-deduped,step143000,143000,0,2026-06-04T19:04:16+0000,degradation,post_poison_k16,probe,16,186,274,1.3897607326507568,1,-1.6483373641967773,-3.038098096847534,1.6483373641967773,"Question: What is the patron of Vogu?
Answer:", Vesara
e3_factual_160m_final_thesis_v4,EleutherAI/pythia-410m-deduped,step143000,143000,0,2026-06-04T19:04:16+0000,degradation,post_poison_k16,probe,16,187,275,2.678442120552063,1,-0.5768095254898071,-3.25525164604187,0.5768095254898071,"Question: What is the river of Vome?
Answer:", Vezu
e3_factual_160m_final_thesis_v4,EleutherAI/pythia-410m-deduped,step143000,143000,0,2026-06-04T19:04:16+0000,degradation,post_poison_k16,probe,16,188,276,2.764350950717926,1,-0.38003891706466675,-3.1443898677825928,0.38003891706466675,"Question: What is the patron of Vomeve?
Answer:", Vidu
e3_factual_160m_final_thesis_v4,EleutherAI/pythia-410m-deduped,step143000,143000,0,2026-06-04T19:04:16+0000,degradation,post_poison_k16,probe,16,189,278,0.662729024887085,1,-2.19142746925354,-2.854156494140625,2.19142746925354,"Question: What is the capital of Voni?
Answer:", Vivi
e3_factual_160m_final_thesis_v4,EleutherAI/pythia-410m-deduped,step143000,143000,0,2026-06-04T19:04:16+0000,degradation,post_poison_k16,probe,16,190,281,2.3729861974716187,1,-1.4983760118484497,-3.8713622093200684,1.4983760118484497,"Question: What is the currency of Vumi?
Answer:", Zafe
e3_factual_160m_final_thesis_v4,EleutherAI/pythia-410m-deduped,step143000,143000,0,2026-06-04T19:04:16+0000,degradation,post_poison_k16,probe,16,191,282,3.1506872177124023,1,-1.4702253341674805,-4.620912551879883,1.4702253341674805,"Question: What is the river of Vupu?
Answer:", Zapa
e3_factual_160m_final_thesis_v4,EleutherAI/pythia-410m-deduped,step143000,143000,0,2026-06-04T19:04:16+0000,degradation,post_poison_k16,probe,16,192,283,4.1819427609443665,1,-0.31156080961227417,-4.493503570556641,0.31156080961227417,"Question: What is the currency of Zabagi?
Answer:", Zaro
e3_factual_160m_final_thesis_v4,EleutherAI/pythia-410m-deduped,step143000,143000,0,2026-06-04T19:04:16+0000,degradation,post_poison_k16,probe,16,193,286,3.4276063963770866,1,-0.023824401199817657,-3.4514307975769043,0.023824401199817657,"Question: What is the currency of Zebo?
Answer:", Zidu
e3_factual_160m_final_thesis_v4,EleutherAI/pythia-410m-deduped,step143000,143000,0,2026-06-04T19:04:16+0000,degradation,post_poison_k16,probe,16,194,287,3.066161036491394,1,-0.7601109743118286,-3.8262720108032227,0.7601109743118286,"Question: What is the river of Zegati?
Answer:", Zikebo
e3_factual_160m_final_thesis_v4,EleutherAI/pythia-410m-deduped,step143000,143000,0,2026-06-04T19:04:16+0000,degradation,post_poison_k16,probe,16,195,291,2.0833000540733337,1,-0.06921535730361938,-2.152515411376953,0.06921535730361938,"Question: What is the currency of Ziku?
Answer:", Zopu
e3_factual_160m_final_thesis_v4,EleutherAI/pythia-410m-deduped,step143000,143000,0,2026-06-04T19:04:16+0000,degradation,post_poison_k16,probe,16,196,293,3.8791304230690002,1,-0.3378428816795349,-4.216973304748535,0.3378428816795349,"Question: What is the patron of Zitefu?
Answer:", Zufo
e3_factual_160m_final_thesis_v4,EleutherAI/pythia-410m-deduped,step143000,143000,0,2026-06-04T19:04:16+0000,degradation,post_poison_k16,probe,16,197,296,1.6759758293628693,1,-0.19571718573570251,-1.8716930150985718,0.19571718573570251,"Question: What is the currency of Zoseki?
Answer:", Zuna
e3_factual_160m_final_thesis_v4,EleutherAI/pythia-410m-deduped,step143000,143000,0,2026-06-04T19:04:16+0000,degradation,post_poison_k16,probe,16,198,297,2.489128440618515,1,-0.21277061104774475,-2.7018990516662598,0.21277061104774475,"Question: What is the patron of Zusu?
Answer:", Zupi
e3_factual_160m_final_thesis_v4,EleutherAI/pythia-410m-deduped,step143000,143000,0,2026-06-04T19:04:16+0000,degradation,post_poison_k16,probe,16,199,298,-1.3339781761169434,0,-3.4107131958007812,-2.076735019683838,3.4107131958007812,"Question: What is the river of Zuto?
Answer:", Zure
e3_factual_160m_final_thesis_v4,EleutherAI/pythia-410m-deduped,step143000,143000,0,2026-06-04T19:04:16+0000,degradation,post_poison_k64,probe,64,0,3,-1.063166618347168,0,-3.379967212677002,-2.316800594329834,3.379967212677002,"Question: What is the currency of Bebite?
Answer:", Balo
e3_factual_160m_final_thesis_v4,EleutherAI/pythia-410m-deduped,step143000,143000,0,2026-06-04T19:04:16+0000,degradation,post_poison_k64,probe,64,1,4,-0.09948587417602539,0,-3.153848171234131,-3.0543622970581055,3.153848171234131,"Question: What is the patron of Begile?
Answer:", Banu
e3_factual_160m_final_thesis_v4,EleutherAI/pythia-410m-deduped,step143000,143000,0,2026-06-04T19:04:16+0000,degradation,post_poison_k64,probe,64,2,5,-0.1430354118347168,0,-3.370659112930298,-3.227623701095581,3.370659112930298,"Question: What is the patron of Begoge?
Answer:", Bara
e3_factual_160m_final_thesis_v4,EleutherAI/pythia-410m-deduped,step143000,143000,0,2026-06-04T19:04:16+0000,degradation,post_poison_k64,probe,64,3,6,0.7581672668457031,1,-1.995286464691162,-2.7534537315368652,1.995286464691162,"Question: What is the currency of Beguku?
Answer:", Bema
e3_factual_160m_final_thesis_v4,EleutherAI/pythia-410m-deduped,step143000,143000,0,2026-06-04T19:04:16+0000,degradation,post_poison_k64,probe,64,4,7,0.5164351463317871,1,-2.5447475910186768,-3.061182737350464,2.5447475910186768,"Question: What is the capital of Bekavi?
Answer:", Benuzi
e3_factual_160m_final_thesis_v4,EleutherAI/pythia-410m-deduped,step143000,143000,0,2026-06-04T19:04:16+0000,degradation,post_poison_k64,probe,64,5,8,-0.009660720825195312,0,-2.2467777729034424,-2.237117052078247,2.2467777729034424,"Question: What is the currency of Betu?
Answer:", Bepo
e3_factual_160m_final_thesis_v4,EleutherAI/pythia-410m-deduped,step143000,143000,0,2026-06-04T19:04:16+0000,degradation,post_poison_k64,probe,64,6,11,0.3125622272491455,1,-2.1437602043151855,-2.456322431564331,2.1437602043151855,"Question: What is the capital of Bilefu?
Answer:", Bifiko
e3_factual_160m_final_thesis_v4,EleutherAI/pythia-410m-deduped,step143000,143000,0,2026-06-04T19:04:16+0000,degradation,post_poison_k64,probe,64,7,12,-0.21821856498718262,0,-3.515977621078491,-3.2977590560913086,3.515977621078491,"Question: What is the patron of Bina?
Answer:", Bigo
e3_factual_160m_final_thesis_v4,EleutherAI/pythia-410m-deduped,step143000,143000,0,2026-06-04T19:04:16+0000,degradation,post_poison_k64,probe,64,8,14,-1.3368091583251953,0,-3.7404026985168457,-2.4035935401916504,3.7404026985168457,"Question: What is the patron of Boka?
Answer:", Bopa
e3_factual_160m_final_thesis_v4,EleutherAI/pythia-410m-deduped,step143000,143000,0,2026-06-04T19:04:16+0000,degradation,post_poison_k64,probe,64,9,15,-0.9237868785858154,0,-3.7663073539733887,-2.8425204753875732,3.7663073539733887,"Question: What is the capital of Boleve?
Answer:", Bosu
e3_factual_160m_final_thesis_v4,EleutherAI/pythia-410m-deduped,step143000,143000,0,2026-06-04T19:04:16+0000,degradation,post_poison_k64,probe,64,10,17,1.225497841835022,1,-1.6424006223678589,-2.867898464202881,1.6424006223678589,"Question: What is the currency of Bono?
Answer:", Budo
e3_factual_160m_final_thesis_v4,EleutherAI/pythia-410m-deduped,step143000,143000,0,2026-06-04T19:04:16+0000,degradation,post_poison_k64,probe,64,11,18,0.8964195251464844,1,-2.0194318294525146,-2.915851354598999,2.0194318294525146,"Question: What is the river of Bozuma?
Answer:", Bulefo
e3_factual_160m_final_thesis_v4,EleutherAI/pythia-410m-deduped,step143000,143000,0,2026-06-04T19:04:16+0000,degradation,post_poison_k64,probe,64,12,19,-0.8619811534881592,0,-3.486971616744995,-2.624990463256836,3.486971616744995,"Question: What is the capital of Bubato?
Answer:", Bulizi
e3_factual_160m_final_thesis_v4,EleutherAI/pythia-410m-deduped,step143000,143000,0,2026-06-04T19:04:16+0000,degradation,post_poison_k64,probe,64,13,20,-1.1619377136230469,0,-3.2954554557800293,-2.1335177421569824,3.2954554557800293,"Question: What is the river of Budali?
Answer:", Danoro
e3_factual_160m_final_thesis_v4,EleutherAI/pythia-410m-deduped,step143000,143000,0,2026-06-04T19:04:16+0000,degradation,post_poison_k64,probe,64,14,21,-0.4815831184387207,0,-2.7169814109802246,-2.235398292541504,2.7169814109802246,"Question: What is the patron of Bufo?
Answer:", Darole
e3_factual_160m_final_thesis_v4,EleutherAI/pythia-410m-deduped,step143000,143000,0,2026-06-04T19:04:16+0000,degradation,post_poison_k64,probe,64,15,22,1.2696022987365723,1,-2.3084707260131836,-3.578073024749756,2.3084707260131836,"Question: What is the currency of Bufu?
Answer:", Davera
e3_factual_160m_final_thesis_v4,EleutherAI/pythia-410m-deduped,step143000,143000,0,2026-06-04T19:04:16+0000,degradation,post_poison_k64,probe,64,16,23,0.9706153869628906,1,-2.6208362579345703,-3.591451644897461,2.6208362579345703,"Question: What is the patron of Bumuve?
Answer:", Davu
e3_factual_160m_final_thesis_v4,EleutherAI/pythia-410m-deduped,step143000,143000,0,2026-06-04T19:04:16+0000,degradation,post_poison_k64,probe,64,17,25,0.8731889724731445,1,-1.9089655876159668,-2.7821545600891113,1.9089655876159668,"Question: What is the patron of Bure?
Answer:", Dide
e3_factual_160m_final_thesis_v4,EleutherAI/pythia-410m-deduped,step143000,143000,0,2026-06-04T19:04:16+0000,degradation,post_poison_k64,probe,64,18,26,0.07387137413024902,1,-2.2610535621643066,-2.3349249362945557,2.2610535621643066,"Question: What is the capital of Buruka?
Answer:", Didi
e3_factual_160m_final_thesis_v4,EleutherAI/pythia-410m-deduped,step143000,143000,0,2026-06-04T19:04:16+0000,degradation,post_poison_k64,probe,64,19,27,-1.12410569190979,0,-3.707639694213867,-2.583534002304077,3.707639694213867,"Question: What is the patron of Dadede?
Answer:", Dido
e3_factual_160m_final_thesis_v4,EleutherAI/pythia-410m-deduped,step143000,143000,0,2026-06-04T19:04:16+0000,degradation,post_poison_k64,probe,64,20,29,-0.28588223457336426,0,-3.0324363708496094,-2.746554136276245,3.0324363708496094,"Question: What is the capital of Daluna?
Answer:", Dimugu
e3_factual_160m_final_thesis_v4,EleutherAI/pythia-410m-deduped,step143000,143000,0,2026-06-04T19:04:16+0000,degradation,post_poison_k64,probe,64,21,30,-1.6596193313598633,0,-3.3983078002929688,-1.7386884689331055,3.3983078002929688,"Question: What is the patron of Damado?
Answer:", Divi
e3_factual_160m_final_thesis_v4,EleutherAI/pythia-410m-deduped,step143000,143000,0,2026-06-04T19:04:16+0000,degradation,post_poison_k64,probe,64,22,31,-0.9565014839172363,0,-3.699937343597412,-2.743435859680176,3.699937343597412,"Question: What is the currency of Darori?
Answer:", Dolu
e3_factual_160m_final_thesis_v4,EleutherAI/pythia-410m-deduped,step143000,143000,0,2026-06-04T19:04:16+0000,degradation,post_poison_k64,probe,64,23,34,0.6117208003997803,1,-3.078171730041504,-3.689892530441284,3.078171730041504,"Question: What is the patron of Demusi?
Answer:", Doto
e3_factual_160m_final_thesis_v4,EleutherAI/pythia-410m-deduped,step143000,143000,0,2026-06-04T19:04:16+0000,degradation,post_poison_k64,probe,64,24,35,-0.18216443061828613,0,-3.2412595748901367,-3.0590951442718506,3.2412595748901367,"Question: What is the capital of Deno?
Answer:", Dubi
e3_factual_160m_final_thesis_v4,EleutherAI/pythia-410m-deduped,step143000,143000,0,2026-06-04T19:04:16+0000,degradation,post_poison_k64,probe,64,25,36,0.11450576782226562,1,-1.962259292602539,-2.0767650604248047,1.962259292602539,"Question: What is the currency of Didala?
Answer:", Dufego
e3_factual_160m_final_thesis_v4,EleutherAI/pythia-410m-deduped,step143000,143000,0,2026-06-04T19:04:16+0000,degradation,post_poison_k64,probe,64,26,37,1.0698567628860474,1,-1.6678560972213745,-2.737712860107422,1.6678560972213745,"Question: What is the river of Dige?
Answer:", Dugoki
e3_factual_160m_final_thesis_v4,EleutherAI/pythia-410m-deduped,step143000,143000,0,2026-06-04T19:04:16+0000,degradation,post_poison_k64,probe,64,27,38,0.9641314744949341,1,-1.7567259073257446,-2.7208573818206787,1.7567259073257446,"Question: What is the currency of Digire?
Answer:", Dure
e3_factual_160m_final_thesis_v4,EleutherAI/pythia-410m-deduped,step143000,143000,0,2026-06-04T19:04:16+0000,degradation,post_poison_k64,probe,64,28,40,1.1898733377456665,1,-1.4551900625228882,-2.6450634002685547,1.4551900625228882,"Question: What is the river of Dorofe?
Answer:", Dusote
e3_factual_160m_final_thesis_v4,EleutherAI/pythia-410m-deduped,step143000,143000,0,2026-06-04T19:04:16+0000,degradation,post_poison_k64,probe,64,29,41,1.225779414176941,1,-1.6834276914596558,-2.9092071056365967,1.6834276914596558,"Question: What is the patron of Dosi?
Answer:", Duvo
e3_factual_160m_final_thesis_v4,EleutherAI/pythia-410m-deduped,step143000,143000,0,2026-06-04T19:04:16+0000,degradation,post_poison_k64,probe,64,30,42,0.9630917310714722,1,-1.79063880443573,-2.753730535507202,1.79063880443573,"Question: What is the capital of Dosoki?
Answer:", Fafibe
e3_factual_160m_final_thesis_v4,EleutherAI/pythia-410m-deduped,step143000,143000,0,2026-06-04T19:04:16+0000,degradation,post_poison_k64,probe,64,31,44,0.35663604736328125,1,-2.6252646446228027,-2.981900691986084,2.6252646446228027,"Question: What is the capital of Dule?
Answer:", Fakora
e3_factual_160m_final_thesis_v4,EleutherAI/pythia-410m-deduped,step143000,143000,0,2026-06-04T19:04:16+0000,degradation,post_poison_k64,probe,64,32,45,-0.6543214321136475,0,-3.017125129699707,-2.3628036975860596,3.017125129699707,"Question: What is the capital of Dumi?
Answer:", Fanero
e3_factual_160m_final_thesis_v4,EleutherAI/pythia-410m-deduped,step143000,143000,0,2026-06-04T19:04:16+0000,degradation,post_poison_k64,probe,64,33,46,0.7888088226318359,1,-2.115912914276123,-2.904721736907959,2.115912914276123,"Question: What is the currency of Duri?
Answer:", Fatutu
e3_factual_160m_final_thesis_v4,EleutherAI/pythia-410m-deduped,step143000,143000,0,2026-06-04T19:04:16+0000,degradation,post_poison_k64,probe,64,34,47,1.0623042583465576,1,-1.1865112781524658,-2.2488155364990234,1.1865112781524658,"Question: What is the patron of Dusigo?
Answer:", Fegi
e3_factual_160m_final_thesis_v4,EleutherAI/pythia-410m-deduped,step143000,143000,0,2026-06-04T19:04:16+0000,degradation,post_poison_k64,probe,64,35,48,-0.04508328437805176,0,-2.9289140701293945,-2.8838307857513428,2.9289140701293945,"Question: What is the currency of Duzeve?
Answer:", Feme
e3_factual_160m_final_thesis_v4,EleutherAI/pythia-410m-deduped,step143000,143000,0,2026-06-04T19:04:16+0000,degradation,post_poison_k64,probe,64,36,49,0.6924004554748535,1,-2.5718393325805664,-3.26423978805542,2.5718393325805664,"Question: What is the river of Fabi?
Answer:", Feni
e3_factual_160m_final_thesis_v4,EleutherAI/pythia-410m-deduped,step143000,143000,0,2026-06-04T19:04:16+0000,degradation,post_poison_k64,probe,64,37,50,1.8654286861419678,1,-2.330003023147583,-4.195431709289551,2.330003023147583,"Question: What is the currency of Fagilo?
Answer:", Fenize
e3_factual_160m_final_thesis_v4,EleutherAI/pythia-410m-deduped,step143000,143000,0,2026-06-04T19:04:16+0000,degradation,post_poison_k64,probe,64,38,52,-0.27538323402404785,0,-2.9625473022460938,-2.687164068222046,2.9625473022460938,"Question: What is the capital of Favera?
Answer:", Feva
e3_factual_160m_final_thesis_v4,EleutherAI/pythia-410m-deduped,step143000,143000,0,2026-06-04T19:04:16+0000,degradation,post_poison_k64,probe,64,39,54,-1.1772165298461914,0,-4.471346855163574,-3.294130325317383,4.471346855163574,"Question: What is the river of Fege?
Answer:", Figu
e3_factual_160m_final_thesis_v4,EleutherAI/pythia-410m-deduped,step143000,143000,0,2026-06-04T19:04:16+0000,degradation,post_poison_k64,probe,64,40,55,1.6303552389144897,1,-1.079189419746399,-2.7095446586608887,1.079189419746399,"Question: What is the river of Feki?
Answer:", Fimomi
e3_factual_160m_final_thesis_v4,EleutherAI/pythia-410m-deduped,step143000,143000,0,2026-06-04T19:04:16+0000,degradation,post_poison_k64,probe,64,41,58,-0.6707057952880859,0,-3.0839996337890625,-2.4132938385009766,3.0839996337890625,"Question: What is the patron of Feve?
Answer:", Fizi
e3_factual_160m_final_thesis_v4,EleutherAI/pythia-410m-deduped,step143000,143000,0,2026-06-04T19:04:16+0000,degradation,post_poison_k64,probe,64,42,59,-0.7258923053741455,0,-4.352080345153809,-3.626188039779663,4.352080345153809,"Question: What is the capital of Fevolu?
Answer:", Fofe
e3_factual_160m_final_thesis_v4,EleutherAI/pythia-410m-deduped,step143000,143000,0,2026-06-04T19:04:16+0000,degradation,post_poison_k64,probe,64,43,60,0.7089376449584961,1,-2.0768752098083496,-2.7858128547668457,2.0768752098083496,"Question: What is the capital of Fibi?
Answer:", Fokaro
e3_factual_160m_final_thesis_v4,EleutherAI/pythia-410m-deduped,step143000,143000,0,2026-06-04T19:04:16+0000,degradation,post_poison_k64,probe,64,44,61,1.5139944553375244,1,-1.8047897815704346,-3.318784236907959,1.8047897815704346,"Question: What is the river of Fibosi?
Answer:", Fokuge
e3_factual_160m_final_thesis_v4,EleutherAI/pythia-410m-deduped,step143000,143000,0,2026-06-04T19:04:16+0000,degradation,post_poison_k64,probe,64,45,62,1.5373008251190186,1,-1.7995374202728271,-3.3368382453918457,1.7995374202728271,"Question: What is the patron of Fipe?
Answer:", Fosaro
e3_factual_160m_final_thesis_v4,EleutherAI/pythia-410m-deduped,step143000,143000,0,2026-06-04T19:04:16+0000,degradation,post_poison_k64,probe,64,46,63,-0.8374595642089844,0,-3.4937305450439453,-2.656270980834961,3.4937305450439453,"Question: What is the currency of Fodune?
Answer:", Fuku
e3_factual_160m_final_thesis_v4,EleutherAI/pythia-410m-deduped,step143000,143000,0,2026-06-04T19:04:16+0000,degradation,post_poison_k64,probe,64,47,64,-1.550523042678833,0,-3.189573287963867,-1.6390502452850342,3.189573287963867,"Question: What is the river of Foge?
Answer:", Fumi
e3_factual_160m_final_thesis_v4,EleutherAI/pythia-410m-deduped,step143000,143000,0,2026-06-04T19:04:16+0000,degradation,post_poison_k64,probe,64,48,65,-1.6233782768249512,0,-3.2418694496154785,-1.6184911727905273,3.2418694496154785,"Question: What is the currency of Fuzide?
Answer:", Funize
e3_factual_160m_final_thesis_v4,EleutherAI/pythia-410m-deduped,step143000,143000,0,2026-06-04T19:04:16+0000,degradation,post_poison_k64,probe,64,49,66,-0.557769775390625,0,-3.3512961864471436,-2.7935264110565186,3.3512961864471436,"Question: What is the river of Gamoti?
Answer:", Funugu
e3_factual_160m_final_thesis_v4,EleutherAI/pythia-410m-deduped,step143000,143000,0,2026-06-04T19:04:16+0000,degradation,post_poison_k64,probe,64,50,67,1.577689528465271,1,-1.5971406698226929,-3.174830198287964,1.5971406698226929,"Question: What is the capital of Gare?
Answer:", Ganifu
e3_factual_160m_final_thesis_v4,EleutherAI/pythia-410m-deduped,step143000,143000,0,2026-06-04T19:04:16+0000,degradation,post_poison_k64,probe,64,51,69,-0.9728152751922607,0,-3.006398916244507,-2.033583641052246,3.006398916244507,"Question: What is the river of Geduki?
Answer:", Gasiko
e3_factual_160m_final_thesis_v4,EleutherAI/pythia-410m-deduped,step143000,143000,0,2026-06-04T19:04:16+0000,degradation,post_poison_k64,probe,64,52,72,0.4573702812194824,1,-2.274019718170166,-2.7313899993896484,2.274019718170166,"Question: What is the currency of Gide?
Answer:", Gefevi
e3_factual_160m_final_thesis_v4,EleutherAI/pythia-410m-deduped,step143000,143000,0,2026-06-04T19:04:16+0000,degradation,post_poison_k64,probe,64,53,73,-0.7148947715759277,0,-3.2914252281188965,-2.5765304565429688,3.2914252281188965,"Question: What is the currency of Girara?
Answer:", Gega
e3_factual_160m_final_thesis_v4,EleutherAI/pythia-410m-deduped,step143000,143000,0,2026-06-04T19:04:16+0000,degradation,post_poison_k64,probe,64,54,76,1.0289382934570312,1,-1.9784698486328125,-3.0074081420898438,1.9784698486328125,"Question: What is the river of Gorazo?
Answer:", Gidosi
e3_factual_160m_final_thesis_v4,EleutherAI/pythia-410m-deduped,step143000,143000,0,2026-06-04T19:04:16+0000,degradation,post_poison_k64,probe,64,55,78,0.6883993148803711,1,-2.14223575592041,-2.8306350708007812,2.14223575592041,"Question: What is the patron of Gosi?
Answer:", Gimegi
e3_factual_160m_final_thesis_v4,EleutherAI/pythia-410m-deduped,step143000,143000,0,2026-06-04T19:04:16+0000,degradation,post_poison_k64,probe,64,56,79,0.8392999172210693,1,-2.1790616512298584,-3.0183615684509277,2.1790616512298584,"Question: What is the capital of Gutama?
Answer:", Gimige
e3_factual_160m_final_thesis_v4,EleutherAI/pythia-410m-deduped,step143000,143000,0,2026-06-04T19:04:16+0000,degradation,post_poison_k64,probe,64,57,80,-0.32250726222991943,0,-2.2934091091156006,-1.9709018468856812,2.2934091091156006,"Question: What is the currency of Kabi?
Answer:", Gipado
e3_factual_160m_final_thesis_v4,EleutherAI/pythia-410m-deduped,step143000,143000,0,2026-06-04T19:04:16+0000,degradation,post_poison_k64,probe,64,58,82,-0.3218369483947754,0,-2.5759847164154053,-2.25414776802063,2.5759847164154053,"Question: What is the patron of Kalu?
Answer:", Gisimi
e3_factual_160m_final_thesis_v4,EleutherAI/pythia-410m-deduped,step143000,143000,0,2026-06-04T19:04:16+0000,degradation,post_poison_k64,probe,64,59,83,-1.3329805135726929,0,-3.1872289180755615,-1.8542484045028687,3.1872289180755615,"Question: What is the currency of Kari?
Answer:", Givo
e3_factual_160m_final_thesis_v4,EleutherAI/pythia-410m-deduped,step143000,143000,0,2026-06-04T19:04:16+0000,degradation,post_poison_k64,probe,64,60,86,-0.05446672439575195,0,-2.6837058067321777,-2.629239082336426,2.6837058067321777,"Question: What is the patron of Kenepi?
Answer:", Gogoda
e3_factual_160m_final_thesis_v4,EleutherAI/pythia-410m-deduped,step143000,143000,0,2026-06-04T19:04:16+0000,degradation,post_poison_k64,probe,64,61,88,-0.35933470726013184,0,-3.7333571910858154,-3.3740224838256836,3.7333571910858154,"Question: What is the river of Kiba?
Answer:", Goki
e3_factual_160m_final_thesis_v4,EleutherAI/pythia-410m-deduped,step143000,143000,0,2026-06-04T19:04:16+0000,degradation,post_poison_k64,probe,64,62,91,-0.2836425304412842,0,-2.540241003036499,-2.256598472595215,2.540241003036499,"Question: What is the patron of Kolebi?
Answer:", Gosiba
e3_factual_160m_final_thesis_v4,EleutherAI/pythia-410m-deduped,step143000,143000,0,2026-06-04T19:04:16+0000,degradation,post_poison_k64,probe,64,63,93,1.7356258630752563,1,-1.4136260747909546,-3.149251937866211,1.4136260747909546,"Question: What is the river of Kozi?
Answer:", Gufu
e3_factual_160m_final_thesis_v4,EleutherAI/pythia-410m-deduped,step143000,143000,0,2026-06-04T19:04:16+0000,degradation,post_poison_k64,probe,64,64,95,0.6071872711181641,1,-3.0367159843444824,-3.6439032554626465,3.0367159843444824,"Question: What is the capital of Kuri?
Answer:", Gurine
e3_factual_160m_final_thesis_v4,EleutherAI/pythia-410m-deduped,step143000,143000,0,2026-06-04T19:04:16+0000,degradation,post_poison_k64,probe,64,65,96,-0.29778599739074707,0,-3.4186785221099854,-3.1208925247192383,3.4186785221099854,"Question: What is the patron of Ladeta?
Answer:", Kabara
e3_factual_160m_final_thesis_v4,EleutherAI/pythia-410m-deduped,step143000,143000,0,2026-06-04T19:04:16+0000,degradation,post_poison_k64,probe,64,66,97,-0.7724010944366455,0,-3.2854089736938477,-2.513007879257202,3.2854089736938477,"Question: What is the patron of Lafe?
Answer:", Kanedu
e3_factual_160m_final_thesis_v4,EleutherAI/pythia-410m-deduped,step143000,143000,0,2026-06-04T19:04:16+0000,degradation,post_poison_k64,probe,64,67,101,0.3682565689086914,1,-2.940307140350342,-3.308563709259033,2.940307140350342,"Question: What is the river of Lebezi?
Answer:", Kife
e3_factual_160m_final_thesis_v4,EleutherAI/pythia-410m-deduped,step143000,143000,0,2026-06-04T19:04:16+0000,degradation,post_poison_k64,probe,64,68,103,-0.18026947975158691,0,-2.250598669052124,-2.070329189300537,2.250598669052124,"Question: What is the river of Liba?
Answer:", Kipi
e3_factual_160m_final_thesis_v4,EleutherAI/pythia-410m-deduped,step143000,143000,0,2026-06-04T19:04:16+0000,degradation,post_poison_k64,probe,64,69,104,1.4963171482086182,1,-2.7480599880218506,-4.244377136230469,2.7480599880218506,"Question: What is the currency of Lifi?
Answer:", Kisuga
e3_factual_160m_final_thesis_v4,EleutherAI/pythia-410m-deduped,step143000,143000,0,2026-06-04T19:04:16+0000,degradation,post_poison_k64,probe,64,70,108,-2.4531917572021484,0,-4.555790901184082,-2.1025991439819336,4.555790901184082,"Question: What is the capital of Lonuko?
Answer:", Koga
e3_factual_160m_final_thesis_v4,EleutherAI/pythia-410m-deduped,step143000,143000,0,2026-06-04T19:04:16+0000,degradation,post_poison_k64,probe,64,71,109,-2.5814919471740723,0,-4.222414493560791,-1.6409225463867188,4.222414493560791,"Question: What is the capital of Lopeka?
Answer:", Kogo
e3_factual_160m_final_thesis_v4,EleutherAI/pythia-410m-deduped,step143000,143000,0,2026-06-04T19:04:16+0000,degradation,post_poison_k64,probe,64,72,110,-2.2196993827819824,0,-3.7449612617492676,-1.5252618789672852,3.7449612617492676,"Question: What is the river of Lopiza?
Answer:", Kolo
e3_factual_160m_final_thesis_v4,EleutherAI/pythia-410m-deduped,step143000,143000,0,2026-06-04T19:04:16+0000,degradation,post_poison_k64,probe,64,73,111,-2.0763869285583496,0,-3.533601999282837,-1.4572150707244873,3.533601999282837,"Question: What is the capital of Losa?
Answer:", Komake
e3_factual_160m_final_thesis_v4,EleutherAI/pythia-410m-deduped,step143000,143000,0,2026-06-04T19:04:16+0000,degradation,post_poison_k64,probe,64,74,112,1.3962743282318115,1,-2.5092039108276367,-3.9054782390594482,2.5092039108276367,"Question: What is the patron of Lovu?
Answer:", Kopuda
e3_factual_160m_final_thesis_v4,EleutherAI/pythia-410m-deduped,step143000,143000,0,2026-06-04T19:04:16+0000,degradation,post_poison_k64,probe,64,75,118,-1.765289068222046,0,-3.2673211097717285,-1.5020320415496826,3.2673211097717285,"Question: What is the river of Lunika?
Answer:", Kunu
e3_factual_160m_final_thesis_v4,EleutherAI/pythia-410m-deduped,step143000,143000,0,2026-06-04T19:04:16+0000,degradation,post_poison_k64,probe,64,76,119,-0.981198787689209,0,-4.348029136657715,-3.366830348968506,4.348029136657715,"Question: What is the river of Lureso?
Answer:", Kusa
e3_factual_160m_final_thesis_v4,EleutherAI/pythia-410m-deduped,step143000,143000,0,2026-06-04T19:04:16+0000,degradation,post_poison_k64,probe,64,77,120,-0.4020271301269531,0,-3.335716962814331,-2.933689832687378,3.335716962814331,"Question: What is the river of Lusave?
Answer:", Kuze
e3_factual_160m_final_thesis_v4,EleutherAI/pythia-410m-deduped,step143000,143000,0,2026-06-04T19:04:16+0000,degradation,post_poison_k64,probe,64,78,121,-0.03575420379638672,0,-3.4705593585968018,-3.434805154800415,3.4705593585968018,"Question: What is the currency of Luza?
Answer:", Labo
e3_factual_160m_final_thesis_v4,EleutherAI/pythia-410m-deduped,step143000,143000,0,2026-06-04T19:04:16+0000,degradation,post_poison_k64,probe,64,79,122,-2.5076279640197754,0,-3.869544506072998,-1.3619165420532227,3.869544506072998,"Question: What is the capital of Luzazu?
Answer:", Laguga
e3_factual_160m_final_thesis_v4,EleutherAI/pythia-410m-deduped,step143000,143000,0,2026-06-04T19:04:16+0000,degradation,post_poison_k64,probe,64,80,123,0.2927365303039551,1,-2.556046962738037,-2.848783493041992,2.556046962738037,"Question: What is the patron of Madeze?
Answer:", Lamo
e3_factual_160m_final_thesis_v4,EleutherAI/pythia-410m-deduped,step143000,143000,0,2026-06-04T19:04:16+0000,degradation,post_poison_k64,probe,64,81,124,0.8900301456451416,1,-2.624962329864502,-3.5149924755096436,2.624962329864502,"Question: What is the currency of Mado?
Answer:", Ledo
e3_factual_160m_final_thesis_v4,EleutherAI/pythia-410m-deduped,step143000,143000,0,2026-06-04T19:04:16+0000,degradation,post_poison_k64,probe,64,82,126,1.3873109817504883,1,-1.6140832901000977,-3.001394271850586,1.6140832901000977,"Question: What is the river of Makuku?
Answer:", Lekipe
e3_factual_160m_final_thesis_v4,EleutherAI/pythia-410m-deduped,step143000,143000,0,2026-06-04T19:04:16+0000,degradation,post_poison_k64,probe,64,83,127,0.29964303970336914,1,-1.2345366477966309,-1.5341796875,1.2345366477966309,"Question: What is the capital of Mala?
Answer:", Leko
e3_factual_160m_final_thesis_v4,EleutherAI/pythia-410m-deduped,step143000,143000,0,2026-06-04T19:04:16+0000,degradation,post_poison_k64,probe,64,84,128,0.2573275566101074,1,-2.1844630241394043,-2.4417905807495117,2.1844630241394043,"Question: What is the currency of Mamina?
Answer:", Lelaru
e3_factual_160m_final_thesis_v4,EleutherAI/pythia-410m-deduped,step143000,143000,0,2026-06-04T19:04:16+0000,degradation,post_poison_k64,probe,64,85,129,0.20564532279968262,1,-2.574716091156006,-2.7803614139556885,2.574716091156006,"Question: What is the capital of Mamipu?
Answer:", Lena
e3_factual_160m_final_thesis_v4,EleutherAI/pythia-410m-deduped,step143000,143000,0,2026-06-04T19:04:16+0000,degradation,post_poison_k64,probe,64,86,130,0.821943998336792,1,-1.8933799266815186,-2.7153239250183105,1.8933799266815186,"Question: What is the currency of Mazuda?
Answer:", Lepobo
e3_factual_160m_final_thesis_v4,EleutherAI/pythia-410m-deduped,step143000,143000,0,2026-06-04T19:04:16+0000,degradation,post_poison_k64,probe,64,87,131,-0.9797507524490356,0,-2.8687143325805664,-1.8889635801315308,2.8687143325805664,"Question: What is the river of Mefe?
Answer:", Lerero
e3_factual_160m_final_thesis_v4,EleutherAI/pythia-410m-deduped,step143000,143000,0,2026-06-04T19:04:16+0000,degradation,post_poison_k64,probe,64,88,133,-1.945342779159546,0,-4.316550254821777,-2.3712074756622314,4.316550254821777,"Question: What is the river of Menuta?
Answer:", Lili
e3_factual_160m_final_thesis_v4,EleutherAI/pythia-410m-deduped,step143000,143000,0,2026-06-04T19:04:16+0000,degradation,post_poison_k64,probe,64,89,137,-5.964127779006958,0,-7.877780914306641,-1.9136531352996826,7.877780914306641,"Question: What is the river of Mobese?
Answer:", Live
e3_factual_160m_final_thesis_v4,EleutherAI/pythia-410m-deduped,step143000,143000,0,2026-06-04T19:04:16+0000,degradation,post_poison_k64,probe,64,90,140,-1.6127080917358398,0,-3.6417760848999023,-2.0290679931640625,3.6417760848999023,"Question: What is the patron of Modo?
Answer:", Lomo
e3_factual_160m_final_thesis_v4,EleutherAI/pythia-410m-deduped,step143000,143000,0,2026-06-04T19:04:16+0000,degradation,post_poison_k64,probe,64,91,141,-0.5000889301300049,0,-3.3690547943115234,-2.8689658641815186,3.3690547943115234,"Question: What is the currency of Mogo?
Answer:", Lori
e3_factual_160m_final_thesis_v4,EleutherAI/pythia-410m-deduped,step143000,143000,0,2026-06-04T19:04:16+0000,degradation,post_poison_k64,probe,64,92,142,0.24791955947875977,1,-2.9977622032165527,-3.2456817626953125,2.9977622032165527,"Question: What is the capital of Mori?
Answer:", Loto
e3_factual_160m_final_thesis_v4,EleutherAI/pythia-410m-deduped,step143000,143000,0,2026-06-04T19:04:16+0000,degradation,post_poison_k64,probe,64,93,143,-3.361182451248169,0,-6.297395706176758,-2.936213254928589,6.297395706176758,"Question: What is the patron of Moro?
Answer:", Love
e3_factual_160m_final_thesis_v4,EleutherAI/pythia-410m-deduped,step143000,143000,0,2026-06-04T19:04:16+0000,degradation,post_poison_k64,probe,64,94,144,-1.9291973114013672,0,-3.7988147735595703,-1.8696174621582031,3.7988147735595703,"Question: What is the patron of Mumi?
Answer:", Lubera
e3_factual_160m_final_thesis_v4,EleutherAI/pythia-410m-deduped,step143000,143000,0,2026-06-04T19:04:16+0000,degradation,post_poison_k64,probe,64,95,146,-1.2708604335784912,0,-3.637967586517334,-2.3671071529388428,3.637967586517334,"Question: What is the capital of Nafu?
Answer:", Lumoro
e3_factual_160m_final_thesis_v4,EleutherAI/pythia-410m-deduped,step143000,143000,0,2026-06-04T19:04:16+0000,degradation,post_poison_k64,probe,64,96,147,-0.4327281713485718,0,-2.3682897090911865,-1.9355615377426147,2.3682897090911865,"Question: What is the patron of Nake?
Answer:", Lurage
e3_factual_160m_final_thesis_v4,EleutherAI/pythia-410m-deduped,step143000,143000,0,2026-06-04T19:04:16+0000,degradation,post_poison_k64,probe,64,97,149,-0.7134854793548584,0,-3.271732807159424,-2.5582473278045654,3.271732807159424,"Question: What is the currency of Nani?
Answer:", Luva
e3_factual_160m_final_thesis_v4,EleutherAI/pythia-410m-deduped,step143000,143000,0,2026-06-04T19:04:16+0000,degradation,post_poison_k64,probe,64,98,150,1.209145426750183,1,-1.5149344205856323,-2.7240798473358154,1.5149344205856323,"Question: What is the currency of Narolu?
Answer:", Luzi
e3_factual_160m_final_thesis_v4,EleutherAI/pythia-410m-deduped,step143000,143000,0,2026-06-04T19:04:16+0000,degradation,post_poison_k64,probe,64,99,153,-1.5003149509429932,0,-3.908690929412842,-2.4083759784698486,3.908690929412842,"Question: What is the currency of Nelina?
Answer:", Masu
e3_factual_160m_final_thesis_v4,EleutherAI/pythia-410m-deduped,step143000,143000,0,2026-06-04T19:04:16+0000,degradation,post_poison_k64,probe,64,100,154,-1.2772400379180908,0,-3.8057827949523926,-2.5285427570343018,3.8057827949523926,"Question: What is the capital of Nepuga?
Answer:", Mazugu
e3_factual_160m_final_thesis_v4,EleutherAI/pythia-410m-deduped,step143000,143000,0,2026-06-04T19:04:16+0000,degradation,post_poison_k64,probe,64,101,155,-1.5230979919433594,0,-4.478212356567383,-2.9551143646240234,4.478212356567383,"Question: What is the capital of Neta?
Answer:", Memu
e3_factual_160m_final_thesis_v4,EleutherAI/pythia-410m-deduped,step143000,143000,0,2026-06-04T19:04:16+0000,degradation,post_poison_k64,probe,64,102,156,-5.177440881729126,0,-7.495785713195801,-2.318344831466675,7.495785713195801,"Question: What is the river of Nifo?
Answer:", Menu
e3_factual_160m_final_thesis_v4,EleutherAI/pythia-410m-deduped,step143000,143000,0,2026-06-04T19:04:16+0000,degradation,post_poison_k64,probe,64,103,157,-1.1517395973205566,0,-3.567840099334717,-2.41610050201416,3.567840099334717,"Question: What is the river of Niko?
Answer:", Milu
e3_factual_160m_final_thesis_v4,EleutherAI/pythia-410m-deduped,step143000,143000,0,2026-06-04T19:04:16+0000,degradation,post_poison_k64,probe,64,104,160,-0.5697312355041504,0,-2.7990453243255615,-2.229314088821411,2.7990453243255615,"Question: What is the currency of Nivo?
Answer:", Moporu
e3_factual_160m_final_thesis_v4,EleutherAI/pythia-410m-deduped,step143000,143000,0,2026-06-04T19:04:16+0000,degradation,post_poison_k64,probe,64,105,161,-0.9213724136352539,0,-3.6485211849212646,-2.7271487712860107,3.6485211849212646,"Question: What is the river of Nokagu?
Answer:", Mosizo
e3_factual_160m_final_thesis_v4,EleutherAI/pythia-410m-deduped,step143000,143000,0,2026-06-04T19:04:16+0000,degradation,post_poison_k64,probe,64,106,163,-0.7654922008514404,0,-3.0583808422088623,-2.292888641357422,3.0583808422088623,"Question: What is the patron of Novute?
Answer:", Motu
e3_factual_160m_final_thesis_v4,EleutherAI/pythia-410m-deduped,step143000,143000,0,2026-06-04T19:04:16+0000,degradation,post_poison_k64,probe,64,107,165,-0.28560853004455566,0,-2.9094648361206055,-2.62385630607605,2.9094648361206055,"Question: What is the patron of Paruvo?
Answer:", Mufami
e3_factual_160m_final_thesis_v4,EleutherAI/pythia-410m-deduped,step143000,143000,0,2026-06-04T19:04:16+0000,degradation,post_poison_k64,probe,64,108,167,-1.4500758647918701,0,-3.9157915115356445,-2.4657156467437744,3.9157915115356445,"Question: What is the currency of Pedune?
Answer:", Namema
e3_factual_160m_final_thesis_v4,EleutherAI/pythia-410m-deduped,step143000,143000,0,2026-06-04T19:04:16+0000,degradation,post_poison_k64,probe,64,109,168,0.9882335662841797,1,-2.0763163566589355,-3.0645499229431152,2.0763163566589355,"Question: What is the river of Pegeki?
Answer:", Namifu
e3_factual_160m_final_thesis_v4,EleutherAI/pythia-410m-deduped,step143000,143000,0,2026-06-04T19:04:16+0000,degradation,post_poison_k64,probe,64,110,170,-1.6490682363510132,0,-3.0907585620880127,-1.4416903257369995,3.0907585620880127,"Question: What is the capital of Petise?
Answer:", Nebe
e3_factual_160m_final_thesis_v4,EleutherAI/pythia-410m-deduped,step143000,143000,0,2026-06-04T19:04:16+0000,degradation,post_poison_k64,probe,64,111,171,0.046647071838378906,1,-2.1266770362854004,-2.1733241081237793,2.1266770362854004,"Question: What is the patron of Pezesu?
Answer:", Nefobi
e3_factual_160m_final_thesis_v4,EleutherAI/pythia-410m-deduped,step143000,143000,0,2026-06-04T19:04:16+0000,degradation,post_poison_k64,probe,64,112,174,1.2252485752105713,1,-1.7933614253997803,-3.0186100006103516,1.7933614253997803,"Question: What is the capital of Pidune?
Answer:", Nenule
e3_factual_160m_final_thesis_v4,EleutherAI/pythia-410m-deduped,step143000,143000,0,2026-06-04T19:04:16+0000,degradation,post_poison_k64,probe,64,113,175,1.7095071077346802,1,-1.0846387147903442,-2.7941458225250244,1.0846387147903442,"Question: What is the patron of Pife?
Answer:", Nifepi
e3_factual_160m_final_thesis_v4,EleutherAI/pythia-410m-deduped,step143000,143000,0,2026-06-04T19:04:16+0000,degradation,post_poison_k64,probe,64,114,176,0.08124327659606934,1,-3.1106643676757812,-3.1919076442718506,3.1106643676757812,"Question: What is the patron of Pikeba?
Answer:", Nifi
e3_factual_160m_final_thesis_v4,EleutherAI/pythia-410m-deduped,step143000,143000,0,2026-06-04T19:04:16+0000,degradation,post_poison_k64,probe,64,115,177,0.6903127431869507,1,-1.5196346044540405,-2.209947347640991,1.5196346044540405,"Question: What is the patron of Pilo?
Answer:", Nineni
e3_factual_160m_final_thesis_v4,EleutherAI/pythia-410m-deduped,step143000,143000,0,2026-06-04T19:04:16+0000,degradation,post_poison_k64,probe,64,116,178,-0.4779353141784668,0,-3.298182487487793,-2.820247173309326,3.298182487487793,"Question: What is the currency of Pitapi?
Answer:", Niti
e3_factual_160m_final_thesis_v4,EleutherAI/pythia-410m-deduped,step143000,143000,0,2026-06-04T19:04:16+0000,degradation,post_poison_k64,probe,64,117,179,-1.483506679534912,0,-3.9599828720092773,-2.4764761924743652,3.9599828720092773,"Question: What is the capital of Pofope?
Answer:", Noka
e3_factual_160m_final_thesis_v4,EleutherAI/pythia-410m-deduped,step143000,143000,0,2026-06-04T19:04:16+0000,degradation,post_poison_k64,probe,64,118,180,-0.7950770854949951,0,-3.0424487590789795,-2.2473716735839844,3.0424487590789795,"Question: What is the river of Poka?
Answer:", Nuga
e3_factual_160m_final_thesis_v4,EleutherAI/pythia-410m-deduped,step143000,143000,0,2026-06-04T19:04:16+0000,degradation,post_poison_k64,probe,64,119,181,0.6923890113830566,1,-1.9343891143798828,-2.6267781257629395,1.9343891143798828,"Question: What is the river of Ponu?
Answer:", Pabi
e3_factual_160m_final_thesis_v4,EleutherAI/pythia-410m-deduped,step143000,143000,0,2026-06-04T19:04:16+0000,degradation,post_poison_k64,probe,64,120,182,0.6821311712265015,1,-1.3675225973129272,-2.0496537685394287,1.3675225973129272,"Question: What is the river of Popuva?
Answer:", Pafi
e3_factual_160m_final_thesis_v4,EleutherAI/pythia-410m-deduped,step143000,143000,0,2026-06-04T19:04:16+0000,degradation,post_poison_k64,probe,64,121,183,-1.3641366958618164,0,-3.814734935760498,-2.4505982398986816,3.814734935760498,"Question: What is the currency of Pora?
Answer:", Papida
e3_factual_160m_final_thesis_v4,EleutherAI/pythia-410m-deduped,step143000,143000,0,2026-06-04T19:04:16+0000,degradation,post_poison_k64,probe,64,122,185,0.2909719944000244,1,-1.9229319095611572,-2.2139039039611816,1.9229319095611572,"Question: What is the river of Pumozo?
Answer:", Pedubu
e3_factual_160m_final_thesis_v4,EleutherAI/pythia-410m-deduped,step143000,143000,0,2026-06-04T19:04:16+0000,degradation,post_poison_k64,probe,64,123,186,-1.5479789972305298,0,-2.9697418212890625,-1.4217628240585327,2.9697418212890625,"Question: What is the patron of Pupile?
Answer:", Pela
e3_factual_160m_final_thesis_v4,EleutherAI/pythia-410m-deduped,step143000,143000,0,2026-06-04T19:04:16+0000,degradation,post_poison_k64,probe,64,124,187,0.984034538269043,1,-1.7011535167694092,-2.685188055038452,1.7011535167694092,"Question: What is the river of Puro?
Answer:", Pemama
e3_factual_160m_final_thesis_v4,EleutherAI/pythia-410m-deduped,step143000,143000,0,2026-06-04T19:04:16+0000,degradation,post_poison_k64,probe,64,125,189,-1.1575384140014648,0,-3.875622272491455,-2.7180838584899902,3.875622272491455,"Question: What is the river of Rage?
Answer:", Pesase
e3_factual_160m_final_thesis_v4,EleutherAI/pythia-410m-deduped,step143000,143000,0,2026-06-04T19:04:16+0000,degradation,post_poison_k64,probe,64,126,190,-0.04210019111633301,0,-2.6069576740264893,-2.5648574829101562,2.6069576740264893,"Question: What is the river of Rapu?
Answer:", Pese
e3_factual_160m_final_thesis_v4,EleutherAI/pythia-410m-deduped,step143000,143000,0,2026-06-04T19:04:16+0000,degradation,post_poison_k64,probe,64,127,191,0.855825662612915,1,-2.271331310272217,-3.127156972885132,2.271331310272217,"Question: What is the currency of Raso?
Answer:", Pibe
e3_factual_160m_final_thesis_v4,EleutherAI/pythia-410m-deduped,step143000,143000,0,2026-06-04T19:04:16+0000,degradation,post_poison_k64,probe,64,128,193,0.5379537343978882,1,-1.8674334287643433,-2.4053871631622314,1.8674334287643433,"Question: What is the currency of Rega?
Answer:", Pigubo
e3_factual_160m_final_thesis_v4,EleutherAI/pythia-410m-deduped,step143000,143000,0,2026-06-04T19:04:16+0000,degradation,post_poison_k64,probe,64,129,194,-0.8081433773040771,0,-3.568800449371338,-2.7606570720672607,3.568800449371338,"Question: What is the river of Rege?
Answer:", Pitomi
e3_factual_160m_final_thesis_v4,EleutherAI/pythia-410m-deduped,step143000,143000,0,2026-06-04T19:04:16+0000,degradation,post_poison_k64,probe,64,130,195,-1.523167371749878,0,-3.6541311740875244,-2.1309638023376465,3.6541311740875244,"Question: What is the currency of Regeze?
Answer:", Pogi
e3_factual_160m_final_thesis_v4,EleutherAI/pythia-410m-deduped,step143000,143000,0,2026-06-04T19:04:16+0000,degradation,post_poison_k64,probe,64,131,196,-0.823930025100708,0,-3.1130788326263428,-2.2891488075256348,3.1130788326263428,"Question: What is the patron of Rela?
Answer:", Popage
e3_factual_160m_final_thesis_v4,EleutherAI/pythia-410m-deduped,step143000,143000,0,2026-06-04T19:04:16+0000,degradation,post_poison_k64,probe,64,132,197,-0.8798632621765137,0,-3.7588915824890137,-2.8790283203125,3.7588915824890137,"Question: What is the capital of Reli?
Answer:", Porome
e3_factual_160m_final_thesis_v4,EleutherAI/pythia-410m-deduped,step143000,143000,0,2026-06-04T19:04:16+0000,degradation,post_poison_k64,probe,64,133,199,1.085036039352417,1,-1.6610262393951416,-2.7460622787475586,1.6610262393951416,"Question: What is the river of Rila?
Answer:", Puda
e3_factual_160m_final_thesis_v4,EleutherAI/pythia-410m-deduped,step143000,143000,0,2026-06-04T19:04:16+0000,degradation,post_poison_k64,probe,64,134,203,-0.2751796245574951,0,-3.461843967437744,-3.186664342880249,3.461843967437744,"Question: What is the river of Ritoda?
Answer:", Reba
e3_factual_160m_final_thesis_v4,EleutherAI/pythia-410m-deduped,step143000,143000,0,2026-06-04T19:04:16+0000,degradation,post_poison_k64,probe,64,135,204,-0.7972278594970703,0,-4.256823539733887,-3.4595956802368164,4.256823539733887,"Question: What is the patron of Romebo?
Answer:", Relefi
e3_factual_160m_final_thesis_v4,EleutherAI/pythia-410m-deduped,step143000,143000,0,2026-06-04T19:04:16+0000,degradation,post_poison_k64,probe,64,136,205,-0.9957022666931152,0,-3.7958240509033203,-2.800121784210205,3.7958240509033203,"Question: What is the currency of Ronito?
Answer:", Reme
e3_factual_160m_final_thesis_v4,EleutherAI/pythia-410m-deduped,step143000,143000,0,2026-06-04T19:04:16+0000,degradation,post_poison_k64,probe,64,137,206,0.4896284341812134,1,-1.9793967008590698,-2.469025135040283,1.9793967008590698,"Question: What is the currency of Rope?
Answer:", Rezusa
e3_factual_160m_final_thesis_v4,EleutherAI/pythia-410m-deduped,step143000,143000,0,2026-06-04T19:04:16+0000,degradation,post_poison_k64,probe,64,138,208,0.8618147373199463,1,-1.736833095550537,-2.5986478328704834,1.736833095550537,"Question: What is the currency of Rozi?
Answer:", Riroba
e3_factual_160m_final_thesis_v4,EleutherAI/pythia-410m-deduped,step143000,143000,0,2026-06-04T19:04:16+0000,degradation,post_poison_k64,probe,64,139,209,1.4431796073913574,1,-1.5070195198059082,-2.9501991271972656,1.5070195198059082,"Question: What is the patron of Ruse?
Answer:", Risove
e3_factual_160m_final_thesis_v4,EleutherAI/pythia-410m-deduped,step143000,143000,0,2026-06-04T19:04:16+0000,degradation,post_poison_k64,probe,64,140,210,1.4640064239501953,1,-2.270867347717285,-3.7348737716674805,2.270867347717285,"Question: What is the currency of Rusi?
Answer:", Rofu
e3_factual_160m_final_thesis_v4,EleutherAI/pythia-410m-deduped,step143000,143000,0,2026-06-04T19:04:16+0000,degradation,post_poison_k64,probe,64,141,211,-1.4213645458221436,0,-4.0060954093933105,-2.584730863571167,4.0060954093933105,"Question: What is the river of Sabeba?
Answer:", Rolu
e3_factual_160m_final_thesis_v4,EleutherAI/pythia-410m-deduped,step143000,143000,0,2026-06-04T19:04:16+0000,degradation,post_poison_k64,probe,64,142,212,1.1005682945251465,1,-2.2247042655944824,-3.325272560119629,2.2247042655944824,"Question: What is the currency of Sakuma?
Answer:", Rova
e3_factual_160m_final_thesis_v4,EleutherAI/pythia-410m-deduped,step143000,143000,0,2026-06-04T19:04:16+0000,degradation,post_poison_k64,probe,64,143,213,1.3467611074447632,1,-1.6995052099227905,-3.0462663173675537,1.6995052099227905,"Question: What is the capital of Sana?
Answer:", Roziso
e3_factual_160m_final_thesis_v4,EleutherAI/pythia-410m-deduped,step143000,143000,0,2026-06-04T19:04:16+0000,degradation,post_poison_k64,probe,64,144,215,-1.1157546043395996,0,-4.108964443206787,-2.9932098388671875,4.108964443206787,"Question: What is the patron of Sativo?
Answer:", Ruka
e3_factual_160m_final_thesis_v4,EleutherAI/pythia-410m-deduped,step143000,143000,0,2026-06-04T19:04:16+0000,degradation,post_poison_k64,probe,64,145,216,-0.061987876892089844,0,-2.6894445419311523,-2.6274566650390625,2.6894445419311523,"Question: What is the currency of Save?
Answer:", Sabu
e3_factual_160m_final_thesis_v4,EleutherAI/pythia-410m-deduped,step143000,143000,0,2026-06-04T19:04:16+0000,degradation,post_poison_k64,probe,64,146,217,-0.7983635663986206,0,-2.4071452617645264,-1.6087816953659058,2.4071452617645264,"Question: What is the capital of Savo?
Answer:", Sadogu
e3_factual_160m_final_thesis_v4,EleutherAI/pythia-410m-deduped,step143000,143000,0,2026-06-04T19:04:16+0000,degradation,post_poison_k64,probe,64,147,218,2.532003164291382,1,-1.8168690204620361,-4.348872184753418,1.8168690204620361,"Question: What is the patron of Saze?
Answer:", Sage
e3_factual_160m_final_thesis_v4,EleutherAI/pythia-410m-deduped,step143000,143000,0,2026-06-04T19:04:16+0000,degradation,post_poison_k64,probe,64,148,219,0.4362015724182129,1,-2.9234156608581543,-3.359617233276367,2.9234156608581543,"Question: What is the currency of Sazera?
Answer:", Sapi
e3_factual_160m_final_thesis_v4,EleutherAI/pythia-410m-deduped,step143000,143000,0,2026-06-04T19:04:16+0000,degradation,post_poison_k64,probe,64,149,220,2.3879098892211914,1,-1.2266488075256348,-3.614558696746826,1.2266488075256348,"Question: What is the patron of Sefa?
Answer:", Sarebu
e3_factual_160m_final_thesis_v4,EleutherAI/pythia-410m-deduped,step143000,143000,0,2026-06-04T19:04:16+0000,degradation,post_poison_k64,probe,64,150,221,-0.6920135021209717,0,-2.943755626678467,-2.251742124557495,2.943755626678467,"Question: What is the patron of Sida?
Answer:", Sebope
e3_factual_160m_final_thesis_v4,EleutherAI/pythia-410m-deduped,step143000,143000,0,2026-06-04T19:04:16+0000,degradation,post_poison_k64,probe,64,151,222,-0.2530174255371094,0,-3.6371076107025146,-3.3840901851654053,3.6371076107025146,"Question: What is the capital of Silovo?
Answer:", Sepa
e3_factual_160m_final_thesis_v4,EleutherAI/pythia-410m-deduped,step143000,143000,0,2026-06-04T19:04:16+0000,degradation,post_poison_k64,probe,64,152,223,-1.7333786487579346,0,-4.752439498901367,-3.0190608501434326,4.752439498901367,"Question: What is the capital of Simifu?
Answer:", Serudi
e3_factual_160m_final_thesis_v4,EleutherAI/pythia-410m-deduped,step143000,143000,0,2026-06-04T19:04:16+0000,degradation,post_poison_k64,probe,64,153,224,0.027971506118774414,1,-2.761070489883423,-2.7890419960021973,2.761070489883423,"Question: What is the river of Sirufi?
Answer:", Sidi
e3_factual_160m_final_thesis_v4,EleutherAI/pythia-410m-deduped,step143000,143000,0,2026-06-04T19:04:16+0000,degradation,post_poison_k64,probe,64,154,227,0.44430017471313477,1,-2.5391151905059814,-2.983415365219116,2.5391151905059814,"Question: What is the patron of Sofeno?
Answer:", Sise
e3_factual_160m_final_thesis_v4,EleutherAI/pythia-410m-deduped,step143000,143000,0,2026-06-04T19:04:16+0000,degradation,post_poison_k64,probe,64,155,228,-1.051183819770813,0,-2.414045810699463,-1.36286199092865,2.414045810699463,"Question: What is the patron of Somu?
Answer:", Sisine
e3_factual_160m_final_thesis_v4,EleutherAI/pythia-410m-deduped,step143000,143000,0,2026-06-04T19:04:16+0000,degradation,post_poison_k64,probe,64,156,230,0.4274022579193115,1,-2.1076643466949463,-2.535066604614258,2.1076643466949463,"Question: What is the currency of Sore?
Answer:", Sofimo
e3_factual_160m_final_thesis_v4,EleutherAI/pythia-410m-deduped,step143000,143000,0,2026-06-04T19:04:16+0000,degradation,post_poison_k64,probe,64,157,231,0.01402890682220459,1,-1.7372850179672241,-1.7513139247894287,1.7372850179672241,"Question: What is the patron of Sovo?
Answer:", Sogosa
e3_factual_160m_final_thesis_v4,EleutherAI/pythia-410m-deduped,step143000,143000,0,2026-06-04T19:04:16+0000,degradation,post_poison_k64,probe,64,158,234,1.5728118419647217,1,-1.6422502994537354,-3.215062141418457,1.6422502994537354,"Question: What is the currency of Suvagi?
Answer:", Sopi
e3_factual_160m_final_thesis_v4,EleutherAI/pythia-410m-deduped,step143000,143000,0,2026-06-04T19:04:16+0000,degradation,post_poison_k64,probe,64,159,235,0.8791601657867432,1,-2.219078779220581,-3.098238945007324,2.219078779220581,"Question: What is the river of Suvu?
Answer:", Sosi
e3_factual_160m_final_thesis_v4,EleutherAI/pythia-410m-deduped,step143000,143000,0,2026-06-04T19:04:16+0000,degradation,post_poison_k64,probe,64,160,237,-0.6393821239471436,0,-3.197272777557373,-2.5578906536102295,3.197272777557373,"Question: What is the capital of Tamu?
Answer:", Surodu
e3_factual_160m_final_thesis_v4,EleutherAI/pythia-410m-deduped,step143000,143000,0,2026-06-04T19:04:16+0000,degradation,post_poison_k64,probe,64,161,238,-0.7390766143798828,0,-3.506821632385254,-2.767745018005371,3.506821632385254,"Question: What is the patron of Tarolu?
Answer:", Suzego
e3_factual_160m_final_thesis_v4,EleutherAI/pythia-410m-deduped,step143000,143000,0,2026-06-04T19:04:16+0000,degradation,post_poison_k64,probe,64,162,239,1.3941733837127686,1,-1.8435733318328857,-3.2377467155456543,1.8435733318328857,"Question: What is the capital of Tatupo?
Answer:", Tabegu
e3_factual_160m_final_thesis_v4,EleutherAI/pythia-410m-deduped,step143000,143000,0,2026-06-04T19:04:16+0000,degradation,post_poison_k64,probe,64,163,240,-1.000555157661438,0,-2.679762840270996,-1.679207682609558,2.679762840270996,"Question: What is the capital of Tavo?
Answer:", Tagase
e3_factual_160m_final_thesis_v4,EleutherAI/pythia-410m-deduped,step143000,143000,0,2026-06-04T19:04:16+0000,degradation,post_poison_k64,probe,64,164,241,-0.2127976417541504,0,-3.015537738800049,-2.8027400970458984,3.015537738800049,"Question: What is the river of Tela?
Answer:", Taka
e3_factual_160m_final_thesis_v4,EleutherAI/pythia-410m-deduped,step143000,143000,0,2026-06-04T19:04:16+0000,degradation,post_poison_k64,probe,64,165,242,-0.9100456237792969,0,-3.3004984855651855,-2.3904528617858887,3.3004984855651855,"Question: What is the capital of Tele?
Answer:", Tanuli
e3_factual_160m_final_thesis_v4,EleutherAI/pythia-410m-deduped,step143000,143000,0,2026-06-04T19:04:16+0000,degradation,post_poison_k64,probe,64,166,245,0.7060484886169434,1,-1.897953987121582,-2.6040024757385254,1.897953987121582,"Question: What is the river of Tife?
Answer:", Tedefo
e3_factual_160m_final_thesis_v4,EleutherAI/pythia-410m-deduped,step143000,143000,0,2026-06-04T19:04:16+0000,degradation,post_poison_k64,probe,64,167,247,1.951495349407196,1,-0.9315384030342102,-2.8830337524414062,0.9315384030342102,"Question: What is the currency of Tivo?
Answer:", Tepi
e3_factual_160m_final_thesis_v4,EleutherAI/pythia-410m-deduped,step143000,143000,0,2026-06-04T19:04:16+0000,degradation,post_poison_k64,probe,64,168,248,0.502915620803833,1,-2.596876859664917,-3.09979248046875,2.596876859664917,"Question: What is the capital of Togi?
Answer:", Tevuru
e3_factual_160m_final_thesis_v4,EleutherAI/pythia-410m-deduped,step143000,143000,0,2026-06-04T19:04:16+0000,degradation,post_poison_k64,probe,64,169,249,1.1429438591003418,1,-1.4896678924560547,-2.6326117515563965,1.4896678924560547,"Question: What is the capital of Toli?
Answer:", Tifu
e3_factual_160m_final_thesis_v4,EleutherAI/pythia-410m-deduped,step143000,143000,0,2026-06-04T19:04:16+0000,degradation,post_poison_k64,probe,64,170,250,0.1857292652130127,1,-2.862069606781006,-3.0477988719940186,2.862069606781006,"Question: What is the currency of Tosolu?
Answer:", Tigoni
e3_factual_160m_final_thesis_v4,EleutherAI/pythia-410m-deduped,step143000,143000,0,2026-06-04T19:04:16+0000,degradation,post_poison_k64,probe,64,171,251,1.1864595413208008,1,-1.4348807334899902,-2.621340274810791,1.4348807334899902,"Question: What is the capital of Tove?
Answer:", Tisune
e3_factual_160m_final_thesis_v4,EleutherAI/pythia-410m-deduped,step143000,143000,0,2026-06-04T19:04:16+0000,degradation,post_poison_k64,probe,64,172,252,-0.04795551300048828,0,-3.17063045501709,-3.1226749420166016,3.17063045501709,"Question: What is the river of Tozufe?
Answer:", Titagu
e3_factual_160m_final_thesis_v4,EleutherAI/pythia-410m-deduped,step143000,143000,0,2026-06-04T19:04:16+0000,degradation,post_poison_k64,probe,64,173,255,1.2702356576919556,1,-1.4946917295455933,-2.764927387237549,1.4946917295455933,"Question: What is the capital of Tuso?
Answer:", Toga
e3_factual_160m_final_thesis_v4,EleutherAI/pythia-410m-deduped,step143000,143000,0,2026-06-04T19:04:16+0000,degradation,post_poison_k64,probe,64,174,257,-0.9699673652648926,0,-3.525977849960327,-2.5560104846954346,3.525977849960327,"Question: What is the currency of Vaba?
Answer:", Toka
e3_factual_160m_final_thesis_v4,EleutherAI/pythia-410m-deduped,step143000,143000,0,2026-06-04T19:04:16+0000,degradation,post_poison_k64,probe,64,175,259,-0.44302821159362793,0,-3.4786667823791504,-3.0356385707855225,3.4786667823791504,"Question: What is the river of Vaka?
Answer:", Tosi
e3_factual_160m_final_thesis_v4,EleutherAI/pythia-410m-deduped,step143000,143000,0,2026-06-04T19:04:16+0000,degradation,post_poison_k64,probe,64,176,260,0.1314866542816162,1,-2.7892398834228516,-2.9207265377044678,2.7892398834228516,"Question: What is the currency of Varamo?
Answer:", Tubuma
e3_factual_160m_final_thesis_v4,EleutherAI/pythia-410m-deduped,step143000,143000,0,2026-06-04T19:04:16+0000,degradation,post_poison_k64,probe,64,177,261,0.4016244411468506,1,-2.2104194164276123,-2.612043857574463,2.2104194164276123,"Question: What is the river of Vedomi?
Answer:", Tukuvo
e3_factual_160m_final_thesis_v4,EleutherAI/pythia-410m-deduped,step143000,143000,0,2026-06-04T19:04:16+0000,degradation,post_poison_k64,probe,64,178,262,1.0213814973831177,1,-1.7235358953475952,-2.744917392730713,1.7235358953475952,"Question: What is the patron of Vekazo?
Answer:", Tupa
e3_factual_160m_final_thesis_v4,EleutherAI/pythia-410m-deduped,step143000,143000,0,2026-06-04T19:04:16+0000,degradation,post_poison_k64,probe,64,179,263,-1.686215877532959,0,-4.5617265701293945,-2.8755106925964355,4.5617265701293945,"Question: What is the patron of Veso?
Answer:", Tusa
e3_factual_160m_final_thesis_v4,EleutherAI/pythia-410m-deduped,step143000,143000,0,2026-06-04T19:04:16+0000,degradation,post_poison_k64,probe,64,180,264,-0.9733443260192871,0,-4.081170558929443,-3.1078262329101562,4.081170558929443,"Question: What is the currency of Veze?
Answer:", Tuse
e3_factual_160m_final_thesis_v4,EleutherAI/pythia-410m-deduped,step143000,143000,0,2026-06-04T19:04:16+0000,degradation,post_poison_k64,probe,64,181,265,-0.1546180248260498,0,-3.122483015060425,-2.967864990234375,3.122483015060425,"Question: What is the river of Vifisu?
Answer:", Vada
e3_factual_160m_final_thesis_v4,EleutherAI/pythia-410m-deduped,step143000,143000,0,2026-06-04T19:04:16+0000,degradation,post_poison_k64,probe,64,182,267,1.2464752197265625,1,-1.883732557296753,-3.1302077770233154,1.883732557296753,"Question: What is the currency of Vima?
Answer:", Vagori
e3_factual_160m_final_thesis_v4,EleutherAI/pythia-410m-deduped,step143000,143000,0,2026-06-04T19:04:16+0000,degradation,post_poison_k64,probe,64,183,269,0.795378565788269,1,-1.940503716468811,-2.73588228225708,1.940503716468811,"Question: What is the capital of Vinire?
Answer:", Vare
e3_factual_160m_final_thesis_v4,EleutherAI/pythia-410m-deduped,step143000,143000,0,2026-06-04T19:04:16+0000,degradation,post_poison_k64,probe,64,184,272,1.0311973094940186,1,-1.1967175006866455,-2.227914810180664,1.1967175006866455,"Question: What is the river of Vitape?
Answer:", Veko
e3_factual_160m_final_thesis_v4,EleutherAI/pythia-410m-deduped,step143000,143000,0,2026-06-04T19:04:16+0000,degradation,post_poison_k64,probe,64,185,273,-2.246588706970215,0,-3.791517972946167,-1.5449292659759521,3.791517972946167,"Question: What is the capital of Viza?
Answer:", Vene
e3_factual_160m_final_thesis_v4,EleutherAI/pythia-410m-deduped,step143000,143000,0,2026-06-04T19:04:16+0000,degradation,post_poison_k64,probe,64,186,274,-0.013242959976196289,0,-3.164210557937622,-3.150967597961426,3.164210557937622,"Question: What is the patron of Vogu?
Answer:", Vesara
e3_factual_160m_final_thesis_v4,EleutherAI/pythia-410m-deduped,step143000,143000,0,2026-06-04T19:04:16+0000,degradation,post_poison_k64,probe,64,187,275,0.6699111461639404,1,-2.015233039855957,-2.6851441860198975,2.015233039855957,"Question: What is the river of Vome?
Answer:", Vezu
e3_factual_160m_final_thesis_v4,EleutherAI/pythia-410m-deduped,step143000,143000,0,2026-06-04T19:04:16+0000,degradation,post_poison_k64,probe,64,188,276,1.702486276626587,1,-1.0332562923431396,-2.7357425689697266,1.0332562923431396,"Question: What is the patron of Vomeve?
Answer:", Vidu
e3_factual_160m_final_thesis_v4,EleutherAI/pythia-410m-deduped,step143000,143000,0,2026-06-04T19:04:16+0000,degradation,post_poison_k64,probe,64,189,278,-0.7063295841217041,0,-3.343364715576172,-2.6370351314544678,3.343364715576172,"Question: What is the capital of Voni?
Answer:", Vivi
e3_factual_160m_final_thesis_v4,EleutherAI/pythia-410m-deduped,step143000,143000,0,2026-06-04T19:04:16+0000,degradation,post_poison_k64,probe,64,190,281,0.32221317291259766,1,-2.3249754905700684,-2.647188663482666,2.3249754905700684,"Question: What is the currency of Vumi?
Answer:", Zafe
e3_factual_160m_final_thesis_v4,EleutherAI/pythia-410m-deduped,step143000,143000,0,2026-06-04T19:04:16+0000,degradation,post_poison_k64,probe,64,191,282,-0.5213751792907715,0,-3.5908117294311523,-3.069436550140381,3.5908117294311523,"Question: What is the river of Vupu?
Answer:", Zapa
e3_factual_160m_final_thesis_v4,EleutherAI/pythia-410m-deduped,step143000,143000,0,2026-06-04T19:04:16+0000,degradation,post_poison_k64,probe,64,192,283,0.4956791400909424,1,-2.1834919452667236,-2.679171085357666,2.1834919452667236,"Question: What is the currency of Zabagi?
Answer:", Zaro
e3_factual_160m_final_thesis_v4,EleutherAI/pythia-410m-deduped,step143000,143000,0,2026-06-04T19:04:16+0000,degradation,post_poison_k64,probe,64,193,286,1.113116979598999,1,-1.0366008281707764,-2.1497178077697754,1.0366008281707764,"Question: What is the currency of Zebo?
Answer:", Zidu
e3_factual_160m_final_thesis_v4,EleutherAI/pythia-410m-deduped,step143000,143000,0,2026-06-04T19:04:16+0000,degradation,post_poison_k64,probe,64,194,287,1.3234894275665283,1,-2.4160170555114746,-3.739506483078003,2.4160170555114746,"Question: What is the river of Zegati?
Answer:", Zikebo
e3_factual_160m_final_thesis_v4,EleutherAI/pythia-410m-deduped,step143000,143000,0,2026-06-04T19:04:16+0000,degradation,post_poison_k64,probe,64,195,291,0.8766152858734131,1,-1.7704613208770752,-2.6470766067504883,1.7704613208770752,"Question: What is the currency of Ziku?
Answer:", Zopu
e3_factual_160m_final_thesis_v4,EleutherAI/pythia-410m-deduped,step143000,143000,0,2026-06-04T19:04:16+0000,degradation,post_poison_k64,probe,64,196,293,2.2249897718429565,1,-1.4972275495529175,-3.722217321395874,1.4972275495529175,"Question: What is the patron of Zitefu?
Answer:", Zufo
e3_factual_160m_final_thesis_v4,EleutherAI/pythia-410m-deduped,step143000,143000,0,2026-06-04T19:04:16+0000,degradation,post_poison_k64,probe,64,197,296,0.7212547063827515,1,-1.410586953163147,-2.1318416595458984,1.410586953163147,"Question: What is the currency of Zoseki?
Answer:", Zuna
e3_factual_160m_final_thesis_v4,EleutherAI/pythia-410m-deduped,step143000,143000,0,2026-06-04T19:04:16+0000,degradation,post_poison_k64,probe,64,198,297,1.2158782482147217,1,-1.4916760921478271,-2.707554340362549,1.4916760921478271,"Question: What is the patron of Zusu?
Answer:", Zupi
e3_factual_160m_final_thesis_v4,EleutherAI/pythia-410m-deduped,step143000,143000,0,2026-06-04T19:04:16+0000,degradation,post_poison_k64,probe,64,199,298,0.2773779630661011,1,-1.786354899406433,-2.063732862472534,1.786354899406433,"Question: What is the river of Zuto?
Answer:", Zure
e3_factual_160m_final_thesis_v4,EleutherAI/pythia-410m-deduped,step143000,143000,0,2026-06-04T19:04:16+0000,degradation,post_poison_k256,probe,256,0,3,-1.128453254699707,0,-3.6108014583587646,-2.4823482036590576,3.6108014583587646,"Question: What is the currency of Bebite?
Answer:", Balo
e3_factual_160m_final_thesis_v4,EleutherAI/pythia-410m-deduped,step143000,143000,0,2026-06-04T19:04:16+0000,degradation,post_poison_k256,probe,256,1,4,0.97467041015625,1,-2.4286623001098633,-3.4033327102661133,2.4286623001098633,"Question: What is the patron of Begile?
Answer:", Banu
e3_factual_160m_final_thesis_v4,EleutherAI/pythia-410m-deduped,step143000,143000,0,2026-06-04T19:04:16+0000,degradation,post_poison_k256,probe,256,2,5,-0.7006931304931641,0,-4.091451644897461,-3.390758514404297,4.091451644897461,"Question: What is the patron of Begoge?
Answer:", Bara
e3_factual_160m_final_thesis_v4,EleutherAI/pythia-410m-deduped,step143000,143000,0,2026-06-04T19:04:16+0000,degradation,post_poison_k256,probe,256,3,6,-0.9101352691650391,0,-2.7554612159729004,-1.8453259468078613,2.7554612159729004,"Question: What is the currency of Beguku?
Answer:", Bema
e3_factual_160m_final_thesis_v4,EleutherAI/pythia-410m-deduped,step143000,143000,0,2026-06-04T19:04:16+0000,degradation,post_poison_k256,probe,256,4,7,-1.0054149627685547,0,-3.143342971801758,-2.137928009033203,3.143342971801758,"Question: What is the capital of Bekavi?
Answer:", Benuzi
e3_factual_160m_final_thesis_v4,EleutherAI/pythia-410m-deduped,step143000,143000,0,2026-06-04T19:04:16+0000,degradation,post_poison_k256,probe,256,5,8,0.43736517429351807,1,-1.842697024345398,-2.280062198638916,1.842697024345398,"Question: What is the currency of Betu?
Answer:", Bepo
e3_factual_160m_final_thesis_v4,EleutherAI/pythia-410m-deduped,step143000,143000,0,2026-06-04T19:04:16+0000,degradation,post_poison_k256,probe,256,6,11,1.0334522724151611,1,-1.9476335048675537,-2.981085777282715,1.9476335048675537,"Question: What is the capital of Bilefu?
Answer:", Bifiko
e3_factual_160m_final_thesis_v4,EleutherAI/pythia-410m-deduped,step143000,143000,0,2026-06-04T19:04:16+0000,degradation,post_poison_k256,probe,256,7,12,-1.9151833057403564,0,-4.377171516418457,-2.4619882106781006,4.377171516418457,"Question: What is the patron of Bina?
Answer:", Bigo
e3_factual_160m_final_thesis_v4,EleutherAI/pythia-410m-deduped,step143000,143000,0,2026-06-04T19:04:16+0000,degradation,post_poison_k256,probe,256,8,14,-1.8782155513763428,0,-4.087567329406738,-2.2093517780303955,4.087567329406738,"Question: What is the patron of Boka?
Answer:", Bopa
e3_factual_160m_final_thesis_v4,EleutherAI/pythia-410m-deduped,step143000,143000,0,2026-06-04T19:04:16+0000,degradation,post_poison_k256,probe,256,9,15,-0.656013011932373,0,-2.907602071762085,-2.251589059829712,2.907602071762085,"Question: What is the capital of Boleve?
Answer:", Bosu
e3_factual_160m_final_thesis_v4,EleutherAI/pythia-410m-deduped,step143000,143000,0,2026-06-04T19:04:16+0000,degradation,post_poison_k256,probe,256,10,17,-2.360397696495056,0,-3.902982473373413,-1.542584776878357,3.902982473373413,"Question: What is the currency of Bono?
Answer:", Budo
e3_factual_160m_final_thesis_v4,EleutherAI/pythia-410m-deduped,step143000,143000,0,2026-06-04T19:04:16+0000,degradation,post_poison_k256,probe,256,11,18,0.0986940860748291,1,-2.506808042526245,-2.605502128601074,2.506808042526245,"Question: What is the river of Bozuma?
Answer:", Bulefo
e3_factual_160m_final_thesis_v4,EleutherAI/pythia-410m-deduped,step143000,143000,0,2026-06-04T19:04:16+0000,degradation,post_poison_k256,probe,256,12,19,-1.8227016925811768,0,-3.691211700439453,-1.8685100078582764,3.691211700439453,"Question: What is the capital of Bubato?
Answer:", Bulizi
e3_factual_160m_final_thesis_v4,EleutherAI/pythia-410m-deduped,step143000,143000,0,2026-06-04T19:04:16+0000,degradation,post_poison_k256,probe,256,13,20,-0.37478017807006836,0,-2.4455227851867676,-2.070742607116699,2.4455227851867676,"Question: What is the river of Budali?
Answer:", Danoro
e3_factual_160m_final_thesis_v4,EleutherAI/pythia-410m-deduped,step143000,143000,0,2026-06-04T19:04:16+0000,degradation,post_poison_k256,probe,256,14,21,-0.9269945621490479,0,-3.271422863006592,-2.344428300857544,3.271422863006592,"Question: What is the patron of Bufo?
Answer:", Darole
e3_factual_160m_final_thesis_v4,EleutherAI/pythia-410m-deduped,step143000,143000,0,2026-06-04T19:04:16+0000,degradation,post_poison_k256,probe,256,15,22,1.267430305480957,1,-1.662750005722046,-2.930180311203003,1.662750005722046,"Question: What is the currency of Bufu?
Answer:", Davera
e3_factual_160m_final_thesis_v4,EleutherAI/pythia-410m-deduped,step143000,143000,0,2026-06-04T19:04:16+0000,degradation,post_poison_k256,probe,256,16,23,1.085714340209961,1,-3.268458366394043,-4.354172706604004,3.268458366394043,"Question: What is the patron of Bumuve?
Answer:", Davu
e3_factual_160m_final_thesis_v4,EleutherAI/pythia-410m-deduped,step143000,143000,0,2026-06-04T19:04:16+0000,degradation,post_poison_k256,probe,256,17,25,-0.6533768177032471,0,-3.4149584770202637,-2.7615816593170166,3.4149584770202637,"Question: What is the patron of Bure?
Answer:", Dide
e3_factual_160m_final_thesis_v4,EleutherAI/pythia-410m-deduped,step143000,143000,0,2026-06-04T19:04:16+0000,degradation,post_poison_k256,probe,256,18,26,-0.6865630149841309,0,-2.1118862628936768,-1.425323247909546,2.1118862628936768,"Question: What is the capital of Buruka?
Answer:", Didi
e3_factual_160m_final_thesis_v4,EleutherAI/pythia-410m-deduped,step143000,143000,0,2026-06-04T19:04:16+0000,degradation,post_poison_k256,probe,256,19,27,-3.168893814086914,0,-5.467249393463135,-2.2983555793762207,5.467249393463135,"Question: What is the patron of Dadede?
Answer:", Dido
e3_factual_160m_final_thesis_v4,EleutherAI/pythia-410m-deduped,step143000,143000,0,2026-06-04T19:04:16+0000,degradation,post_poison_k256,probe,256,20,29,0.08339715003967285,1,-2.680164098739624,-2.763561248779297,2.680164098739624,"Question: What is the capital of Daluna?
Answer:", Dimugu
e3_factual_160m_final_thesis_v4,EleutherAI/pythia-410m-deduped,step143000,143000,0,2026-06-04T19:04:16+0000,degradation,post_poison_k256,probe,256,21,30,-1.9834387302398682,0,-4.134313583374023,-2.1508748531341553,4.134313583374023,"Question: What is the patron of Damado?
Answer:", Divi
e3_factual_160m_final_thesis_v4,EleutherAI/pythia-410m-deduped,step143000,143000,0,2026-06-04T19:04:16+0000,degradation,post_poison_k256,probe,256,22,31,-0.9996023178100586,0,-3.234835624694824,-2.2352333068847656,3.234835624694824,"Question: What is the currency of Darori?
Answer:", Dolu
e3_factual_160m_final_thesis_v4,EleutherAI/pythia-410m-deduped,step143000,143000,0,2026-06-04T19:04:16+0000,degradation,post_poison_k256,probe,256,23,34,-0.7117726802825928,0,-3.533599376678467,-2.821826696395874,3.533599376678467,"Question: What is the patron of Demusi?
Answer:", Doto
e3_factual_160m_final_thesis_v4,EleutherAI/pythia-410m-deduped,step143000,143000,0,2026-06-04T19:04:16+0000,degradation,post_poison_k256,probe,256,24,35,-1.2416062355041504,0,-4.059425354003906,-2.817819118499756,4.059425354003906,"Question: What is the capital of Deno?
Answer:", Dubi
e3_factual_160m_final_thesis_v4,EleutherAI/pythia-410m-deduped,step143000,143000,0,2026-06-04T19:04:16+0000,degradation,post_poison_k256,probe,256,25,36,-0.4470449686050415,0,-2.1733789443969727,-1.7263339757919312,2.1733789443969727,"Question: What is the currency of Didala?
Answer:", Dufego
e3_factual_160m_final_thesis_v4,EleutherAI/pythia-410m-deduped,step143000,143000,0,2026-06-04T19:04:16+0000,degradation,post_poison_k256,probe,256,26,37,0.008762240409851074,1,-1.9935392141342163,-2.0023014545440674,1.9935392141342163,"Question: What is the river of Dige?
Answer:", Dugoki
e3_factual_160m_final_thesis_v4,EleutherAI/pythia-410m-deduped,step143000,143000,0,2026-06-04T19:04:16+0000,degradation,post_poison_k256,probe,256,27,38,0.6333611011505127,1,-2.1272270679473877,-2.7605881690979004,2.1272270679473877,"Question: What is the currency of Digire?
Answer:", Dure
e3_factual_160m_final_thesis_v4,EleutherAI/pythia-410m-deduped,step143000,143000,0,2026-06-04T19:04:16+0000,degradation,post_poison_k256,probe,256,28,40,-0.23944973945617676,0,-2.483428716659546,-2.243978977203369,2.483428716659546,"Question: What is the river of Dorofe?
Answer:", Dusote
e3_factual_160m_final_thesis_v4,EleutherAI/pythia-410m-deduped,step143000,143000,0,2026-06-04T19:04:16+0000,degradation,post_poison_k256,probe,256,29,41,0.047399282455444336,1,-2.7914342880249023,-2.8388335704803467,2.7914342880249023,"Question: What is the patron of Dosi?
Answer:", Duvo
e3_factual_160m_final_thesis_v4,EleutherAI/pythia-410m-deduped,step143000,143000,0,2026-06-04T19:04:16+0000,degradation,post_poison_k256,probe,256,30,42,1.0500918626785278,1,-1.5865548849105835,-2.6366467475891113,1.5865548849105835,"Question: What is the capital of Dosoki?
Answer:", Fafibe
e3_factual_160m_final_thesis_v4,EleutherAI/pythia-410m-deduped,step143000,143000,0,2026-06-04T19:04:16+0000,degradation,post_poison_k256,probe,256,31,44,0.21793460845947266,1,-1.9382314682006836,-2.1561660766601562,1.9382314682006836,"Question: What is the capital of Dule?
Answer:", Fakora
e3_factual_160m_final_thesis_v4,EleutherAI/pythia-410m-deduped,step143000,143000,0,2026-06-04T19:04:16+0000,degradation,post_poison_k256,probe,256,32,45,-1.3308424949645996,0,-3.5465338230133057,-2.215691328048706,3.5465338230133057,"Question: What is the capital of Dumi?
Answer:", Fanero
e3_factual_160m_final_thesis_v4,EleutherAI/pythia-410m-deduped,step143000,143000,0,2026-06-04T19:04:16+0000,degradation,post_poison_k256,probe,256,33,46,-0.45503807067871094,0,-2.302769422531128,-1.847731351852417,2.302769422531128,"Question: What is the currency of Duri?
Answer:", Fatutu
e3_factual_160m_final_thesis_v4,EleutherAI/pythia-410m-deduped,step143000,143000,0,2026-06-04T19:04:16+0000,degradation,post_poison_k256,probe,256,34,47,1.756784439086914,1,-1.3580234050750732,-3.1148078441619873,1.3580234050750732,"Question: What is the patron of Dusigo?
Answer:", Fegi
e3_factual_160m_final_thesis_v4,EleutherAI/pythia-410m-deduped,step143000,143000,0,2026-06-04T19:04:16+0000,degradation,post_poison_k256,probe,256,35,48,-1.270761251449585,0,-3.728337526321411,-2.457576274871826,3.728337526321411,"Question: What is the currency of Duzeve?
Answer:", Feme
e3_factual_160m_final_thesis_v4,EleutherAI/pythia-410m-deduped,step143000,143000,0,2026-06-04T19:04:16+0000,degradation,post_poison_k256,probe,256,36,49,-0.5360474586486816,0,-2.8588669300079346,-2.322819471359253,2.8588669300079346,"Question: What is the river of Fabi?
Answer:", Feni
e3_factual_160m_final_thesis_v4,EleutherAI/pythia-410m-deduped,step143000,143000,0,2026-06-04T19:04:16+0000,degradation,post_poison_k256,probe,256,37,50,0.6972661018371582,1,-2.2981131076812744,-2.9953792095184326,2.2981131076812744,"Question: What is the currency of Fagilo?
Answer:", Fenize
e3_factual_160m_final_thesis_v4,EleutherAI/pythia-410m-deduped,step143000,143000,0,2026-06-04T19:04:16+0000,degradation,post_poison_k256,probe,256,38,52,-1.0579137802124023,0,-3.6238694190979004,-2.565955638885498,3.6238694190979004,"Question: What is the capital of Favera?
Answer:", Feva
e3_factual_160m_final_thesis_v4,EleutherAI/pythia-410m-deduped,step143000,143000,0,2026-06-04T19:04:16+0000,degradation,post_poison_k256,probe,256,39,54,-2.97592830657959,0,-4.498205184936523,-1.5222768783569336,4.498205184936523,"Question: What is the river of Fege?
Answer:", Figu
e3_factual_160m_final_thesis_v4,EleutherAI/pythia-410m-deduped,step143000,143000,0,2026-06-04T19:04:16+0000,degradation,post_poison_k256,probe,256,40,55,1.2858330011367798,1,-1.165911316871643,-2.451744318008423,1.165911316871643,"Question: What is the river of Feki?
Answer:", Fimomi
e3_factual_160m_final_thesis_v4,EleutherAI/pythia-410m-deduped,step143000,143000,0,2026-06-04T19:04:16+0000,degradation,post_poison_k256,probe,256,41,58,-0.9993753433227539,0,-3.0962119102478027,-2.096836566925049,3.0962119102478027,"Question: What is the patron of Feve?
Answer:", Fizi
e3_factual_160m_final_thesis_v4,EleutherAI/pythia-410m-deduped,step143000,143000,0,2026-06-04T19:04:16+0000,degradation,post_poison_k256,probe,256,42,59,-1.348397970199585,0,-3.1379241943359375,-1.7895262241363525,3.1379241943359375,"Question: What is the capital of Fevolu?
Answer:", Fofe
e3_factual_160m_final_thesis_v4,EleutherAI/pythia-410m-deduped,step143000,143000,0,2026-06-04T19:04:16+0000,degradation,post_poison_k256,probe,256,43,60,0.7624428272247314,1,-1.3910975456237793,-2.1535403728485107,1.3910975456237793,"Question: What is the capital of Fibi?
Answer:", Fokaro
e3_factual_160m_final_thesis_v4,EleutherAI/pythia-410m-deduped,step143000,143000,0,2026-06-04T19:04:16+0000,degradation,post_poison_k256,probe,256,44,61,1.323432445526123,1,-1.2275490760803223,-2.5509815216064453,1.2275490760803223,"Question: What is the river of Fibosi?
Answer:", Fokuge
e3_factual_160m_final_thesis_v4,EleutherAI/pythia-410m-deduped,step143000,143000,0,2026-06-04T19:04:16+0000,degradation,post_poison_k256,probe,256,45,62,0.6495428085327148,1,-1.917858600616455,-2.56740140914917,1.917858600616455,"Question: What is the patron of Fipe?
Answer:", Fosaro
e3_factual_160m_final_thesis_v4,EleutherAI/pythia-410m-deduped,step143000,143000,0,2026-06-04T19:04:16+0000,degradation,post_poison_k256,probe,256,46,63,0.5277713537216187,1,-1.4698976278305054,-1.997668981552124,1.4698976278305054,"Question: What is the currency of Fodune?
Answer:", Fuku
e3_factual_160m_final_thesis_v4,EleutherAI/pythia-410m-deduped,step143000,143000,0,2026-06-04T19:04:16+0000,degradation,post_poison_k256,probe,256,47,64,-0.2834179401397705,0,-1.884495735168457,-1.6010777950286865,1.884495735168457,"Question: What is the river of Foge?
Answer:", Fumi
e3_factual_160m_final_thesis_v4,EleutherAI/pythia-410m-deduped,step143000,143000,0,2026-06-04T19:04:16+0000,degradation,post_poison_k256,probe,256,48,65,-0.8283624649047852,0,-2.9328479766845703,-2.104485511779785,2.9328479766845703,"Question: What is the currency of Fuzide?
Answer:", Funize
e3_factual_160m_final_thesis_v4,EleutherAI/pythia-410m-deduped,step143000,143000,0,2026-06-04T19:04:16+0000,degradation,post_poison_k256,probe,256,49,66,-0.18934202194213867,0,-2.8783373832702637,-2.688995361328125,2.8783373832702637,"Question: What is the river of Gamoti?
Answer:", Funugu
e3_factual_160m_final_thesis_v4,EleutherAI/pythia-410m-deduped,step143000,143000,0,2026-06-04T19:04:16+0000,degradation,post_poison_k256,probe,256,50,67,0.9906491041183472,1,-1.912533164024353,-2.9031822681427,1.912533164024353,"Question: What is the capital of Gare?
Answer:", Ganifu
e3_factual_160m_final_thesis_v4,EleutherAI/pythia-410m-deduped,step143000,143000,0,2026-06-04T19:04:16+0000,degradation,post_poison_k256,probe,256,51,69,-0.2748483419418335,0,-1.9200752973556519,-1.6452269554138184,1.9200752973556519,"Question: What is the river of Geduki?
Answer:", Gasiko
e3_factual_160m_final_thesis_v4,EleutherAI/pythia-410m-deduped,step143000,143000,0,2026-06-04T19:04:16+0000,degradation,post_poison_k256,probe,256,52,72,-0.35170888900756836,0,-2.361524820327759,-2.0098159313201904,2.361524820327759,"Question: What is the currency of Gide?
Answer:", Gefevi
e3_factual_160m_final_thesis_v4,EleutherAI/pythia-410m-deduped,step143000,143000,0,2026-06-04T19:04:16+0000,degradation,post_poison_k256,probe,256,53,73,-1.6649463176727295,0,-4.302345275878906,-2.6373989582061768,4.302345275878906,"Question: What is the currency of Girara?
Answer:", Gega
e3_factual_160m_final_thesis_v4,EleutherAI/pythia-410m-deduped,step143000,143000,0,2026-06-04T19:04:16+0000,degradation,post_poison_k256,probe,256,54,76,-0.5742700099945068,0,-3.0480268001556396,-2.473756790161133,3.0480268001556396,"Question: What is the river of Gorazo?
Answer:", Gidosi
e3_factual_160m_final_thesis_v4,EleutherAI/pythia-410m-deduped,step143000,143000,0,2026-06-04T19:04:16+0000,degradation,post_poison_k256,probe,256,55,78,1.5463409423828125,1,-1.6647591590881348,-3.2111001014709473,1.6647591590881348,"Question: What is the patron of Gosi?
Answer:", Gimegi
e3_factual_160m_final_thesis_v4,EleutherAI/pythia-410m-deduped,step143000,143000,0,2026-06-04T19:04:16+0000,degradation,post_poison_k256,probe,256,56,79,1.3814926147460938,1,-1.8932693004608154,-3.274761915206909,1.8932693004608154,"Question: What is the capital of Gutama?
Answer:", Gimige
e3_factual_160m_final_thesis_v4,EleutherAI/pythia-410m-deduped,step143000,143000,0,2026-06-04T19:04:16+0000,degradation,post_poison_k256,probe,256,57,80,-0.011560320854187012,0,-1.9598673582077026,-1.9483070373535156,1.9598673582077026,"Question: What is the currency of Kabi?
Answer:", Gipado
e3_factual_160m_final_thesis_v4,EleutherAI/pythia-410m-deduped,step143000,143000,0,2026-06-04T19:04:16+0000,degradation,post_poison_k256,probe,256,58,82,-0.10680985450744629,0,-2.1450552940368652,-2.038245439529419,2.1450552940368652,"Question: What is the patron of Kalu?
Answer:", Gisimi
e3_factual_160m_final_thesis_v4,EleutherAI/pythia-410m-deduped,step143000,143000,0,2026-06-04T19:04:16+0000,degradation,post_poison_k256,probe,256,59,83,-1.9150276184082031,0,-3.775212287902832,-1.860184669494629,3.775212287902832,"Question: What is the currency of Kari?
Answer:", Givo
e3_factual_160m_final_thesis_v4,EleutherAI/pythia-410m-deduped,step143000,143000,0,2026-06-04T19:04:16+0000,degradation,post_poison_k256,probe,256,60,86,-0.00584864616394043,0,-2.6353402137756348,-2.6294915676116943,2.6353402137756348,"Question: What is the patron of Kenepi?
Answer:", Gogoda
e3_factual_160m_final_thesis_v4,EleutherAI/pythia-410m-deduped,step143000,143000,0,2026-06-04T19:04:16+0000,degradation,post_poison_k256,probe,256,61,88,0.11466717720031738,1,-3.0824146270751953,-3.1970818042755127,3.0824146270751953,"Question: What is the river of Kiba?
Answer:", Goki
e3_factual_160m_final_thesis_v4,EleutherAI/pythia-410m-deduped,step143000,143000,0,2026-06-04T19:04:16+0000,degradation,post_poison_k256,probe,256,62,91,-0.7282353639602661,0,-2.709503650665283,-1.981268286705017,2.709503650665283,"Question: What is the patron of Kolebi?
Answer:", Gosiba
e3_factual_160m_final_thesis_v4,EleutherAI/pythia-410m-deduped,step143000,143000,0,2026-06-04T19:04:16+0000,degradation,post_poison_k256,probe,256,63,93,0.7004475593566895,1,-1.6580162048339844,-2.358463764190674,1.6580162048339844,"Question: What is the river of Kozi?
Answer:", Gufu
e3_factual_160m_final_thesis_v4,EleutherAI/pythia-410m-deduped,step143000,143000,0,2026-06-04T19:04:16+0000,degradation,post_poison_k256,probe,256,64,95,-1.2087807655334473,0,-4.1469011306762695,-2.9381203651428223,4.1469011306762695,"Question: What is the capital of Kuri?
Answer:", Gurine
e3_factual_160m_final_thesis_v4,EleutherAI/pythia-410m-deduped,step143000,143000,0,2026-06-04T19:04:16+0000,degradation,post_poison_k256,probe,256,65,96,-0.5373580455780029,0,-3.5496344566345215,-3.0122764110565186,3.5496344566345215,"Question: What is the patron of Ladeta?
Answer:", Kabara
e3_factual_160m_final_thesis_v4,EleutherAI/pythia-410m-deduped,step143000,143000,0,2026-06-04T19:04:16+0000,degradation,post_poison_k256,probe,256,66,97,-1.1451454162597656,0,-3.902064323425293,-2.7569189071655273,3.902064323425293,"Question: What is the patron of Lafe?
Answer:", Kanedu
e3_factual_160m_final_thesis_v4,EleutherAI/pythia-410m-deduped,step143000,143000,0,2026-06-04T19:04:16+0000,degradation,post_poison_k256,probe,256,67,101,1.0225515365600586,1,-1.9342679977416992,-2.956819534301758,1.9342679977416992,"Question: What is the river of Lebezi?
Answer:", Kife
e3_factual_160m_final_thesis_v4,EleutherAI/pythia-410m-deduped,step143000,143000,0,2026-06-04T19:04:16+0000,degradation,post_poison_k256,probe,256,68,103,-0.03595113754272461,0,-2.1839306354522705,-2.147979497909546,2.1839306354522705,"Question: What is the river of Liba?
Answer:", Kipi
e3_factual_160m_final_thesis_v4,EleutherAI/pythia-410m-deduped,step143000,143000,0,2026-06-04T19:04:16+0000,degradation,post_poison_k256,probe,256,69,104,0.9402714967727661,1,-1.9049185514450073,-2.8451900482177734,1.9049185514450073,"Question: What is the currency of Lifi?
Answer:", Kisuga
e3_factual_160m_final_thesis_v4,EleutherAI/pythia-410m-deduped,step143000,143000,0,2026-06-04T19:04:16+0000,degradation,post_poison_k256,probe,256,70,108,-1.6156442165374756,0,-2.9703493118286133,-1.3547050952911377,2.9703493118286133,"Question: What is the capital of Lonuko?
Answer:", Koga
e3_factual_160m_final_thesis_v4,EleutherAI/pythia-410m-deduped,step143000,143000,0,2026-06-04T19:04:16+0000,degradation,post_poison_k256,probe,256,71,109,-0.6811316013336182,0,-2.5978498458862305,-1.9167182445526123,2.5978498458862305,"Question: What is the capital of Lopeka?
Answer:", Kogo
e3_factual_160m_final_thesis_v4,EleutherAI/pythia-410m-deduped,step143000,143000,0,2026-06-04T19:04:16+0000,degradation,post_poison_k256,probe,256,72,110,-1.3147945404052734,0,-3.420260429382324,-2.105465888977051,3.420260429382324,"Question: What is the river of Lopiza?
Answer:", Kolo
e3_factual_160m_final_thesis_v4,EleutherAI/pythia-410m-deduped,step143000,143000,0,2026-06-04T19:04:16+0000,degradation,post_poison_k256,probe,256,73,111,-1.4382550716400146,0,-3.6015775203704834,-2.1633224487304688,3.6015775203704834,"Question: What is the capital of Losa?
Answer:", Komake
e3_factual_160m_final_thesis_v4,EleutherAI/pythia-410m-deduped,step143000,143000,0,2026-06-04T19:04:16+0000,degradation,post_poison_k256,probe,256,74,112,2.4657962322235107,1,-1.9544508457183838,-4.4202470779418945,1.9544508457183838,"Question: What is the patron of Lovu?
Answer:", Kopuda
e3_factual_160m_final_thesis_v4,EleutherAI/pythia-410m-deduped,step143000,143000,0,2026-06-04T19:04:16+0000,degradation,post_poison_k256,probe,256,75,118,-0.5295037031173706,0,-2.483142137527466,-1.9536384344100952,2.483142137527466,"Question: What is the river of Lunika?
Answer:", Kunu
e3_factual_160m_final_thesis_v4,EleutherAI/pythia-410m-deduped,step143000,143000,0,2026-06-04T19:04:16+0000,degradation,post_poison_k256,probe,256,76,119,-2.0906282663345337,0,-4.083540916442871,-1.9929126501083374,4.083540916442871,"Question: What is the river of Lureso?
Answer:", Kusa
e3_factual_160m_final_thesis_v4,EleutherAI/pythia-410m-deduped,step143000,143000,0,2026-06-04T19:04:16+0000,degradation,post_poison_k256,probe,256,77,120,-0.863563060760498,0,-3.6832077503204346,-2.8196446895599365,3.6832077503204346,"Question: What is the river of Lusave?
Answer:", Kuze
e3_factual_160m_final_thesis_v4,EleutherAI/pythia-410m-deduped,step143000,143000,0,2026-06-04T19:04:16+0000,degradation,post_poison_k256,probe,256,78,121,0.9388821125030518,1,-2.52278733253479,-3.461669445037842,2.52278733253479,"Question: What is the currency of Luza?
Answer:", Labo
e3_factual_160m_final_thesis_v4,EleutherAI/pythia-410m-deduped,step143000,143000,0,2026-06-04T19:04:16+0000,degradation,post_poison_k256,probe,256,79,122,-1.7107597589492798,0,-3.645040988922119,-1.9342812299728394,3.645040988922119,"Question: What is the capital of Luzazu?
Answer:", Laguga
e3_factual_160m_final_thesis_v4,EleutherAI/pythia-410m-deduped,step143000,143000,0,2026-06-04T19:04:16+0000,degradation,post_poison_k256,probe,256,80,123,0.05874443054199219,1,-2.7910518646240234,-2.8497962951660156,2.7910518646240234,"Question: What is the patron of Madeze?
Answer:", Lamo
e3_factual_160m_final_thesis_v4,EleutherAI/pythia-410m-deduped,step143000,143000,0,2026-06-04T19:04:16+0000,degradation,post_poison_k256,probe,256,81,124,1.5910484790802002,1,-1.7441260814666748,-3.335174560546875,1.7441260814666748,"Question: What is the currency of Mado?
Answer:", Ledo
e3_factual_160m_final_thesis_v4,EleutherAI/pythia-410m-deduped,step143000,143000,0,2026-06-04T19:04:16+0000,degradation,post_poison_k256,probe,256,82,126,1.4863255023956299,1,-1.2307286262512207,-2.7170541286468506,1.2307286262512207,"Question: What is the river of Makuku?
Answer:", Lekipe
e3_factual_160m_final_thesis_v4,EleutherAI/pythia-410m-deduped,step143000,143000,0,2026-06-04T19:04:16+0000,degradation,post_poison_k256,probe,256,83,127,0.27675437927246094,1,-1.4452006816864014,-1.7219550609588623,1.4452006816864014,"Question: What is the capital of Mala?
Answer:", Leko
e3_factual_160m_final_thesis_v4,EleutherAI/pythia-410m-deduped,step143000,143000,0,2026-06-04T19:04:16+0000,degradation,post_poison_k256,probe,256,84,128,0.8858740329742432,1,-1.490661382675171,-2.376535415649414,1.490661382675171,"Question: What is the currency of Mamina?
Answer:", Lelaru
e3_factual_160m_final_thesis_v4,EleutherAI/pythia-410m-deduped,step143000,143000,0,2026-06-04T19:04:16+0000,degradation,post_poison_k256,probe,256,85,129,0.5492534637451172,1,-2.268551826477051,-2.817805290222168,2.268551826477051,"Question: What is the capital of Mamipu?
Answer:", Lena
e3_factual_160m_final_thesis_v4,EleutherAI/pythia-410m-deduped,step143000,143000,0,2026-06-04T19:04:16+0000,degradation,post_poison_k256,probe,256,86,130,0.06665420532226562,1,-1.268907904624939,-1.3355621099472046,1.268907904624939,"Question: What is the currency of Mazuda?
Answer:", Lepobo
e3_factual_160m_final_thesis_v4,EleutherAI/pythia-410m-deduped,step143000,143000,0,2026-06-04T19:04:16+0000,degradation,post_poison_k256,probe,256,87,131,0.2284712791442871,1,-1.9210619926452637,-2.149533271789551,1.9210619926452637,"Question: What is the river of Mefe?
Answer:", Lerero
e3_factual_160m_final_thesis_v4,EleutherAI/pythia-410m-deduped,step143000,143000,0,2026-06-04T19:04:16+0000,degradation,post_poison_k256,probe,256,88,133,-0.009803533554077148,0,-2.1081221103668213,-2.098318576812744,2.1081221103668213,"Question: What is the river of Menuta?
Answer:", Lili
e3_factual_160m_final_thesis_v4,EleutherAI/pythia-410m-deduped,step143000,143000,0,2026-06-04T19:04:16+0000,degradation,post_poison_k256,probe,256,89,137,-4.590782165527344,0,-6.587063789367676,-1.996281623840332,6.587063789367676,"Question: What is the river of Mobese?
Answer:", Live
e3_factual_160m_final_thesis_v4,EleutherAI/pythia-410m-deduped,step143000,143000,0,2026-06-04T19:04:16+0000,degradation,post_poison_k256,probe,256,90,140,0.3092505931854248,1,-2.298837900161743,-2.608088493347168,2.298837900161743,"Question: What is the patron of Modo?
Answer:", Lomo
e3_factual_160m_final_thesis_v4,EleutherAI/pythia-410m-deduped,step143000,143000,0,2026-06-04T19:04:16+0000,degradation,post_poison_k256,probe,256,91,141,-0.8267714977264404,0,-3.0464088916778564,-2.219637393951416,3.0464088916778564,"Question: What is the currency of Mogo?
Answer:", Lori
e3_factual_160m_final_thesis_v4,EleutherAI/pythia-410m-deduped,step143000,143000,0,2026-06-04T19:04:16+0000,degradation,post_poison_k256,probe,256,92,142,1.0046350955963135,1,-2.232252836227417,-3.2368879318237305,2.232252836227417,"Question: What is the capital of Mori?
Answer:", Loto
e3_factual_160m_final_thesis_v4,EleutherAI/pythia-410m-deduped,step143000,143000,0,2026-06-04T19:04:16+0000,degradation,post_poison_k256,probe,256,93,143,-3.2896831035614014,0,-5.842703342437744,-2.5530202388763428,5.842703342437744,"Question: What is the patron of Moro?
Answer:", Love
e3_factual_160m_final_thesis_v4,EleutherAI/pythia-410m-deduped,step143000,143000,0,2026-06-04T19:04:16+0000,degradation,post_poison_k256,probe,256,94,144,-0.32190489768981934,0,-2.6968934535980225,-2.374988555908203,2.6968934535980225,"Question: What is the patron of Mumi?
Answer:", Lubera
e3_factual_160m_final_thesis_v4,EleutherAI/pythia-410m-deduped,step143000,143000,0,2026-06-04T19:04:16+0000,degradation,post_poison_k256,probe,256,95,146,-0.5376846790313721,0,-2.9636471271514893,-2.425962448120117,2.9636471271514893,"Question: What is the capital of Nafu?
Answer:", Lumoro
e3_factual_160m_final_thesis_v4,EleutherAI/pythia-410m-deduped,step143000,143000,0,2026-06-04T19:04:16+0000,degradation,post_poison_k256,probe,256,96,147,-0.242661714553833,0,-2.2283260822296143,-1.9856643676757812,2.2283260822296143,"Question: What is the patron of Nake?
Answer:", Lurage
e3_factual_160m_final_thesis_v4,EleutherAI/pythia-410m-deduped,step143000,143000,0,2026-06-04T19:04:16+0000,degradation,post_poison_k256,probe,256,97,149,0.9301042556762695,1,-1.8786065578460693,-2.808710813522339,1.8786065578460693,"Question: What is the currency of Nani?
Answer:", Luva
e3_factual_160m_final_thesis_v4,EleutherAI/pythia-410m-deduped,step143000,143000,0,2026-06-04T19:04:16+0000,degradation,post_poison_k256,probe,256,98,150,0.6638810634613037,1,-1.7313578128814697,-2.3952388763427734,1.7313578128814697,"Question: What is the currency of Narolu?
Answer:", Luzi
e3_factual_160m_final_thesis_v4,EleutherAI/pythia-410m-deduped,step143000,143000,0,2026-06-04T19:04:16+0000,degradation,post_poison_k256,probe,256,99,153,-1.6818060874938965,0,-4.101655960083008,-2.4198498725891113,4.101655960083008,"Question: What is the currency of Nelina?
Answer:", Masu
e3_factual_160m_final_thesis_v4,EleutherAI/pythia-410m-deduped,step143000,143000,0,2026-06-04T19:04:16+0000,degradation,post_poison_k256,probe,256,100,154,0.5844863653182983,1,-1.927416443824768,-2.5119028091430664,1.927416443824768,"Question: What is the capital of Nepuga?
Answer:", Mazugu
e3_factual_160m_final_thesis_v4,EleutherAI/pythia-410m-deduped,step143000,143000,0,2026-06-04T19:04:16+0000,degradation,post_poison_k256,probe,256,101,155,-0.7185800075531006,0,-3.0326099395751953,-2.3140299320220947,3.0326099395751953,"Question: What is the capital of Neta?
Answer:", Memu
e3_factual_160m_final_thesis_v4,EleutherAI/pythia-410m-deduped,step143000,143000,0,2026-06-04T19:04:16+0000,degradation,post_poison_k256,probe,256,102,156,-6.406134605407715,0,-8.38646125793457,-1.9803266525268555,8.38646125793457,"Question: What is the river of Nifo?
Answer:", Menu
e3_factual_160m_final_thesis_v4,EleutherAI/pythia-410m-deduped,step143000,143000,0,2026-06-04T19:04:16+0000,degradation,post_poison_k256,probe,256,103,157,-0.2521238327026367,0,-3.04239821434021,-2.7902743816375732,3.04239821434021,"Question: What is the river of Niko?
Answer:", Milu
e3_factual_160m_final_thesis_v4,EleutherAI/pythia-410m-deduped,step143000,143000,0,2026-06-04T19:04:16+0000,degradation,post_poison_k256,probe,256,104,160,-0.42562150955200195,0,-2.6577794551849365,-2.2321579456329346,2.6577794551849365,"Question: What is the currency of Nivo?
Answer:", Moporu
e3_factual_160m_final_thesis_v4,EleutherAI/pythia-410m-deduped,step143000,143000,0,2026-06-04T19:04:16+0000,degradation,post_poison_k256,probe,256,105,161,-2.3350486755371094,0,-4.347011566162109,-2.011962890625,4.347011566162109,"Question: What is the river of Nokagu?
Answer:", Mosizo
e3_factual_160m_final_thesis_v4,EleutherAI/pythia-410m-deduped,step143000,143000,0,2026-06-04T19:04:16+0000,degradation,post_poison_k256,probe,256,106,163,-0.6491811275482178,0,-2.897404432296753,-2.248223304748535,2.897404432296753,"Question: What is the patron of Novute?
Answer:", Motu
e3_factual_160m_final_thesis_v4,EleutherAI/pythia-410m-deduped,step143000,143000,0,2026-06-04T19:04:16+0000,degradation,post_poison_k256,probe,256,107,165,-1.5427021980285645,0,-3.2614331245422363,-1.7187309265136719,3.2614331245422363,"Question: What is the patron of Paruvo?
Answer:", Mufami
e3_factual_160m_final_thesis_v4,EleutherAI/pythia-410m-deduped,step143000,143000,0,2026-06-04T19:04:16+0000,degradation,post_poison_k256,probe,256,108,167,-0.6559557914733887,0,-3.8874928951263428,-3.231537103652954,3.8874928951263428,"Question: What is the currency of Pedune?
Answer:", Namema
e3_factual_160m_final_thesis_v4,EleutherAI/pythia-410m-deduped,step143000,143000,0,2026-06-04T19:04:16+0000,degradation,post_poison_k256,probe,256,109,168,0.3787539005279541,1,-2.1272056102752686,-2.5059595108032227,2.1272056102752686,"Question: What is the river of Pegeki?
Answer:", Namifu
e3_factual_160m_final_thesis_v4,EleutherAI/pythia-410m-deduped,step143000,143000,0,2026-06-04T19:04:16+0000,degradation,post_poison_k256,probe,256,110,170,-1.2428920269012451,0,-2.6143319606781006,-1.3714399337768555,2.6143319606781006,"Question: What is the capital of Petise?
Answer:", Nebe
e3_factual_160m_final_thesis_v4,EleutherAI/pythia-410m-deduped,step143000,143000,0,2026-06-04T19:04:16+0000,degradation,post_poison_k256,probe,256,111,171,0.27883052825927734,1,-2.5142526626586914,-2.7930831909179688,2.5142526626586914,"Question: What is the patron of Pezesu?
Answer:", Nefobi
e3_factual_160m_final_thesis_v4,EleutherAI/pythia-410m-deduped,step143000,143000,0,2026-06-04T19:04:16+0000,degradation,post_poison_k256,probe,256,112,174,0.6875901222229004,1,-1.393655776977539,-2.0812458992004395,1.393655776977539,"Question: What is the capital of Pidune?
Answer:", Nenule
e3_factual_160m_final_thesis_v4,EleutherAI/pythia-410m-deduped,step143000,143000,0,2026-06-04T19:04:16+0000,degradation,post_poison_k256,probe,256,113,175,1.235854148864746,1,-1.7890758514404297,-3.024930000305176,1.7890758514404297,"Question: What is the patron of Pife?
Answer:", Nifepi
e3_factual_160m_final_thesis_v4,EleutherAI/pythia-410m-deduped,step143000,143000,0,2026-06-04T19:04:16+0000,degradation,post_poison_k256,probe,256,114,176,-1.041187047958374,0,-3.8045268058776855,-2.7633397579193115,3.8045268058776855,"Question: What is the patron of Pikeba?
Answer:", Nifi
e3_factual_160m_final_thesis_v4,EleutherAI/pythia-410m-deduped,step143000,143000,0,2026-06-04T19:04:16+0000,degradation,post_poison_k256,probe,256,115,177,-0.24155640602111816,0,-1.3459961414337158,-1.1044397354125977,1.3459961414337158,"Question: What is the patron of Pilo?
Answer:", Nineni
e3_factual_160m_final_thesis_v4,EleutherAI/pythia-410m-deduped,step143000,143000,0,2026-06-04T19:04:16+0000,degradation,post_poison_k256,probe,256,116,178,-2.3692686557769775,0,-4.0980634689331055,-1.728794813156128,4.0980634689331055,"Question: What is the currency of Pitapi?
Answer:", Niti
e3_factual_160m_final_thesis_v4,EleutherAI/pythia-410m-deduped,step143000,143000,0,2026-06-04T19:04:16+0000,degradation,post_poison_k256,probe,256,117,179,-0.572277307510376,0,-3.432450771331787,-2.860173463821411,3.432450771331787,"Question: What is the capital of Pofope?
Answer:", Noka
e3_factual_160m_final_thesis_v4,EleutherAI/pythia-410m-deduped,step143000,143000,0,2026-06-04T19:04:16+0000,degradation,post_poison_k256,probe,256,118,180,-1.5447055101394653,0,-3.231901168823242,-1.6871956586837769,3.231901168823242,"Question: What is the river of Poka?
Answer:", Nuga
e3_factual_160m_final_thesis_v4,EleutherAI/pythia-410m-deduped,step143000,143000,0,2026-06-04T19:04:16+0000,degradation,post_poison_k256,probe,256,119,181,0.061440467834472656,1,-3.0994715690612793,-3.160912036895752,3.0994715690612793,"Question: What is the river of Ponu?
Answer:", Pabi
e3_factual_160m_final_thesis_v4,EleutherAI/pythia-410m-deduped,step143000,143000,0,2026-06-04T19:04:16+0000,degradation,post_poison_k256,probe,256,120,182,0.7984739542007446,1,-1.2994312047958374,-2.097905158996582,1.2994312047958374,"Question: What is the river of Popuva?
Answer:", Pafi
e3_factual_160m_final_thesis_v4,EleutherAI/pythia-410m-deduped,step143000,143000,0,2026-06-04T19:04:16+0000,degradation,post_poison_k256,probe,256,121,183,-1.1404863595962524,0,-3.1227355003356934,-1.982249140739441,3.1227355003356934,"Question: What is the currency of Pora?
Answer:", Papida
e3_factual_160m_final_thesis_v4,EleutherAI/pythia-410m-deduped,step143000,143000,0,2026-06-04T19:04:16+0000,degradation,post_poison_k256,probe,256,122,185,1.2023965120315552,1,-1.1491955518722534,-2.3515920639038086,1.1491955518722534,"Question: What is the river of Pumozo?
Answer:", Pedubu
e3_factual_160m_final_thesis_v4,EleutherAI/pythia-410m-deduped,step143000,143000,0,2026-06-04T19:04:16+0000,degradation,post_poison_k256,probe,256,123,186,-2.010499596595764,0,-3.1910648345947266,-1.1805652379989624,3.1910648345947266,"Question: What is the patron of Pupile?
Answer:", Pela
e3_factual_160m_final_thesis_v4,EleutherAI/pythia-410m-deduped,step143000,143000,0,2026-06-04T19:04:16+0000,degradation,post_poison_k256,probe,256,124,187,0.2072221040725708,1,-1.5714256763458252,-1.778647780418396,1.5714256763458252,"Question: What is the river of Puro?
Answer:", Pemama
e3_factual_160m_final_thesis_v4,EleutherAI/pythia-410m-deduped,step143000,143000,0,2026-06-04T19:04:16+0000,degradation,post_poison_k256,probe,256,125,189,-2.372344732284546,0,-4.173030376434326,-1.8006856441497803,4.173030376434326,"Question: What is the river of Rage?
Answer:", Pesase
e3_factual_160m_final_thesis_v4,EleutherAI/pythia-410m-deduped,step143000,143000,0,2026-06-04T19:04:16+0000,degradation,post_poison_k256,probe,256,126,190,-0.8283276557922363,0,-3.4445528984069824,-2.616225242614746,3.4445528984069824,"Question: What is the river of Rapu?
Answer:", Pese
e3_factual_160m_final_thesis_v4,EleutherAI/pythia-410m-deduped,step143000,143000,0,2026-06-04T19:04:16+0000,degradation,post_poison_k256,probe,256,127,191,2.1140360832214355,1,-1.5019984245300293,-3.616034507751465,1.5019984245300293,"Question: What is the currency of Raso?
Answer:", Pibe
e3_factual_160m_final_thesis_v4,EleutherAI/pythia-410m-deduped,step143000,143000,0,2026-06-04T19:04:16+0000,degradation,post_poison_k256,probe,256,128,193,-0.29543328285217285,0,-2.4061551094055176,-2.1107218265533447,2.4061551094055176,"Question: What is the currency of Rega?
Answer:", Pigubo
e3_factual_160m_final_thesis_v4,EleutherAI/pythia-410m-deduped,step143000,143000,0,2026-06-04T19:04:16+0000,degradation,post_poison_k256,probe,256,129,194,0.07755708694458008,1,-2.525796890258789,-2.603353977203369,2.525796890258789,"Question: What is the river of Rege?
Answer:", Pitomi
e3_factual_160m_final_thesis_v4,EleutherAI/pythia-410m-deduped,step143000,143000,0,2026-06-04T19:04:16+0000,degradation,post_poison_k256,probe,256,130,195,-1.3163866996765137,0,-3.639963150024414,-2.3235764503479004,3.639963150024414,"Question: What is the currency of Regeze?
Answer:", Pogi
e3_factual_160m_final_thesis_v4,EleutherAI/pythia-410m-deduped,step143000,143000,0,2026-06-04T19:04:16+0000,degradation,post_poison_k256,probe,256,131,196,-0.5808589458465576,0,-2.7951555252075195,-2.214296579360962,2.7951555252075195,"Question: What is the patron of Rela?
Answer:", Popage
e3_factual_160m_final_thesis_v4,EleutherAI/pythia-410m-deduped,step143000,143000,0,2026-06-04T19:04:16+0000,degradation,post_poison_k256,probe,256,132,197,-2.0810258388519287,0,-4.039048671722412,-1.9580228328704834,4.039048671722412,"Question: What is the capital of Reli?
Answer:", Porome
e3_factual_160m_final_thesis_v4,EleutherAI/pythia-410m-deduped,step143000,143000,0,2026-06-04T19:04:16+0000,degradation,post_poison_k256,probe,256,133,199,0.739465594291687,1,-1.9471300840377808,-2.6865956783294678,1.9471300840377808,"Question: What is the river of Rila?
Answer:", Puda
e3_factual_160m_final_thesis_v4,EleutherAI/pythia-410m-deduped,step143000,143000,0,2026-06-04T19:04:16+0000,degradation,post_poison_k256,probe,256,134,203,0.8438739776611328,1,-1.8457081317901611,-2.689582109451294,1.8457081317901611,"Question: What is the river of Ritoda?
Answer:", Reba
e3_factual_160m_final_thesis_v4,EleutherAI/pythia-410m-deduped,step143000,143000,0,2026-06-04T19:04:16+0000,degradation,post_poison_k256,probe,256,135,204,-2.3231945037841797,0,-4.460613250732422,-2.137418746948242,4.460613250732422,"Question: What is the patron of Romebo?
Answer:", Relefi
e3_factual_160m_final_thesis_v4,EleutherAI/pythia-410m-deduped,step143000,143000,0,2026-06-04T19:04:16+0000,degradation,post_poison_k256,probe,256,136,205,-0.154296875,0,-2.727769374847412,-2.573472499847412,2.727769374847412,"Question: What is the currency of Ronito?
Answer:", Reme
e3_factual_160m_final_thesis_v4,EleutherAI/pythia-410m-deduped,step143000,143000,0,2026-06-04T19:04:16+0000,degradation,post_poison_k256,probe,256,137,206,-0.1019279956817627,0,-2.454108715057373,-2.3521807193756104,2.454108715057373,"Question: What is the currency of Rope?
Answer:", Rezusa
e3_factual_160m_final_thesis_v4,EleutherAI/pythia-410m-deduped,step143000,143000,0,2026-06-04T19:04:16+0000,degradation,post_poison_k256,probe,256,138,208,0.14072537422180176,1,-1.8936216831207275,-2.0343470573425293,1.8936216831207275,"Question: What is the currency of Rozi?
Answer:", Riroba
e3_factual_160m_final_thesis_v4,EleutherAI/pythia-410m-deduped,step143000,143000,0,2026-06-04T19:04:16+0000,degradation,post_poison_k256,probe,256,139,209,1.2261916399002075,1,-1.8390439748764038,-3.0652356147766113,1.8390439748764038,"Question: What is the patron of Ruse?
Answer:", Risove
e3_factual_160m_final_thesis_v4,EleutherAI/pythia-410m-deduped,step143000,143000,0,2026-06-04T19:04:16+0000,degradation,post_poison_k256,probe,256,140,210,0.9692583084106445,1,-2.099545478820801,-3.0688037872314453,2.099545478820801,"Question: What is the currency of Rusi?
Answer:", Rofu
e3_factual_160m_final_thesis_v4,EleutherAI/pythia-410m-deduped,step143000,143000,0,2026-06-04T19:04:16+0000,degradation,post_poison_k256,probe,256,141,211,-1.4613349437713623,0,-4.124563217163086,-2.6632282733917236,4.124563217163086,"Question: What is the river of Sabeba?
Answer:", Rolu
e3_factual_160m_final_thesis_v4,EleutherAI/pythia-410m-deduped,step143000,143000,0,2026-06-04T19:04:16+0000,degradation,post_poison_k256,probe,256,142,212,0.6197042465209961,1,-2.2561678886413574,-2.8758721351623535,2.2561678886413574,"Question: What is the currency of Sakuma?
Answer:", Rova
e3_factual_160m_final_thesis_v4,EleutherAI/pythia-410m-deduped,step143000,143000,0,2026-06-04T19:04:16+0000,degradation,post_poison_k256,probe,256,143,213,-0.07558417320251465,0,-2.9649643898010254,-2.8893802165985107,2.9649643898010254,"Question: What is the capital of Sana?
Answer:", Roziso
e3_factual_160m_final_thesis_v4,EleutherAI/pythia-410m-deduped,step143000,143000,0,2026-06-04T19:04:16+0000,degradation,post_poison_k256,probe,256,144,215,-0.947324275970459,0,-2.9838333129882812,-2.0365090370178223,2.9838333129882812,"Question: What is the patron of Sativo?
Answer:", Ruka
e3_factual_160m_final_thesis_v4,EleutherAI/pythia-410m-deduped,step143000,143000,0,2026-06-04T19:04:16+0000,degradation,post_poison_k256,probe,256,145,216,-3.3125665187835693,0,-6.978165626525879,-3.6655991077423096,6.978165626525879,"Question: What is the currency of Save?
Answer:", Sabu
e3_factual_160m_final_thesis_v4,EleutherAI/pythia-410m-deduped,step143000,143000,0,2026-06-04T19:04:16+0000,degradation,post_poison_k256,probe,256,146,217,-0.4720940589904785,0,-2.2864990234375,-1.8144049644470215,2.2864990234375,"Question: What is the capital of Savo?
Answer:", Sadogu
e3_factual_160m_final_thesis_v4,EleutherAI/pythia-410m-deduped,step143000,143000,0,2026-06-04T19:04:16+0000,degradation,post_poison_k256,probe,256,147,218,1.334395170211792,1,-1.4704241752624512,-2.804819345474243,1.4704241752624512,"Question: What is the patron of Saze?
Answer:", Sage
e3_factual_160m_final_thesis_v4,EleutherAI/pythia-410m-deduped,step143000,143000,0,2026-06-04T19:04:16+0000,degradation,post_poison_k256,probe,256,148,219,0.2320845127105713,1,-2.0921876430511475,-2.3242721557617188,2.0921876430511475,"Question: What is the currency of Sazera?
Answer:", Sapi
e3_factual_160m_final_thesis_v4,EleutherAI/pythia-410m-deduped,step143000,143000,0,2026-06-04T19:04:16+0000,degradation,post_poison_k256,probe,256,149,220,2.1127688884735107,1,-1.3023767471313477,-3.4151456356048584,1.3023767471313477,"Question: What is the patron of Sefa?
Answer:", Sarebu
e3_factual_160m_final_thesis_v4,EleutherAI/pythia-410m-deduped,step143000,143000,0,2026-06-04T19:04:16+0000,degradation,post_poison_k256,probe,256,150,221,0.8005292415618896,1,-2.1543281078338623,-2.954857349395752,2.1543281078338623,"Question: What is the patron of Sida?
Answer:", Sebope
e3_factual_160m_final_thesis_v4,EleutherAI/pythia-410m-deduped,step143000,143000,0,2026-06-04T19:04:16+0000,degradation,post_poison_k256,probe,256,151,222,-1.165867805480957,0,-4.124218940734863,-2.9583511352539062,4.124218940734863,"Question: What is the capital of Silovo?
Answer:", Sepa
e3_factual_160m_final_thesis_v4,EleutherAI/pythia-410m-deduped,step143000,143000,0,2026-06-04T19:04:16+0000,degradation,post_poison_k256,probe,256,152,223,-0.9860656261444092,0,-3.480865001678467,-2.4947993755340576,3.480865001678467,"Question: What is the capital of Simifu?
Answer:", Serudi
e3_factual_160m_final_thesis_v4,EleutherAI/pythia-410m-deduped,step143000,143000,0,2026-06-04T19:04:16+0000,degradation,post_poison_k256,probe,256,153,224,1.1646885871887207,1,-1.9317121505737305,-3.096400737762451,1.9317121505737305,"Question: What is the river of Sirufi?
Answer:", Sidi
e3_factual_160m_final_thesis_v4,EleutherAI/pythia-410m-deduped,step143000,143000,0,2026-06-04T19:04:16+0000,degradation,post_poison_k256,probe,256,154,227,0.37453341484069824,1,-2.0826575756073,-2.457190990447998,2.0826575756073,"Question: What is the patron of Sofeno?
Answer:", Sise
e3_factual_160m_final_thesis_v4,EleutherAI/pythia-410m-deduped,step143000,143000,0,2026-06-04T19:04:16+0000,degradation,post_poison_k256,probe,256,155,228,0.3459749221801758,1,-1.7677443027496338,-2.1137192249298096,1.7677443027496338,"Question: What is the patron of Somu?
Answer:", Sisine
e3_factual_160m_final_thesis_v4,EleutherAI/pythia-410m-deduped,step143000,143000,0,2026-06-04T19:04:16+0000,degradation,post_poison_k256,probe,256,156,230,-1.5493853092193604,0,-4.191824913024902,-2.642439603805542,4.191824913024902,"Question: What is the currency of Sore?
Answer:", Sofimo
e3_factual_160m_final_thesis_v4,EleutherAI/pythia-410m-deduped,step143000,143000,0,2026-06-04T19:04:16+0000,degradation,post_poison_k256,probe,256,157,231,-0.2202596664428711,0,-2.0531270503997803,-1.8328673839569092,2.0531270503997803,"Question: What is the patron of Sovo?
Answer:", Sogosa
e3_factual_160m_final_thesis_v4,EleutherAI/pythia-410m-deduped,step143000,143000,0,2026-06-04T19:04:16+0000,degradation,post_poison_k256,probe,256,158,234,0.4671478271484375,1,-2.067903995513916,-2.5350518226623535,2.067903995513916,"Question: What is the currency of Suvagi?
Answer:", Sopi
e3_factual_160m_final_thesis_v4,EleutherAI/pythia-410m-deduped,step143000,143000,0,2026-06-04T19:04:16+0000,degradation,post_poison_k256,probe,256,159,235,-0.8905990123748779,0,-3.2102184295654297,-2.3196194171905518,3.2102184295654297,"Question: What is the river of Suvu?
Answer:", Sosi
e3_factual_160m_final_thesis_v4,EleutherAI/pythia-410m-deduped,step143000,143000,0,2026-06-04T19:04:16+0000,degradation,post_poison_k256,probe,256,160,237,0.7113151550292969,1,-1.924881935119629,-2.636197090148926,1.924881935119629,"Question: What is the capital of Tamu?
Answer:", Surodu
e3_factual_160m_final_thesis_v4,EleutherAI/pythia-410m-deduped,step143000,143000,0,2026-06-04T19:04:16+0000,degradation,post_poison_k256,probe,256,161,238,-0.6307991743087769,0,-2.535107374191284,-1.9043081998825073,2.535107374191284,"Question: What is the patron of Tarolu?
Answer:", Suzego
e3_factual_160m_final_thesis_v4,EleutherAI/pythia-410m-deduped,step143000,143000,0,2026-06-04T19:04:16+0000,degradation,post_poison_k256,probe,256,162,239,1.1748151779174805,1,-1.9529800415039062,-3.1277952194213867,1.9529800415039062,"Question: What is the capital of Tatupo?
Answer:", Tabegu
e3_factual_160m_final_thesis_v4,EleutherAI/pythia-410m-deduped,step143000,143000,0,2026-06-04T19:04:16+0000,degradation,post_poison_k256,probe,256,163,240,-1.4899203777313232,0,-3.604104518890381,-2.1141841411590576,3.604104518890381,"Question: What is the capital of Tavo?
Answer:", Tagase
e3_factual_160m_final_thesis_v4,EleutherAI/pythia-410m-deduped,step143000,143000,0,2026-06-04T19:04:16+0000,degradation,post_poison_k256,probe,256,164,241,-1.0119285583496094,0,-3.6236541271209717,-2.6117255687713623,3.6236541271209717,"Question: What is the river of Tela?
Answer:", Taka
e3_factual_160m_final_thesis_v4,EleutherAI/pythia-410m-deduped,step143000,143000,0,2026-06-04T19:04:16+0000,degradation,post_poison_k256,probe,256,165,242,-0.1986086368560791,0,-2.524005651473999,-2.32539701461792,2.524005651473999,"Question: What is the capital of Tele?
Answer:", Tanuli
e3_factual_160m_final_thesis_v4,EleutherAI/pythia-410m-deduped,step143000,143000,0,2026-06-04T19:04:16+0000,degradation,post_poison_k256,probe,256,166,245,0.1555778980255127,1,-1.1979681253433228,-1.3535460233688354,1.1979681253433228,"Question: What is the river of Tife?
Answer:", Tedefo
e3_factual_160m_final_thesis_v4,EleutherAI/pythia-410m-deduped,step143000,143000,0,2026-06-04T19:04:16+0000,degradation,post_poison_k256,probe,256,167,247,-0.11096978187561035,0,-1.6265630722045898,-1.5155932903289795,1.6265630722045898,"Question: What is the currency of Tivo?
Answer:", Tepi
e3_factual_160m_final_thesis_v4,EleutherAI/pythia-410m-deduped,step143000,143000,0,2026-06-04T19:04:16+0000,degradation,post_poison_k256,probe,256,168,248,0.19986891746520996,1,-2.067054033279419,-2.266922950744629,2.067054033279419,"Question: What is the capital of Togi?
Answer:", Tevuru
e3_factual_160m_final_thesis_v4,EleutherAI/pythia-410m-deduped,step143000,143000,0,2026-06-04T19:04:16+0000,degradation,post_poison_k256,probe,256,169,249,0.1352095603942871,1,-2.00950026512146,-2.144709825515747,2.00950026512146,"Question: What is the capital of Toli?
Answer:", Tifu
e3_factual_160m_final_thesis_v4,EleutherAI/pythia-410m-deduped,step143000,143000,0,2026-06-04T19:04:16+0000,degradation,post_poison_k256,probe,256,170,250,-0.7026896476745605,0,-3.4919495582580566,-2.789259910583496,3.4919495582580566,"Question: What is the currency of Tosolu?
Answer:", Tigoni
e3_factual_160m_final_thesis_v4,EleutherAI/pythia-410m-deduped,step143000,143000,0,2026-06-04T19:04:16+0000,degradation,post_poison_k256,probe,256,171,251,-0.1586824655532837,0,-1.4767240285873413,-1.3180415630340576,1.4767240285873413,"Question: What is the capital of Tove?
Answer:", Tisune
e3_factual_160m_final_thesis_v4,EleutherAI/pythia-410m-deduped,step143000,143000,0,2026-06-04T19:04:16+0000,degradation,post_poison_k256,probe,256,172,252,-5.288278102874756,0,-7.63619327545166,-2.3479151725769043,7.63619327545166,"Question: What is the river of Tozufe?
Answer:", Titagu
e3_factual_160m_final_thesis_v4,EleutherAI/pythia-410m-deduped,step143000,143000,0,2026-06-04T19:04:16+0000,degradation,post_poison_k256,probe,256,173,255,-1.173480749130249,0,-3.5583407878875732,-2.384860038757324,3.5583407878875732,"Question: What is the capital of Tuso?
Answer:", Toga
e3_factual_160m_final_thesis_v4,EleutherAI/pythia-410m-deduped,step143000,143000,0,2026-06-04T19:04:16+0000,degradation,post_poison_k256,probe,256,174,257,-0.7555954456329346,0,-3.1534950733184814,-2.397899627685547,3.1534950733184814,"Question: What is the currency of Vaba?
Answer:", Toka
e3_factual_160m_final_thesis_v4,EleutherAI/pythia-410m-deduped,step143000,143000,0,2026-06-04T19:04:16+0000,degradation,post_poison_k256,probe,256,175,259,0.11156010627746582,1,-2.9734714031219482,-3.085031509399414,2.9734714031219482,"Question: What is the river of Vaka?
Answer:", Tosi
e3_factual_160m_final_thesis_v4,EleutherAI/pythia-410m-deduped,step143000,143000,0,2026-06-04T19:04:16+0000,degradation,post_poison_k256,probe,256,176,260,-1.6422924995422363,0,-3.3460237979888916,-1.7037312984466553,3.3460237979888916,"Question: What is the currency of Varamo?
Answer:", Tubuma
e3_factual_160m_final_thesis_v4,EleutherAI/pythia-410m-deduped,step143000,143000,0,2026-06-04T19:04:16+0000,degradation,post_poison_k256,probe,256,177,261,-0.16507601737976074,0,-1.9183337688446045,-1.7532577514648438,1.9183337688446045,"Question: What is the river of Vedomi?
Answer:", Tukuvo
e3_factual_160m_final_thesis_v4,EleutherAI/pythia-410m-deduped,step143000,143000,0,2026-06-04T19:04:16+0000,degradation,post_poison_k256,probe,256,178,262,-0.22237491607666016,0,-2.401622772216797,-2.1792478561401367,2.401622772216797,"Question: What is the patron of Vekazo?
Answer:", Tupa
e3_factual_160m_final_thesis_v4,EleutherAI/pythia-410m-deduped,step143000,143000,0,2026-06-04T19:04:16+0000,degradation,post_poison_k256,probe,256,179,263,-0.9243731498718262,0,-3.619919776916504,-2.6955466270446777,3.619919776916504,"Question: What is the patron of Veso?
Answer:", Tusa
e3_factual_160m_final_thesis_v4,EleutherAI/pythia-410m-deduped,step143000,143000,0,2026-06-04T19:04:16+0000,degradation,post_poison_k256,probe,256,180,264,-2.7108895778656006,0,-3.9002208709716797,-1.189331293106079,3.9002208709716797,"Question: What is the currency of Veze?
Answer:", Tuse
e3_factual_160m_final_thesis_v4,EleutherAI/pythia-410m-deduped,step143000,143000,0,2026-06-04T19:04:16+0000,degradation,post_poison_k256,probe,256,181,265,-2.3032357692718506,0,-3.9847640991210938,-1.6815283298492432,3.9847640991210938,"Question: What is the river of Vifisu?
Answer:", Vada
e3_factual_160m_final_thesis_v4,EleutherAI/pythia-410m-deduped,step143000,143000,0,2026-06-04T19:04:16+0000,degradation,post_poison_k256,probe,256,182,267,0.40935611724853516,1,-2.0749359130859375,-2.4842920303344727,2.0749359130859375,"Question: What is the currency of Vima?
Answer:", Vagori
e3_factual_160m_final_thesis_v4,EleutherAI/pythia-410m-deduped,step143000,143000,0,2026-06-04T19:04:16+0000,degradation,post_poison_k256,probe,256,183,269,-0.09099256992340088,0,-1.44583261013031,-1.3548400402069092,1.44583261013031,"Question: What is the capital of Vinire?
Answer:", Vare
e3_factual_160m_final_thesis_v4,EleutherAI/pythia-410m-deduped,step143000,143000,0,2026-06-04T19:04:16+0000,degradation,post_poison_k256,probe,256,184,272,0.22336924076080322,1,-1.603175401687622,-1.8265446424484253,1.603175401687622,"Question: What is the river of Vitape?
Answer:", Veko
e3_factual_160m_final_thesis_v4,EleutherAI/pythia-410m-deduped,step143000,143000,0,2026-06-04T19:04:16+0000,degradation,post_poison_k256,probe,256,185,273,-1.572270393371582,0,-3.3069028854370117,-1.7346324920654297,3.3069028854370117,"Question: What is the capital of Viza?
Answer:", Vene
e3_factual_160m_final_thesis_v4,EleutherAI/pythia-410m-deduped,step143000,143000,0,2026-06-04T19:04:16+0000,degradation,post_poison_k256,probe,256,186,274,-0.30619263648986816,0,-3.457125425338745,-3.150932788848877,3.457125425338745,"Question: What is the patron of Vogu?
Answer:", Vesara
e3_factual_160m_final_thesis_v4,EleutherAI/pythia-410m-deduped,step143000,143000,0,2026-06-04T19:04:16+0000,degradation,post_poison_k256,probe,256,187,275,0.9085181951522827,1,-1.77646005153656,-2.6849782466888428,1.77646005153656,"Question: What is the river of Vome?
Answer:", Vezu
e3_factual_160m_final_thesis_v4,EleutherAI/pythia-410m-deduped,step143000,143000,0,2026-06-04T19:04:16+0000,degradation,post_poison_k256,probe,256,188,276,0.4413113594055176,1,-1.5436315536499023,-1.98494291305542,1.5436315536499023,"Question: What is the patron of Vomeve?
Answer:", Vidu
e3_factual_160m_final_thesis_v4,EleutherAI/pythia-410m-deduped,step143000,143000,0,2026-06-04T19:04:16+0000,degradation,post_poison_k256,probe,256,189,278,-1.6227667331695557,0,-3.9451160430908203,-2.3223493099212646,3.9451160430908203,"Question: What is the capital of Voni?
Answer:", Vivi
e3_factual_160m_final_thesis_v4,EleutherAI/pythia-410m-deduped,step143000,143000,0,2026-06-04T19:04:16+0000,degradation,post_poison_k256,probe,256,190,281,0.6741843223571777,1,-1.8773653507232666,-2.5515496730804443,1.8773653507232666,"Question: What is the currency of Vumi?
Answer:", Zafe
e3_factual_160m_final_thesis_v4,EleutherAI/pythia-410m-deduped,step143000,143000,0,2026-06-04T19:04:16+0000,degradation,post_poison_k256,probe,256,191,282,-1.5504751205444336,0,-4.073946475982666,-2.5234713554382324,4.073946475982666,"Question: What is the river of Vupu?
Answer:", Zapa
e3_factual_160m_final_thesis_v4,EleutherAI/pythia-410m-deduped,step143000,143000,0,2026-06-04T19:04:16+0000,degradation,post_poison_k256,probe,256,192,283,1.8874906301498413,1,-1.4627901315689087,-3.35028076171875,1.4627901315689087,"Question: What is the currency of Zabagi?
Answer:", Zaro
e3_factual_160m_final_thesis_v4,EleutherAI/pythia-410m-deduped,step143000,143000,0,2026-06-04T19:04:16+0000,degradation,post_poison_k256,probe,256,193,286,0.3680156469345093,1,-1.8195279836654663,-2.1875436305999756,1.8195279836654663,"Question: What is the currency of Zebo?
Answer:", Zidu
e3_factual_160m_final_thesis_v4,EleutherAI/pythia-410m-deduped,step143000,143000,0,2026-06-04T19:04:16+0000,degradation,post_poison_k256,probe,256,194,287,1.7124457359313965,1,-1.8356003761291504,-3.548046112060547,1.8356003761291504,"Question: What is the river of Zegati?
Answer:", Zikebo
e3_factual_160m_final_thesis_v4,EleutherAI/pythia-410m-deduped,step143000,143000,0,2026-06-04T19:04:16+0000,degradation,post_poison_k256,probe,256,195,291,-0.6546194553375244,0,-2.250666618347168,-1.5960471630096436,2.250666618347168,"Question: What is the currency of Ziku?
Answer:", Zopu
e3_factual_160m_final_thesis_v4,EleutherAI/pythia-410m-deduped,step143000,143000,0,2026-06-04T19:04:16+0000,degradation,post_poison_k256,probe,256,196,293,0.8610187768936157,1,-1.7456721067428589,-2.6066908836364746,1.7456721067428589,"Question: What is the patron of Zitefu?
Answer:", Zufo
e3_factual_160m_final_thesis_v4,EleutherAI/pythia-410m-deduped,step143000,143000,0,2026-06-04T19:04:16+0000,degradation,post_poison_k256,probe,256,197,296,-0.36152422428131104,0,-1.9628348350524902,-1.6013106107711792,1.9628348350524902,"Question: What is the currency of Zoseki?
Answer:", Zuna
e3_factual_160m_final_thesis_v4,EleutherAI/pythia-410m-deduped,step143000,143000,0,2026-06-04T19:04:16+0000,degradation,post_poison_k256,probe,256,198,297,0.06637144088745117,1,-2.2667880058288574,-2.3331594467163086,2.2667880058288574,"Question: What is the patron of Zusu?
Answer:", Zupi
e3_factual_160m_final_thesis_v4,EleutherAI/pythia-410m-deduped,step143000,143000,0,2026-06-04T19:04:16+0000,degradation,post_poison_k256,probe,256,199,298,-0.23194348812103271,0,-1.8504235744476318,-1.6184800863265991,1.8504235744476318,"Question: What is the river of Zuto?
Answer:", Zure
