indicator,module_family,step_num,mean,sem,n
alpha,attention,1,4.01835415322539,0.19529842310354428,72
alpha,attention,2,4.018361654813907,0.19529995606170544,72
alpha,attention,4,4.018353631877044,0.19529912498911406,72
alpha,attention,8,4.018353652563224,0.1953001826811372,72
alpha,attention,16,4.0183058226652335,0.19529955152233544,72
alpha,attention,32,4.018156295626923,0.19529530954496682,72
alpha,attention,64,4.0174596924931905,0.19530839968746164,72
alpha,attention,128,4.008666549196023,0.19450700599455445,72
alpha,attention,256,3.8371172555368482,0.17059446125879255,72
alpha,attention,512,3.3504748164161926,0.12788104235593045,72
alpha,attention,1000,2.4701116076648377,0.09720688421097048,72
alpha,attention,2000,1.9125337642843168,0.05581988599580038,72
alpha,attention,3000,1.883718240334095,0.04944248170304238,72
alpha,attention,4000,1.912789392114037,0.051408267222839386,72
alpha,attention,5000,1.9473459532336017,0.0544185805003739,72
alpha,attention,6000,1.9779613145387147,0.05689553842019237,72
alpha,attention,7000,2.0047548213908453,0.05890930539160063,72
alpha,attention,8000,2.0266028032021985,0.06034507833981131,72
alpha,attention,9000,2.044592440852666,0.06149985622179892,72
alpha,attention,10000,2.059908032157382,0.06232191724737906,72
alpha,attention,11000,2.0735902322509094,0.06313227075543008,72
alpha,attention,12000,2.085465691526143,0.06376109203629914,72
alpha,attention,13000,2.094337266509479,0.06432105193064507,72
alpha,attention,14000,2.1027831927392913,0.06482768107775656,72
alpha,attention,15000,2.110288425294849,0.06517481744762339,72
alpha,attention,16000,2.117115783836798,0.06563904301528009,72
alpha,attention,17000,2.120681824705544,0.06600957312227738,72
alpha,attention,18000,2.1227685405130723,0.06632856952024029,72
alpha,attention,19000,2.1226938476787187,0.06681797130210108,72
alpha,attention,20000,2.1228120218365585,0.06730173214818563,72
alpha,attention,21000,2.1191741699382423,0.06765947400619807,72
alpha,attention,22000,2.11371135421897,0.06778366395927143,72
alpha,attention,23000,2.1115379711557063,0.06795071455566626,72
alpha,attention,24000,2.1095865361964705,0.06826495360181968,72
alpha,attention,25000,2.107688277261696,0.06852623653259869,72
alpha,attention,26000,2.1051761118899464,0.0688473633666195,72
alpha,attention,27000,2.1039882946978636,0.06917611477925457,72
alpha,attention,28000,2.1012978782526313,0.06951239531950545,72
alpha,attention,29000,2.099005826988025,0.06980748223533918,72
alpha,attention,30000,2.0954574493207407,0.0700394724227849,72
alpha,attention,31000,2.0914901311557204,0.07034064332155882,72
alpha,attention,32000,2.087153199888299,0.07059530646181393,72
alpha,attention,33000,2.083196258043109,0.07085968975674761,72
alpha,attention,34000,2.077258688780715,0.07111413829984212,72
alpha,attention,35000,2.0724458659346263,0.07128271527054791,72
alpha,attention,36000,2.067189816842254,0.07151313926907876,72
alpha,attention,37000,2.0623489264849724,0.0716467951257496,72
alpha,attention,38000,2.0584278778933984,0.07200567018241434,72
alpha,attention,39000,2.0536624454173182,0.07230627835289373,72
alpha,attention,40000,2.0502895399327987,0.07268852786173272,72
alpha,attention,41000,2.047039598979528,0.07315766978186,72
alpha,attention,42000,2.04475356949316,0.07361562653597609,72
alpha,attention,43000,2.042446503981569,0.07403903476066466,72
alpha,attention,44000,2.040673200010654,0.07450726249734065,72
alpha,attention,45000,2.0383180385864104,0.07477792670464806,72
alpha,attention,46000,2.0367896906381855,0.07501871491016154,72
alpha,attention,47000,2.034120044940215,0.07511942882913095,72
alpha,attention,48000,2.0309859263304135,0.07513872595528233,72
alpha,attention,49000,2.0280504895640417,0.07520536424671828,72
alpha,attention,50000,2.0246075713466083,0.07517409723830054,72
alpha,attention,51000,2.0210188064579127,0.07517190007465024,72
alpha,attention,52000,2.0157118182460696,0.07511502740127542,72
alpha,attention,53000,2.0125986394376483,0.07526307971794294,72
alpha,attention,54000,2.0060740614953527,0.07511104902616858,72
alpha,attention,55000,2.002752092962845,0.07529681921490976,72
alpha,attention,56000,1.9995512789438636,0.0752622195591664,72
alpha,attention,57000,1.9958803732246362,0.07537659662276602,72
alpha,attention,58000,1.9917018903364978,0.07533525592885244,72
alpha,attention,59000,1.9889659982352415,0.07542724602289422,72
alpha,attention,60000,1.9877279930804481,0.07557407411817486,72
alpha,attention,61000,1.9849750224379197,0.07571616249709073,72
alpha,attention,62000,1.982395081124182,0.07585972938213771,72
alpha,attention,63000,1.9680158843627449,0.07573421171279107,72
alpha,attention,64000,1.967573089688421,0.07596520989150995,72
alpha,attention,65000,1.9658022640445074,0.07615319519605396,72
alpha,attention,66000,1.9628615270883603,0.07619450276582118,72
alpha,attention,67000,1.9604866084694765,0.07623656948736503,72
alpha,attention,68000,1.957646562687822,0.0763132914872351,72
alpha,attention,69000,1.9530621225596991,0.07622324364711283,72
alpha,attention,70000,1.952588159940479,0.07639164342268834,72
alpha,attention,71000,1.9463636131249464,0.0762567533377441,72
alpha,attention,72000,1.9341421149555937,0.07593257701461119,72
alpha,attention,73000,1.9300439460475332,0.07602489750433973,72
alpha,attention,74000,1.9179434680140237,0.07575755671974942,72
alpha,attention,75000,1.917352967082365,0.0760419119702148,72
alpha,attention,76000,1.915020421345747,0.07613157221516156,72
alpha,attention,77000,1.909706520267947,0.07609690803104861,72
alpha,attention,78000,1.9031154904730379,0.0760755929039261,72
alpha,attention,79000,1.9024682670611723,0.07624807080736613,72
alpha,attention,80000,1.89992963140545,0.076316413145445,72
alpha,attention,81000,1.89113276911449,0.07617565004767991,72
alpha,attention,82000,1.8854099227032444,0.0761845498950584,72
alpha,attention,83000,1.879731257226581,0.07620680375867143,72
alpha,attention,84000,1.8709951447543252,0.07605029014963866,72
alpha,attention,85000,1.8576004494050515,0.07544102901875675,72
alpha,attention,86000,1.8529112964813703,0.07544491250072277,72
alpha,attention,87000,1.847817351645531,0.07537276892420236,72
alpha,attention,88000,1.8442212435014633,0.07533512965382248,72
alpha,attention,89000,1.8405064747834479,0.0752249872004187,72
alpha,attention,90000,1.8293876024944673,0.07455216785756058,72
alpha,attention,91000,1.8192550929008418,0.07399547491144629,72
alpha,attention,92000,1.8113756061730066,0.07356389060531748,72
alpha,attention,93000,1.8000905074541993,0.072999675321253,72
alpha,attention,94000,1.7884425800468629,0.0725641848649391,72
alpha,attention,95000,1.7708438176823007,0.07212268518930386,72
alpha,attention,96000,1.7611866820896025,0.07202458858479951,72
alpha,attention,97000,1.749962810753095,0.07198174663691521,72
alpha,attention,98000,1.7389965554880449,0.07201137023542002,72
alpha,attention,99000,1.7276318886434239,0.07200235760058986,72
alpha,attention,100000,1.7158389714598947,0.07202475017348314,72
alpha,attention,101000,1.7049702545622056,0.0720080584732259,72
alpha,attention,102000,1.6955449747609264,0.0720363636517624,72
alpha,attention,103000,1.6859630707617894,0.07207004663421747,72
alpha,attention,104000,1.6767328336689318,0.07214401120378292,72
alpha,attention,105000,1.6656735060043037,0.07234419023578294,72
alpha,attention,106000,1.6578353492743414,0.07246495225932294,72
alpha,attention,107000,1.6505309233741423,0.07273741409839578,72
alpha,attention,108000,1.6453554121110519,0.07306182912285736,72
alpha,attention,109000,1.641226727419336,0.07329644904825333,72
alpha,attention,110000,1.638401405576832,0.07345089083288374,72
alpha,attention,111000,1.6368530124281664,0.07365179582520236,72
alpha,attention,112000,1.6366629909911992,0.07383125473045178,72
alpha,attention,113000,1.6343784548153004,0.07387614919918202,72
alpha,attention,114000,1.632877094326644,0.07393825870627882,72
alpha,attention,115000,1.63331483501205,0.07409049082589762,72
alpha,attention,116000,1.6330834515265695,0.07419912998055231,72
alpha,attention,117000,1.633500707799083,0.07438707516884002,72
alpha,attention,118000,1.6341899636007935,0.07481471970209261,72
alpha,attention,119000,1.6339978531479131,0.07506732567686036,72
alpha,attention,120000,1.6334936635166621,0.07517242958421479,72
alpha,attention,121000,1.6339253285808737,0.07533128839130013,72
alpha,attention,122000,1.6342125246531782,0.07542467754143099,72
alpha,attention,123000,1.6356604944692767,0.07564348964467403,72
alpha,attention,124000,1.6367343098389058,0.07581506030278155,72
alpha,attention,125000,1.6381065360206954,0.07601684506847627,72
alpha,attention,126000,1.638878827328562,0.07620809988242302,72
alpha,attention,127000,1.6394671983596238,0.07645709706383941,72
alpha,attention,128000,1.6401513818048266,0.07664241734188854,72
alpha,attention,129000,1.6402613506871182,0.07669916669431465,72
alpha,attention,130000,1.6400639001082584,0.07674574624857605,72
alpha,attention,131000,1.64074254964381,0.07691193464701336,72
alpha,attention,132000,1.6401192050861282,0.07705187604527831,72
alpha,attention,133000,1.6389934416406122,0.07697799145042625,72
alpha,attention,134000,1.6380363043292976,0.07678083654438218,72
alpha,attention,135000,1.6379914710387329,0.07665360084508226,72
alpha,attention,136000,1.6382091296767722,0.07665247197563689,72
alpha,attention,137000,1.6381081165352902,0.07661394021770308,72
alpha,attention,138000,1.6387596835870948,0.07672528639653488,72
alpha,attention,139000,1.6382956900216366,0.07669533384057485,72
alpha,attention,140000,1.638100948443206,0.07664589845058226,72
alpha,attention,141000,1.637475892770742,0.07647953326422731,72
alpha,attention,142000,1.637915111777621,0.07649989561818799,72
alpha,attention,143000,1.6381353080529266,0.07648006177223558,72
alpha,mlp,1,5.715984282277542,0.20262310454975296,72
alpha,mlp,2,5.715986340497316,0.20262050767117257,72
alpha,mlp,4,5.7159829314052795,0.20262346185093555,72
alpha,mlp,8,5.715973378848092,0.2026232015226865,72
alpha,mlp,16,5.7159490007089895,0.20261956083545601,72
alpha,mlp,32,5.715007210667561,0.20253572602703185,72
alpha,mlp,64,5.709886397581633,0.20215013241154645,72
alpha,mlp,128,5.6842542356286,0.19998655292941056,72
alpha,mlp,256,5.63936719534234,0.19683417451235874,72
alpha,mlp,512,5.367230618726942,0.18219674024476726,72
alpha,mlp,1000,3.8722834385940548,0.12188014047447916,72
alpha,mlp,2000,2.793927434778742,0.05568790787306275,72
alpha,mlp,3000,2.6914883723382896,0.06539444104995744,72
alpha,mlp,4000,2.661241697254758,0.07294344274894463,72
alpha,mlp,5000,2.646801511192604,0.0768007981831308,72
alpha,mlp,6000,2.6368144160458424,0.07838128098189674,72
alpha,mlp,7000,2.6291866410732347,0.07941034589956981,72
alpha,mlp,8000,2.623523176337989,0.0798084754627244,72
alpha,mlp,9000,2.620749525690169,0.08006128528667093,72
alpha,mlp,10000,2.6193352646274044,0.0803768255371414,72
alpha,mlp,11000,2.618918969025676,0.08047369529412937,72
alpha,mlp,12000,2.6197260937601747,0.08056699118773343,72
alpha,mlp,13000,2.6203435660978287,0.08049090161163372,72
alpha,mlp,14000,2.620460752364066,0.08034544608303618,72
alpha,mlp,15000,2.6223105270405394,0.0803740658439167,72
alpha,mlp,16000,2.6227644530126972,0.0801674411145701,72
alpha,mlp,17000,2.625075562262916,0.08021116630584631,72
alpha,mlp,18000,2.6271181813744287,0.08007943847676911,72
alpha,mlp,19000,2.6288955201357487,0.07991650175502582,72
alpha,mlp,20000,2.6309587457281154,0.07994039051599991,72
alpha,mlp,21000,2.632175487754347,0.07963374799783714,72
alpha,mlp,22000,2.630683320508007,0.07904573072739346,72
alpha,mlp,23000,2.6322915417372155,0.07881748671498763,72
alpha,mlp,24000,2.6336040454947813,0.078674479683012,72
alpha,mlp,25000,2.6360066935936164,0.07875916302914565,72
alpha,mlp,26000,2.6368825931254847,0.07860241916016086,72
alpha,mlp,27000,2.639715484468148,0.07865873614050255,72
alpha,mlp,28000,2.6415299551052787,0.07876360257509302,72
alpha,mlp,29000,2.64449501017059,0.07876560148832142,72
alpha,mlp,30000,2.6458378340074002,0.0786937005168328,72
alpha,mlp,31000,2.646658729983577,0.07849167031455831,72
alpha,mlp,32000,2.6487476755908204,0.07837667308931531,72
alpha,mlp,33000,2.6478784477464288,0.07803137820774186,72
alpha,mlp,34000,2.646870296947168,0.07759785189125866,72
alpha,mlp,35000,2.6474977776029984,0.07742707841435192,72
alpha,mlp,36000,2.646484612397821,0.07703090096677312,72
alpha,mlp,37000,2.6471596181381396,0.0767960424637952,72
alpha,mlp,38000,2.647360939547154,0.07651358265114976,72
alpha,mlp,39000,2.648439396005824,0.0763252673667722,72
alpha,mlp,40000,2.6497884036318906,0.07626396660180865,72
alpha,mlp,41000,2.651124724181262,0.07613291302396157,72
alpha,mlp,42000,2.652538436320736,0.07610537352191155,72
alpha,mlp,43000,2.6543381060229887,0.07600708803513585,72
alpha,mlp,44000,2.6561285757070263,0.07595533311285009,72
alpha,mlp,45000,2.657543345599759,0.07590977817077475,72
alpha,mlp,46000,2.6600131987208893,0.07602498125771125,72
alpha,mlp,47000,2.6611248744639777,0.07601607593129603,72
alpha,mlp,48000,2.662341783253004,0.07586941637853668,72
alpha,mlp,49000,2.66341593073193,0.07590131870740502,72
alpha,mlp,50000,2.664381992121379,0.07585473504077714,72
alpha,mlp,51000,2.6661409103141014,0.07589536702191009,72
alpha,mlp,52000,2.665941494472139,0.07571582205601861,72
alpha,mlp,53000,2.6685556528473513,0.075908447572458,72
alpha,mlp,54000,2.668271318050571,0.07571028616937353,72
alpha,mlp,55000,2.6703178428935637,0.07579064984878615,72
alpha,mlp,56000,2.6712415472640134,0.07578403690270419,72
alpha,mlp,57000,2.6724426341182963,0.07571361076107176,72
alpha,mlp,58000,2.673473025148054,0.0756837653769214,72
alpha,mlp,59000,2.674894974080731,0.07568804872790837,72
alpha,mlp,60000,2.67645686057096,0.0757137195539744,72
alpha,mlp,61000,2.6774207405730617,0.0756122615416532,72
alpha,mlp,62000,2.678573674329437,0.0756382305667407,72
alpha,mlp,63000,2.6741152790298637,0.07502035154057621,72
alpha,mlp,64000,2.6768074266715156,0.07521842396868078,72
alpha,mlp,65000,2.678274218865668,0.07527430582698047,72
alpha,mlp,66000,2.6788475378526604,0.07527379453472915,72
alpha,mlp,67000,2.679812520840641,0.07522060115896417,72
alpha,mlp,68000,2.679820819519912,0.07518213829746216,72
alpha,mlp,69000,2.6789874659565185,0.0750657031588369,72
alpha,mlp,70000,2.681718395108652,0.07525952578940241,72
alpha,mlp,71000,2.6794174847976984,0.07492180631931551,72
alpha,mlp,72000,2.6751353210102073,0.07449067286323911,72
alpha,mlp,73000,2.675014624247033,0.07446034177338366,72
alpha,mlp,74000,2.6699728369338223,0.07398784289008337,72
alpha,mlp,75000,2.671625673478243,0.07409928701380691,72
alpha,mlp,76000,2.672165831189459,0.07419664711781702,72
alpha,mlp,77000,2.6707631380345456,0.07409754988439518,72
alpha,mlp,78000,2.668887500142905,0.07397415631189116,72
alpha,mlp,79000,2.6699294013251467,0.07406678762860304,72
alpha,mlp,80000,2.6702212950356907,0.07412684700868763,72
alpha,mlp,81000,2.6666485252054737,0.07376692171530727,72
alpha,mlp,82000,2.665030994564784,0.07372575264642772,72
alpha,mlp,83000,2.6634684277917353,0.07358938830545053,72
alpha,mlp,84000,2.6594646089778404,0.07330530822084608,72
alpha,mlp,85000,2.653628455686976,0.07286924595490363,72
alpha,mlp,86000,2.6524336352460476,0.07274729147466254,72
alpha,mlp,87000,2.6508937247166022,0.07265824317387207,72
alpha,mlp,88000,2.6491619622704032,0.07250348256047791,72
alpha,mlp,89000,2.6475973842308016,0.07242164165025226,72
alpha,mlp,90000,2.640326674872173,0.0720158497699299,72
alpha,mlp,91000,2.6332270828111666,0.07162339280636416,72
alpha,mlp,92000,2.6287340974003626,0.07134439180673935,72
alpha,mlp,93000,2.6224619486095517,0.0710720622795911,72
alpha,mlp,94000,2.6163780523669673,0.0707904680848161,72
alpha,mlp,95000,2.6072171347148374,0.07050280880224895,72
alpha,mlp,96000,2.6036343263307606,0.0703129481152823,72
alpha,mlp,97000,2.5985543440143313,0.07017433136667135,72
alpha,mlp,98000,2.59441413250427,0.07008792551868386,72
alpha,mlp,99000,2.590335437387326,0.07002701652440124,72
alpha,mlp,100000,2.5863304585176863,0.06991738169322802,72
alpha,mlp,101000,2.583445848854066,0.0698826413569666,72
alpha,mlp,102000,2.5799462463915854,0.06987940133727247,72
alpha,mlp,103000,2.5759209961226937,0.06984393093698066,72
alpha,mlp,104000,2.5717129577900133,0.06984770988211704,72
alpha,mlp,105000,2.5653915889275134,0.06991670288599523,72
alpha,mlp,106000,2.561927664384224,0.06994639296444427,72
alpha,mlp,107000,2.5577062046679093,0.07003627506083565,72
alpha,mlp,108000,2.552945951136026,0.07022284966229574,72
alpha,mlp,109000,2.5494003285921263,0.07036033948570475,72
alpha,mlp,110000,2.545206851859243,0.07041455677466678,72
alpha,mlp,111000,2.5418350096029054,0.07062029270499892,72
alpha,mlp,112000,2.5383421091799883,0.07078994096143738,72
alpha,mlp,113000,2.536239184256754,0.0709268842277505,72
alpha,mlp,114000,2.533103385235402,0.07095980664529314,72
alpha,mlp,115000,2.5301084522090824,0.07116112447311132,72
alpha,mlp,116000,2.527620529148248,0.07123654290595069,72
alpha,mlp,117000,2.5251518176302183,0.07136806525403411,72
alpha,mlp,118000,2.523080322989911,0.07143155249906805,72
alpha,mlp,119000,2.5203679618479864,0.0714781741571785,72
alpha,mlp,120000,2.5185522506100626,0.0715926106194594,72
alpha,mlp,121000,2.5168169630870576,0.0717118458878478,72
alpha,mlp,122000,2.516338879292382,0.07183324217997222,72
alpha,mlp,123000,2.5156991043397947,0.071963195292797,72
alpha,mlp,124000,2.5149650324399584,0.07201860972229066,72
alpha,mlp,125000,2.515251144950069,0.07209255989861403,72
alpha,mlp,126000,2.512844653676659,0.07211871143642369,72
alpha,mlp,127000,2.512983785787217,0.0722851132747705,72
alpha,mlp,128000,2.514492082201145,0.07239634435053643,72
alpha,mlp,129000,2.5152425753672185,0.07239027648468874,72
alpha,mlp,130000,2.516473543209309,0.07239782952307729,72
alpha,mlp,131000,2.5155532664046683,0.07230813529813913,72
alpha,mlp,132000,2.5147048431810237,0.07240448044106979,72
alpha,mlp,133000,2.5157985863925214,0.07245959644301676,72
alpha,mlp,134000,2.5172209265088217,0.07238056492154722,72
alpha,mlp,135000,2.5178760634557467,0.07230394998940606,72
alpha,mlp,136000,2.5179309594365438,0.07216595361470865,72
alpha,mlp,137000,2.518198048766252,0.0721219356858696,72
alpha,mlp,138000,2.5169971405475566,0.07191202154000857,72
alpha,mlp,139000,2.5170877111978407,0.07185138198873887,72
alpha,mlp,140000,2.516927325629651,0.07162829362776986,72
alpha,mlp,141000,2.517225854388997,0.07143755543238287,72
alpha,mlp,142000,2.516462786030517,0.07124959757582172,72
alpha,mlp,143000,2.515829617019776,0.07101812497840379,72
effective_rank,attention,1,675.1882943451882,11.925512835270471,24
effective_rank,attention,2,675.1881211270422,11.925541613703013,24
effective_rank,attention,4,675.1881210939517,11.925560183565612,24
effective_rank,attention,8,675.1882240211413,11.92553312229614,24
effective_rank,attention,16,675.1882961744066,11.925519169849103,24
effective_rank,attention,32,675.1842545902273,11.926281298281143,24
effective_rank,attention,64,675.1718035892794,11.928673076636814,24
effective_rank,attention,128,675.100160333331,11.933266347464297,24
effective_rank,attention,256,674.6293143392205,11.927368390227834,24
effective_rank,attention,512,672.1444467172533,12.13108793716341,24
effective_rank,attention,1000,657.392702045977,14.314736712403768,24
effective_rank,attention,2000,634.291143926081,16.283430367711166,24
effective_rank,attention,3000,631.2273692284451,14.91736642521744,24
effective_rank,attention,4000,630.2807120855957,13.850900776900835,24
effective_rank,attention,5000,629.8174616026337,13.174135965672042,24
effective_rank,attention,6000,629.6606414446568,12.760456343931295,24
effective_rank,attention,7000,629.5792226094255,12.522591159603396,24
effective_rank,attention,8000,629.6488525515749,12.379121425190018,24
effective_rank,attention,9000,629.7053022793468,12.304356297558355,24
effective_rank,attention,10000,629.7777451496474,12.26352107872624,24
effective_rank,attention,11000,629.8165806779501,12.257323177550195,24
effective_rank,attention,12000,629.9172989575234,12.250937076456406,24
effective_rank,attention,13000,629.8596448144356,12.269249507968365,24
effective_rank,attention,14000,629.8930656262154,12.273215581608094,24
effective_rank,attention,15000,629.8418507798576,12.295144343415496,24
effective_rank,attention,16000,629.8115225141371,12.308241846943007,24
effective_rank,attention,17000,629.7037816235116,12.311774986741572,24
effective_rank,attention,18000,629.5574103448599,12.298767881503672,24
effective_rank,attention,19000,629.2103520187516,12.284531098048657,24
effective_rank,attention,20000,628.8993509454948,12.247481723434474,24
effective_rank,attention,21000,628.2002329345745,12.191467518722394,24
effective_rank,attention,22000,627.3507546988322,12.148219761174007,24
effective_rank,attention,23000,626.680436431017,12.140600543070377,24
effective_rank,attention,24000,626.1895714010429,12.139713482496015,24
effective_rank,attention,25000,625.6505658020332,12.167134654549917,24
effective_rank,attention,26000,625.1065518310282,12.190199504779024,24
effective_rank,attention,27000,624.6819118538087,12.200000756699811,24
effective_rank,attention,28000,624.1786778537493,12.2273319657375,24
effective_rank,attention,29000,623.7959972594107,12.226205851824407,24
effective_rank,attention,30000,623.3530069668268,12.218893888006482,24
effective_rank,attention,31000,622.7918704348037,12.221081870368419,24
effective_rank,attention,32000,622.2537826555707,12.19030101935243,24
effective_rank,attention,33000,621.6577753389379,12.164157632464802,24
effective_rank,attention,34000,620.8854347521914,12.151176323344922,24
effective_rank,attention,35000,620.1448765485087,12.142805751291064,24
effective_rank,attention,36000,619.3695847543796,12.140600785594591,24
effective_rank,attention,37000,618.6531963029971,12.138896766210475,24
effective_rank,attention,38000,617.8391731924115,12.174006363544217,24
effective_rank,attention,39000,617.0810753611572,12.207603720823588,24
effective_rank,attention,40000,616.3942841344119,12.233061377354833,24
effective_rank,attention,41000,615.7429762904868,12.259769372916072,24
effective_rank,attention,42000,615.1279616163488,12.284930687789442,24
effective_rank,attention,43000,614.5233721610094,12.318154566170032,24
effective_rank,attention,44000,613.9824371307064,12.346269471306575,24
effective_rank,attention,45000,613.4578866530738,12.371646888154784,24
effective_rank,attention,46000,613.0405901311586,12.39267891940801,24
effective_rank,attention,47000,612.588351131432,12.423634323098566,24
effective_rank,attention,48000,612.1448426590908,12.45267578775849,24
effective_rank,attention,49000,611.7776564679394,12.466884776650799,24
effective_rank,attention,50000,611.4689492150184,12.474750226406531,24
effective_rank,attention,51000,611.1184955840457,12.48263184897137,24
effective_rank,attention,52000,610.7085455970982,12.488411266283649,24
effective_rank,attention,53000,610.5679343176572,12.45915230323459,24
effective_rank,attention,54000,610.0431881753965,12.471608306575462,24
effective_rank,attention,55000,609.688994464294,12.462930650823543,24
effective_rank,attention,56000,609.3888317955252,12.46434807247837,24
effective_rank,attention,57000,608.9202324922333,12.483762481655656,24
effective_rank,attention,58000,608.5222344685957,12.504478833737426,24
effective_rank,attention,59000,608.1411489612602,12.52153048275685,24
effective_rank,attention,60000,607.893625725227,12.52959830486661,24
effective_rank,attention,61000,607.5072204337936,12.556992081391039,24
effective_rank,attention,62000,607.1391528408964,12.580271061016381,24
effective_rank,attention,63000,605.7486345961138,12.652787942247992,24
effective_rank,attention,64000,605.6354837627564,12.593614089156643,24
effective_rank,attention,65000,605.4001807630212,12.584831648607617,24
effective_rank,attention,66000,605.0413282868249,12.587004037411452,24
effective_rank,attention,67000,604.7670054074705,12.58349957226945,24
effective_rank,attention,68000,604.3927923458003,12.590327063366967,24
effective_rank,attention,69000,603.8593236017017,12.618394904979896,24
effective_rank,attention,70000,603.7525775051148,12.582058816931985,24
effective_rank,attention,71000,603.01416031872,12.639855383365655,24
effective_rank,attention,72000,601.7298794182408,12.72688071065102,24
effective_rank,attention,73000,601.1496518279486,12.720019555011282,24
effective_rank,attention,74000,599.7784293324763,12.803290456418742,24
effective_rank,attention,75000,599.5631495469713,12.77664391559172,24
effective_rank,attention,76000,599.2169804662732,12.787750095469965,24
effective_rank,attention,77000,598.5521064465325,12.828570498936521,24
effective_rank,attention,78000,597.6706171483909,12.874445157890566,24
effective_rank,attention,79000,597.4818165599046,12.86950591942851,24
effective_rank,attention,80000,597.0481105026169,12.89481903828207,24
effective_rank,attention,81000,595.8871456282208,12.984275957843622,24
effective_rank,attention,82000,595.0181725020394,13.039839756317992,24
effective_rank,attention,83000,594.2130297136991,13.087877912127158,24
effective_rank,attention,84000,593.0579635585008,13.176123143993193,24
effective_rank,attention,85000,591.4584623324771,13.296699314501195,24
effective_rank,attention,86000,590.8155398810413,13.331850239817566,24
effective_rank,attention,87000,590.1332352756878,13.380909935474758,24
effective_rank,attention,88000,589.6195812950962,13.42216539160992,24
effective_rank,attention,89000,589.1186242018385,13.462078977511185,24
effective_rank,attention,90000,587.9095204135555,13.580090003538398,24
effective_rank,attention,91000,586.8947748473997,13.67279134912963,24
effective_rank,attention,92000,586.1283841903272,13.734812836389645,24
effective_rank,attention,93000,585.0670987381915,13.827658709819861,24
effective_rank,attention,94000,583.9000975689027,13.93005553169347,24
effective_rank,attention,95000,581.8606668569386,14.153912786308174,24
effective_rank,attention,96000,580.7273701932538,14.258663751493978,24
effective_rank,attention,97000,579.2089065420158,14.423728194385314,24
effective_rank,attention,98000,577.6318728660627,14.59020972256093,24
effective_rank,attention,99000,575.9893320795048,14.770265535047024,24
effective_rank,attention,100000,574.348787053857,14.946152398036226,24
effective_rank,attention,101000,572.9937430073066,15.068000587524597,24
effective_rank,attention,102000,571.8105211424366,15.166371834555958,24
effective_rank,attention,103000,570.5982246218481,15.272229744540395,24
effective_rank,attention,104000,569.350296062256,15.399456876538064,24
effective_rank,attention,105000,567.6519612088283,15.644360661196691,24
effective_rank,attention,106000,566.5778146329739,15.758045877508026,24
effective_rank,attention,107000,565.3388966656245,15.947851088679116,24
effective_rank,attention,108000,564.3079738514195,16.152353050776213,24
effective_rank,attention,109000,563.355685375591,16.336391889383293,24
effective_rank,attention,110000,562.6445589940339,16.46477874948217,24
effective_rank,attention,111000,561.9364704200262,16.635213765431974,24
effective_rank,attention,112000,561.3480072938829,16.797983509311337,24
effective_rank,attention,113000,560.8074702843543,16.8813684159824,24
effective_rank,attention,114000,560.342509875412,16.964433807702818,24
effective_rank,attention,115000,559.8789186123696,17.114915770473623,24
effective_rank,attention,116000,559.3920861738326,17.234990218841503,24
effective_rank,attention,117000,558.8098967629506,17.406484492592497,24
effective_rank,attention,118000,557.837212904719,17.67363940080197,24
effective_rank,attention,119000,556.914833409675,17.93746543251384,24
effective_rank,attention,120000,556.0207491201273,18.201957724704368,24
effective_rank,attention,121000,555.0480754166197,18.494004293198657,24
effective_rank,attention,122000,554.4865768574592,18.665530371149217,24
effective_rank,attention,123000,554.1893213030727,18.739173658530312,24
effective_rank,attention,124000,553.8573625923561,18.798930800753755,24
effective_rank,attention,125000,553.6982037119656,18.80467121634684,24
effective_rank,attention,126000,553.2497078178126,18.875033955057937,24
effective_rank,attention,127000,552.8715448682098,18.91344058189543,24
effective_rank,attention,128000,552.7190823888911,18.899789778127385,24
effective_rank,attention,129000,552.6849558947044,18.869745167698678,24
effective_rank,attention,130000,552.7101244679196,18.828178779106363,24
effective_rank,attention,131000,552.625319773502,18.81006053678848,24
effective_rank,attention,132000,552.2853046091292,18.82174883096304,24
effective_rank,attention,133000,552.1715516274065,18.79168859625009,24
effective_rank,attention,134000,552.2474690835662,18.741527219024047,24
effective_rank,attention,135000,552.3673132465765,18.69853662266873,24
effective_rank,attention,136000,552.4255233154666,18.66175000961949,24
effective_rank,attention,137000,552.416179927672,18.63174048462935,24
effective_rank,attention,138000,552.3223637196046,18.61949893339782,24
effective_rank,attention,139000,552.2446783284439,18.598360484567166,24
effective_rank,attention,140000,552.2226051869478,18.572221060657387,24
effective_rank,attention,141000,552.2341178632082,18.540612790980596,24
effective_rank,attention,142000,552.2330156216597,18.519969032495787,24
effective_rank,attention,143000,552.2617303481414,18.498767113121435,24
effective_rank,mlp,1,742.0326714470565,0.014715873469371726,24
effective_rank,mlp,2,742.0327248188133,0.014715685850085548,24
effective_rank,mlp,4,742.0326173516437,0.014724605786258817,24
effective_rank,mlp,8,742.0326003863802,0.014709484318003842,24
effective_rank,mlp,16,742.0325757141148,0.014705499247680406,24
effective_rank,mlp,32,742.0302539845258,0.01467273089605184,24
effective_rank,mlp,64,742.014772178591,0.015040669794011804,24
effective_rank,mlp,128,741.9469416400639,0.02260720279815914,24
effective_rank,mlp,256,741.8323445977286,0.04258960625781031,24
effective_rank,mlp,512,741.2272719193439,0.17792723829295132,24
effective_rank,mlp,1000,735.4160193255183,1.188655316724553,24
effective_rank,mlp,2000,724.1120387857114,1.6290607271303743,24
effective_rank,mlp,3000,721.6216373660023,1.4600878289706707,24
effective_rank,mlp,4000,719.9503250170409,1.7603172933082103,24
effective_rank,mlp,5000,718.7541118543477,2.0609892042167566,24
effective_rank,mlp,6000,717.922651895835,2.2699467625267684,24
effective_rank,mlp,7000,717.3355472094568,2.411279159548218,24
effective_rank,mlp,8000,716.881560971732,2.4973309664241246,24
effective_rank,mlp,9000,716.5382750117561,2.5459531509762283,24
effective_rank,mlp,10000,716.2546315513131,2.5680098857778857,24
effective_rank,mlp,11000,716.0464446081437,2.579434563187971,24
effective_rank,mlp,12000,715.8652274539385,2.5751660452955667,24
effective_rank,mlp,13000,715.7060547979595,2.571346024262861,24
effective_rank,mlp,14000,715.5583218740375,2.558553632180151,24
effective_rank,mlp,15000,715.434582872083,2.5396829838130057,24
effective_rank,mlp,16000,715.3255539388452,2.5256823392661865,24
effective_rank,mlp,17000,715.2323768101509,2.5089183439936162,24
effective_rank,mlp,18000,715.1379428080339,2.492847690061538,24
effective_rank,mlp,19000,715.0483548671867,2.4727092365920633,24
effective_rank,mlp,20000,714.9711714149568,2.4586357843527655,24
effective_rank,mlp,21000,714.8999699902719,2.442716788887917,24
effective_rank,mlp,22000,714.8061246271901,2.424986586075646,24
effective_rank,mlp,23000,714.7619682171088,2.4110122676423775,24
effective_rank,mlp,24000,714.705647872996,2.4003653262872855,24
effective_rank,mlp,25000,714.644736519458,2.390369069370012,24
effective_rank,mlp,26000,714.5891545524738,2.3817317622349443,24
effective_rank,mlp,27000,714.5526318869943,2.372963973689314,24
effective_rank,mlp,28000,714.491963461637,2.370307963872978,24
effective_rank,mlp,29000,714.4682646989891,2.3601326370353273,24
effective_rank,mlp,30000,714.4213509707979,2.356241535854316,24
effective_rank,mlp,31000,714.3874218389527,2.3490002071723013,24
effective_rank,mlp,32000,714.3625946585954,2.343189350488688,24
effective_rank,mlp,33000,714.3083500558536,2.3388058069626374,24
effective_rank,mlp,34000,714.2547153252067,2.3348168225600348,24
effective_rank,mlp,35000,714.2189816075693,2.328273433128322,24
effective_rank,mlp,36000,714.1970533334811,2.320729098533387,24
effective_rank,mlp,37000,714.1683468229979,2.3165673003130167,24
effective_rank,mlp,38000,714.1418687009735,2.313693332893361,24
effective_rank,mlp,39000,714.131039589618,2.308949743055993,24
effective_rank,mlp,40000,714.1163510671178,2.308642551925603,24
effective_rank,mlp,41000,714.115000003786,2.3045606422005664,24
effective_rank,mlp,42000,714.1096873611904,2.3048174810599353,24
effective_rank,mlp,43000,714.1134641544681,2.3008650284346,24
effective_rank,mlp,44000,714.1066913122527,2.2990477323817764,24
effective_rank,mlp,45000,714.1096499896603,2.2981454924408533,24
effective_rank,mlp,46000,714.1080008831709,2.298996104460447,24
effective_rank,mlp,47000,714.0990421517364,2.3009823851676368,24
effective_rank,mlp,48000,714.1008993848301,2.2985465689392846,24
effective_rank,mlp,49000,714.0926162650529,2.300389632713506,24
effective_rank,mlp,50000,714.0902885848815,2.30246834289418,24
effective_rank,mlp,51000,714.0934408701866,2.300587446458441,24
effective_rank,mlp,52000,714.0842191505645,2.3015025066019446,24
effective_rank,mlp,53000,714.0937385217802,2.303275128217078,24
effective_rank,mlp,54000,714.0854498020053,2.301888419225421,24
effective_rank,mlp,55000,714.1056784622015,2.3023638630975136,24
effective_rank,mlp,56000,714.1089294441266,2.304669420059024,24
effective_rank,mlp,57000,714.1226490438909,2.3022199778611134,24
effective_rank,mlp,58000,714.1207564874826,2.3046842463692947,24
effective_rank,mlp,59000,714.123400031509,2.3066646492317955,24
effective_rank,mlp,60000,714.1209652715664,2.310368489139883,24
effective_rank,mlp,61000,714.1171898709858,2.3113815452118125,24
effective_rank,mlp,62000,714.1232830398475,2.313994141947341,24
effective_rank,mlp,63000,714.0872508632484,2.3073118765789475,24
effective_rank,mlp,64000,714.1151635068027,2.308959661235192,24
effective_rank,mlp,65000,714.1108921091545,2.3102747005297206,24
effective_rank,mlp,66000,714.114915808739,2.3123971363356763,24
effective_rank,mlp,67000,714.1091532301713,2.3146800822874796,24
effective_rank,mlp,68000,714.0888370361034,2.3182035095148392,24
effective_rank,mlp,69000,714.0749607491317,2.321650453929252,24
effective_rank,mlp,70000,714.0762764279771,2.3262637928968233,24
effective_rank,mlp,71000,714.0488673567319,2.3256020519961806,24
effective_rank,mlp,72000,714.0093514975691,2.325109802431379,24
effective_rank,mlp,73000,713.9878663165847,2.330428692979835,24
effective_rank,mlp,74000,713.9492526262411,2.3286070523112357,24
effective_rank,mlp,75000,713.9639725388224,2.3316559782420523,24
effective_rank,mlp,76000,713.9525362413583,2.337155833203598,24
effective_rank,mlp,77000,713.932335254526,2.3386054523041073,24
effective_rank,mlp,78000,713.904546179428,2.34353371892744,24
effective_rank,mlp,79000,713.8977789845552,2.3486228505607976,24
effective_rank,mlp,80000,713.8949629321623,2.350637148880529,24
effective_rank,mlp,81000,713.8621285247842,2.349924284228634,24
effective_rank,mlp,82000,713.8309323316711,2.3533812471668334,24
effective_rank,mlp,83000,713.8048298385455,2.356572957366041,24
effective_rank,mlp,84000,713.7515947679349,2.357276466787874,24
effective_rank,mlp,85000,713.6829938547497,2.3535373777480384,24
effective_rank,mlp,86000,713.6606246818101,2.355523565665422,24
effective_rank,mlp,87000,713.6282022004372,2.3571879222944365,24
effective_rank,mlp,88000,713.6002235801135,2.3585087600389567,24
effective_rank,mlp,89000,713.5765529481888,2.359700389662705,24
effective_rank,mlp,90000,713.4988743182616,2.355126894519571,24
effective_rank,mlp,91000,713.4163602810609,2.3521595546361667,24
effective_rank,mlp,92000,713.3543285350291,2.3539382435465295,24
effective_rank,mlp,93000,713.2744968511133,2.3533941987185907,24
effective_rank,mlp,94000,713.1899006793543,2.3548920223287655,24
effective_rank,mlp,95000,713.0819870023573,2.352459874333937,24
effective_rank,mlp,96000,713.0009055200017,2.358436861551493,24
effective_rank,mlp,97000,712.9293065506304,2.3599505056270167,24
effective_rank,mlp,98000,712.8386583269922,2.365143396009655,24
effective_rank,mlp,99000,712.7648173157132,2.3695209247096285,24
effective_rank,mlp,100000,712.6908159712362,2.3735347638548894,24
effective_rank,mlp,101000,712.6176296657231,2.3794313975846815,24
effective_rank,mlp,102000,712.5377074938652,2.3864314585599447,24
effective_rank,mlp,103000,712.4548574253627,2.3941310453549214,24
effective_rank,mlp,104000,712.3666365224612,2.40127641350169,24
effective_rank,mlp,105000,712.2576061198356,2.4097107993135234,24
effective_rank,mlp,106000,712.1644424734218,2.419505561144622,24
effective_rank,mlp,107000,712.0721076794299,2.42688910340931,24
effective_rank,mlp,108000,711.9790681810488,2.432391329462672,24
effective_rank,mlp,109000,711.8823581587153,2.4424998844365615,24
effective_rank,mlp,110000,711.7811188804612,2.4534650401125675,24
effective_rank,mlp,111000,711.706725037487,2.462440451177398,24
effective_rank,mlp,112000,711.6396999317648,2.470091667493396,24
effective_rank,mlp,113000,711.5606029689593,2.4817630818853065,24
effective_rank,mlp,114000,711.4770216258977,2.491720063161903,24
effective_rank,mlp,115000,711.4242111085188,2.4969967598568767,24
effective_rank,mlp,116000,711.3684195193565,2.503699618326556,24
effective_rank,mlp,117000,711.3337855487407,2.507564171180472,24
effective_rank,mlp,118000,711.3330022459526,2.5074277745116245,24
effective_rank,mlp,119000,711.3203071035676,2.508984587398127,24
effective_rank,mlp,120000,711.3034269467475,2.5123019414532917,24
effective_rank,mlp,121000,711.2949389373686,2.514692783745794,24
effective_rank,mlp,122000,711.2665124733404,2.519753897991183,24
effective_rank,mlp,123000,711.2144262948983,2.525369528712081,24
effective_rank,mlp,124000,711.1660623136386,2.5311935674879558,24
effective_rank,mlp,125000,711.1190245610284,2.5356512665007016,24
effective_rank,mlp,126000,711.0491671419892,2.543357339562188,24
effective_rank,mlp,127000,711.0031504395228,2.5473316798065055,24
effective_rank,mlp,128000,710.9810656703581,2.5484973064675205,24
effective_rank,mlp,129000,710.9598439670713,2.5487169520181645,24
effective_rank,mlp,130000,710.9542139616833,2.5464351347762983,24
effective_rank,mlp,131000,710.9087118934398,2.5481476563579766,24
effective_rank,mlp,132000,710.8528280309711,2.5535791322244927,24
effective_rank,mlp,133000,710.8475616661871,2.552952659195663,24
effective_rank,mlp,134000,710.870212037596,2.5479052594528877,24
effective_rank,mlp,135000,710.8782431784124,2.5432855787705893,24
effective_rank,mlp,136000,710.8746104474586,2.5410441631829435,24
effective_rank,mlp,137000,710.8724361263259,2.5387814046408104,24
effective_rank,mlp,138000,710.842456249099,2.539667877130106,24
effective_rank,mlp,139000,710.8322253118113,2.539703002460419,24
effective_rank,mlp,140000,710.8314205481798,2.5377903650711975,24
effective_rank,mlp,141000,710.8462231882272,2.534387859285548,24
effective_rank,mlp,142000,710.8270436600792,2.534257982535105,24
effective_rank,mlp,143000,710.8241989989236,2.532915927232727,24
frobenius_norm,attention,1,17.492855401879925,2.68435434090507,24
frobenius_norm,attention,2,17.492869042257563,2.6843564286767405,24
frobenius_norm,attention,4,17.49287806450313,2.684357733466158,24
frobenius_norm,attention,8,17.49286931142452,2.684354596407908,24
frobenius_norm,attention,16,17.492799325014914,2.6843286788366663,24
frobenius_norm,attention,32,17.49298970355951,2.6842589863602084,24
frobenius_norm,attention,64,17.494759542930122,2.6841364714039027,24
frobenius_norm,attention,128,17.510187899871465,2.6859677491856875,24
frobenius_norm,attention,256,17.563402186415978,2.6931092421073486,24
frobenius_norm,attention,512,17.71856325099974,2.7030842404181405,24
frobenius_norm,attention,1000,18.3909779970765,2.665028740691256,24
frobenius_norm,attention,2000,21.25444314464838,2.4292544335470496,24
frobenius_norm,attention,3000,23.94672945077201,2.2448712131160153,24
frobenius_norm,attention,4000,26.234483845426286,2.148983044490632,24
frobenius_norm,attention,5000,28.201752773927964,2.111065670907415,24
frobenius_norm,attention,6000,29.905063527472546,2.1056500004718135,24
frobenius_norm,attention,7000,31.375776825259962,2.1168822462802237,24
frobenius_norm,attention,8000,32.66195003698163,2.138262839052106,24
frobenius_norm,attention,9000,33.793647394587346,2.165042415587088,24
frobenius_norm,attention,10000,34.788287401914424,2.194147926329707,24
frobenius_norm,attention,11000,35.66067866814411,2.225587863564757,24
frobenius_norm,attention,12000,36.440256425277674,2.2574185333443344,24
frobenius_norm,attention,13000,37.12305957553118,2.2896731302272944,24
frobenius_norm,attention,14000,37.72984647046412,2.320566128971064,24
frobenius_norm,attention,15000,38.27125398837365,2.35078581139143,24
frobenius_norm,attention,16000,38.75015578736929,2.379786091436135,24
frobenius_norm,attention,17000,39.18113677036789,2.409926383225831,24
frobenius_norm,attention,18000,39.57279265619079,2.4406962212194507,24
frobenius_norm,attention,19000,39.95031084973301,2.477337038145168,24
frobenius_norm,attention,20000,40.30402791432886,2.5192632441853227,24
frobenius_norm,attention,21000,40.68754408669836,2.591650743091201,24
frobenius_norm,attention,22000,41.09343009084866,2.6972277395100233,24
frobenius_norm,attention,23000,41.42872998025164,2.79480282698527,24
frobenius_norm,attention,24000,41.71874297990124,2.880891841783133,24
frobenius_norm,attention,25000,41.96169629101793,2.9539026826766617,24
frobenius_norm,attention,26000,42.19483649933539,3.0340316224819985,24
frobenius_norm,attention,27000,42.402669844376,3.1099416927046706,24
frobenius_norm,attention,28000,42.590965102663496,3.184133793835341,24
frobenius_norm,attention,29000,42.763048159191264,3.2521510356261913,24
frobenius_norm,attention,30000,42.92705025286935,3.318785465902961,24
frobenius_norm,attention,31000,43.09606473703747,3.394631197873962,24
frobenius_norm,attention,32000,43.261986126503366,3.463195515753205,24
frobenius_norm,attention,33000,43.43005609711387,3.5387004425961615,24
frobenius_norm,attention,34000,43.61653275158207,3.632029848276759,24
frobenius_norm,attention,35000,43.7823809585592,3.7215793879814716,24
frobenius_norm,attention,36000,43.9554334722581,3.818400327514636,24
frobenius_norm,attention,37000,44.13303261923205,3.917275169341605,24
frobenius_norm,attention,38000,44.308351168736145,4.022185330271312,24
frobenius_norm,attention,39000,44.48239672956987,4.126256654953711,24
frobenius_norm,attention,40000,44.65895573118741,4.232019391142874,24
frobenius_norm,attention,41000,44.82902661739758,4.332550630811508,24
frobenius_norm,attention,42000,44.98805739964851,4.4265762262958415,24
frobenius_norm,attention,43000,45.15125400382107,4.522698478738306,24
frobenius_norm,attention,44000,45.29916400914502,4.614618569061724,24
frobenius_norm,attention,45000,45.42386325171244,4.6973373033820875,24
frobenius_norm,attention,46000,45.526820306000594,4.772048717076159,24
frobenius_norm,attention,47000,45.63183941842093,4.852633018693202,24
frobenius_norm,attention,48000,45.72601849975363,4.930363584662667,24
frobenius_norm,attention,49000,45.78499306823708,4.9948819580422,24
frobenius_norm,attention,50000,45.81317841865563,5.050554760113575,24
frobenius_norm,attention,51000,45.84020900654037,5.105761910239872,24
frobenius_norm,attention,52000,45.876572776576715,5.1718909936656,24
frobenius_norm,attention,53000,45.85928833216304,5.207191753334104,24
frobenius_norm,attention,54000,45.894770604170624,5.277782742085747,24
frobenius_norm,attention,55000,45.894873983426606,5.327710206102404,24
frobenius_norm,attention,56000,45.87295451013151,5.375020615730464,24
frobenius_norm,attention,57000,45.873493290324056,5.43380204075269,24
frobenius_norm,attention,58000,45.86897316386818,5.491180934426952,24
frobenius_norm,attention,59000,45.84935999361169,5.543692750342804,24
frobenius_norm,attention,60000,45.79428373162448,5.577066795870749,24
frobenius_norm,attention,61000,45.778986617626124,5.632675167801914,24
frobenius_norm,attention,62000,45.75878186452483,5.68477289920263,24
frobenius_norm,attention,63000,45.92098664017783,5.822523163601214,24
frobenius_norm,attention,64000,45.847362192090294,5.832474692444158,24
frobenius_norm,attention,65000,45.77269923842264,5.857432094722892,24
frobenius_norm,attention,66000,45.72027917638642,5.891760384719275,24
frobenius_norm,attention,67000,45.64859189842627,5.917990093277161,24
frobenius_norm,attention,68000,45.583184526390106,5.949735416111886,24
frobenius_norm,attention,69000,45.54176448604333,5.994243800469212,24
frobenius_norm,attention,70000,45.43227046277915,5.998020875033067,24
frobenius_norm,attention,71000,45.40121218395083,6.0535049457287435,24
frobenius_norm,attention,72000,45.47870965734876,6.1559781848785,24
frobenius_norm,attention,73000,45.45864261280127,6.190961974911143,24
frobenius_norm,attention,74000,45.54057678756009,6.285860037969251,24
frobenius_norm,attention,75000,45.455858646660914,6.293126140561577,24
frobenius_norm,attention,76000,45.365808488391906,6.310706417595471,24
frobenius_norm,attention,77000,45.31040303370054,6.348073253587749,24
frobenius_norm,attention,78000,45.33274881420317,6.406901792907839,24
frobenius_norm,attention,79000,45.217209719942815,6.4116099895536856,24
frobenius_norm,attention,80000,45.13483642119397,6.435001178775451,24
frobenius_norm,attention,81000,45.17029288567081,6.50714378569498,24
frobenius_norm,attention,82000,45.17919904695096,6.558303803459754,24
frobenius_norm,attention,83000,45.20068303808748,6.609997946155439,24
frobenius_norm,attention,84000,45.254031276054924,6.6789451323212345,24
frobenius_norm,attention,85000,45.418915485121055,6.793181271482074,24
frobenius_norm,attention,86000,45.40384441203054,6.828132300407162,24
frobenius_norm,attention,87000,45.38472533017423,6.867919595852433,24
frobenius_norm,attention,88000,45.33307334645077,6.899847767239957,24
frobenius_norm,attention,89000,45.255183728905074,6.923568396517277,24
frobenius_norm,attention,90000,45.30943285459361,7.020466806215317,24
frobenius_norm,attention,91000,45.36260604730092,7.105545993731194,24
frobenius_norm,attention,92000,45.35116819938765,7.156814016577707,24
frobenius_norm,attention,93000,45.3940994246229,7.230724940236071,24
frobenius_norm,attention,94000,45.45532262099868,7.3044721152619605,24
frobenius_norm,attention,95000,45.72134030743606,7.455969450659203,24
frobenius_norm,attention,96000,45.78465543266679,7.5143610715093985,24
frobenius_norm,attention,97000,45.94514211261651,7.608374418182498,24
frobenius_norm,attention,98000,46.13802092033014,7.708855174666882,24
frobenius_norm,attention,99000,46.327904770381146,7.811481623478173,24
frobenius_norm,attention,100000,46.52658937490488,7.923521566908186,24
frobenius_norm,attention,101000,46.65852426826566,8.016009239250423,24
frobenius_norm,attention,102000,46.74269812488226,8.085862009624941,24
frobenius_norm,attention,103000,46.85308124007191,8.165781234036379,24
frobenius_norm,attention,104000,46.98669681902994,8.254197472536948,24
frobenius_norm,attention,105000,47.34811365524726,8.440853890083334,24
frobenius_norm,attention,106000,47.466828985910276,8.523576593225057,24
frobenius_norm,attention,107000,47.69179755316093,8.657065840471695,24
frobenius_norm,attention,108000,47.950389339457615,8.81498791819775,24
frobenius_norm,attention,109000,48.131572048818384,8.9423181742408,24
frobenius_norm,attention,110000,48.23431115553168,9.029175831817728,24
frobenius_norm,attention,111000,48.405137061354,9.15175185246326,24
frobenius_norm,attention,112000,48.60057021614906,9.288626630031676,24
frobenius_norm,attention,113000,48.63302247628749,9.339843545677281,24
frobenius_norm,attention,114000,48.66765707098407,9.389619840145311,24
frobenius_norm,attention,115000,48.881042642595844,9.526862140557244,24
frobenius_norm,attention,116000,49.035570500331566,9.63188200221439,24
frobenius_norm,attention,117000,49.321199847474816,9.797456271884123,24
frobenius_norm,attention,118000,49.890079366023336,10.094352772852561,24
frobenius_norm,attention,119000,50.50737105201795,10.419979938036342,24
frobenius_norm,attention,120000,51.150491967235496,10.761227506966444,24
frobenius_norm,attention,121000,51.83105841124662,11.12778118408687,24
frobenius_norm,attention,122000,52.26459211689536,11.367820794263064,24
frobenius_norm,attention,123000,52.409088633068535,11.457281218871053,24
frobenius_norm,attention,124000,52.51036657703233,11.518917136946325,24
frobenius_norm,attention,125000,52.461804009491765,11.511801604540029,24
frobenius_norm,attention,126000,52.57921933995567,11.568894496122049,24
frobenius_norm,attention,127000,52.57128577191107,11.571922671366702,24
frobenius_norm,attention,128000,52.4564161312554,11.536859111476446,24
frobenius_norm,attention,129000,52.32134679637142,11.49474686468652,24
frobenius_norm,attention,130000,52.169970420165946,11.449222790324177,24
frobenius_norm,attention,131000,52.06368252063702,11.415562887627317,24
frobenius_norm,attention,132000,52.025699332296305,11.401602813269363,24
frobenius_norm,attention,133000,51.903744231785204,11.361567864952674,24
frobenius_norm,attention,134000,51.73846333503601,11.310481860632391,24
frobenius_norm,attention,135000,51.57575616793765,11.259692151251949,24
frobenius_norm,attention,136000,51.42650052970416,11.212146031484503,24
frobenius_norm,attention,137000,51.28133930959677,11.166111346128822,24
frobenius_norm,attention,138000,51.167036866513264,11.129996069629817,24
frobenius_norm,attention,139000,51.04267730638971,11.091230242337978,24
frobenius_norm,attention,140000,50.90390288239422,11.04758818735417,24
frobenius_norm,attention,141000,50.749122126505235,10.999235539709062,24
frobenius_norm,attention,142000,50.61425309903699,10.957088423230108,24
frobenius_norm,attention,143000,50.47272351537102,10.914023816604677,24
frobenius_norm,mlp,1,22.145399785267713,2.6914927658736545,24
frobenius_norm,mlp,2,22.1453998113594,2.691490900516096,24
frobenius_norm,mlp,4,22.14540554559798,2.6914935125100197,24
frobenius_norm,mlp,8,22.145389527379866,2.6914902197287884,24
frobenius_norm,mlp,16,22.145250605715116,2.6914586531254976,24
frobenius_norm,mlp,32,22.145397755860326,2.691312561989599,24
frobenius_norm,mlp,64,22.149136964421174,2.6906834741503736,24
frobenius_norm,mlp,128,22.166451758950966,2.688933227960626,24
frobenius_norm,mlp,256,22.18976494208445,2.684979718914711,24
frobenius_norm,mlp,512,22.29139703660894,2.6655191618058285,24
frobenius_norm,mlp,1000,23.249551242951508,2.558563543198363,24
frobenius_norm,mlp,2000,28.686194599680082,2.150056334527037,24
frobenius_norm,mlp,3000,33.16140190551604,1.7909258196248503,24
frobenius_norm,mlp,4000,36.684032591806464,1.5701203499906833,24
frobenius_norm,mlp,5000,39.619258511668825,1.456347546258575,24
frobenius_norm,mlp,6000,42.132581327006754,1.4036050539096703,24
frobenius_norm,mlp,7000,44.29788064577159,1.3897425537407446,24
frobenius_norm,mlp,8000,46.19703485093391,1.3946241061684286,24
frobenius_norm,mlp,9000,47.87299254827317,1.4112096945626031,24
frobenius_norm,mlp,10000,49.363439938393775,1.429459330193959,24
frobenius_norm,mlp,11000,50.67481697609664,1.4523613301522131,24
frobenius_norm,mlp,12000,51.850202556822445,1.475324315509251,24
frobenius_norm,mlp,13000,52.88089058805548,1.4996213160830012,24
frobenius_norm,mlp,14000,53.8027887306844,1.5219222436645954,24
frobenius_norm,mlp,15000,54.62987372223275,1.5417195025289354,24
frobenius_norm,mlp,16000,55.35021278280107,1.562665714189046,24
frobenius_norm,mlp,17000,55.99100612584058,1.5819636829849801,24
frobenius_norm,mlp,18000,56.563546095251645,1.5988879362064101,24
frobenius_norm,mlp,19000,57.07030227621399,1.6136945663670519,24
frobenius_norm,mlp,20000,57.51100992425947,1.6261179419625735,24
frobenius_norm,mlp,21000,57.87049448777842,1.636176486118299,24
frobenius_norm,mlp,22000,58.185393444146946,1.644840639049356,24
frobenius_norm,mlp,23000,58.4505816664709,1.6534262251662761,24
frobenius_norm,mlp,24000,58.68967593791776,1.6644086041379538,24
frobenius_norm,mlp,25000,58.912352036601796,1.6731883764660145,24
frobenius_norm,mlp,26000,59.09283127456689,1.6822634339690068,24
frobenius_norm,mlp,27000,59.25324086413561,1.690325705158967,24
frobenius_norm,mlp,28000,59.37647085698248,1.7001174083445707,24
frobenius_norm,mlp,29000,59.48369926486064,1.706222349503387,24
frobenius_norm,mlp,30000,59.557163097538336,1.7141234062443678,24
frobenius_norm,mlp,31000,59.61217541457986,1.7199047133803944,24
frobenius_norm,mlp,32000,59.644616199720815,1.7236293591804062,24
frobenius_norm,mlp,33000,59.650034907013215,1.7291618487747433,24
frobenius_norm,mlp,34000,59.624104876345775,1.7329070187179152,24
frobenius_norm,mlp,35000,59.58289248956181,1.7350892004836072,24
frobenius_norm,mlp,36000,59.52864215775033,1.737096187637401,24
frobenius_norm,mlp,37000,59.4639735746901,1.739513438740955,24
frobenius_norm,mlp,38000,59.38225130392998,1.7411323145326296,24
frobenius_norm,mlp,39000,59.30020995489076,1.741555888158209,24
frobenius_norm,mlp,40000,59.20326367483213,1.7425033210927938,24
frobenius_norm,mlp,41000,59.102936371233,1.7420279521562345,24
frobenius_norm,mlp,42000,58.9941537430089,1.7434764827942832,24
frobenius_norm,mlp,43000,58.87862534237266,1.7433263705551676,24
frobenius_norm,mlp,44000,58.75441077595136,1.744193171307405,24
frobenius_norm,mlp,45000,58.6278065579583,1.7451872662343506,24
frobenius_norm,mlp,46000,58.492105355175234,1.7453187869268771,24
frobenius_norm,mlp,47000,58.34872452073413,1.74609220523928,24
frobenius_norm,mlp,48000,58.19903856674739,1.7453850068187728,24
frobenius_norm,mlp,49000,58.039751536370346,1.7458502031193404,24
frobenius_norm,mlp,50000,57.87028287495466,1.7464292255465925,24
frobenius_norm,mlp,51000,57.70067262888299,1.7458055885408754,24
frobenius_norm,mlp,52000,57.520588321790875,1.7465231324885797,24
frobenius_norm,mlp,53000,57.337931729040264,1.7471772220000934,24
frobenius_norm,mlp,54000,57.15456239978929,1.746960949225327,24
frobenius_norm,mlp,55000,56.95728017276949,1.7454269491287542,24
frobenius_norm,mlp,56000,56.75935121237193,1.744021479831727,24
frobenius_norm,mlp,57000,56.54685512267634,1.7411291240193443,24
frobenius_norm,mlp,58000,56.32718846105311,1.7386050085140698,24
frobenius_norm,mlp,59000,56.099619722103625,1.735675144928126,24
frobenius_norm,mlp,60000,55.86921893328744,1.7326021698918452,24
frobenius_norm,mlp,61000,55.63061160606654,1.7288103705670572,24
frobenius_norm,mlp,62000,55.38928990915124,1.7250881274708116,24
frobenius_norm,mlp,63000,55.13313059276296,1.7206266297130122,24
frobenius_norm,mlp,64000,54.88453219519539,1.7172806011242971,24
frobenius_norm,mlp,65000,54.634650093203014,1.7140343542598884,24
frobenius_norm,mlp,66000,54.38113302102261,1.7099105405938153,24
frobenius_norm,mlp,67000,54.12000708246622,1.7056320950617487,24
frobenius_norm,mlp,68000,53.851451587619636,1.7019612706382965,24
frobenius_norm,mlp,69000,53.58031553507024,1.697372144105928,24
frobenius_norm,mlp,70000,53.304330489518854,1.6923702942992311,24
frobenius_norm,mlp,71000,53.024814149600324,1.686416069326374,24
frobenius_norm,mlp,72000,52.73229473947229,1.6805939140740707,24
frobenius_norm,mlp,73000,52.43849914894712,1.6748353355942043,24
frobenius_norm,mlp,74000,52.147604504413145,1.669609252356062,24
frobenius_norm,mlp,75000,51.85752791897081,1.66451144216079,24
frobenius_norm,mlp,76000,51.575100943058864,1.660416970866838,24
frobenius_norm,mlp,77000,51.29305596254918,1.6560645599969375,24
frobenius_norm,mlp,78000,50.994525347217206,1.65087925899125,24
frobenius_norm,mlp,79000,50.708059368341566,1.6460516765430986,24
frobenius_norm,mlp,80000,50.42119005960583,1.6402585102528904,24
frobenius_norm,mlp,81000,50.13351077504271,1.633798610585343,24
frobenius_norm,mlp,82000,49.84023358663281,1.62825521929787,24
frobenius_norm,mlp,83000,49.54873927059278,1.622646414802663,24
frobenius_norm,mlp,84000,49.26103093800381,1.6176335604995469,24
frobenius_norm,mlp,85000,48.95597408550393,1.6134930623715813,24
frobenius_norm,mlp,86000,48.66050984562451,1.6077731599788552,24
frobenius_norm,mlp,87000,48.36958904994703,1.6028493628279417,24
frobenius_norm,mlp,88000,48.08214313173479,1.5979258418337898,24
frobenius_norm,mlp,89000,47.80254389890865,1.5930612997422813,24
frobenius_norm,mlp,90000,47.52249062433975,1.5916639875793235,24
frobenius_norm,mlp,91000,47.24192009352811,1.5892079307335345,24
frobenius_norm,mlp,92000,46.96134666486545,1.5857567849037968,24
frobenius_norm,mlp,93000,46.689445381475736,1.5822277299812604,24
frobenius_norm,mlp,94000,46.41902633380649,1.5783195199338542,24
frobenius_norm,mlp,95000,46.17330054964578,1.5747193415585843,24
frobenius_norm,mlp,96000,45.906170073210774,1.5692765137840572,24
frobenius_norm,mlp,97000,45.65131571965724,1.5629578578514494,24
frobenius_norm,mlp,98000,45.40548541062933,1.5569501537804413,24
frobenius_norm,mlp,99000,45.15981965687215,1.5506198420325117,24
frobenius_norm,mlp,100000,44.92300220292082,1.5448373517642044,24
frobenius_norm,mlp,101000,44.69039248429788,1.5390966339105325,24
frobenius_norm,mlp,102000,44.4561516833863,1.533589074750173,24
frobenius_norm,mlp,103000,44.232692592528444,1.5279103167317802,24
frobenius_norm,mlp,104000,44.01853822331491,1.522654535061496,24
frobenius_norm,mlp,105000,43.83627293960294,1.519271317956933,24
frobenius_norm,mlp,106000,43.63233337377491,1.51373181196128,24
frobenius_norm,mlp,107000,43.458636352977976,1.5099056860183155,24
frobenius_norm,mlp,108000,43.316686535736885,1.5077504275312608,24
frobenius_norm,mlp,109000,43.17239821151651,1.503951728277577,24
frobenius_norm,mlp,110000,43.020095460611145,1.4994702957722568,24
frobenius_norm,mlp,111000,42.896645543469184,1.497297278232893,24
frobenius_norm,mlp,112000,42.781940553185116,1.4961094318493062,24
frobenius_norm,mlp,113000,42.63002975484931,1.4904520356028865,24
frobenius_norm,mlp,114000,42.4829716464996,1.4854821613737663,24
frobenius_norm,mlp,115000,42.38042904638669,1.4853279211439294,24
frobenius_norm,mlp,116000,42.26390911349573,1.4830584482486293,24
frobenius_norm,mlp,117000,42.1643173805405,1.483148451858945,24
frobenius_norm,mlp,118000,42.08742552280864,1.488139860874898,24
frobenius_norm,mlp,119000,42.0108284440548,1.4933660547033725,24
frobenius_norm,mlp,120000,41.92547511122972,1.496804879715908,24
frobenius_norm,mlp,121000,41.84243797071883,1.5005037480213874,24
frobenius_norm,mlp,122000,41.7318234090725,1.4978228746891742,24
frobenius_norm,mlp,123000,41.602025746661326,1.4898878736248824,24
frobenius_norm,mlp,124000,41.470044728121266,1.4812108757973017,24
frobenius_norm,mlp,125000,41.32749082642558,1.4704605407296403,24
frobenius_norm,mlp,126000,41.20442715003049,1.4637501672702473,24
frobenius_norm,mlp,127000,41.07138333313241,1.4541891800043538,24
frobenius_norm,mlp,128000,40.93374888655239,1.444506209007451,24
frobenius_norm,mlp,129000,40.796156228360395,1.4359046201683996,24
frobenius_norm,mlp,130000,40.66033534310262,1.4281196668326854,24
frobenius_norm,mlp,131000,40.52314905506858,1.4203071117288102,24
frobenius_norm,mlp,132000,40.39328143214389,1.412430681861091,24
frobenius_norm,mlp,133000,40.2609173209133,1.4050266700108618,24
frobenius_norm,mlp,134000,40.129092950098176,1.3991604036623395,24
frobenius_norm,mlp,135000,39.993750633266366,1.3934912335213732,24
frobenius_norm,mlp,136000,39.861149765673794,1.3877992426073122,24
frobenius_norm,mlp,137000,39.72902171807879,1.382386009538619,24
frobenius_norm,mlp,138000,39.598404558311834,1.3762576460064868,24
frobenius_norm,mlp,139000,39.471994593520456,1.3706619219474614,24
frobenius_norm,mlp,140000,39.34518864122411,1.365606981936826,24
frobenius_norm,mlp,141000,39.21887338436895,1.3612671755150738,24
frobenius_norm,mlp,142000,39.09260892684522,1.356335682327227,24
frobenius_norm,mlp,143000,38.96774466984017,1.3518128905740032,24
mp_outliers,attention,1,0.013888888888888888,0.013888888888888886,72
mp_outliers,attention,2,0.013888888888888888,0.013888888888888886,72
mp_outliers,attention,4,0.013888888888888888,0.013888888888888886,72
mp_outliers,attention,8,0.013888888888888888,0.013888888888888886,72
mp_outliers,attention,16,0.013888888888888888,0.013888888888888886,72
mp_outliers,attention,32,0.013888888888888888,0.013888888888888886,72
mp_outliers,attention,64,0.013888888888888888,0.013888888888888886,72
mp_outliers,attention,128,0.08333333333333333,0.032800912235873524,72
mp_outliers,attention,256,0.7638888888888888,0.11447139099632553,72
mp_outliers,attention,512,2.3333333333333335,0.3333333333333333,72
mp_outliers,attention,1000,7.277777777777778,1.151175187490381,72
mp_outliers,attention,2000,20.76388888888889,2.719078040347037,72
mp_outliers,attention,3000,31.041666666666668,3.9295158077768395,72
mp_outliers,attention,4000,37.875,4.741516495555118,72
mp_outliers,attention,5000,41.68055555555556,5.206826594783159,72
mp_outliers,attention,6000,43.69444444444444,5.467310697523835,72
mp_outliers,attention,7000,44.708333333333336,5.603606508996526,72
mp_outliers,attention,8000,45.166666666666664,5.665182075619612,72
mp_outliers,attention,9000,45.333333333333336,5.696002496878355,72
mp_outliers,attention,10000,45.47222222222222,5.715030159763288,72
mp_outliers,attention,11000,45.236111111111114,5.69728997761462,72
mp_outliers,attention,12000,45.27777777777778,5.7214700874640405,72
mp_outliers,attention,13000,45.25,5.719196937947099,72
mp_outliers,attention,14000,45.15277777777778,5.709677276502445,72
mp_outliers,attention,15000,45.02777777777778,5.698405050383861,72
mp_outliers,attention,16000,45.013888888888886,5.6963971898958246,72
mp_outliers,attention,17000,44.94444444444444,5.696204735750293,72
mp_outliers,attention,18000,44.916666666666664,5.696509034484954,72
mp_outliers,attention,19000,45.06944444444444,5.713570261112859,72
mp_outliers,attention,20000,45.166666666666664,5.720265706207077,72
mp_outliers,attention,21000,45.333333333333336,5.731403212617525,72
mp_outliers,attention,22000,45.65277777777778,5.761806947186278,72
mp_outliers,attention,23000,46.02777777777778,5.79173539062216,72
mp_outliers,attention,24000,46.416666666666664,5.832452985213523,72
mp_outliers,attention,25000,46.81944444444444,5.881502208387312,72
mp_outliers,attention,26000,47.291666666666664,5.948936251750101,72
mp_outliers,attention,27000,47.69444444444444,6.007449694709359,72
mp_outliers,attention,28000,47.833333333333336,6.034136070894138,72
mp_outliers,attention,29000,48.06944444444444,6.069798964016151,72
mp_outliers,attention,30000,48.27777777777778,6.1058484951675505,72
mp_outliers,attention,31000,48.708333333333336,6.171912421144057,72
mp_outliers,attention,32000,48.81944444444444,6.196739462358735,72
mp_outliers,attention,33000,49.208333333333336,6.254042120131235,72
mp_outliers,attention,34000,49.486111111111114,6.295662399240412,72
mp_outliers,attention,35000,49.77777777777778,6.348117850468429,72
mp_outliers,attention,36000,50.18055555555556,6.4056693880219875,72
mp_outliers,attention,37000,50.638888888888886,6.473229619289854,72
mp_outliers,attention,38000,51.041666666666664,6.534291317975425,72
mp_outliers,attention,39000,51.27777777777778,6.5807914574067174,72
mp_outliers,attention,40000,51.75,6.653177374050616,72
mp_outliers,attention,41000,52.041666666666664,6.701535499543607,72
mp_outliers,attention,42000,52.56944444444444,6.773811140454459,72
mp_outliers,attention,43000,52.80555555555556,6.809808322790665,72
mp_outliers,attention,44000,52.875,6.835878877179888,72
mp_outliers,attention,45000,53.02777777777778,6.867769984695523,72
mp_outliers,attention,46000,53.47222222222222,6.9361319576919644,72
mp_outliers,attention,47000,53.638888888888886,6.972624357904693,72
mp_outliers,attention,48000,54.09722222222222,7.030955467758405,72
mp_outliers,attention,49000,53.958333333333336,7.025118066049888,72
mp_outliers,attention,50000,54.083333333333336,7.045646776389842,72
mp_outliers,attention,51000,54.27777777777778,7.075001236533959,72
mp_outliers,attention,52000,54.333333333333336,7.098127329133699,72
mp_outliers,attention,53000,54.333333333333336,7.109280011704422,72
mp_outliers,attention,54000,54.65277777777778,7.159516023299365,72
mp_outliers,attention,55000,54.52777777777778,7.151528181410453,72
mp_outliers,attention,56000,54.72222222222222,7.1802530410330085,72
mp_outliers,attention,57000,54.916666666666664,7.223265694451836,72
mp_outliers,attention,58000,54.958333333333336,7.249586829196075,72
mp_outliers,attention,59000,55.236111111111114,7.290809622484516,72
mp_outliers,attention,60000,55.31944444444444,7.311903879073561,72
mp_outliers,attention,61000,55.47222222222222,7.332212148132374,72
mp_outliers,attention,62000,55.708333333333336,7.382105142180206,72
mp_outliers,attention,63000,56.041666666666664,7.449528597851238,72
mp_outliers,attention,64000,56.125,7.455683821362831,72
mp_outliers,attention,65000,56.31944444444444,7.4834409370665655,72
mp_outliers,attention,66000,56.486111111111114,7.504093641689028,72
mp_outliers,attention,67000,56.666666666666664,7.526271150675468,72
mp_outliers,attention,68000,56.791666666666664,7.546748864725131,72
mp_outliers,attention,69000,56.958333333333336,7.575246875125082,72
mp_outliers,attention,70000,57.111111111111114,7.59281524413669,72
mp_outliers,attention,71000,57.361111111111114,7.625278813126564,72
mp_outliers,attention,72000,57.69444444444444,7.678411061893117,72
mp_outliers,attention,73000,58.041666666666664,7.714446884106438,72
mp_outliers,attention,74000,58.625,7.786957855089028,72
mp_outliers,attention,75000,58.875,7.817032722641915,72
mp_outliers,attention,76000,59.02777777777778,7.83528025506177,72
mp_outliers,attention,77000,59.375,7.865268970983477,72
mp_outliers,attention,78000,59.81944444444444,7.927471657559674,72
mp_outliers,attention,79000,60.05555555555556,7.9504994599282615,72
mp_outliers,attention,80000,60.25,7.977711272777404,72
mp_outliers,attention,81000,60.486111111111114,8.00750315824147,72
mp_outliers,attention,82000,60.90277777777778,8.063159320792396,72
mp_outliers,attention,83000,61.125,8.089434015052046,72
mp_outliers,attention,84000,61.52777777777778,8.15187345188315,72
mp_outliers,attention,85000,61.84722222222222,8.187996952919919,72
mp_outliers,attention,86000,62.06944444444444,8.225578602422793,72
mp_outliers,attention,87000,62.361111111111114,8.258900106462555,72
mp_outliers,attention,88000,62.541666666666664,8.28393663789489,72
mp_outliers,attention,89000,62.763888888888886,8.303102278981342,72
mp_outliers,attention,90000,63.125,8.35560258051854,72
mp_outliers,attention,91000,63.208333333333336,8.369918225603303,72
mp_outliers,attention,92000,63.458333333333336,8.410742290450306,72
mp_outliers,attention,93000,63.611111111111114,8.427694758933066,72
mp_outliers,attention,94000,64.06944444444444,8.487294342360755,72
mp_outliers,attention,95000,64.31944444444444,8.525893231486888,72
mp_outliers,attention,96000,64.70833333333333,8.579815759008405,72
mp_outliers,attention,97000,65.16666666666667,8.630363656232024,72
mp_outliers,attention,98000,65.55555555555556,8.678460936642496,72
mp_outliers,attention,99000,66.02777777777777,8.7409011986501,72
mp_outliers,attention,100000,66.43055555555556,8.805248701228637,72
mp_outliers,attention,101000,66.84722222222223,8.8565259291957,72
mp_outliers,attention,102000,67.16666666666667,8.903191740111485,72
mp_outliers,attention,103000,67.52777777777777,8.951900949148921,72
mp_outliers,attention,104000,67.76388888888889,8.98158202932172,72
mp_outliers,attention,105000,68.08333333333333,9.028942984873707,72
mp_outliers,attention,106000,68.22222222222223,9.042960027835585,72
mp_outliers,attention,107000,68.375,9.070611487773485,72
mp_outliers,attention,108000,68.61111111111111,9.10226105539936,72
mp_outliers,attention,109000,68.73611111111111,9.131665851680248,72
mp_outliers,attention,110000,68.91666666666667,9.159360084187089,72
mp_outliers,attention,111000,69.02777777777777,9.180100532311288,72
mp_outliers,attention,112000,69.09722222222223,9.199411419778603,72
mp_outliers,attention,113000,69.13888888888889,9.208638557505024,72
mp_outliers,attention,114000,69.16666666666667,9.217952987350028,72
mp_outliers,attention,115000,69.27777777777777,9.231508230966206,72
mp_outliers,attention,116000,69.38888888888889,9.248980732142902,72
mp_outliers,attention,117000,69.48611111111111,9.265704704341582,72
mp_outliers,attention,118000,69.59722222222223,9.28535327781486,72
mp_outliers,attention,119000,69.69444444444444,9.309401723078789,72
mp_outliers,attention,120000,69.83333333333333,9.324987885302205,72
mp_outliers,attention,121000,69.875,9.339491963325433,72
mp_outliers,attention,122000,69.91666666666667,9.349452671585432,72
mp_outliers,attention,123000,70.01388888888889,9.374062145172047,72
mp_outliers,attention,124000,70.11111111111111,9.384658416673204,72
mp_outliers,attention,125000,70.16666666666667,9.398061099272821,72
mp_outliers,attention,126000,70.23611111111111,9.407412525695955,72
mp_outliers,attention,127000,70.375,9.43399020382596,72
mp_outliers,attention,128000,70.48611111111111,9.44846397365651,72
mp_outliers,attention,129000,70.54166666666667,9.458809009568764,72
mp_outliers,attention,130000,70.5,9.45235561138433,72
mp_outliers,attention,131000,70.625,9.467418750707711,72
mp_outliers,attention,132000,70.70833333333333,9.47679476851256,72
mp_outliers,attention,133000,70.77777777777777,9.491207986259079,72
mp_outliers,attention,134000,70.90277777777777,9.50893574729858,72
mp_outliers,attention,135000,71.01388888888889,9.510279691906671,72
mp_outliers,attention,136000,71.08333333333333,9.52769108945539,72
mp_outliers,attention,137000,71.125,9.530589445157311,72
mp_outliers,attention,138000,71.18055555555556,9.538660450406084,72
mp_outliers,attention,139000,71.20833333333333,9.543921561471363,72
mp_outliers,attention,140000,71.33333333333333,9.555721602080254,72
mp_outliers,attention,141000,71.36111111111111,9.559289199425928,72
mp_outliers,attention,142000,71.41666666666667,9.56161040744312,72
mp_outliers,attention,143000,71.43055555555556,9.566725278093527,72
mp_outliers,mlp,1,0.027777777777777776,0.019503041597205818,72
mp_outliers,mlp,2,0.027777777777777776,0.019503041597205818,72
mp_outliers,mlp,4,0.027777777777777776,0.019503041597205818,72
mp_outliers,mlp,8,0.027777777777777776,0.019503041597205818,72
mp_outliers,mlp,16,0.027777777777777776,0.019503041597205818,72
mp_outliers,mlp,32,0.041666666666666664,0.02371502036523093,72
mp_outliers,mlp,64,0.09722222222222222,0.03515960825311635,72
mp_outliers,mlp,128,0.3333333333333333,0.08155376885464884,72
mp_outliers,mlp,256,0.625,0.14323216759553628,72
mp_outliers,mlp,512,3.0,0.5244417256766216,72
mp_outliers,mlp,1000,21.38888888888889,2.477011327312022,72
mp_outliers,mlp,2000,50.19444444444444,3.0045374455469207,72
mp_outliers,mlp,3000,54.30555555555556,2.6007582023834557,72
mp_outliers,mlp,4000,56.84722222222222,2.8832702184618593,72
mp_outliers,mlp,5000,58.166666666666664,3.122749580934551,72
mp_outliers,mlp,6000,59.06944444444444,3.2742609810732484,72
mp_outliers,mlp,7000,59.52777777777778,3.3595199223773977,72
mp_outliers,mlp,8000,59.791666666666664,3.3993427457798924,72
mp_outliers,mlp,9000,59.888888888888886,3.4186588464075096,72
mp_outliers,mlp,10000,59.77777777777778,3.4074059898842632,72
mp_outliers,mlp,11000,59.791666666666664,3.4230838339532816,72
mp_outliers,mlp,12000,59.638888888888886,3.4176716462862906,72
mp_outliers,mlp,13000,59.31944444444444,3.399451441806323,72
mp_outliers,mlp,14000,59.236111111111114,3.3867488400553722,72
mp_outliers,mlp,15000,59.18055555555556,3.385872702120437,72
mp_outliers,mlp,16000,59.0,3.380881532589127,72
mp_outliers,mlp,17000,58.90277777777778,3.3830309147099875,72
mp_outliers,mlp,18000,58.77777777777778,3.379910629231087,72
mp_outliers,mlp,19000,58.875,3.3796047529829543,72
mp_outliers,mlp,20000,58.791666666666664,3.38330717050871,72
mp_outliers,mlp,21000,58.65277777777778,3.3641276928633013,72
mp_outliers,mlp,22000,58.736111111111114,3.362547627552203,72
mp_outliers,mlp,23000,58.583333333333336,3.3611951773653788,72
mp_outliers,mlp,24000,58.47222222222222,3.3452821181491843,72
mp_outliers,mlp,25000,58.31944444444444,3.3411192162112653,72
mp_outliers,mlp,26000,58.166666666666664,3.335093432021507,72
mp_outliers,mlp,27000,58.166666666666664,3.3204563481451457,72
mp_outliers,mlp,28000,58.013888888888886,3.3141167360316706,72
mp_outliers,mlp,29000,57.94444444444444,3.297512274764978,72
mp_outliers,mlp,30000,57.97222222222222,3.3153843170714756,72
mp_outliers,mlp,31000,57.875,3.2979303926560335,72
mp_outliers,mlp,32000,57.736111111111114,3.3071147905232734,72
mp_outliers,mlp,33000,57.75,3.301120760978042,72
mp_outliers,mlp,34000,57.791666666666664,3.2992943654453075,72
mp_outliers,mlp,35000,57.75,3.2865704592190905,72
mp_outliers,mlp,36000,57.611111111111114,3.2819725949597927,72
mp_outliers,mlp,37000,57.55555555555556,3.2773997819233474,72
mp_outliers,mlp,38000,57.44444444444444,3.271485432671985,72
mp_outliers,mlp,39000,57.44444444444444,3.2738166033159906,72
mp_outliers,mlp,40000,57.47222222222222,3.2709522180016637,72
mp_outliers,mlp,41000,57.388888888888886,3.2639825345337874,72
mp_outliers,mlp,42000,57.208333333333336,3.2577064944633753,72
mp_outliers,mlp,43000,57.208333333333336,3.2538611648990474,72
mp_outliers,mlp,44000,57.18055555555556,3.255387156016783,72
mp_outliers,mlp,45000,57.263888888888886,3.2535638973677634,72
mp_outliers,mlp,46000,57.083333333333336,3.2539100110386268,72
mp_outliers,mlp,47000,57.06944444444444,3.246903327219676,72
mp_outliers,mlp,48000,56.916666666666664,3.240234515943231,72
mp_outliers,mlp,49000,56.94444444444444,3.2473589177791613,72
mp_outliers,mlp,50000,56.80555555555556,3.2404692858961073,72
mp_outliers,mlp,51000,56.84722222222222,3.226616839562983,72
mp_outliers,mlp,52000,56.81944444444444,3.234347548503488,72
mp_outliers,mlp,53000,56.72222222222222,3.2316184299706165,72
mp_outliers,mlp,54000,56.65277777777778,3.2379039208346545,72
mp_outliers,mlp,55000,56.68055555555556,3.243256298807279,72
mp_outliers,mlp,56000,56.513888888888886,3.230999172939877,72
mp_outliers,mlp,57000,56.583333333333336,3.235703477654461,72
mp_outliers,mlp,58000,56.47222222222222,3.2343261279054545,72
mp_outliers,mlp,59000,56.291666666666664,3.227027725647399,72
mp_outliers,mlp,60000,56.40277777777778,3.2350934008608645,72
mp_outliers,mlp,61000,56.31944444444444,3.219768894306256,72
mp_outliers,mlp,62000,56.333333333333336,3.218867985971328,72
mp_outliers,mlp,63000,56.111111111111114,3.2106261580725444,72
mp_outliers,mlp,64000,56.02777777777778,3.2021102821554064,72
mp_outliers,mlp,65000,55.986111111111114,3.2055613020455516,72
mp_outliers,mlp,66000,56.0,3.2136981851193056,72
mp_outliers,mlp,67000,55.94444444444444,3.2048530839747764,72
mp_outliers,mlp,68000,56.013888888888886,3.195843658316536,72
mp_outliers,mlp,69000,55.888888888888886,3.1903338184374306,72
mp_outliers,mlp,70000,55.763888888888886,3.1947416851571724,72
mp_outliers,mlp,71000,55.791666666666664,3.183175247408168,72
mp_outliers,mlp,72000,55.791666666666664,3.190357237614523,72
mp_outliers,mlp,73000,55.93055555555556,3.198219770171108,72
mp_outliers,mlp,74000,55.875,3.186860341169001,72
mp_outliers,mlp,75000,55.958333333333336,3.1977372122424694,72
mp_outliers,mlp,76000,55.77777777777778,3.1900681051877853,72
mp_outliers,mlp,77000,55.72222222222222,3.1943576908679843,72
mp_outliers,mlp,78000,55.861111111111114,3.1857778606316702,72
mp_outliers,mlp,79000,55.763888888888886,3.192107653838061,72
mp_outliers,mlp,80000,55.611111111111114,3.1914373135918996,72
mp_outliers,mlp,81000,55.75,3.1912040447276433,72
mp_outliers,mlp,82000,55.736111111111114,3.1898700833256384,72
mp_outliers,mlp,83000,55.93055555555556,3.2079302160557197,72
mp_outliers,mlp,84000,55.888888888888886,3.1986007525907327,72
mp_outliers,mlp,85000,56.041666666666664,3.199143903236462,72
mp_outliers,mlp,86000,55.875,3.1983183117810783,72
mp_outliers,mlp,87000,55.93055555555556,3.198403259008083,72
mp_outliers,mlp,88000,56.02777777777778,3.2011326867497556,72
mp_outliers,mlp,89000,56.111111111111114,3.206419345895879,72
mp_outliers,mlp,90000,56.138888888888886,3.212438265091621,72
mp_outliers,mlp,91000,56.27777777777778,3.209935562503305,72
mp_outliers,mlp,92000,56.40277777777778,3.216962799999632,72
mp_outliers,mlp,93000,56.34722222222222,3.210845746490348,72
mp_outliers,mlp,94000,56.34722222222222,3.2030990301270044,72
mp_outliers,mlp,95000,56.52777777777778,3.205163345981268,72
mp_outliers,mlp,96000,56.666666666666664,3.1997897035750404,72
mp_outliers,mlp,97000,56.75,3.1987349563247305,72
mp_outliers,mlp,98000,56.84722222222222,3.200624677524377,72
mp_outliers,mlp,99000,56.90277777777778,3.2001051260498965,72
mp_outliers,mlp,100000,57.083333333333336,3.2101505432256814,72
mp_outliers,mlp,101000,57.15277777777778,3.202579880064408,72
mp_outliers,mlp,102000,57.30555555555556,3.215805966783011,72
mp_outliers,mlp,103000,57.34722222222222,3.215350975314071,72
mp_outliers,mlp,104000,57.52777777777778,3.223178248439528,72
mp_outliers,mlp,105000,57.666666666666664,3.2404910851001363,72
mp_outliers,mlp,106000,57.763888888888886,3.2447437364634943,72
mp_outliers,mlp,107000,57.958333333333336,3.2569558102981286,72
mp_outliers,mlp,108000,58.19444444444444,3.264107391214424,72
mp_outliers,mlp,109000,58.388888888888886,3.27529016236935,72
mp_outliers,mlp,110000,58.56944444444444,3.287646197971959,72
mp_outliers,mlp,111000,58.611111111111114,3.283343196974981,72
mp_outliers,mlp,112000,58.736111111111114,3.291045912559435,72
mp_outliers,mlp,113000,58.72222222222222,3.2917133010437705,72
mp_outliers,mlp,114000,58.763888888888886,3.293868079195614,72
mp_outliers,mlp,115000,59.083333333333336,3.302364946671031,72
mp_outliers,mlp,116000,59.083333333333336,3.2991646640381833,72
mp_outliers,mlp,117000,59.166666666666664,3.31473685806048,72
mp_outliers,mlp,118000,59.361111111111114,3.310975816731533,72
mp_outliers,mlp,119000,59.361111111111114,3.3215935022504355,72
mp_outliers,mlp,120000,59.333333333333336,3.318688486546384,72
mp_outliers,mlp,121000,59.47222222222222,3.3194530385362904,72
mp_outliers,mlp,122000,59.486111111111114,3.3142052734411758,72
mp_outliers,mlp,123000,59.486111111111114,3.319631054006513,72
mp_outliers,mlp,124000,59.5,3.318452700507965,72
mp_outliers,mlp,125000,59.486111111111114,3.3186291322638017,72
mp_outliers,mlp,126000,59.47222222222222,3.317684642313965,72
mp_outliers,mlp,127000,59.513888888888886,3.3230471017598733,72
mp_outliers,mlp,128000,59.44444444444444,3.3175028370598554,72
mp_outliers,mlp,129000,59.486111111111114,3.312020659832351,72
mp_outliers,mlp,130000,59.55555555555556,3.3164412885469665,72
mp_outliers,mlp,131000,59.59722222222222,3.31217815764404,72
mp_outliers,mlp,132000,59.56944444444444,3.3128375984040335,72
mp_outliers,mlp,133000,59.638888888888886,3.314341763980386,72
mp_outliers,mlp,134000,59.68055555555556,3.312483288344113,72
mp_outliers,mlp,135000,59.638888888888886,3.3056541850858228,72
mp_outliers,mlp,136000,59.666666666666664,3.310366890767049,72
mp_outliers,mlp,137000,59.611111111111114,3.3106360793988454,72
mp_outliers,mlp,138000,59.666666666666664,3.308238873546533,72
mp_outliers,mlp,139000,59.65277777777778,3.3078935163841643,72
mp_outliers,mlp,140000,59.638888888888886,3.306482556988562,72
mp_outliers,mlp,141000,59.666666666666664,3.304629938394609,72
mp_outliers,mlp,142000,59.791666666666664,3.3190973882387755,72
mp_outliers,mlp,143000,59.861111111111114,3.3201797726675597,72
spectral_norm,attention,1,1.0266021688779194,0.1447956980062415,24
spectral_norm,attention,2,1.0266017292936642,0.14479548078608462,24
spectral_norm,attention,4,1.0266030443211396,0.14479544481067033,24
spectral_norm,attention,8,1.0266017305354278,0.1447949319479343,24
spectral_norm,attention,16,1.0265800046424072,0.14479191003523223,24
spectral_norm,attention,32,1.0265698209404945,0.1447836953392066,24
spectral_norm,attention,64,1.0267743306855361,0.14475387306175802,24
spectral_norm,attention,128,1.035149731983741,0.14556181771479254,24
spectral_norm,attention,256,1.3067311917742093,0.2035086823958404,24
spectral_norm,attention,512,1.770561594516039,0.2953996004362103,24
spectral_norm,attention,1000,2.3845765640338263,0.3895221166954995,24
spectral_norm,attention,2000,3.6429434716701508,0.5270679074029361,24
spectral_norm,attention,3000,4.233132978280385,0.5718713385670686,24
spectral_norm,attention,4000,4.594606444239616,0.592932635898022,24
spectral_norm,attention,5000,4.85604511698087,0.6042398781996101,24
spectral_norm,attention,6000,5.048465758562088,0.6086130584473041,24
spectral_norm,attention,7000,5.193491190671921,0.6091213863049,24
spectral_norm,attention,8000,5.303289473056793,0.6064998059853021,24
spectral_norm,attention,9000,5.39296034971873,0.60136254403871,24
spectral_norm,attention,10000,5.457619100809097,0.5950791576052269,24
spectral_norm,attention,11000,5.508067578077316,0.5878337890870876,24
spectral_norm,attention,12000,5.545716891686122,0.5803195802757254,24
spectral_norm,attention,13000,5.59110767642657,0.5763939311687722,24
spectral_norm,attention,14000,5.61943256855011,0.569899207367333,24
spectral_norm,attention,15000,5.6428718864917755,0.5640839993639879,24
spectral_norm,attention,16000,5.670987258354823,0.5617415404244875,24
spectral_norm,attention,17000,5.736600677172343,0.5757960689650448,24
spectral_norm,attention,18000,5.842953731616338,0.6170958310229582,24
spectral_norm,attention,19000,6.028658678134282,0.7259887008376923,24
spectral_norm,attention,20000,6.232024898131688,0.8738631427580326,24
spectral_norm,attention,21000,6.602451880772908,1.1888189099004849,24
spectral_norm,attention,22000,6.987859785556793,1.5343923414427612,24
spectral_norm,attention,23000,7.225452383359273,1.7506193846968627,24
spectral_norm,attention,24000,7.374098718166351,1.8854027938579105,24
spectral_norm,attention,25000,7.464025636514028,1.9628847252101824,24
spectral_norm,attention,26000,7.56968766450882,2.034800069302182,24
spectral_norm,attention,27000,7.673162321249644,2.0900148456511016,24
spectral_norm,attention,28000,7.800583442052205,2.146711826943563,24
spectral_norm,attention,29000,7.939652860164642,2.2025595557831417,24
spectral_norm,attention,30000,8.09962930281957,2.25805600548611,24
spectral_norm,attention,31000,8.315351943174997,2.3358670383834346,24
spectral_norm,attention,32000,8.535612593094507,2.401850959666068,24
spectral_norm,attention,33000,8.788901468118032,2.48744390641088,24
spectral_norm,attention,34000,9.072133223215738,2.583907687971416,24
spectral_norm,attention,35000,9.315279573202133,2.6650586592071,24
spectral_norm,attention,36000,9.556244850158691,2.7535873434069984,24
spectral_norm,attention,37000,9.785885880390802,2.8451428172815136,24
spectral_norm,attention,38000,9.999016463756561,2.936550375528418,24
spectral_norm,attention,39000,10.212263613939285,3.030366161729841,24
spectral_norm,attention,40000,10.41452032327652,3.118527817749483,24
spectral_norm,attention,41000,10.604528705279032,3.1988541854389183,24
spectral_norm,attention,42000,10.774629394213358,3.2706326209918055,24
spectral_norm,attention,43000,10.94654286901156,3.3479139718128885,24
spectral_norm,attention,44000,11.109685152769089,3.4184976418933135,24
spectral_norm,attention,45000,11.249473432699839,3.482904256540819,24
spectral_norm,attention,46000,11.363808035850525,3.5364153063822314,24
spectral_norm,attention,47000,11.482930024464926,3.590912805260516,24
spectral_norm,attention,48000,11.59888407588005,3.6414539325171487,24
spectral_norm,attention,49000,11.693549881378809,3.673046215605417,24
spectral_norm,attention,50000,11.773980259895325,3.690199662169986,24
spectral_norm,attention,51000,11.866838922103247,3.7097897394148096,24
spectral_norm,attention,52000,11.999627729256948,3.736193987748062,24
spectral_norm,attention,53000,12.063428123792013,3.7310669164200045,24
spectral_norm,attention,54000,12.223656406005224,3.7635943664700218,24
spectral_norm,attention,55000,12.304700295130411,3.770489653251495,24
spectral_norm,attention,56000,12.369698892037073,3.7864439837765254,24
spectral_norm,attention,57000,12.449693858623505,3.8066352892800954,24
spectral_norm,attention,58000,12.509651213884354,3.8251284153118323,24
spectral_norm,attention,59000,12.551904698212942,3.8407920390281802,24
spectral_norm,attention,60000,12.568588097890219,3.848948507614915,24
spectral_norm,attention,61000,12.619650512933731,3.8751063740790777,24
spectral_norm,attention,62000,12.65872347354889,3.894599297582921,24
spectral_norm,attention,63000,12.918171068032583,3.9803173446623994,24
spectral_norm,attention,64000,12.88967353105545,3.957989814227639,24
spectral_norm,attention,65000,12.89204865694046,3.955941133919922,24
spectral_norm,attention,66000,12.910408794879913,3.9577810178506416,24
spectral_norm,attention,67000,12.920330117146174,3.957877965470776,24
spectral_norm,attention,68000,12.942727774381638,3.9593117193228804,24
spectral_norm,attention,69000,12.991338988145193,3.967915475588427,24
spectral_norm,attention,70000,12.961288750171661,3.9512769092267543,24
spectral_norm,attention,71000,13.05912152926127,3.9809315857784586,24
spectral_norm,attention,72000,13.279327859481176,4.037701305399965,24
spectral_norm,attention,73000,13.340463747580847,4.038427653735294,24
spectral_norm,attention,74000,13.54963219165802,4.084439022606673,24
spectral_norm,attention,75000,13.529339710871378,4.065961315798773,24
spectral_norm,attention,76000,13.539358427127203,4.06449296510805,24
spectral_norm,attention,77000,13.627741048733393,4.086882145190899,24
spectral_norm,attention,78000,13.756434669097265,4.112599553604404,24
spectral_norm,attention,79000,13.730942338705063,4.100413302843449,24
spectral_norm,attention,80000,13.754952470461527,4.104147958738227,24
spectral_norm,attention,81000,13.934119164943695,4.1479348252251524,24
spectral_norm,attention,82000,14.055577675501505,4.168898730137354,24
spectral_norm,attention,83000,14.191708515087763,4.193720385804332,24
spectral_norm,attention,84000,14.395831247170767,4.240621116044686,24
spectral_norm,attention,85000,14.721010982990265,4.3130940109479985,24
spectral_norm,attention,86000,14.819729030132294,4.326441382697167,24
spectral_norm,attention,87000,14.929076890150705,4.347680751034804,24
spectral_norm,attention,88000,14.998140255610148,4.360190336394949,24
spectral_norm,attention,89000,15.047292977571487,4.370207727981843,24
spectral_norm,attention,90000,15.288144091765085,4.4302127090844285,24
spectral_norm,attention,91000,15.50805922349294,4.4785943627033795,24
spectral_norm,attention,92000,15.643625348806381,4.502861845433386,24
spectral_norm,attention,93000,15.849397450685501,4.545630843445756,24
spectral_norm,attention,94000,16.07653843363126,4.597189668121962,24
spectral_norm,attention,95000,16.54458161195119,4.730716203092266,24
spectral_norm,attention,96000,16.751212894916534,4.783136809146884,24
spectral_norm,attention,97000,17.06984082857768,4.879409535888289,24
spectral_norm,attention,98000,17.41510193546613,4.984307645848056,24
spectral_norm,attention,99000,17.759137392044067,5.086882033796997,24
spectral_norm,attention,100000,18.119394679864246,5.1858266022196595,24
spectral_norm,attention,101000,18.396637628475826,5.245585711154139,24
spectral_norm,attention,102000,18.621777574221294,5.287959392343037,24
spectral_norm,attention,103000,18.87101638317108,5.339873232089688,24
spectral_norm,attention,104000,19.145906165242195,5.40208595319017,24
spectral_norm,attention,105000,19.690945903460186,5.570896275404226,24
spectral_norm,attention,106000,19.941436365246773,5.631673244983919,24
spectral_norm,attention,107000,20.31487961113453,5.748562538279803,24
spectral_norm,attention,108000,20.72466957072417,5.893994019726355,24
spectral_norm,attention,109000,21.02129504084587,6.000543097711972,24
spectral_norm,attention,110000,21.21179787317912,6.064900382534797,24
spectral_norm,attention,111000,21.477844774723053,6.171145046015009,24
spectral_norm,attention,112000,21.775113304456074,6.29686586442792,24
spectral_norm,attention,113000,21.879386429985363,6.329444871362538,24
spectral_norm,attention,114000,21.98094939192136,6.363637812146618,24
spectral_norm,attention,115000,22.309478128949802,6.506163303131005,24
spectral_norm,attention,116000,22.568691814939182,6.615134081828085,24
spectral_norm,attention,117000,23.000657722353935,6.806224643547743,24
spectral_norm,attention,118000,23.840085312724113,7.1902251168340285,24
spectral_norm,attention,119000,24.724840040008228,7.602605437701133,24
spectral_norm,attention,120000,25.63275732596715,8.032664037221931,24
spectral_norm,attention,121000,26.55514035622279,8.477617562005394,24
spectral_norm,attention,122000,27.148409719268482,8.749073970435184,24
spectral_norm,attention,123000,27.3663130402565,8.82612458832254,24
spectral_norm,attention,124000,27.53322570025921,8.873140610984949,24
spectral_norm,attention,125000,27.527951414386433,8.845143720319493,24
spectral_norm,attention,126000,27.710017909606297,8.889366190350634,24
spectral_norm,attention,127000,27.75066598256429,8.877067472828367,24
spectral_norm,attention,128000,27.68057979643345,8.829986731503494,24
spectral_norm,attention,129000,27.591477538148563,8.778739512101758,24
spectral_norm,attention,130000,27.48731278379758,8.725707863263473,24
spectral_norm,attention,131000,27.43010542790095,8.683584648509228,24
spectral_norm,attention,132000,27.44239151974519,8.659744164141548,24
spectral_norm,attention,133000,27.36640302836895,8.613214851099642,24
spectral_norm,attention,134000,27.246264566977818,8.559640101665627,24
spectral_norm,attention,135000,27.132172286510468,8.508243990958539,24
spectral_norm,attention,136000,27.029773155848186,8.459287598068391,24
spectral_norm,attention,137000,26.931187118093174,8.412286451734177,24
spectral_norm,attention,138000,26.864181379477184,8.372905279849192,24
spectral_norm,attention,139000,26.784050598740578,8.330968948829463,24
spectral_norm,attention,140000,26.69028900563717,8.28661047737813,24
spectral_norm,attention,141000,26.578768064578373,8.240121317883665,24
spectral_norm,attention,142000,26.48739938934644,8.19736117137395,24
spectral_norm,attention,143000,26.38945882519086,8.154820430063166,24
spectral_norm,mlp,1,1.194743023564418,0.14519765625109943,24
spectral_norm,mlp,2,1.1947672901054223,0.1452026605038219,24
spectral_norm,mlp,4,1.194765182832877,0.1452028249356871,24
spectral_norm,mlp,8,1.194753968467315,0.14519934135794396,24
spectral_norm,mlp,16,1.1947740241885185,0.14519876670692972,24
spectral_norm,mlp,32,1.1948651559650898,0.14518010217921032,24
spectral_norm,mlp,64,1.1957300019760926,0.14500990686790374,24
spectral_norm,mlp,128,1.2051036842167377,0.14328586780231756,24
spectral_norm,mlp,256,1.2109270989894867,0.1422488995690561,24
spectral_norm,mlp,512,1.2601056471467018,0.13406432006323302,24
spectral_norm,mlp,1000,2.1661471923192344,0.24246205462644915,24
spectral_norm,mlp,2000,4.019699215888977,0.4575071821596483,24
spectral_norm,mlp,3000,4.859678000211716,0.5109896599806837,24
spectral_norm,mlp,4000,5.381645053625107,0.5191694167747106,24
spectral_norm,mlp,5000,5.777934819459915,0.5209995713467231,24
spectral_norm,mlp,6000,6.108626663684845,0.5158372184069088,24
spectral_norm,mlp,7000,6.399587114651998,0.5140882792415856,24
spectral_norm,mlp,8000,6.661210199197133,0.5129890560629725,24
spectral_norm,mlp,9000,6.890753448009491,0.5138199611387705,24
spectral_norm,mlp,10000,7.085780968268712,0.5121043940274635,24
spectral_norm,mlp,11000,7.264611879984538,0.514777884299747,24
spectral_norm,mlp,12000,7.417483429114024,0.5149932067512194,24
spectral_norm,mlp,13000,7.569301426410675,0.5223787833683863,24
spectral_norm,mlp,14000,7.703830639521281,0.5290674420578081,24
spectral_norm,mlp,15000,7.816133558750153,0.533686764204866,24
spectral_norm,mlp,16000,7.930049737294515,0.5450822589810902,24
spectral_norm,mlp,17000,8.025200744469961,0.554449954223481,24
spectral_norm,mlp,18000,8.111065010229746,0.5651912419027825,24
spectral_norm,mlp,19000,8.181231081485748,0.5747943414577278,24
spectral_norm,mlp,20000,8.247357507546743,0.5867618311045324,24
spectral_norm,mlp,21000,8.29830970366796,0.5981468119535145,24
spectral_norm,mlp,22000,8.339286724726358,0.6065408226355564,24
spectral_norm,mlp,23000,8.378741443157196,0.616792777314624,24
spectral_norm,mlp,24000,8.434278190135956,0.6354810930553454,24
spectral_norm,mlp,25000,8.464372416337332,0.6439724324556723,24
spectral_norm,mlp,26000,8.504359205563864,0.6576975246814291,24
spectral_norm,mlp,27000,8.534758905569712,0.6691993795917293,24
spectral_norm,mlp,28000,8.57274180650711,0.6854793838188455,24
spectral_norm,mlp,29000,8.58322141567866,0.6909874413887895,24
spectral_norm,mlp,30000,8.612019141515097,0.7052763795793523,24
spectral_norm,mlp,31000,8.629068851470947,0.7165321882667988,24
spectral_norm,mlp,32000,8.633591850598654,0.7233927096554515,24
spectral_norm,mlp,33000,8.64847449461619,0.7338357164224693,24
spectral_norm,mlp,34000,8.659292936325073,0.7424508805948801,24
spectral_norm,mlp,35000,8.663547794024149,0.7468518865544216,24
spectral_norm,mlp,36000,8.672046224276224,0.7511048584616914,24
spectral_norm,mlp,37000,8.681716740131378,0.7568499456072197,24
spectral_norm,mlp,38000,8.688281536102295,0.7613626165278344,24
spectral_norm,mlp,39000,8.683102230230967,0.7644697087771581,24
spectral_norm,mlp,40000,8.68071182568868,0.7699198530444549,24
spectral_norm,mlp,41000,8.671464403470358,0.7734175527455758,24
spectral_norm,mlp,42000,8.669479469458262,0.7820202839143439,24
spectral_norm,mlp,43000,8.643551270167032,0.7810039820076214,24
spectral_norm,mlp,44000,8.629475116729736,0.7862014692882637,24
spectral_norm,mlp,45000,8.608778317769369,0.7886829721470592,24
spectral_norm,mlp,46000,8.589405556519827,0.7923552048904492,24
spectral_norm,mlp,47000,8.58318461974462,0.8007591654311378,24
spectral_norm,mlp,48000,8.553443551063538,0.7994468229380117,24
spectral_norm,mlp,49000,8.539645274480185,0.804935425277815,24
spectral_norm,mlp,50000,8.518697619438171,0.8064602072907529,24
spectral_norm,mlp,51000,8.485334753990173,0.804218535006863,24
spectral_norm,mlp,52000,8.4672398964564,0.8067248422444462,24
spectral_norm,mlp,53000,8.444144030412039,0.8107266887957725,24
spectral_norm,mlp,54000,8.413524448871613,0.8061712164335314,24
spectral_norm,mlp,55000,8.386929392814636,0.8065793761659777,24
spectral_norm,mlp,56000,8.361883242925009,0.8063291637208094,24
spectral_norm,mlp,57000,8.326635340849558,0.8009010646411828,24
spectral_norm,mlp,58000,8.30441669623057,0.8033767126186068,24
spectral_norm,mlp,59000,8.27719928820928,0.8038265128927105,24
spectral_norm,mlp,60000,8.248044828573862,0.8043286170860582,24
spectral_norm,mlp,61000,8.218627691268921,0.8034139579310788,24
spectral_norm,mlp,62000,8.185533503691355,0.8019347411318614,24
spectral_norm,mlp,63000,8.150090535481771,0.795121818842146,24
spectral_norm,mlp,64000,8.112909932931265,0.7938234806096393,24
spectral_norm,mlp,65000,8.077667971452078,0.7923682194241823,24
spectral_norm,mlp,66000,8.038780987262726,0.7880832967609386,24
spectral_norm,mlp,67000,7.998303254445394,0.7840373318635773,24
spectral_norm,mlp,68000,7.966396311918895,0.7833929510472666,24
spectral_norm,mlp,69000,7.933917740980784,0.7826790615046201,24
spectral_norm,mlp,70000,7.896301805973053,0.7813761053913064,24
spectral_norm,mlp,71000,7.8549319704373675,0.7747683846634157,24
spectral_norm,mlp,72000,7.8182626366615295,0.7669600966795279,24
spectral_norm,mlp,73000,7.781236529350281,0.7651112960069881,24
spectral_norm,mlp,74000,7.74710367123286,0.7566731311076265,24
spectral_norm,mlp,75000,7.703223129113515,0.7528104424685308,24
spectral_norm,mlp,76000,7.670021891593933,0.752003830797213,24
spectral_norm,mlp,77000,7.635779321193695,0.7483538814484699,24
spectral_norm,mlp,78000,7.603092273076375,0.7467681521279886,24
spectral_norm,mlp,79000,7.566873908042908,0.7447506118998586,24
spectral_norm,mlp,80000,7.5235155920187635,0.7377741628153711,24
spectral_norm,mlp,81000,7.487077921628952,0.7314299024421455,24
spectral_norm,mlp,82000,7.451878547668457,0.7283766446666247,24
spectral_norm,mlp,83000,7.412499864896138,0.724237234211096,24
spectral_norm,mlp,84000,7.38113487760226,0.7205088981444093,24
spectral_norm,mlp,85000,7.3373629947503405,0.7126889179381654,24
spectral_norm,mlp,86000,7.2917191088199615,0.7078801366001292,24
spectral_norm,mlp,87000,7.248300860325496,0.7034287670047342,24
spectral_norm,mlp,88000,7.203885187705358,0.6988666862760239,24
spectral_norm,mlp,89000,7.16045942902565,0.6931210338152614,24
spectral_norm,mlp,90000,7.123242080211639,0.6853108501176375,24
spectral_norm,mlp,91000,7.085391104221344,0.677485298785109,24
spectral_norm,mlp,92000,7.046233574549357,0.6716605368050979,24
spectral_norm,mlp,93000,7.0079529484113054,0.6634328242072965,24
spectral_norm,mlp,94000,6.974976489941279,0.6567032087025098,24
spectral_norm,mlp,95000,6.9443016449610395,0.6462770320981701,24
spectral_norm,mlp,96000,6.913892835378647,0.6419481253641339,24
spectral_norm,mlp,97000,6.880213648080826,0.6320302351852195,24
spectral_norm,mlp,98000,6.847968439261119,0.6264858613738814,24
spectral_norm,mlp,99000,6.811910669008891,0.6200904713810609,24
spectral_norm,mlp,100000,6.769597242275874,0.6133367811363276,24
spectral_norm,mlp,101000,6.725096623102824,0.6088337854063477,24
spectral_norm,mlp,102000,6.685993939638138,0.603420817489019,24
spectral_norm,mlp,103000,6.646646132071813,0.5970677049293924,24
spectral_norm,mlp,104000,6.611592998107274,0.5908963043423634,24
spectral_norm,mlp,105000,6.581851541996002,0.5821871009707947,24
spectral_norm,mlp,106000,6.552336752414703,0.5765348628247063,24
spectral_norm,mlp,107000,6.524345874786377,0.5698680219246458,24
spectral_norm,mlp,108000,6.499761899312337,0.5631499011297021,24
spectral_norm,mlp,109000,6.4736223717530565,0.5569805978006318,24
spectral_norm,mlp,110000,6.453603754440944,0.552277675376793,24
spectral_norm,mlp,111000,6.43619171778361,0.5478154452426722,24
spectral_norm,mlp,112000,6.423557132482529,0.541990127684514,24
spectral_norm,mlp,113000,6.409369111061096,0.5382370201580577,24
spectral_norm,mlp,114000,6.39778670668602,0.5343164331624124,24
spectral_norm,mlp,115000,6.390378663937251,0.5312469724509851,24
spectral_norm,mlp,116000,6.380816549062729,0.5280147490809968,24
spectral_norm,mlp,117000,6.370858867963155,0.5252142985581255,24
spectral_norm,mlp,118000,6.360869427522023,0.522766454778768,24
spectral_norm,mlp,119000,6.356805304686229,0.5199141778916176,24
spectral_norm,mlp,120000,6.350586503744125,0.516730405916773,24
spectral_norm,mlp,121000,6.345120231310527,0.5136435395373725,24
spectral_norm,mlp,122000,6.337451656659444,0.5108841390777008,24
spectral_norm,mlp,123000,6.326285819212596,0.508121324526053,24
spectral_norm,mlp,124000,6.312340597311656,0.5053062645928142,24
spectral_norm,mlp,125000,6.292182723681132,0.5031233022181268,24
spectral_norm,mlp,126000,6.2858151495456696,0.4995382466171038,24
spectral_norm,mlp,127000,6.267402241627376,0.49754057340886765,24
spectral_norm,mlp,128000,6.243409603834152,0.4967953508687352,24
spectral_norm,mlp,129000,6.221754670143127,0.4961730785214988,24
spectral_norm,mlp,130000,6.196899523337682,0.4947974786040264,24
spectral_norm,mlp,131000,6.179217120011647,0.49276347982956975,24
spectral_norm,mlp,132000,6.16249152024587,0.4904735249081998,24
spectral_norm,mlp,133000,6.13998614748319,0.4890051669929005,24
spectral_norm,mlp,134000,6.116771827141444,0.48823867944357113,24
spectral_norm,mlp,135000,6.09401340285937,0.486836996117143,24
spectral_norm,mlp,136000,6.072734713554382,0.48515046113025223,24
spectral_norm,mlp,137000,6.053290088971456,0.4843498319424551,24
spectral_norm,mlp,138000,6.035585552453995,0.4820748817086767,24
spectral_norm,mlp,139000,6.016362577676773,0.48073589835574404,24
spectral_norm,mlp,140000,5.997417579094569,0.47966080712690606,24
spectral_norm,mlp,141000,5.976826171080272,0.4783066112976486,24
spectral_norm,mlp,142000,5.96002874771754,0.4775178138503645,24
spectral_norm,mlp,143000,5.942430506149928,0.4760370515871265,24
stable_rank,attention,1,252.3505468090365,12.30561601847877,24
stable_rank,attention,2,252.35088014089033,12.305770607458497,24
stable_rank,attention,4,252.3500706199757,12.305918606502772,24
stable_rank,attention,8,252.35009588265711,12.306122114259164,24
stable_rank,attention,16,252.36116886637785,12.305724135644782,24
stable_rank,attention,32,252.37381991363,12.306313857802179,24
stable_rank,attention,64,252.27194199291114,12.328401251359125,24
stable_rank,attention,128,248.1739109035317,12.480367752933828,24
stable_rank,attention,256,182.83866770105453,9.944655772414428,24
stable_rank,attention,512,120.00781806166452,9.776325527545646,24
stable_rank,attention,1000,71.93398900584238,5.424824334972113,24
stable_rank,attention,2000,48.41221272186001,4.669556567252523,24
stable_rank,attention,3000,50.78302003451277,6.220024799187842,24
stable_rank,attention,4000,53.89542217217766,7.234138807925853,24
stable_rank,attention,5000,55.80734112190958,7.6465271641560175,24
stable_rank,attention,6000,57.26880673504968,7.8615478782593495,24
stable_rank,attention,7000,58.44295034219554,7.947794301010017,24
stable_rank,attention,8000,59.52075992220665,8.04149923808287,24
stable_rank,attention,9000,60.166868321938374,8.014153628511961,24
stable_rank,attention,10000,60.993272541285315,8.02965542665988,24
stable_rank,attention,11000,61.54845265429328,7.936104249529428,24
stable_rank,attention,12000,62.084450324294956,7.837836600723069,24
stable_rank,attention,13000,62.35593136397379,7.734610875023205,24
stable_rank,attention,14000,62.70980424646752,7.640925102294901,24
stable_rank,attention,15000,63.023369556138896,7.523655813258999,24
stable_rank,attention,16000,63.32876789234726,7.456503083786332,24
stable_rank,attention,17000,63.393527011702474,7.414674454676883,24
stable_rank,attention,18000,63.4384973395672,7.421758910018639,24
stable_rank,attention,19000,63.50361046441794,7.433941107797885,24
stable_rank,attention,20000,63.63969450526205,7.444657960825197,24
stable_rank,attention,21000,63.652190482888784,7.420553867044891,24
stable_rank,attention,22000,63.08543071034085,7.203230811106372,24
stable_rank,attention,23000,62.95304131667354,7.136195945709517,24
stable_rank,attention,24000,63.07021404330669,7.147462947401364,24
stable_rank,attention,25000,63.28295562690693,7.182060127410367,24
stable_rank,attention,26000,63.23887073965105,7.231694866535005,24
stable_rank,attention,27000,63.19387017453422,7.291861565328484,24
stable_rank,attention,28000,63.0662290439409,7.3666079318884075,24
stable_rank,attention,29000,62.84994795136539,7.375239427356368,24
stable_rank,attention,30000,62.66476448598505,7.432690497272374,24
stable_rank,attention,31000,62.345878210711696,7.484786455665145,24
stable_rank,attention,32000,61.99804349084091,7.519425244044343,24
stable_rank,attention,33000,61.345084812351736,7.368583251029466,24
stable_rank,attention,34000,60.189285974371735,7.01441709310613,24
stable_rank,attention,35000,59.353225394583234,6.794996243751413,24
stable_rank,attention,36000,58.69815263025598,6.660667976949652,24
stable_rank,attention,37000,58.27317430583742,6.589375418485782,24
stable_rank,attention,38000,57.945707989062946,6.5426150271818155,24
stable_rank,attention,39000,57.80586144079454,6.527124066151451,24
stable_rank,attention,40000,57.726791258248134,6.525801032563866,24
stable_rank,attention,41000,57.713031314759434,6.51494650949015,24
stable_rank,attention,42000,57.76561171445362,6.520906273906383,24
stable_rank,attention,43000,57.966094659087275,6.545629215594431,24
stable_rank,attention,44000,58.0158043884987,6.550721076320446,24
stable_rank,attention,45000,58.128879716642444,6.564534629843664,24
stable_rank,attention,46000,58.274431015484105,6.587874247146846,24
stable_rank,attention,47000,58.2980822082896,6.607184241357282,24
stable_rank,attention,48000,58.2619541593783,6.632214934449993,24
stable_rank,attention,49000,58.04746855943273,6.681733669283615,24
stable_rank,attention,50000,57.768698810137245,6.751070935920609,24
stable_rank,attention,51000,57.5983953762582,6.828499976601791,24
stable_rank,attention,52000,57.39697291598814,6.9173881378764355,24
stable_rank,attention,53000,57.434758071024106,7.01857893195783,24
stable_rank,attention,54000,57.244721655744144,7.048345987519081,24
stable_rank,attention,55000,57.28087597926271,7.103984579681737,24
stable_rank,attention,56000,57.2883628441777,7.126891402542914,24
stable_rank,attention,57000,57.22278580787103,7.152143892723096,24
stable_rank,attention,58000,57.07582999216322,7.13108583172888,24
stable_rank,attention,59000,57.04294438990294,7.148220795609072,24
stable_rank,attention,60000,57.057240369516016,7.164955187677177,24
stable_rank,attention,61000,57.05865638465695,7.1816909365089625,24
stable_rank,attention,62000,57.053034956133764,7.19831256884454,24
stable_rank,attention,63000,56.28432269981142,7.165168016506394,24
stable_rank,attention,64000,56.416063614888536,7.205824685721332,24
stable_rank,attention,65000,56.268902938589925,7.188382819511999,24
stable_rank,attention,66000,56.05274424194162,7.141299537784632,24
stable_rank,attention,67000,55.82114427439708,7.098116269429966,24
stable_rank,attention,68000,55.37458157692572,6.997904635005405,24
stable_rank,attention,69000,54.80143636404989,6.889514714577531,24
stable_rank,attention,70000,54.943427851098825,6.948174874449491,24
stable_rank,attention,71000,54.13537062541678,6.801427067527389,24
stable_rank,attention,72000,53.13644374303623,6.722367550461595,24
stable_rank,attention,73000,53.03767702887104,6.772307431897189,24
stable_rank,attention,74000,52.23312275395037,6.703311472359536,24
stable_rank,attention,75000,52.46261782016412,6.7604266463905756,24
stable_rank,attention,76000,52.427168242953705,6.770761067231399,24
stable_rank,attention,77000,52.070703255671646,6.7324322295188646,24
stable_rank,attention,78000,51.5213631335891,6.645265826823565,24
stable_rank,attention,79000,51.679583043534954,6.6922216246737705,24
stable_rank,attention,80000,51.46706088231152,6.66566004209469,24
stable_rank,attention,81000,50.61337779251266,6.5271669889937005,24
stable_rank,attention,82000,50.1249906682089,6.4638373631208355,24
stable_rank,attention,83000,49.65372320769219,6.411376542391205,24
stable_rank,attention,84000,48.91358196237848,6.342298083726864,24
stable_rank,attention,85000,47.7658723773172,6.241889777799564,24
stable_rank,attention,86000,47.459251293553315,6.239763802819518,24
stable_rank,attention,87000,47.06053771819521,6.216546753449826,24
stable_rank,attention,88000,46.825534938513904,6.220473883043669,24
stable_rank,attention,89000,46.62528781121318,6.21616866959434,24
stable_rank,attention,90000,45.50931767941854,6.112787592535631,24
stable_rank,attention,91000,44.543795806286674,6.026248490124125,24
stable_rank,attention,92000,43.924026834891855,5.966571255201945,24
stable_rank,attention,93000,43.04952995695644,5.890284012193159,24
stable_rank,attention,94000,42.222228566760165,5.827311053818505,24
stable_rank,attention,95000,41.039808891368374,5.773488193194136,24
stable_rank,attention,96000,40.59358035734822,5.761084039072482,24
stable_rank,attention,97000,39.95858465153136,5.742914302382343,24
stable_rank,attention,98000,39.40220033809558,5.731021449160202,24
stable_rank,attention,99000,38.7911842029691,5.715087317133833,24
stable_rank,attention,100000,38.14206629894187,5.691368868733639,24
stable_rank,attention,101000,37.613168636838566,5.672640434684756,24
stable_rank,attention,102000,37.07222242646245,5.62999554444913,24
stable_rank,attention,103000,36.604188683073396,5.601615916079002,24
stable_rank,attention,104000,36.108773489897196,5.565441809728169,24
stable_rank,attention,105000,35.375974773146595,5.496391392332041,24
stable_rank,attention,106000,34.95116789215773,5.455488264772816,24
stable_rank,attention,107000,34.457430272144585,5.411273202365252,24
stable_rank,attention,108000,34.009779147460215,5.388687269594179,24
stable_rank,attention,109000,33.627079197154934,5.3714385919969025,24
stable_rank,attention,110000,33.284811818807974,5.349971147404649,24
stable_rank,attention,111000,33.06486191273098,5.352204166164246,24
stable_rank,attention,112000,32.889964434618186,5.371570403890594,24
stable_rank,attention,113000,32.65373766115396,5.3652000263051205,24
stable_rank,attention,114000,32.44908159889996,5.360296970887484,24
stable_rank,attention,115000,32.292865435178705,5.367195527511367,24
stable_rank,attention,116000,32.12858383065031,5.368019055349331,24
stable_rank,attention,117000,32.00619411026384,5.373537682419965,24
stable_rank,attention,118000,32.00131086062147,5.384589495256327,24
stable_rank,attention,119000,31.91092763647845,5.395029042437369,24
stable_rank,attention,120000,31.746488054492293,5.398379536104484,24
stable_rank,attention,121000,31.603347068492614,5.407953555972042,24
stable_rank,attention,122000,31.366367461391572,5.399704934137258,24
stable_rank,attention,123000,31.162109049649818,5.382727450297678,24
stable_rank,attention,124000,30.980235094910228,5.375634711169407,24
stable_rank,attention,125000,30.839878334956563,5.368391847436124,24
stable_rank,attention,126000,30.62591560259341,5.366590421162392,24
stable_rank,attention,127000,30.533466625921815,5.363778606195713,24
stable_rank,attention,128000,30.500202338476033,5.353965034806682,24
stable_rank,attention,129000,30.488778821617462,5.34875701846739,24
stable_rank,attention,130000,30.545819156839144,5.348608954205517,24
stable_rank,attention,131000,30.46186189466116,5.332092739659311,24
stable_rank,attention,132000,30.33588450155082,5.32392347710005,24
stable_rank,attention,133000,30.329311246774477,5.316590865205875,24
stable_rank,attention,134000,30.45162038022734,5.325586668349153,24
stable_rank,attention,135000,30.511637097361543,5.321533831716279,24
stable_rank,attention,136000,30.56602976290929,5.3151524610534056,24
stable_rank,attention,137000,30.629335465256798,5.322516345770516,24
stable_rank,attention,138000,30.588785732324663,5.322112649581657,24
stable_rank,attention,139000,30.61441625144825,5.322877193736931,24
stable_rank,attention,140000,30.667458595914642,5.323337816941937,24
stable_rank,attention,141000,30.809840934670916,5.337927843317157,24
stable_rank,attention,142000,30.8552157925125,5.340845545460375,24
stable_rank,attention,143000,30.93477607100807,5.349340408171646,24
stable_rank,mlp,1,343.55366492765967,0.2853866978615944,24
stable_rank,mlp,2,343.544958898115,0.2851127592934909,24
stable_rank,mlp,4,343.5471020675979,0.2853577192108226,24
stable_rank,mlp,8,343.5480874821235,0.28582621349680626,24
stable_rank,mlp,16,343.526880075615,0.2858123110092501,24
stable_rank,mlp,32,343.4284733505765,0.2940398288508746,24
stable_rank,mlp,64,342.5293232939735,0.4774908549649238,24
stable_rank,mlp,128,332.50389085487234,4.129981261606852,24
stable_rank,mlp,256,327.4061786978208,4.8823950302315025,24
stable_rank,mlp,512,290.97371971226727,11.779973677114562,24
stable_rank,mlp,1000,118.56983107229478,6.705559274958081,24
stable_rank,mlp,2000,69.26389754909609,6.4659828747809875,24
stable_rank,mlp,3000,67.5663678261778,7.489886159145436,24
stable_rank,mlp,4000,66.21563560695974,7.428308383730058,24
stable_rank,mlp,5000,65.72881297222092,7.425969423084263,24
stable_rank,mlp,6000,64.64133146260501,7.250607499050042,24
stable_rank,mlp,7000,63.80685386024714,7.059591374596307,24
stable_rank,mlp,8000,62.90905174353845,6.853814208017821,24
stable_rank,mlp,9000,62.242286388146745,6.694235055113839,24
stable_rank,mlp,10000,61.69032670736089,6.542049177421443,24
stable_rank,mlp,11000,61.269967530279125,6.434598842509646,24
stable_rank,mlp,12000,60.91243507176912,6.310308456921841,24
stable_rank,mlp,13000,60.53713605686983,6.2286090630606825,24
stable_rank,mlp,14000,60.20830305941303,6.141099813221085,24
stable_rank,mlp,15000,59.989181083619634,6.057420887309321,24
stable_rank,mlp,16000,59.7202112517368,5.987676324752105,24
stable_rank,mlp,17000,59.55763031217651,5.929310293221409,24
stable_rank,mlp,18000,59.43878358346476,5.883715110212822,24
stable_rank,mlp,19000,59.42495123103277,5.850834446225172,24
stable_rank,mlp,20000,59.41183061477627,5.8292956302761505,24
stable_rank,mlp,21000,59.47214365926175,5.821929582642151,24
stable_rank,mlp,22000,59.54550118779863,5.817713293912158,24
stable_rank,mlp,23000,59.60036614246173,5.820025883694369,24
stable_rank,mlp,24000,59.543249267317684,5.82057796147616,24
stable_rank,mlp,25000,59.60541383947864,5.802599883194738,24
stable_rank,mlp,26000,59.56454499563117,5.792334498682157,24
stable_rank,mlp,27000,59.57018664888414,5.773241772720898,24
stable_rank,mlp,28000,59.528139812855876,5.7810652356543715,24
stable_rank,mlp,29000,59.6018195655052,5.756694652217536,24
stable_rank,mlp,30000,59.535816940785786,5.739618881416544,24
stable_rank,mlp,31000,59.54450780366141,5.718343052020338,24
stable_rank,mlp,32000,59.607850435872216,5.70081417332012,24
stable_rank,mlp,33000,59.52288677126007,5.6555835924770435,24
stable_rank,mlp,34000,59.33298711599648,5.556376622588072,24
stable_rank,mlp,35000,59.093057030324424,5.42135959534841,24
stable_rank,mlp,36000,58.74364758953029,5.269176185008663,24
stable_rank,mlp,37000,58.443746646153784,5.163559400957061,24
stable_rank,mlp,38000,58.14964759834314,5.073765856108789,24
stable_rank,mlp,39000,58.07053097608472,5.043911805863116,24
stable_rank,mlp,40000,57.99577029368579,5.023730061292677,24
stable_rank,mlp,41000,57.98563493918859,5.013062483814002,24
stable_rank,mlp,42000,58.002624330733035,5.029460338191361,24
stable_rank,mlp,43000,58.13724471730037,5.031200154086421,24
stable_rank,mlp,44000,58.230452701904916,5.048855779884813,24
stable_rank,mlp,45000,58.33886761278453,5.06028464662906,24
stable_rank,mlp,46000,58.47304049879106,5.084756829160197,24
stable_rank,mlp,47000,58.490211289195486,5.097888671641183,24
stable_rank,mlp,48000,58.6283450775855,5.104621925703508,24
stable_rank,mlp,49000,58.65620453617416,5.110673166549994,24
stable_rank,mlp,50000,58.697563931811395,5.117300494093244,24
stable_rank,mlp,51000,58.828583109109736,5.122297774668887,24
stable_rank,mlp,52000,58.825274434950806,5.122394576767311,24
stable_rank,mlp,53000,58.975463541089006,5.168496827108921,24
stable_rank,mlp,54000,58.97173264166404,5.143454003718684,24
stable_rank,mlp,55000,59.02079544326733,5.151047468524254,24
stable_rank,mlp,56000,59.03534375110251,5.151858574730729,24
stable_rank,mlp,57000,59.031824554552855,5.129037324604672,24
stable_rank,mlp,58000,58.989941434214536,5.118001976912423,24
stable_rank,mlp,59000,58.979723862321556,5.110973373977384,24
stable_rank,mlp,60000,59.02497826275809,5.124160826442465,24
stable_rank,mlp,61000,58.983904330566354,5.108090448003659,24
stable_rank,mlp,62000,59.009030085653215,5.109868029931491,24
stable_rank,mlp,63000,58.75032081978196,5.004644245824651,24
stable_rank,mlp,64000,58.87840061643786,5.047429060056495,24
stable_rank,mlp,65000,58.926548953681255,5.058424425181558,24
stable_rank,mlp,66000,58.95160869412158,5.061349705323273,24
stable_rank,mlp,67000,58.9760317430809,5.057776435728849,24
stable_rank,mlp,68000,58.93953562783714,5.057638108219236,24
stable_rank,mlp,69000,58.88002991826116,5.046302406891366,24
stable_rank,mlp,70000,58.941141614047474,5.072111580129878,24
stable_rank,mlp,71000,58.83009969119723,5.033631078542732,24
stable_rank,mlp,72000,58.53974203922101,4.966064832200424,24
stable_rank,mlp,73000,58.492594283818875,4.967920180730303,24
stable_rank,mlp,74000,58.09220571545006,4.868277053860436,24
stable_rank,mlp,75000,58.16523934522905,4.89690953993567,24
stable_rank,mlp,76000,58.1083490912546,4.898009784292029,24
stable_rank,mlp,77000,57.96221057169652,4.872384287341833,24
stable_rank,mlp,78000,57.796892067262554,4.847979978253874,24
stable_rank,mlp,79000,57.77372205464338,4.857897253574759,24
stable_rank,mlp,80000,57.71764052590297,4.847037267502703,24
stable_rank,mlp,81000,57.459806799727346,4.792956364297452,24
stable_rank,mlp,82000,57.3041229348712,4.772387117438515,24
stable_rank,mlp,83000,57.20210307416537,4.752579324589993,24
stable_rank,mlp,84000,56.93243689045701,4.7027944334267096,24
stable_rank,mlp,85000,56.66176808106769,4.609766892528105,24
stable_rank,mlp,86000,56.67656485283489,4.612894883321589,24
stable_rank,mlp,87000,56.656946145404696,4.605576859449637,24
stable_rank,mlp,88000,56.67523930777847,4.605854191614102,24
stable_rank,mlp,89000,56.663576073080044,4.605471331971073,24
stable_rank,mlp,90000,56.36494700395206,4.52499658534728,24
stable_rank,mlp,91000,56.08455814989406,4.4542642093683416,24
stable_rank,mlp,92000,55.95189225383677,4.429704174341975,24
stable_rank,mlp,93000,55.71459554136808,4.380291709121553,24
stable_rank,mlp,94000,55.4370826106909,4.33775481292734,24
stable_rank,mlp,95000,55.04805724097884,4.282527560088139,24
stable_rank,mlp,96000,54.86670460742565,4.2836898999834,24
stable_rank,mlp,97000,54.621197843018855,4.276015568975755,24
stable_rank,mlp,98000,54.49865945261765,4.285606854334415,24
stable_rank,mlp,99000,54.43157696384594,4.29679121653469,24
stable_rank,mlp,100000,54.48101206896567,4.3090850558495735,24
stable_rank,mlp,101000,54.63366758243672,4.324882826807237,24
stable_rank,mlp,102000,54.67414493707568,4.338763309284323,24
stable_rank,mlp,103000,54.72908217118132,4.356025174972779,24
stable_rank,mlp,104000,54.72617814180939,4.364594220127496,24
stable_rank,mlp,105000,54.47062356786097,4.253895033843924,24
stable_rank,mlp,106000,54.325176378418156,4.209880755713837,24
stable_rank,mlp,107000,54.16953454127017,4.1521467675516694,24
stable_rank,mlp,108000,54.029591812704986,4.101461611484363,24
stable_rank,mlp,109000,53.95216708589783,4.068687611268046,24
stable_rank,mlp,110000,53.80239614178765,4.043275247608876,24
stable_rank,mlp,111000,53.707408762815014,4.036239288091936,24
stable_rank,mlp,112000,53.51657862061192,4.023813997915681,24
stable_rank,mlp,113000,53.31832087148802,4.016952946254639,24
stable_rank,mlp,114000,53.09630963094815,4.015989251013906,24
stable_rank,mlp,115000,52.92384671167988,4.0150358182607935,24
stable_rank,mlp,116000,52.750487407834036,4.014572288911592,24
stable_rank,mlp,117000,52.638488580929874,4.0177352902329515,24
stable_rank,mlp,118000,52.57530666880272,4.021860115550481,24
stable_rank,mlp,119000,52.407861975055454,4.026380429403376,24
stable_rank,mlp,120000,52.25568310235042,4.033073668156626,24
stable_rank,mlp,121000,52.10900218325822,4.045274472261521,24
stable_rank,mlp,122000,51.945787135567144,4.057241460716521,24
stable_rank,mlp,123000,51.804130440171775,4.068575989961544,24
stable_rank,mlp,124000,51.70864941379269,4.082407050436763,24
stable_rank,mlp,125000,51.703104826906696,4.094313882151324,24
stable_rank,mlp,126000,51.49065228277454,4.107104948579798,24
stable_rank,mlp,127000,51.48819792398276,4.123631398640632,24
stable_rank,mlp,128000,51.59604501831208,4.144654424547309,24
stable_rank,mlp,129000,51.65988294393676,4.161013375190324,24
stable_rank,mlp,130000,51.757108939897556,4.172713204471792,24
stable_rank,mlp,131000,51.724002206605434,4.18508239717177,24
stable_rank,mlp,132000,51.69479506159488,4.20065582186589,24
stable_rank,mlp,133000,51.76652699358956,4.216569489049294,24
stable_rank,mlp,134000,51.85345756091252,4.226273447781735,24
stable_rank,mlp,135000,51.90837187108244,4.235163955422924,24
stable_rank,mlp,136000,51.944239655094755,4.245528311549519,24
stable_rank,mlp,137000,51.9723288839576,4.25922926725526,24
stable_rank,mlp,138000,51.94575088328872,4.269696692079863,24
stable_rank,mlp,139000,51.9677609126254,4.277498584330755,24
stable_rank,mlp,140000,51.985859889699185,4.284978002233752,24
stable_rank,mlp,141000,52.02098919514145,4.28974950455739,24
stable_rank,mlp,142000,52.01153914471786,4.298395725512472,24
stable_rank,mlp,143000,52.00006591651456,4.304766210104607,24
sv_stability,attention,1,0.9998485296964645,1.1292002921833158e-05,24
sv_stability,attention,2,0.9998463317751884,1.1092656103634001e-05,24
sv_stability,attention,4,0.9998456761240959,1.1313389546850292e-05,24
sv_stability,attention,8,0.9998455544312795,1.105295339922428e-05,24
sv_stability,attention,16,0.9997990876436234,9.572140783894675e-06,24
sv_stability,attention,32,0.998887745042642,0.00048585537363163495,24
sv_stability,attention,64,0.9943540741999944,0.0018706181433353578,24
sv_stability,attention,128,0.9502921005090078,0.008980118374593582,24
sv_stability,attention,256,0.8066548382242521,0.014917936734318122,24
sv_stability,attention,512,0.6057995818555355,0.02300666698018803,24
sv_stability,attention,1000,0.5607611859838167,0.03206686391294252,24
sv_stability,attention,2000,0.6107707172632217,0.031692460474278476,24
sv_stability,attention,3000,0.8681211347381274,0.013283779903487643,24
sv_stability,attention,4000,0.9321707288424174,0.011790119181913635,24
sv_stability,attention,5000,0.958938496808211,0.005590576503648025,24
sv_stability,attention,6000,0.9614105746150017,0.0075869189336987795,24
sv_stability,attention,7000,0.9724919771154722,0.006417965095419233,24
sv_stability,attention,8000,0.9786294251680374,0.00409714736549104,24
sv_stability,attention,9000,0.9802590509255728,0.0035332384503757902,24
sv_stability,attention,10000,0.9793836325407028,0.004885413549648038,24
sv_stability,attention,11000,0.9835836117466291,0.003128863104798168,24
sv_stability,attention,12000,0.9797279437383016,0.005290873179928672,24
sv_stability,attention,13000,0.9779333993792534,0.005170069887081287,24
sv_stability,attention,14000,0.9770163968205452,0.006461730853724711,24
sv_stability,attention,15000,0.984952005247275,0.004734834850321096,24
sv_stability,attention,16000,0.9885710751016935,0.0034364378953630776,24
sv_stability,attention,17000,0.9869560773173968,0.0028798668840249405,24
sv_stability,attention,18000,0.9913777634501457,0.0012824890828565367,24
sv_stability,attention,19000,0.9877481982111931,0.00282314240333159,24
sv_stability,attention,20000,0.9884720096985499,0.003010460116485536,24
sv_stability,attention,21000,0.9876556992530823,0.00243912552883478,24
sv_stability,attention,22000,0.9853754291931788,0.0023527122248252564,24
sv_stability,attention,23000,0.9836955194671949,0.0037621766687910845,24
sv_stability,attention,24000,0.9887054935097694,0.002103298154119729,24
sv_stability,attention,25000,0.9856921086708704,0.004995003090026099,24
sv_stability,attention,26000,0.9874231119950613,0.0036914115160511076,24
sv_stability,attention,27000,0.9889320905009905,0.0024846428861870122,24
sv_stability,attention,28000,0.9916165371735891,0.0014633776157418415,24
sv_stability,attention,29000,0.9904905334115028,0.0015340855021052091,24
sv_stability,attention,30000,0.989284485578537,0.0020197253633311837,24
sv_stability,attention,31000,0.9912135427196821,0.0021715135472120503,24
sv_stability,attention,32000,0.9913404037555059,0.002274084013894417,24
sv_stability,attention,33000,0.986638660232226,0.005204489395597831,24
sv_stability,attention,34000,0.9800584663947424,0.00740235312752161,24
sv_stability,attention,35000,0.9908044710755348,0.0015654966385246958,24
sv_stability,attention,36000,0.9889879673719406,0.002824283045837441,24
sv_stability,attention,37000,0.9927665889263153,0.0008917263012020397,24
sv_stability,attention,38000,0.9910759329795837,0.002967840728664442,24
sv_stability,attention,39000,0.992055190106233,0.001125447780484535,24
sv_stability,attention,40000,0.9927887444694837,0.0011235687208951837,24
sv_stability,attention,41000,0.9920617391665777,0.0019942407127173244,24
sv_stability,attention,42000,0.9886876990397772,0.0029910789236100603,24
sv_stability,attention,43000,0.9896232361594836,0.003549508835333516,24
sv_stability,attention,44000,0.9908280173937479,0.0018670236737291256,24
sv_stability,attention,45000,0.993178573747476,0.0008338102462900221,24
sv_stability,attention,46000,0.992081455886364,0.0017014077120106315,24
sv_stability,attention,47000,0.9934941207369169,0.0008948326986751387,24
sv_stability,attention,48000,0.9911091377337774,0.0020120253368125303,24
sv_stability,attention,49000,0.9912433077891668,0.0019220416926577807,24
sv_stability,attention,50000,0.9919859791795412,0.0015061277469006458,24
sv_stability,attention,51000,0.9838758309682211,0.005604309369462747,24
sv_stability,attention,52000,0.9853954662879308,0.005203038362235595,24
sv_stability,attention,53000,0.9919385264317194,0.002264855572144905,24
sv_stability,attention,54000,0.9920926168560982,0.0017027886819081866,24
sv_stability,attention,55000,0.9875667517383894,0.004421775378600159,24
sv_stability,attention,56000,0.99173803627491,0.002218088850642042,24
sv_stability,attention,57000,0.989829882979393,0.004003787494584761,24
sv_stability,attention,58000,0.9899999648332596,0.003657718214678141,24
sv_stability,attention,59000,0.9927279576659203,0.0021722866686290565,24
sv_stability,attention,60000,0.9940260599056879,0.001596324340819015,24
sv_stability,attention,61000,0.9952909524242083,0.0006676752428359336,24
sv_stability,attention,62000,0.9938265557090441,0.001244504226731146,24
sv_stability,attention,63000,0.9865133961041769,0.004149699087552194,24
sv_stability,attention,64000,0.9949309602379799,0.0006716320009047845,24
sv_stability,attention,65000,0.9942700689037641,0.0013290042797292085,24
sv_stability,attention,66000,0.9951199640830358,0.0008433344481077966,24
sv_stability,attention,67000,0.9954556599259377,0.0007509033458142515,24
sv_stability,attention,68000,0.994236225883166,0.0014835979294643912,24
sv_stability,attention,69000,0.9947682743271192,0.0009810050229327085,24
sv_stability,attention,70000,0.9944003000855446,0.0015385052201209585,24
sv_stability,attention,71000,0.9946986883878708,0.0011448679650548782,24
sv_stability,attention,72000,0.9937458584705988,0.0011096456719183665,24
sv_stability,attention,73000,0.9960232501228651,0.000662638401268013,24
sv_stability,attention,74000,0.994098054865996,0.0009881702629053234,24
sv_stability,attention,75000,0.9949428488810858,0.0014313288106028608,24
sv_stability,attention,76000,0.9959847256541252,0.0005620538793608819,24
sv_stability,attention,77000,0.9958501333991686,0.0005469692442762259,24
sv_stability,attention,78000,0.9949347972869873,0.0009287189889627408,24
sv_stability,attention,79000,0.9964378078778585,0.0005183482878808605,24
sv_stability,attention,80000,0.9960038537780443,0.0006899477095622821,24
sv_stability,attention,81000,0.9959208692113558,0.0004610185589078339,24
sv_stability,attention,82000,0.9964350014925003,0.000570968188634799,24
sv_stability,attention,83000,0.9968049799402555,0.0003475898372018172,24
sv_stability,attention,84000,0.9960180322329203,0.00043427933939184545,24
sv_stability,attention,85000,0.9887052923440933,0.003717211009191105,24
sv_stability,attention,86000,0.9949615647395452,0.001134609658451199,24
sv_stability,attention,87000,0.9943022727966309,0.0016768768280515998,24
sv_stability,attention,88000,0.9932295555869738,0.002151530689505693,24
sv_stability,attention,89000,0.9927036936084429,0.002678869037632826,24
sv_stability,attention,90000,0.9927093386650085,0.002006725838577868,24
sv_stability,attention,91000,0.9937487319111824,0.001834744334977654,24
sv_stability,attention,92000,0.9960766459504763,0.0009085316502040055,24
sv_stability,attention,93000,0.9917750159899393,0.0042299465127289305,24
sv_stability,attention,94000,0.9926761612296104,0.002460980144648349,24
sv_stability,attention,95000,0.98773276557525,0.005633945796645205,24
sv_stability,attention,96000,0.9938839823007584,0.002574024341650743,24
sv_stability,attention,97000,0.9950847352544466,0.0020282268855393373,24
sv_stability,attention,98000,0.9966483140985171,0.0006092332651700809,24
sv_stability,attention,99000,0.9968641027808189,0.0005086439953625857,24
sv_stability,attention,100000,0.9964840238293012,0.0006414258768258142,24
sv_stability,attention,101000,0.9954859043161074,0.0018487456402417474,24
sv_stability,attention,102000,0.9978254089752833,0.00028345677053542444,24
sv_stability,attention,103000,0.9975111559033394,0.0003159122731887932,24
sv_stability,attention,104000,0.9933583637078603,0.003235129414740171,24
sv_stability,attention,105000,0.9950260544816653,0.0010137892604429662,24
sv_stability,attention,106000,0.9962271725138029,0.0008625058453197,24
sv_stability,attention,107000,0.9896534755825996,0.004895661578656792,24
sv_stability,attention,108000,0.9955212796727816,0.000922236063003036,24
sv_stability,attention,109000,0.9962488934397697,0.0008599926642672358,24
sv_stability,attention,110000,0.9974881460269293,0.0006720981536164669,24
sv_stability,attention,111000,0.9978543544809023,0.0003710042902720812,24
sv_stability,attention,112000,0.9965920199950536,0.0012917892151530137,24
sv_stability,attention,113000,0.9974966223041216,0.0009798286935329907,24
sv_stability,attention,114000,0.9938771724700928,0.004917540503174548,24
sv_stability,attention,115000,0.9958628316720327,0.002108999942969228,24
sv_stability,attention,116000,0.9985731765627861,0.00028534505255993763,24
sv_stability,attention,117000,0.997778815527757,0.0006326839109947182,24
sv_stability,attention,118000,0.9969258631269137,0.0009785868052154024,24
sv_stability,attention,119000,0.9953440179427465,0.0026085121885164315,24
sv_stability,attention,120000,0.997745489080747,0.0005013675716715863,24
sv_stability,attention,121000,0.9949459756414095,0.003350698430814802,24
sv_stability,attention,122000,0.9938447301586469,0.004187547982561713,24
sv_stability,attention,123000,0.998230998714765,0.0004419177694373213,24
sv_stability,attention,124000,0.9976570904254913,0.0005656987319966101,24
sv_stability,attention,125000,0.9976754287878672,0.0006204615490789913,24
sv_stability,attention,126000,0.997322291135788,0.0006094561107429086,24
sv_stability,attention,127000,0.9967756345868111,0.0008336388997298312,24
sv_stability,attention,128000,0.9969191898902258,0.0013410698723616604,24
sv_stability,attention,129000,0.9982541824380556,0.0004746039173228518,24
sv_stability,attention,130000,0.9971859157085419,0.0011856017860489467,24
sv_stability,attention,131000,0.9970873668789864,0.0011877415962626486,24
sv_stability,attention,132000,0.9962783182660738,0.0017406014503506101,24
sv_stability,attention,133000,0.9933865641554197,0.004933358527441745,24
sv_stability,attention,134000,0.9974518318970998,0.0012240746505843146,24
sv_stability,attention,135000,0.9980971540013949,0.0008497924602717586,24
sv_stability,attention,136000,0.9987823963165283,0.00026754888392872394,24
sv_stability,attention,137000,0.9988528788089752,0.00020935144492907154,24
sv_stability,attention,138000,0.9986700564622879,0.00020096824246594857,24
sv_stability,attention,139000,0.9984180877606074,0.00036433050398781064,24
sv_stability,attention,140000,0.9988475094238917,0.00023368770703078198,24
sv_stability,attention,141000,0.9987355644504229,0.0002204603975106391,24
sv_stability,attention,142000,0.9989566256602606,0.00017571755893696454,24
sv_stability,attention,143000,0.9987126986185709,0.00024408405480002592,24
sv_stability,mlp,1,1.0000547816356022,5.5605396587847605e-05,24
sv_stability,mlp,2,1.0000506366292636,5.62215614302193e-05,24
sv_stability,mlp,4,1.000051607688268,5.5915529256190586e-05,24
sv_stability,mlp,8,1.0000450958808262,5.5015843787655e-05,24
sv_stability,mlp,16,0.9999316607912382,4.9203980367863574e-05,24
sv_stability,mlp,32,0.9974062268932661,0.0011563444535788766,24
sv_stability,mlp,64,0.9868246341745058,0.00380973576748756,24
sv_stability,mlp,128,0.9445417076349258,0.012467007735485269,24
sv_stability,mlp,256,0.9315827861428261,0.016145401842656313,24
sv_stability,mlp,512,0.7735664223631223,0.031416160784806337,24
sv_stability,mlp,1000,0.5936671867966652,0.026316159954164357,24
sv_stability,mlp,2000,0.6848486786087354,0.023990724002887587,24
sv_stability,mlp,3000,0.8916873931884766,0.012976005147169166,24
sv_stability,mlp,4000,0.9465461919705073,0.01333762917282537,24
sv_stability,mlp,5000,0.9605003396670023,0.012972281225519824,24
sv_stability,mlp,6000,0.9665977830688158,0.011508244359343472,24
sv_stability,mlp,7000,0.9765419363975525,0.007570509404199039,24
sv_stability,mlp,8000,0.9818617602189382,0.006125094570574916,24
sv_stability,mlp,9000,0.9852277537186941,0.005106231337817325,24
sv_stability,mlp,10000,0.9883330836892128,0.005424895727514873,24
sv_stability,mlp,11000,0.9887296656767527,0.006035270483070128,24
sv_stability,mlp,12000,0.9899454067150751,0.005257489331563832,24
sv_stability,mlp,13000,0.9920562580227852,0.0033124423312912124,24
sv_stability,mlp,14000,0.9912750348448753,0.004205393787894167,24
sv_stability,mlp,15000,0.9891964718699455,0.005941496181706828,24
sv_stability,mlp,16000,0.9916420131921768,0.00493462180249445,24
sv_stability,mlp,17000,0.9938925678531328,0.002472222038117532,24
sv_stability,mlp,18000,0.9924241950114568,0.004269687173564218,24
sv_stability,mlp,19000,0.9891127670804659,0.004323246405603591,24
sv_stability,mlp,20000,0.9906394009788831,0.004320107479238171,24
sv_stability,mlp,21000,0.9883141443133354,0.003684970565548933,24
sv_stability,mlp,22000,0.9926751032471657,0.0026743295170622585,24
sv_stability,mlp,23000,0.9956933036446571,0.0014755917139916282,24
sv_stability,mlp,24000,0.9960122977693876,0.0014188886416536303,24
sv_stability,mlp,25000,0.9916109666228294,0.004779147450526876,24
sv_stability,mlp,26000,0.9908916304508845,0.004492617210183821,24
sv_stability,mlp,27000,0.9886289710799853,0.00622522257154484,24
sv_stability,mlp,28000,0.9949249525864919,0.0016438114555093423,24
sv_stability,mlp,29000,0.993193618953228,0.0034901590595412726,24
sv_stability,mlp,30000,0.995667944351832,0.0017596905637143024,24
sv_stability,mlp,31000,0.9960283289353052,0.0015482350030701956,24
sv_stability,mlp,32000,0.9930040463805199,0.0028332414447639035,24
sv_stability,mlp,33000,0.9935426488518715,0.0034019352852183342,24
sv_stability,mlp,34000,0.9944548929731051,0.002416368836187098,24
sv_stability,mlp,35000,0.9956696430842081,0.001963623105941197,24
sv_stability,mlp,36000,0.9939251591761907,0.0025872430027791184,24
sv_stability,mlp,37000,0.9963283116618792,0.0010974106139642285,24
sv_stability,mlp,38000,0.9907072708010674,0.004529791146489964,24
sv_stability,mlp,39000,0.9945079435904821,0.0021844649834857014,24
sv_stability,mlp,40000,0.9954415212074915,0.0016395147961586135,24
sv_stability,mlp,41000,0.9921759888529778,0.004894481493060018,24
sv_stability,mlp,42000,0.9962194611628851,0.001193578674663531,24
sv_stability,mlp,43000,0.9966267098983129,0.0010304382800978445,24
sv_stability,mlp,44000,0.9969311182697614,0.0009935096455416167,24
sv_stability,mlp,45000,0.9967357218265533,0.001153990134639139,24
sv_stability,mlp,46000,0.9968469565113386,0.0012566866763929054,24
sv_stability,mlp,47000,0.9967779417832693,0.0009472940893496424,24
sv_stability,mlp,48000,0.9968640903631846,0.0009960579509195302,24
sv_stability,mlp,49000,0.9969696253538132,0.0008491212179317946,24
sv_stability,mlp,50000,0.9960135395328203,0.0011669388082908513,24
sv_stability,mlp,51000,0.9925802225867907,0.0036882598784297115,24
sv_stability,mlp,52000,0.9969082698225975,0.0009692235406382339,24
sv_stability,mlp,53000,0.9969288979967436,0.0011233739010247455,24
sv_stability,mlp,54000,0.9973181808988253,0.0007900278997040764,24
sv_stability,mlp,55000,0.9965511734286944,0.0015987784327969852,24
sv_stability,mlp,56000,0.9971906418601671,0.0009559557249624555,24
sv_stability,mlp,57000,0.9973461031913757,0.0009628042426736705,24
sv_stability,mlp,58000,0.9972290247678757,0.0011210524579130664,24
sv_stability,mlp,59000,0.9940703089038531,0.004183842287027363,24
sv_stability,mlp,60000,0.997115857899189,0.0012260721939491032,24
sv_stability,mlp,61000,0.9976908639073372,0.0006163691854444431,24
sv_stability,mlp,62000,0.997000423570474,0.0007897260977458941,24
sv_stability,mlp,63000,0.9937059010068575,0.0022092383479778263,24
sv_stability,mlp,64000,0.9964991807937622,0.000978286104835999,24
sv_stability,mlp,65000,0.9964946508407593,0.0015618446298459926,24
sv_stability,mlp,66000,0.9977783461411794,0.0007317901038555991,24
sv_stability,mlp,67000,0.9976316516598066,0.0008342018824683041,24
sv_stability,mlp,68000,0.9978271697958311,0.0006605663362751568,24
sv_stability,mlp,69000,0.997580848634243,0.0008230781259292408,24
sv_stability,mlp,70000,0.9976929972569147,0.000621356145180477,24
sv_stability,mlp,71000,0.9954749991496404,0.0019920091178066393,24
sv_stability,mlp,72000,0.9926184142629305,0.003276399091519108,24
sv_stability,mlp,73000,0.9969223116834959,0.0012396011324125543,24
sv_stability,mlp,74000,0.9908549388249716,0.00432598188806423,24
sv_stability,mlp,75000,0.9971166600783666,0.0010564540567934667,24
sv_stability,mlp,76000,0.9982114285230637,0.00047449990956545754,24
sv_stability,mlp,77000,0.9963292603691419,0.0020131476599868007,24
sv_stability,mlp,78000,0.9975452770789465,0.0008776317590689313,24
sv_stability,mlp,79000,0.9940663228432337,0.0044908861861669425,24
sv_stability,mlp,80000,0.9976759031414986,0.0007451461578396837,24
sv_stability,mlp,81000,0.9976736456155777,0.0007496457303312967,24
sv_stability,mlp,82000,0.995864674448967,0.002774069589470818,24
sv_stability,mlp,83000,0.998578853905201,0.0004474286549412334,24
sv_stability,mlp,84000,0.998084083199501,0.0005640327969713917,24
sv_stability,mlp,85000,0.996884157260259,0.0012768993729585043,24
sv_stability,mlp,86000,0.9983808919787407,0.000390672265826651,24
sv_stability,mlp,87000,0.9983651141325632,0.0003738459248257203,24
sv_stability,mlp,88000,0.9986762205759684,0.00029073358887370316,24
sv_stability,mlp,89000,0.9982843697071075,0.0005736640668542557,24
sv_stability,mlp,90000,0.9976155161857605,0.0006166848929808691,24
sv_stability,mlp,91000,0.9983808696269989,0.0002670451927643233,24
sv_stability,mlp,92000,0.998519537349542,0.0003689302545468452,24
sv_stability,mlp,93000,0.9971490651369095,0.0012265562398236002,24
sv_stability,mlp,94000,0.9984068473180135,0.00031053255773788347,24
sv_stability,mlp,95000,0.9945481568574905,0.0037990341386268506,24
sv_stability,mlp,96000,0.9990615869561831,0.0001856515643141143,24
sv_stability,mlp,97000,0.9989730343222618,0.00021828822243693204,24
sv_stability,mlp,98000,0.9990773722529411,0.00023452356981007103,24
sv_stability,mlp,99000,0.9992166856924692,0.00016564072918077484,24
sv_stability,mlp,100000,0.9989930813511213,0.00023678252822656177,24
sv_stability,mlp,101000,0.9989016950130463,0.0002681826736873054,24
sv_stability,mlp,102000,0.9990004226565361,0.0002665111340780206,24
sv_stability,mlp,103000,0.9989806264638901,0.00032609303049860045,24
sv_stability,mlp,104000,0.9990538681546847,0.00023917172548374653,24
sv_stability,mlp,105000,0.9967401499549547,0.0013953415226649422,24
sv_stability,mlp,106000,0.9987211053570112,0.0003706149047299056,24
sv_stability,mlp,107000,0.9985260665416718,0.0003025411355937632,24
sv_stability,mlp,108000,0.9971108088890711,0.0008409714052940492,24
sv_stability,mlp,109000,0.9985582406322161,0.00027775607856437494,24
sv_stability,mlp,110000,0.9989632368087769,0.00018844409599649126,24
sv_stability,mlp,111000,0.998936062057813,0.0001992539644252003,24
sv_stability,mlp,112000,0.9989577283461889,0.00021950220030102425,24
sv_stability,mlp,113000,0.9990771984060606,0.0002682628162000017,24
sv_stability,mlp,114000,0.9958093812068304,0.003348848490647088,24
sv_stability,mlp,115000,0.9989152203003565,0.00031867950551536935,24
sv_stability,mlp,116000,0.9993904456496239,0.00018032381555220848,24
sv_stability,mlp,117000,0.9991881797711054,0.00021244365281445517,24
sv_stability,mlp,118000,0.9987105925877889,0.00031111060861038737,24
sv_stability,mlp,119000,0.998501275976499,0.0003992152480891929,24
sv_stability,mlp,120000,0.9956777567664782,0.0034573098371105558,24
sv_stability,mlp,121000,0.9990579436222712,0.00022718657184938703,24
sv_stability,mlp,122000,0.9989417244990667,0.0003548273345685717,24
sv_stability,mlp,123000,0.9987354303399721,0.000434434958258858,24
sv_stability,mlp,124000,0.998608353237311,0.0006658676689201239,24
sv_stability,mlp,125000,0.9990538085500399,0.0002933240854918627,24
sv_stability,mlp,126000,0.9990827565391859,0.0003054964134125231,24
sv_stability,mlp,127000,0.9993015254537264,0.0001973135839654337,24
sv_stability,mlp,128000,0.9990736047426859,0.0003322018926940958,24
sv_stability,mlp,129000,0.999142142633597,0.00032784546299498144,24
sv_stability,mlp,130000,0.9989015509684881,0.0005473938529749644,24
sv_stability,mlp,131000,0.9987187956770261,0.0008063194015078287,24
sv_stability,mlp,132000,0.9995037714640299,0.0001772896788179546,24
sv_stability,mlp,133000,0.9994308253129324,0.00019872946371263334,24
sv_stability,mlp,134000,0.9994796464840571,0.00015195778728792022,24
sv_stability,mlp,135000,0.9995169639587402,0.00016466904366777756,24
sv_stability,mlp,136000,0.9995226015647253,0.00016191877564160118,24
sv_stability,mlp,137000,0.9995686362187067,0.00013799976288772367,24
sv_stability,mlp,138000,0.9995363677541415,0.00015227250357175367,24
sv_stability,mlp,139000,0.9996118272344271,0.00013658264774925568,24
sv_stability,mlp,140000,0.9996201569835345,0.0001320254809415977,24
sv_stability,mlp,141000,0.9995562682549158,0.00013659735520824126,24
sv_stability,mlp,142000,0.9996033807595571,0.0001244222193571058,24
sv_stability,mlp,143000,0.9996165285507838,0.00012749211851866983,24
