indicator,module_role,step_num,mean,sem,n
alpha,attention_out,1,3.0189060221285127,0.17547195452445008,36
alpha,attention_out,2,3.018910382580247,0.17547614502978812,36
alpha,attention_out,4,3.018892087694705,0.17547147820016165,36
alpha,attention_out,8,3.018880125186674,0.1754692276690654,36
alpha,attention_out,16,3.018784817605222,0.17544778156236454,36
alpha,attention_out,32,3.018545377683057,0.17540992366200586,36
alpha,attention_out,64,3.0171625629662473,0.17526021836008612,36
alpha,attention_out,128,3.0117022014303108,0.17462966591431356,36
alpha,attention_out,256,2.9777544629285964,0.16995212586775896,36
alpha,attention_out,512,2.7203797617196814,0.14404142044762336,36
alpha,attention_out,1000,1.8013065598753843,0.06346429406980322,36
alpha,attention_out,2000,1.5715056599598773,0.07333161012651447,36
alpha,attention_out,3000,1.6997074117425197,0.08554780624952212,36
alpha,attention_out,4000,1.802288328611547,0.09495290090061974,36
alpha,attention_out,5000,1.8748082537632291,0.10180131173257116,36
alpha,attention_out,6000,1.925099854260447,0.10648603670147105,36
alpha,attention_out,7000,1.963009808863698,0.1100386154546168,36
alpha,attention_out,8000,1.9901166185792778,0.11240929142134438,36
alpha,attention_out,9000,2.0101271920761103,0.11429906947245581,36
alpha,attention_out,10000,2.025818200142698,0.11545056655591909,36
alpha,attention_out,11000,2.0386896973859385,0.11670974504106756,36
alpha,attention_out,12000,2.048496104233238,0.11756969531074762,36
alpha,attention_out,13000,2.056602881508758,0.11833409096082291,36
alpha,attention_out,14000,2.062977226525886,0.11897899167597278,36
alpha,attention_out,15000,2.0684916324114098,0.11929492980652588,36
alpha,attention_out,16000,2.0738832642584253,0.11988389317919836,36
alpha,attention_out,17000,2.078637774311224,0.12022172567313637,36
alpha,attention_out,18000,2.0818415882916423,0.12030052162912257,36
alpha,attention_out,19000,2.083913813144645,0.12038711015664043,36
alpha,attention_out,20000,2.0859294008247016,0.12038144417794616,36
alpha,attention_out,21000,2.084506416683904,0.11954177184486287,36
alpha,attention_out,22000,2.0784702963669104,0.11806473983352773,36
alpha,attention_out,23000,2.077340014147747,0.11715899154745109,36
alpha,attention_out,24000,2.076312430765953,0.11675728193871862,36
alpha,attention_out,25000,2.0762990660040668,0.11652039478261535,36
alpha,attention_out,26000,2.0766109328975926,0.1163788191062445,36
alpha,attention_out,27000,2.079092672270728,0.11640006498687674,36
alpha,attention_out,28000,2.079722352218203,0.11654652755245315,36
alpha,attention_out,29000,2.082119383448494,0.11672051835745419,36
alpha,attention_out,30000,2.083052264998718,0.11665920069878638,36
alpha,attention_out,31000,2.0838709553928823,0.11649603101781764,36
alpha,attention_out,32000,2.083940238498595,0.11618089991694511,36
alpha,attention_out,33000,2.0842654446345588,0.11583623619611168,36
alpha,attention_out,34000,2.0828836564256434,0.11536793031292011,36
alpha,attention_out,35000,2.0818095808684784,0.11468742362672041,36
alpha,attention_out,36000,2.079762096705203,0.11412013827181974,36
alpha,attention_out,37000,2.077617377490647,0.11337716461420505,36
alpha,attention_out,38000,2.076157339630474,0.1131397992718487,36
alpha,attention_out,39000,2.073308648456399,0.11285104573795739,36
alpha,attention_out,40000,2.072370541236998,0.11279807371845287,36
alpha,attention_out,41000,2.072247920905825,0.11316217567532291,36
alpha,attention_out,42000,2.0728522006900487,0.11348421311974996,36
alpha,attention_out,43000,2.0728915688329193,0.11382611105690837,36
alpha,attention_out,44000,2.07409932480879,0.11436341909635926,36
alpha,attention_out,45000,2.0742374975852074,0.1146425204646674,36
alpha,attention_out,46000,2.075337612493189,0.11501477794933049,36
alpha,attention_out,47000,2.0752652676609453,0.11522025159590112,36
alpha,attention_out,48000,2.0749312812950813,0.11528194644786648,36
alpha,attention_out,49000,2.0762468877959277,0.11567306432003815,36
alpha,attention_out,50000,2.0771136363291194,0.11591452037042042,36
alpha,attention_out,51000,2.0772509634033196,0.11604235473624287,36
alpha,attention_out,52000,2.076296657302109,0.11593496417649712,36
alpha,attention_out,53000,2.0778902369311285,0.11636678520037427,36
alpha,attention_out,54000,2.073475974706128,0.11561678858467367,36
alpha,attention_out,55000,2.0731974372035733,0.1158111396050584,36
alpha,attention_out,56000,2.0703171530823306,0.1154275194459889,36
alpha,attention_out,57000,2.067642927527439,0.11535480221806664,36
alpha,attention_out,58000,2.0629293601773,0.11496860759116545,36
alpha,attention_out,59000,2.0608127728486445,0.11496870084164199,36
alpha,attention_out,60000,2.0600631452755525,0.11518070478869404,36
alpha,attention_out,61000,2.0579107395145058,0.1153263739666915,36
alpha,attention_out,62000,2.05617312107123,0.11537492782876106,36
alpha,attention_out,63000,2.043831635864017,0.11396590382916562,36
alpha,attention_out,64000,2.047004863735394,0.11424846654427276,36
alpha,attention_out,65000,2.0471486501886536,0.11444644582993302,36
alpha,attention_out,66000,2.045245984707701,0.11419477429366412,36
alpha,attention_out,67000,2.043703511438512,0.11402695639109091,36
alpha,attention_out,68000,2.041941326783358,0.11394478069986169,36
alpha,attention_out,69000,2.037145557208347,0.11329994086901048,36
alpha,attention_out,70000,2.0386282134069895,0.1136291647391558,36
alpha,attention_out,71000,2.0307718136838364,0.11284366502284265,36
alpha,attention_out,72000,2.0170286172794545,0.11132113826418481,36
alpha,attention_out,73000,2.015474010361768,0.11107123825950081,36
alpha,attention_out,74000,2.00255414623457,0.1096348519423328,36
alpha,attention_out,75000,2.0050823576191017,0.11006837785354742,36
alpha,attention_out,76000,2.003634091762967,0.11004622939972371,36
alpha,attention_out,77000,1.9980270279400447,0.10970887098896365,36
alpha,attention_out,78000,1.9926956831175562,0.10915504412749497,36
alpha,attention_out,79000,1.9941842704350314,0.10953503113708063,36
alpha,attention_out,80000,1.9924307103995669,0.10949436766890408,36
alpha,attention_out,81000,1.9822771877936174,0.10857704364582015,36
alpha,attention_out,82000,1.9780175506510054,0.10812000882589101,36
alpha,attention_out,83000,1.9741712789865353,0.10762159337171606,36
alpha,attention_out,84000,1.9653083902930897,0.10666768549339065,36
alpha,attention_out,85000,1.9528909649792388,0.10421974887307603,36
alpha,attention_out,86000,1.950704112194413,0.10385821489876146,36
alpha,attention_out,87000,1.9474093292884926,0.10332427564221514,36
alpha,attention_out,88000,1.9460269706488604,0.10292751252980094,36
alpha,attention_out,89000,1.9436701679076305,0.10248965828055165,36
alpha,attention_out,90000,1.933142435623614,0.10022244877593665,36
alpha,attention_out,91000,1.9243015776845642,0.09823814636322432,36
alpha,attention_out,92000,1.9175919318862862,0.09682568092014839,36
alpha,attention_out,93000,1.9056638787768303,0.09499157311581209,36
alpha,attention_out,94000,1.8926464511742556,0.09360362457222758,36
alpha,attention_out,95000,1.8715327911629691,0.09211889825182708,36
alpha,attention_out,96000,1.8612585325672866,0.09179837827120123,36
alpha,attention_out,97000,1.8485146041616278,0.0915692239784348,36
alpha,attention_out,98000,1.8373644750111882,0.09162398785877449,36
alpha,attention_out,99000,1.8255635183967394,0.0916247479481309,36
alpha,attention_out,100000,1.814198485971303,0.09181724323880656,36
alpha,attention_out,101000,1.80479604979541,0.09191166719399314,36
alpha,attention_out,102000,1.7964103180866131,0.09206534150836038,36
alpha,attention_out,103000,1.7875082390370514,0.09219307481150543,36
alpha,attention_out,104000,1.7790159270687391,0.09242681285026935,36
alpha,attention_out,105000,1.7670781719349646,0.09275150865477759,36
alpha,attention_out,106000,1.7592599656914596,0.09308084002991217,36
alpha,attention_out,107000,1.751710230812587,0.09364124434070446,36
alpha,attention_out,108000,1.7472727324614796,0.094240367228105,36
alpha,attention_out,109000,1.7435664321903308,0.09455083396495378,36
alpha,attention_out,110000,1.7420257714889074,0.09469743292078224,36
alpha,attention_out,111000,1.7422088002388965,0.09489403401770441,36
alpha,attention_out,112000,1.7447350588549944,0.09495021656376428,36
alpha,attention_out,113000,1.7429560683619938,0.09492490253490203,36
alpha,attention_out,114000,1.7423350965852957,0.09490250079258528,36
alpha,attention_out,115000,1.7455752277604204,0.09494359035236569,36
alpha,attention_out,116000,1.74736035016008,0.09494211228074137,36
alpha,attention_out,117000,1.7504727896257368,0.09505957448798748,36
alpha,attention_out,118000,1.7547059816457027,0.09579049505517329,36
alpha,attention_out,119000,1.7573073956500513,0.0959677819699904,36
alpha,attention_out,120000,1.759191426442299,0.09567645065719584,36
alpha,attention_out,121000,1.7627737297343178,0.09545903692204191,36
alpha,attention_out,122000,1.766124081291909,0.09519911887186866,36
alpha,attention_out,123000,1.7712840481438683,0.09534843657712277,36
alpha,attention_out,124000,1.7757258957924482,0.09540196360628649,36
alpha,attention_out,125000,1.7803394950682474,0.09569583415069226,36
alpha,attention_out,126000,1.7841943343066415,0.09574773864985278,36
alpha,attention_out,127000,1.7872739309011239,0.09619265134406323,36
alpha,attention_out,128000,1.789947583629888,0.09658792884036244,36
alpha,attention_out,129000,1.7913999822212068,0.0966568752735621,36
alpha,attention_out,130000,1.7920563064019954,0.0967563332663258,36
alpha,attention_out,131000,1.7949031287564816,0.09704992850752314,36
alpha,attention_out,132000,1.795565297354057,0.09725532223892243,36
alpha,attention_out,133000,1.7947056528813627,0.0970021167933273,36
alpha,attention_out,134000,1.7937297068144942,0.09645490346604917,36
alpha,attention_out,135000,1.79454406988829,0.09602681343268689,36
alpha,attention_out,136000,1.7959897701548602,0.09595353049698672,36
alpha,attention_out,137000,1.7967920790845449,0.0957912426909847,36
alpha,attention_out,138000,1.7994015804767522,0.09596905574825441,36
alpha,attention_out,139000,1.7997595703039448,0.09583982609076548,36
alpha,attention_out,140000,1.800395934587832,0.09565280165421577,36
alpha,attention_out,141000,1.8000943153258062,0.09519157552872547,36
alpha,attention_out,142000,1.802127843217183,0.0951843902418137,36
alpha,attention_out,143000,1.8035038850400293,0.09505155788344662,36
alpha,attention_qkv,1,5.0178022843222685,0.258602394481658,36
alpha,attention_qkv,2,5.017812927047567,0.25860355429040016,36
alpha,attention_qkv,4,5.0178151760593845,0.2586019060086092,36
alpha,attention_qkv,8,5.017827179939776,0.25860402734352994,36
alpha,attention_qkv,16,5.017826827725245,0.25860615858772157,36
alpha,attention_qkv,32,5.017767213570789,0.2585989838331335,36
alpha,attention_qkv,64,5.017756822020134,0.25858897008834125,36
alpha,attention_qkv,128,5.005630896961734,0.2572971309072301,36
alpha,attention_qkv,256,4.6964800481451,0.21676923697440825,36
alpha,attention_qkv,512,3.9805698711127033,0.1513735707340964,36
alpha,attention_qkv,1000,3.1389166554542913,0.09353576219624848,36
alpha,attention_qkv,2000,2.2535618686087564,0.024864410077491572,36
alpha,attention_qkv,3000,2.0677290689256704,0.025780644509336804,36
alpha,attention_qkv,4000,2.023290455616527,0.03175629189244051,36
alpha,attention_qkv,5000,2.0198836527039745,0.03675013981178958,36
alpha,attention_qkv,6000,2.0308227748169823,0.04042813627113177,36
alpha,attention_qkv,7000,2.0464998339179923,0.04326027733603198,36
alpha,attention_qkv,8000,2.0630889878251195,0.045412349760078616,36
alpha,attention_qkv,9000,2.079057689629222,0.047041494493688434,36
alpha,attention_qkv,10000,2.0939978641720653,0.04860853394409221,36
alpha,attention_qkv,11000,2.108490767115881,0.04979679206324106,36
alpha,attention_qkv,12000,2.1224352788190477,0.05092629101457264,36
alpha,attention_qkv,13000,2.1320716515102003,0.05196999433790813,36
alpha,attention_qkv,14000,2.1425891589526973,0.05295393232830779,36
alpha,attention_qkv,15000,2.1520852181782875,0.05387623813898111,36
alpha,attention_qkv,16000,2.160348303415171,0.05478306501083153,36
alpha,attention_qkv,17000,2.1627258750998646,0.05589066646752656,36
alpha,attention_qkv,18000,2.1636954927345027,0.057283371715597706,36
alpha,attention_qkv,19000,2.1614738822127926,0.05945329755496172,36
alpha,attention_qkv,20000,2.1596946428484154,0.061704921839454537,36
alpha,attention_qkv,21000,2.1538419231925796,0.06491451285063092,36
alpha,attention_qkv,22000,2.14895241207103,0.06804998207787144,36
alpha,attention_qkv,23000,2.145735928163665,0.07028503567276297,36
alpha,attention_qkv,24000,2.1428606416269877,0.07218848725627115,36
alpha,attention_qkv,25000,2.1390774885193258,0.0736098506751344,36
alpha,attention_qkv,26000,2.1337412908823,0.07510017465426697,36
alpha,attention_qkv,27000,2.128883917124999,0.07635702531061037,36
alpha,attention_qkv,28000,2.12287340428706,0.07742294160330351,36
alpha,attention_qkv,29000,2.1158922705275574,0.07829959435204276,36
alpha,attention_qkv,30000,2.107862633642763,0.07927334934016847,36
alpha,attention_qkv,31000,2.0991093069185585,0.08061832110634935,36
alpha,attention_qkv,32000,2.0903661612780033,0.08198158623834627,36
alpha,attention_qkv,33000,2.0821270714516595,0.08338587014960122,36
alpha,attention_qkv,34000,2.071633721135787,0.08488992486143074,36
alpha,attention_qkv,35000,2.063082151000774,0.08635416812359284,36
alpha,attention_qkv,36000,2.054617536979305,0.08784255355052205,36
alpha,attention_qkv,37000,2.0470804754792984,0.0892114309785846,36
alpha,attention_qkv,38000,2.0406984161563226,0.0906474780287232,36
alpha,attention_qkv,39000,2.0340162423782377,0.09194635164671969,36
alpha,attention_qkv,40000,2.0282085386285993,0.09319411451316793,36
alpha,attention_qkv,41000,2.0218312770532316,0.09419139949967158,36
alpha,attention_qkv,42000,2.0166549382962713,0.09519942807012835,36
alpha,attention_qkv,43000,2.0120014391302186,0.0960781441488149,36
alpha,attention_qkv,44000,2.0072470752125193,0.09684890276109596,36
alpha,attention_qkv,45000,2.0023985795876134,0.09731314171156799,36
alpha,attention_qkv,46000,1.9982417687831822,0.09756797229584184,36
alpha,attention_qkv,47000,1.9929748222194839,0.0975793124316301,36
alpha,attention_qkv,48000,1.9870405713657457,0.09749692390572283,36
alpha,attention_qkv,49000,1.9798540913321558,0.09712663873282178,36
alpha,attention_qkv,50000,1.9721015063640968,0.09661154032068163,36
alpha,attention_qkv,51000,1.964786649512506,0.09633091381026533,36
alpha,attention_qkv,52000,1.9551269791900303,0.09612920767593512,36
alpha,attention_qkv,53000,1.947307041944168,0.09590090661174708,36
alpha,attention_qkv,54000,1.938672148284577,0.09624041272980718,36
alpha,attention_qkv,55000,1.932306748722117,0.09647086379971156,36
alpha,attention_qkv,56000,1.928785404805397,0.09680709742664101,36
alpha,attention_qkv,57000,1.924117818921834,0.09721204437431429,36
alpha,attention_qkv,58000,1.9204744204956954,0.09756139181814635,36
alpha,attention_qkv,59000,1.917119223621838,0.09782334905937383,36
alpha,attention_qkv,60000,1.9153928408853436,0.09801297457253388,36
alpha,attention_qkv,61000,1.9120393053613338,0.09826085037940838,36
alpha,attention_qkv,62000,1.9086170411771333,0.09861653086507156,36
alpha,attention_qkv,63000,1.8922001328614724,0.09976848162138156,36
alpha,attention_qkv,64000,1.8881413156414473,0.09999678922583509,36
alpha,attention_qkv,65000,1.8844558779003613,0.10026220123693393,36
alpha,attention_qkv,66000,1.880477069469019,0.100627388400683,36
alpha,attention_qkv,67000,1.8772697055004417,0.1009074285173713,36
alpha,attention_qkv,68000,1.8733517985922856,0.10118404021071163,36
alpha,attention_qkv,69000,1.8689786879110513,0.10164178539494198,36
alpha,attention_qkv,70000,1.8665481064739688,0.10169361306916629,36
alpha,attention_qkv,71000,1.8619554125660558,0.10223423952715917,36
alpha,attention_qkv,72000,1.8512556126317325,0.10299281381383456,36
alpha,attention_qkv,73000,1.8446138817332982,0.10341928323680602,36
alpha,attention_qkv,74000,1.8333327897934772,0.10419164903035377,36
alpha,attention_qkv,75000,1.829623576545628,0.104427324333434,36
alpha,attention_qkv,76000,1.826406750928527,0.10467275625098453,36
alpha,attention_qkv,77000,1.8213860125958492,0.10493844444085455,36
alpha,attention_qkv,78000,1.8135352978285195,0.10539129250993536,36
alpha,attention_qkv,79000,1.8107522636873132,0.10539776924926109,36
alpha,attention_qkv,80000,1.8074285524113323,0.10560129862056421,36
alpha,attention_qkv,81000,1.7999883504353624,0.10620181561448569,36
alpha,attention_qkv,82000,1.7928022947554834,0.10662082950599121,36
alpha,attention_qkv,83000,1.785291235466627,0.10709670294226233,36
alpha,attention_qkv,84000,1.7766818992155602,0.10760483468369374,36
alpha,attention_qkv,85000,1.762309933830864,0.10821268890323983,36
alpha,attention_qkv,86000,1.755118480768327,0.10844345031656527,36
alpha,attention_qkv,87000,1.7482253740025697,0.10865619147653663,36
alpha,attention_qkv,88000,1.7424155163540664,0.10880951225605473,36
alpha,attention_qkv,89000,1.7373427816592655,0.10884056074785442,36
alpha,attention_qkv,90000,1.725632769365321,0.10904136172418906,36
alpha,attention_qkv,91000,1.7142086081171195,0.10923784099515464,36
alpha,attention_qkv,92000,1.7051592804597269,0.10925167268375167,36
alpha,attention_qkv,93000,1.6945171361315683,0.10936189354677303,36
alpha,attention_qkv,94000,1.6842387089194697,0.10945780781302203,36
alpha,attention_qkv,95000,1.6701548442016323,0.10972121370549519,36
alpha,attention_qkv,96000,1.6611148316119184,0.10976066740948193,36
alpha,attention_qkv,97000,1.6514110173445617,0.10991653889272106,36
alpha,attention_qkv,98000,1.6406286359649018,0.1099590302222028,36
alpha,attention_qkv,99000,1.6297002588901084,0.10995670518296967,36
alpha,attention_qkv,100000,1.6174794569484865,0.10983374122262403,36
alpha,attention_qkv,101000,1.6051444593290012,0.10963458790398731,36
alpha,attention_qkv,102000,1.5946796314352396,0.10952666576876399,36
alpha,attention_qkv,103000,1.5844179024865277,0.10947321412653274,36
alpha,attention_qkv,104000,1.5744497402691247,0.1094345170144147,36
alpha,attention_qkv,105000,1.5642688400736424,0.10974223424238666,36
alpha,attention_qkv,106000,1.5564107328572232,0.10978558824102978,36
alpha,attention_qkv,107000,1.5493516159356977,0.11005264496261576,36
alpha,attention_qkv,108000,1.543438091760624,0.1103737113250788,36
alpha,attention_qkv,109000,1.538887022648341,0.11071643618479943,36
alpha,attention_qkv,110000,1.5347770396647566,0.11093789591151637,36
alpha,attention_qkv,111000,1.5314972246174365,0.11121677092694417,36
alpha,attention_qkv,112000,1.5285909231274042,0.11150227701235939,36
alpha,attention_qkv,113000,1.525800841268607,0.11161634981871223,36
alpha,attention_qkv,114000,1.5234190920679924,0.11175303316719884,36
alpha,attention_qkv,115000,1.5210544422636796,0.11196812546458071,36
alpha,attention_qkv,116000,1.5188065528930592,0.11214454490109355,36
alpha,attention_qkv,117000,1.516528625972429,0.11239113040637215,36
alpha,attention_qkv,118000,1.513673945555884,0.1127077789341912,36
alpha,attention_qkv,119000,1.510688310645775,0.11306517246445662,36
alpha,attention_qkv,120000,1.507795900591025,0.11344447408449046,36
alpha,attention_qkv,121000,1.5050769274274294,0.11385244034098439,36
alpha,attention_qkv,122000,1.5023009680144472,0.11412016170153819,36
alpha,attention_qkv,123000,1.5000369407946852,0.11433425677077448,36
alpha,attention_qkv,124000,1.4977427238853636,0.11451937868799468,36
alpha,attention_qkv,125000,1.4958735769731435,0.11458944745601987,36
alpha,attention_qkv,126000,1.4935633203504823,0.1148402061419852,36
alpha,attention_qkv,127000,1.4916604658181236,0.11495813843964024,36
alpha,attention_qkv,128000,1.4903551799797654,0.11498021633956423,36
alpha,attention_qkv,129000,1.4891227191530299,0.11497542006456545,36
alpha,attention_qkv,130000,1.4880714938145212,0.11495355515009982,36
alpha,attention_qkv,131000,1.486581970531138,0.11499170380287069,36
alpha,attention_qkv,132000,1.4846731128181991,0.11509932513915883,36
alpha,attention_qkv,133000,1.4832812303998615,0.11509186730320625,36
alpha,attention_qkv,134000,1.482342901844101,0.11501889148399226,36
alpha,attention_qkv,135000,1.4814388721891758,0.11496612399846678,36
alpha,attention_qkv,136000,1.4804284891986845,0.11492831875042141,36
alpha,attention_qkv,137000,1.4794241539860358,0.1148883846617151,36
alpha,attention_qkv,138000,1.4781177866974375,0.11488597491158452,36
alpha,attention_qkv,139000,1.4768318097393283,0.11484685983938052,36
alpha,attention_qkv,140000,1.47580596229858,0.11480193391779163,36
alpha,attention_qkv,141000,1.4748574702156776,0.11470896523246038,36
alpha,attention_qkv,142000,1.4737023803380584,0.11464020795127564,36
alpha,attention_qkv,143000,1.4727667310658241,0.11460178171655717,36
alpha,mlp_in,1,5.708128563606408,0.28767316673351895,36
alpha,mlp_in,2,5.708155689130845,0.2876780478311527,36
alpha,mlp_in,4,5.7081516453609105,0.2876813174364693,36
alpha,mlp_in,8,5.708131434835652,0.28767769570301494,36
alpha,mlp_in,16,5.708162113668624,0.2876799679675972,36
alpha,mlp_in,32,5.708062619816563,0.2876651914248193,36
alpha,mlp_in,64,5.70818795308564,0.2877040254549009,36
alpha,mlp_in,128,5.706382599546446,0.2876041849676375,36
alpha,mlp_in,256,5.700614781749278,0.2870366037984697,36
alpha,mlp_in,512,5.674068929023616,0.2844160496422873,36
alpha,mlp_in,1000,4.494493257764245,0.16189036113410507,36
alpha,mlp_in,2000,2.862438284932484,0.06875855087231827,36
alpha,mlp_in,3000,2.5409040711584465,0.0750249138826836,36
alpha,mlp_in,4000,2.425612922693156,0.08302985161896585,36
alpha,mlp_in,5000,2.3695784063386744,0.08799941993692964,36
alpha,mlp_in,6000,2.344021637712818,0.09190044487180159,36
alpha,mlp_in,7000,2.324695796272751,0.09267234589368549,36
alpha,mlp_in,8000,2.314066134425813,0.09306713648954694,36
alpha,mlp_in,9000,2.309749854725014,0.09372748802626175,36
alpha,mlp_in,10000,2.3082117952251022,0.0938242655877293,36
alpha,mlp_in,11000,2.307352307941725,0.09328922970199081,36
alpha,mlp_in,12000,2.309759403137046,0.09321545632379231,36
alpha,mlp_in,13000,2.3102139681771456,0.09245666595553004,36
alpha,mlp_in,14000,2.3123301140029557,0.0922241251167784,36
alpha,mlp_in,15000,2.3157246444107646,0.09169950791003706,36
alpha,mlp_in,16000,2.317588988003818,0.09133084179649455,36
alpha,mlp_in,17000,2.3213335734825975,0.09120413718084246,36
alpha,mlp_in,18000,2.3241550102621917,0.09049377340434016,36
alpha,mlp_in,19000,2.3296412435201304,0.09060579861615374,36
alpha,mlp_in,20000,2.3338866299576115,0.09048901719335438,36
alpha,mlp_in,21000,2.337648121404273,0.09018239691995669,36
alpha,mlp_in,22000,2.3422765419439653,0.090048958752641,36
alpha,mlp_in,23000,2.3463905673992045,0.08977536062464814,36
alpha,mlp_in,24000,2.348996373959454,0.08957509440623279,36
alpha,mlp_in,25000,2.354120635071137,0.09002607982793939,36
alpha,mlp_in,26000,2.356557537945565,0.08971422602173479,36
alpha,mlp_in,27000,2.360677217809925,0.08976105590125502,36
alpha,mlp_in,28000,2.362653908613824,0.08995930795255697,36
alpha,mlp_in,29000,2.3676502760598583,0.09011393725323309,36
alpha,mlp_in,30000,2.3697817239508456,0.08999869168148192,36
alpha,mlp_in,31000,2.3728511364898277,0.0900643030712656,36
alpha,mlp_in,32000,2.3773007985321986,0.09030207602526785,36
alpha,mlp_in,33000,2.3792317928433864,0.09023681202557833,36
alpha,mlp_in,34000,2.38188717697832,0.09037214280493085,36
alpha,mlp_in,35000,2.385173530840868,0.09050515370531992,36
alpha,mlp_in,36000,2.388104199567544,0.0906409945458415,36
alpha,mlp_in,37000,2.3910742555542166,0.0907443789305233,36
alpha,mlp_in,38000,2.3943642280709856,0.09090780992301403,36
alpha,mlp_in,39000,2.398331444332468,0.09094865482608988,36
alpha,mlp_in,40000,2.401532674400268,0.09109339815924998,36
alpha,mlp_in,41000,2.4048536767584943,0.09118016842090712,36
alpha,mlp_in,42000,2.407291073821362,0.09127607586012514,36
alpha,mlp_in,43000,2.4114182136763036,0.09139038817129418,36
alpha,mlp_in,44000,2.414624537091289,0.09149858966249262,36
alpha,mlp_in,45000,2.417225523937034,0.09158398423839213,36
alpha,mlp_in,46000,2.4198087963667207,0.09164833084241768,36
alpha,mlp_in,47000,2.4219088620688507,0.09185899757678632,36
alpha,mlp_in,48000,2.424806361853313,0.09174637397222146,36
alpha,mlp_in,49000,2.4265735171647127,0.09197831303574693,36
alpha,mlp_in,50000,2.4278882768428636,0.09189059456910526,36
alpha,mlp_in,51000,2.4308932723665797,0.09207779562485197,36
alpha,mlp_in,52000,2.4316570445282615,0.09194571130993827,36
alpha,mlp_in,53000,2.4330982854178402,0.09195451130453128,36
alpha,mlp_in,54000,2.4349363057648823,0.09194499702028915,36
alpha,mlp_in,55000,2.4372138417594544,0.09200948196048848,36
alpha,mlp_in,56000,2.4385021604882144,0.09201594832136559,36
alpha,mlp_in,57000,2.4411287598473126,0.09197291141428823,36
alpha,mlp_in,58000,2.4424626210799625,0.09193231431797146,36
alpha,mlp_in,59000,2.444158695248346,0.0919984824531626,36
alpha,mlp_in,60000,2.4450692690950993,0.09194432812524735,36
alpha,mlp_in,61000,2.4464198276426647,0.09178659924071197,36
alpha,mlp_in,62000,2.4483070344150653,0.09193084385723259,36
alpha,mlp_in,63000,2.4512629959655086,0.09186171299329336,36
alpha,mlp_in,64000,2.4529191227608083,0.09183647802273402,36
alpha,mlp_in,65000,2.4541762024798106,0.09177219845821931,36
alpha,mlp_in,66000,2.455728906975414,0.09187539171459734,36
alpha,mlp_in,67000,2.456632588785527,0.09166887125845713,36
alpha,mlp_in,68000,2.456894790983076,0.09159502600196649,36
alpha,mlp_in,69000,2.457471971768513,0.09159770215941712,36
alpha,mlp_in,70000,2.458325090087836,0.09151697888682163,36
alpha,mlp_in,71000,2.459277470758023,0.09132920728834625,36
alpha,mlp_in,72000,2.4604043464344953,0.09121395813155363,36
alpha,mlp_in,73000,2.460477590626023,0.09095826753948248,36
alpha,mlp_in,74000,2.4610635571599198,0.09084787124897874,36
alpha,mlp_in,75000,2.461391652984423,0.09065020773266387,36
alpha,mlp_in,76000,2.4612614207346506,0.09057951312291108,36
alpha,mlp_in,77000,2.460968362483157,0.09036998051443129,36
alpha,mlp_in,78000,2.4606520507617358,0.09025509055131434,36
alpha,mlp_in,79000,2.4603453031062683,0.09002729504894925,36
alpha,mlp_in,80000,2.460898552009474,0.0899435480686544,36
alpha,mlp_in,81000,2.4617149099691336,0.08977799643801268,36
alpha,mlp_in,82000,2.4616861989268966,0.08956706428509924,36
alpha,mlp_in,83000,2.4622553397410663,0.08948517315375985,36
alpha,mlp_in,84000,2.46198139765286,0.0892839760156252,36
alpha,mlp_in,85000,2.4627809721841056,0.08900095288559783,36
alpha,mlp_in,86000,2.462835975461049,0.0887443167414132,36
alpha,mlp_in,87000,2.4635162869760645,0.08868379628865454,36
alpha,mlp_in,88000,2.4632754169555686,0.0884116839774898,36
alpha,mlp_in,89000,2.463211565429619,0.08821415370701174,36
alpha,mlp_in,90000,2.4629911785394656,0.08804201219769922,36
alpha,mlp_in,91000,2.461729213149032,0.08769729717467507,36
alpha,mlp_in,92000,2.4609502102124376,0.08733299108511716,36
alpha,mlp_in,93000,2.459986923363856,0.087025086581855,36
alpha,mlp_in,94000,2.4586492645449614,0.08665304886984551,36
alpha,mlp_in,95000,2.4583019345176536,0.08664337899531512,36
alpha,mlp_in,96000,2.45699287450081,0.08622222236954867,36
alpha,mlp_in,97000,2.4567321268254507,0.08595656129185078,36
alpha,mlp_in,98000,2.4560721723997947,0.08570859192633502,36
alpha,mlp_in,99000,2.4560096302551124,0.08545178431558899,36
alpha,mlp_in,100000,2.455766756788078,0.08514681763043613,36
alpha,mlp_in,101000,2.4558903952218696,0.08498406664884464,36
alpha,mlp_in,102000,2.455238178438052,0.08474594164568124,36
alpha,mlp_in,103000,2.4542086192358403,0.08439809456863999,36
alpha,mlp_in,104000,2.4530215127705173,0.08414045177694017,36
alpha,mlp_in,105000,2.4510170042864097,0.08396753676348416,36
alpha,mlp_in,106000,2.4496008360526313,0.08363813436667601,36
alpha,mlp_in,107000,2.448596022387525,0.08364210412253313,36
alpha,mlp_in,108000,2.446930960036447,0.08371644787861056,36
alpha,mlp_in,109000,2.445791790604563,0.08346316374119347,36
alpha,mlp_in,110000,2.4438265736087508,0.08319902803111658,36
alpha,mlp_in,111000,2.4419228264227697,0.08309287293060086,36
alpha,mlp_in,112000,2.440019417227198,0.08311644624693776,36
alpha,mlp_in,113000,2.4388798268927596,0.08284291472941337,36
alpha,mlp_in,114000,2.436941496041227,0.08251485574840484,36
alpha,mlp_in,115000,2.4349070347498243,0.08266409756094052,36
alpha,mlp_in,116000,2.433299975539964,0.08252380831872505,36
alpha,mlp_in,117000,2.4314704234666698,0.08252086334382858,36
alpha,mlp_in,118000,2.429290988070069,0.08251945067585384,36
alpha,mlp_in,119000,2.4265945272036884,0.08245496711883536,36
alpha,mlp_in,120000,2.425302113210301,0.08257849222885016,36
alpha,mlp_in,121000,2.4235553788755353,0.0825420701641238,36
alpha,mlp_in,122000,2.423952324922129,0.08256588822007782,36
alpha,mlp_in,123000,2.42419586737726,0.08244783749005542,36
alpha,mlp_in,124000,2.424485932465105,0.08233132252742764,36
alpha,mlp_in,125000,2.425399826304906,0.0822025723161267,36
alpha,mlp_in,126000,2.424381770414076,0.0820780060357911,36
alpha,mlp_in,127000,2.4251481315483616,0.0820407838322182,36
alpha,mlp_in,128000,2.4265689239756942,0.08204811033495617,36
alpha,mlp_in,129000,2.4271960682969325,0.08193369135481124,36
alpha,mlp_in,130000,2.428140427314683,0.08190948138485629,36
alpha,mlp_in,131000,2.427994211675237,0.08167325603795952,36
alpha,mlp_in,132000,2.4286426386254045,0.08177064505449479,36
alpha,mlp_in,133000,2.4295287609173872,0.08167071336127697,36
alpha,mlp_in,134000,2.4298010085409802,0.08153082503595285,36
alpha,mlp_in,135000,2.4298589971033047,0.08138308842037667,36
alpha,mlp_in,136000,2.429649855311285,0.08119528797160061,36
alpha,mlp_in,137000,2.429703289398567,0.08119207986389629,36
alpha,mlp_in,138000,2.429428839793067,0.08096141902456876,36
alpha,mlp_in,139000,2.4296779621991735,0.0809539890986271,36
alpha,mlp_in,140000,2.429587449428567,0.08084116792583078,36
alpha,mlp_in,141000,2.4289116112870146,0.08062197044944827,36
alpha,mlp_in,142000,2.428490411119664,0.08048031638606269,36
alpha,mlp_in,143000,2.4278976632878497,0.08030025047506367,36
alpha,mlp_out,1,5.723840000948675,0.2895016007826015,36
alpha,mlp_out,2,5.723816991863786,0.2894894149541572,36
alpha,mlp_out,4,5.7238142174496485,0.28949455377938393,36
alpha,mlp_out,8,5.723815322860533,0.2894973970564648,36
alpha,mlp_out,16,5.723735887749355,0.2894848855340841,36
alpha,mlp_out,32,5.721951801518558,0.2892626906888941,36
alpha,mlp_out,64,5.7115848420776265,0.2881320138011152,36
alpha,mlp_out,128,5.662125871710755,0.2819924543421413,36
alpha,mlp_out,256,5.578119608935401,0.2731013077051716,36
alpha,mlp_out,512,5.060392308430266,0.22001597237477022,36
alpha,mlp_out,1000,3.2500736194238633,0.10925591360876427,36
alpha,mlp_out,2000,2.7254165846249996,0.08709666280565363,36
alpha,mlp_out,3000,2.8420726735181328,0.10210588223453924,36
alpha,mlp_out,4000,2.89687047181636,0.10733333943395605,36
alpha,mlp_out,5000,2.9240246160465335,0.10860488845474967,36
alpha,mlp_out,6000,2.9296071943788666,0.10761576433011011,36
alpha,mlp_out,7000,2.9336774858737185,0.10815826402496595,36
alpha,mlp_out,8000,2.932980218250166,0.1082027506154679,36
alpha,mlp_out,9000,2.9317491966553244,0.10813772619847876,36
alpha,mlp_out,10000,2.930458734029707,0.10897984937766479,36
alpha,mlp_out,11000,2.930485630109627,0.10965476189618772,36
alpha,mlp_out,12000,2.929692784383304,0.1102529229667256,36
alpha,mlp_out,13000,2.930473164018512,0.11063951007027915,36
alpha,mlp_out,14000,2.928591390725177,0.11072377158935025,36
alpha,mlp_out,15000,2.9288964096703136,0.11148617431532182,36
alpha,mlp_out,16000,2.927939918021576,0.11140631185107999,36
alpha,mlp_out,17000,2.928817551043235,0.1118607331286099,36
alpha,mlp_out,18000,2.930081352486665,0.11217499929064073,36
alpha,mlp_out,19000,2.9281497967513674,0.11218203188773257,36
alpha,mlp_out,20000,2.9280308614986192,0.11267568060745747,36
alpha,mlp_out,21000,2.92670285410442,0.11242201086083348,36
alpha,mlp_out,22000,2.9190900990720494,0.11175008439571402,36
alpha,mlp_out,23000,2.918192516075227,0.11168406840262843,36
alpha,mlp_out,24000,2.9182117170301085,0.111624524412648,36
alpha,mlp_out,25000,2.9178927521160967,0.11189829455729791,36
alpha,mlp_out,26000,2.917207648305404,0.11192568540838599,36
alpha,mlp_out,27000,2.9187537511263706,0.1122319769197928,36
alpha,mlp_out,28000,2.9204060015967332,0.11239455073181265,36
alpha,mlp_out,29000,2.9213397442813225,0.11256319674940092,36
alpha,mlp_out,30000,2.921893944063955,0.11256204355114219,36
alpha,mlp_out,31000,2.920466323477326,0.1122506579383351,36
alpha,mlp_out,32000,2.9201945526494417,0.11206109593427713,36
alpha,mlp_out,33000,2.9165251026494707,0.11152031217033048,36
alpha,mlp_out,34000,2.9118534169160157,0.11068115405566538,36
alpha,mlp_out,35000,2.9098220243651296,0.11044893202117159,36
alpha,mlp_out,36000,2.904865025228098,0.10974260225443587,36
alpha,mlp_out,37000,2.9032449807220626,0.10929584451502575,36
alpha,mlp_out,38000,2.9003576510233224,0.10876605354951553,36
alpha,mlp_out,39000,2.8985473476791794,0.10857671360292398,36
alpha,mlp_out,40000,2.898044132863513,0.10852350419305443,36
alpha,mlp_out,41000,2.8973957716040295,0.10833554181355955,36
alpha,mlp_out,42000,2.897785798820109,0.1083089694642877,36
alpha,mlp_out,43000,2.897257998369674,0.10823225560083305,36
alpha,mlp_out,44000,2.897632614322764,0.10817447216986684,36
alpha,mlp_out,45000,2.8978611672624845,0.10812341905477121,36
alpha,mlp_out,46000,2.9002176010750578,0.10841130609801715,36
alpha,mlp_out,47000,2.900340886859104,0.10833252752165727,36
alpha,mlp_out,48000,2.899877204652695,0.10822210651831798,36
alpha,mlp_out,49000,2.900258344299147,0.10820277731265514,36
alpha,mlp_out,50000,2.900875707399894,0.10818835359810805,36
alpha,mlp_out,51000,2.9013885482616235,0.10829998528637882,36
alpha,mlp_out,52000,2.9002259444160163,0.10802127830130412,36
alpha,mlp_out,53000,2.904013020276862,0.10841582035960352,36
alpha,mlp_out,54000,2.9016063303362594,0.10812352627680961,36
alpha,mlp_out,55000,2.903421844027673,0.10832538182681879,36
alpha,mlp_out,56000,2.9039809340398133,0.10834591626440132,36
alpha,mlp_out,57000,2.9037565083892805,0.10835713824265265,36
alpha,mlp_out,58000,2.9044834292161448,0.10834399111571248,36
alpha,mlp_out,59000,2.905631252913116,0.10833334461691126,36
alpha,mlp_out,60000,2.9078444520468207,0.10837270928117718,36
alpha,mlp_out,61000,2.908421653503458,0.10826610932558414,36
alpha,mlp_out,62000,2.908840314243809,0.10830669420789203,36
alpha,mlp_out,63000,2.8969675620942184,0.10750510492894275,36
alpha,mlp_out,64000,2.900695730582223,0.10796420115845848,36
alpha,mlp_out,65000,2.9023722352515247,0.10815184860412405,36
alpha,mlp_out,66000,2.901966168729907,0.10817849739009947,36
alpha,mlp_out,67000,2.9029924528957545,0.10819635357341652,36
alpha,mlp_out,68000,2.902746848056748,0.10818034156061992,36
alpha,mlp_out,69000,2.9005029601445234,0.10801547448954439,36
alpha,mlp_out,70000,2.905111700129468,0.1084093849672572,36
alpha,mlp_out,71000,2.8995574988373733,0.10799818088749255,36
alpha,mlp_out,72000,2.8898662955859193,0.10750679319113253,36
alpha,mlp_out,73000,2.889551657868044,0.10766019715528838,36
alpha,mlp_out,74000,2.8788821167077243,0.10706254553125752,36
alpha,mlp_out,75000,2.8818596939720633,0.10739409710972057,36
alpha,mlp_out,76000,2.883070241644268,0.10765104994069165,36
alpha,mlp_out,77000,2.880557913585934,0.10767412419041228,36
alpha,mlp_out,78000,2.8771229495240744,0.10759920487878076,36
alpha,mlp_out,79000,2.879513499544024,0.10789853287359674,36
alpha,mlp_out,80000,2.879544038061907,0.10816437433970988,36
alpha,mlp_out,81000,2.8715821404418134,0.10778320371739832,36
alpha,mlp_out,82000,2.8683757902026716,0.10801611264426667,36
alpha,mlp_out,83000,2.8646815158424044,0.10793480108683054,36
alpha,mlp_out,84000,2.8569478203028202,0.10771054540827081,36
alpha,mlp_out,85000,2.844475939189847,0.1074274737976857,36
alpha,mlp_out,86000,2.8420312950310467,0.10743090651621162,36
alpha,mlp_out,87000,2.8382711624571404,0.10745897875984879,36
alpha,mlp_out,88000,2.835048507585237,0.10740706108120197,36
alpha,mlp_out,89000,2.8319832030319847,0.1074932451186156,36
alpha,mlp_out,90000,2.8176621712048817,0.10720574589282005,36
alpha,mlp_out,91000,2.8047249524733022,0.10696403670381621,36
alpha,mlp_out,92000,2.7965179845882866,0.10684213938430058,36
alpha,mlp_out,93000,2.784936973855247,0.10682585752258703,36
alpha,mlp_out,94000,2.774106840188974,0.10677616253717374,36
alpha,mlp_out,95000,2.756132334912021,0.10673500375482407,36
alpha,mlp_out,96000,2.7502757781607112,0.10674781733016916,36
alpha,mlp_out,97000,2.7403765612032114,0.10696386246310405,36
alpha,mlp_out,98000,2.7327560926087457,0.10719319883780784,36
alpha,mlp_out,99000,2.72466124451954,0.10752808094782561,36
alpha,mlp_out,100000,2.7168941602472945,0.10774512750845142,36
alpha,mlp_out,101000,2.7110013024862627,0.1079878132014356,36
alpha,mlp_out,102000,2.704654314345119,0.10835586179982885,36
alpha,mlp_out,103000,2.697633373009547,0.10872858181021576,36
alpha,mlp_out,104000,2.6904044028095084,0.10912822086696909,36
alpha,mlp_out,105000,2.679766173568618,0.10970255816129025,36
alpha,mlp_out,106000,2.674254492715817,0.11015096838465079,36
alpha,mlp_out,107000,2.6668163869482933,0.11056364888777834,36
alpha,mlp_out,108000,2.658960942235605,0.11115798525667986,36
alpha,mlp_out,109000,2.6530088665796887,0.11182882826051983,36
alpha,mlp_out,110000,2.6465871301097357,0.11227989662282765,36
alpha,mlp_out,111000,2.641747192783041,0.11295590454639039,36
alpha,mlp_out,112000,2.6366648011327785,0.11344802516408603,36
alpha,mlp_out,113000,2.633598541620749,0.11404104092393666,36
alpha,mlp_out,114000,2.6292652744295766,0.11441940433078666,36
alpha,mlp_out,115000,2.6253098696683406,0.11486397230564974,36
alpha,mlp_out,116000,2.621941082756533,0.11519556041437005,36
alpha,mlp_out,117000,2.6188332117937665,0.11555719011326289,36
alpha,mlp_out,118000,2.6168696579097532,0.1157122416959631,36
alpha,mlp_out,119000,2.6141413964922844,0.1158756355383989,36
alpha,mlp_out,120000,2.611802388009825,0.1160982139183576,36
alpha,mlp_out,121000,2.6100785472985795,0.11642169680551939,36
alpha,mlp_out,122000,2.6087254336626358,0.11674785132125065,36
alpha,mlp_out,123000,2.607202341302329,0.11719487046449209,36
alpha,mlp_out,124000,2.605444132414812,0.11746002509006254,36
alpha,mlp_out,125000,2.605102463595232,0.11776140055277332,36
alpha,mlp_out,126000,2.6013075369392418,0.11797313029728004,36
alpha,mlp_out,127000,2.600819440026072,0.11843807033195358,36
alpha,mlp_out,128000,2.6024152404265957,0.11870462237445513,36
alpha,mlp_out,129000,2.6032890824375046,0.11876340048453686,36
alpha,mlp_out,130000,2.604806659103935,0.11878661583307291,36
alpha,mlp_out,131000,2.6031123211340996,0.1187603626344186,36
alpha,mlp_out,132000,2.600767047736643,0.1189937931202087,36
alpha,mlp_out,133000,2.6020684118676556,0.11918978470865378,36
alpha,mlp_out,134000,2.604640844476662,0.11904275739965144,36
alpha,mlp_out,135000,2.605893129808188,0.11892975506215853,36
alpha,mlp_out,136000,2.6062120635618027,0.11870667401868473,36
alpha,mlp_out,137000,2.606692808133937,0.11859118531347435,36
alpha,mlp_out,138000,2.604565441302046,0.11827056184858069,36
alpha,mlp_out,139000,2.6044974601965087,0.11813274308165544,36
alpha,mlp_out,140000,2.604267201830736,0.11766236861261985,36
alpha,mlp_out,141000,2.6055400974909797,0.11730018500464237,36
alpha,mlp_out,142000,2.604435160941369,0.11694780375129653,36
alpha,mlp_out,143000,2.603761570751702,0.11650124509658204,36
effective_rank,attention_out,1,617.9962157962436,0.11007871119638349,12
effective_rank,attention_out,2,617.9959046961735,0.11009610869634341,12
effective_rank,attention_out,4,617.9958148174062,0.11002664181031692,12
effective_rank,attention_out,8,617.9960463055012,0.1099179147495803,12
effective_rank,attention_out,16,617.9961835985783,0.10972504388800261,12
effective_rank,attention_out,32,617.9884969253006,0.11062072834364295,12
effective_rank,attention_out,64,617.9645825874159,0.11129715314736495,12
effective_rank,attention_out,128,617.8710624297531,0.12396121611249332,12
effective_rank,attention_out,256,617.4298841399815,0.19329136257556723,12
effective_rank,attention_out,512,614.0054793329668,0.8720564764508194,12
effective_rank,attention_out,1000,589.1346497838059,2.9617149819346453,12
effective_rank,attention_out,2000,556.6613600633906,3.462717479854348,12
effective_rank,attention_out,3000,560.3502905411457,4.012185762655526,12
effective_rank,attention_out,4000,564.7028415424876,4.3841375454116625,12
effective_rank,attention_out,5000,567.6353609831064,4.616324633736713,12
effective_rank,attention_out,6000,569.5938182932057,4.796494007396784,12
effective_rank,attention_out,7000,570.7584227596836,4.932172635534854,12
effective_rank,attention_out,8000,571.6145558008909,5.072863799102732,12
effective_rank,attention_out,9000,572.1319155535784,5.236444788849214,12
effective_rank,attention_out,10000,572.5025334985212,5.409979831130439,12
effective_rank,attention_out,11000,572.662594534817,5.565602408155744,12
effective_rank,attention_out,12000,572.8801519554385,5.713679278536106,12
effective_rank,attention_out,13000,572.8362718888721,5.89362038924696,12
effective_rank,attention_out,14000,572.934569532672,6.034723495324758,12
effective_rank,attention_out,15000,572.8370893844692,6.13658168375034,12
effective_rank,attention_out,16000,572.8121547772863,6.253362926214401,12
effective_rank,attention_out,17000,572.7485283998519,6.358384925590886,12
effective_rank,attention_out,18000,572.7238804333618,6.448526474095598,12
effective_rank,attention_out,19000,572.5308099423738,6.553614541347603,12
effective_rank,attention_out,20000,572.5077729786971,6.636020520859756,12
effective_rank,attention_out,21000,572.3386075634024,6.6989856794523694,12
effective_rank,attention_out,22000,572.1513407152316,6.7132786350092815,12
effective_rank,attention_out,23000,571.9951865785391,6.709300813252434,12
effective_rank,attention_out,24000,571.9909740848627,6.706685141930756,12
effective_rank,attention_out,25000,571.7778472435348,6.738496829477066,12
effective_rank,attention_out,26000,571.6558531718167,6.758490841777225,12
effective_rank,attention_out,27000,571.6604925373442,6.738852595692087,12
effective_rank,attention_out,28000,571.4995740927169,6.7889187973055645,12
effective_rank,attention_out,29000,571.5067824626532,6.807407392966486,12
effective_rank,attention_out,30000,571.4681951063516,6.838308522884477,12
effective_rank,attention_out,31000,571.3482620102312,6.904119218782331,12
effective_rank,attention_out,32000,571.3002584351134,6.8979908651553785,12
effective_rank,attention_out,33000,571.2449549056697,6.9102843759654995,12
effective_rank,attention_out,34000,571.104071149622,6.916507633510485,12
effective_rank,attention_out,35000,570.9437893854991,6.910178627603203,12
effective_rank,attention_out,36000,570.7694034684292,6.896284131925962,12
effective_rank,attention_out,37000,570.6326326797853,6.844883324409021,12
effective_rank,attention_out,38000,570.3017096063096,6.824244395221947,12
effective_rank,attention_out,39000,570.0404701434073,6.813879940849182,12
effective_rank,attention_out,40000,569.8807345454549,6.773064027385137,12
effective_rank,attention_out,41000,569.7397626831305,6.78133695145707,12
effective_rank,attention_out,42000,569.5992531564955,6.80828272020043,12
effective_rank,attention_out,43000,569.4455323415735,6.81525482735853,12
effective_rank,attention_out,44000,569.382342469184,6.855486210220653,12
effective_rank,attention_out,45000,569.2275293244977,6.861863455139891,12
effective_rank,attention_out,46000,569.1594798035982,6.871925024091565,12
effective_rank,attention_out,47000,569.0515527365093,6.889845770565942,12
effective_rank,attention_out,48000,568.9400933549832,6.8913468874273045,12
effective_rank,attention_out,49000,568.8929776940648,6.919677890270888,12
effective_rank,attention_out,50000,568.8821006322534,6.961236671876677,12
effective_rank,attention_out,51000,568.7576908615753,6.941784561694451,12
effective_rank,attention_out,52000,568.6937899561592,6.922577376048697,12
effective_rank,attention_out,53000,568.7973393676424,6.976554907293213,12
effective_rank,attention_out,54000,568.6114723023901,6.951304919302755,12
effective_rank,attention_out,55000,568.5205480007968,6.974500458192791,12
effective_rank,attention_out,56000,568.418839664335,6.966349455451256,12
effective_rank,attention_out,57000,568.1543845376267,6.936635648769657,12
effective_rank,attention_out,58000,567.9869153399142,6.933567794508558,12
effective_rank,attention_out,59000,567.7769038270179,6.913002989141972,12
effective_rank,attention_out,60000,567.6068941659031,6.949180238036809,12
effective_rank,attention_out,61000,567.4084472228858,6.941024901919686,12
effective_rank,attention_out,62000,567.2144991800183,6.956322294726402,12
effective_rank,attention_out,63000,566.5131738701854,6.847295839177063,12
effective_rank,attention_out,64000,566.6271830049706,6.88395835827829,12
effective_rank,attention_out,65000,566.6168488645259,6.92234160855218,12
effective_rank,attention_out,66000,566.488973289309,6.930571358942189,12
effective_rank,attention_out,67000,566.4318400327352,6.945290249878589,12
effective_rank,attention_out,68000,566.2804948388712,6.954674962777311,12
effective_rank,attention_out,69000,566.0233045870609,6.955453881906374,12
effective_rank,attention_out,70000,566.1092303802951,6.9929400339982335,12
effective_rank,attention_out,71000,565.6199901362008,6.934142635855464,12
effective_rank,attention_out,72000,564.8685926764978,6.799025898814265,12
effective_rank,attention_out,73000,564.7275127519694,6.793836112437382,12
effective_rank,attention_out,74000,563.8843786819399,6.613095200538487,12
effective_rank,attention_out,75000,564.0165649587624,6.6436708808049,12
effective_rank,attention_out,76000,563.947942511304,6.661123050178065,12
effective_rank,attention_out,77000,563.5139560062291,6.587747637910837,12
effective_rank,attention_out,78000,563.1118642295008,6.535072914022452,12
effective_rank,attention_out,79000,563.1500651894438,6.5655127239278945,12
effective_rank,attention_out,80000,562.9342631941574,6.511297703181311,12
effective_rank,attention_out,81000,562.1178346225663,6.373357409473756,12
effective_rank,attention_out,82000,561.6600395103382,6.329672159004947,12
effective_rank,attention_out,83000,561.4014832532713,6.293424836580999,12
effective_rank,attention_out,84000,560.6923183970058,6.238518584686145,12
effective_rank,attention_out,85000,559.9211359601953,6.13498154220207,12
effective_rank,attention_out,86000,559.8134974759395,6.1625617050723775,12
effective_rank,attention_out,87000,559.6266504213689,6.158701161298011,12
effective_rank,attention_out,88000,559.5887908091241,6.173245402634084,12
effective_rank,attention_out,89000,559.3993360677092,6.174912744088445,12
effective_rank,attention_out,90000,558.8501522923619,6.064309790045748,12
effective_rank,attention_out,91000,558.6097355120769,6.028408975956194,12
effective_rank,attention_out,92000,558.4169667596472,6.032405145509769,12
effective_rank,attention_out,93000,557.9954008705363,6.030274837108788,12
effective_rank,attention_out,94000,557.3989352152515,6.039845246804593,12
effective_rank,attention_out,95000,556.0768338657336,6.121021535360643,12
effective_rank,attention_out,96000,555.4613161052016,6.276040109770276,12
effective_rank,attention_out,97000,554.4736686074269,6.458719355245757,12
effective_rank,attention_out,98000,553.4724590011368,6.689255929353696,12
effective_rank,attention_out,99000,552.3150737753473,6.980592464968635,12
effective_rank,attention_out,100000,551.1585287255889,7.307992303630843,12
effective_rank,attention_out,101000,550.2852575371948,7.580022849205114,12
effective_rank,attention_out,102000,549.5239481155216,7.848611721070434,12
effective_rank,attention_out,103000,548.7604677227678,8.087537860944307,12
effective_rank,attention_out,104000,547.9832187634107,8.396311926858694,12
effective_rank,attention_out,105000,547.0063955334814,8.742150318920185,12
effective_rank,attention_out,106000,546.3857263200424,8.978269379819942,12
effective_rank,attention_out,107000,545.6892069039728,9.300241997791414,12
effective_rank,attention_out,108000,545.3260766320413,9.563384834934753,12
effective_rank,attention_out,109000,544.8127391381446,9.810791511007524,12
effective_rank,attention_out,110000,544.5512460004588,9.970499670378276,12
effective_rank,attention_out,111000,544.3526328281829,10.130217732621409,12
effective_rank,attention_out,112000,544.3900675150386,10.172077690044897,12
effective_rank,attention_out,113000,544.1543438969342,10.229218852164797,12
effective_rank,attention_out,114000,544.0334422127695,10.286874524276898,12
effective_rank,attention_out,115000,544.256681203237,10.276355643907463,12
effective_rank,attention_out,116000,544.2869240981648,10.268935013681196,12
effective_rank,attention_out,117000,544.3738061912329,10.263668102423749,12
effective_rank,attention_out,118000,544.1985523594336,10.287119804141508,12
effective_rank,attention_out,119000,544.2353323336941,10.2024610697356,12
effective_rank,attention_out,120000,544.3840479389779,10.093673389644646,12
effective_rank,attention_out,121000,544.3986604213924,10.06172193408429,12
effective_rank,attention_out,122000,544.7737278030073,9.922327089067755,12
effective_rank,attention_out,123000,545.1482508860647,9.845124647114428,12
effective_rank,attention_out,124000,545.3804835634942,9.797304283616741,12
effective_rank,attention_out,125000,545.5680509734868,9.776457939054522,12
effective_rank,attention_out,126000,545.681877460389,9.818649408645229,12
effective_rank,attention_out,127000,545.5788307856523,9.944882782271096,12
effective_rank,attention_out,128000,545.5594206800437,9.952081988584903,12
effective_rank,attention_out,129000,545.7159898281922,9.894848389093818,12
effective_rank,attention_out,130000,545.9310400863656,9.764612843885544,12
effective_rank,attention_out,131000,546.113837953234,9.737061469372348,12
effective_rank,attention_out,132000,546.0430814611719,9.775691277810319,12
effective_rank,attention_out,133000,546.0971164170054,9.682399351213018,12
effective_rank,attention_out,134000,546.3325804008664,9.52785400599454,12
effective_rank,attention_out,135000,546.6726424456319,9.421103434638066,12
effective_rank,attention_out,136000,546.9458327385973,9.328252199409942,12
effective_rank,attention_out,137000,547.087121861708,9.259833186025542,12
effective_rank,attention_out,138000,547.1919266600238,9.261394837853144,12
effective_rank,attention_out,139000,547.2741649760654,9.202973032551466,12
effective_rank,attention_out,140000,547.4077427617433,9.135999861495456,12
effective_rank,attention_out,141000,547.5288795561388,9.056158693907769,12
effective_rank,attention_out,142000,547.7050571955785,9.014138200564341,12
effective_rank,attention_out,143000,547.9032158528261,8.975458862212468,12
effective_rank,attention_qkv,1,732.3803728941328,0.043070372322244865,12
effective_rank,attention_qkv,2,732.3803375579108,0.04305878874471064,12
effective_rank,attention_qkv,4,732.3804273704974,0.04304636348228775,12
effective_rank,attention_qkv,8,732.3804017367814,0.04302895712628614,12
effective_rank,attention_qkv,16,732.3804087502348,0.04309232154848536,12
effective_rank,attention_qkv,32,732.3800122551538,0.04321377375368918,12
effective_rank,attention_qkv,64,732.3790245911429,0.04324965105201056,12
effective_rank,attention_qkv,128,732.329258236909,0.0453062000366223,12
effective_rank,attention_qkv,256,731.8287445384598,0.09378973141794522,12
effective_rank,attention_qkv,512,730.2834141015397,0.28077559807961616,12
effective_rank,attention_qkv,1000,725.6507543081483,1.0056612236053148,12
effective_rank,attention_qkv,2000,711.9209277887712,1.055013481616279,12
effective_rank,attention_qkv,3000,702.1044479157445,1.0481681825302211,12
effective_rank,attention_qkv,4000,695.858582628704,1.0720123441498501,12
effective_rank,attention_qkv,5000,691.9995622221612,1.206769882939331,12
effective_rank,attention_qkv,6000,689.7274645961078,1.3826500062952496,12
effective_rank,attention_qkv,7000,688.4000224591676,1.5415672139336762,12
effective_rank,attention_qkv,8000,687.683149302259,1.6549967558856795,12
effective_rank,attention_qkv,9000,687.2786890051152,1.7387782239013385,12
effective_rank,attention_qkv,10000,687.0529568007737,1.790764858338261,12
effective_rank,attention_qkv,11000,686.9705668210835,1.8399405155536992,12
effective_rank,attention_qkv,12000,686.9544459596083,1.8672149753756166,12
effective_rank,attention_qkv,13000,686.883017739999,1.8871273659910035,12
effective_rank,attention_qkv,14000,686.8515617197587,1.9051708105050182,12
effective_rank,attention_qkv,15000,686.8466121752459,1.9194411521998958,12
effective_rank,attention_qkv,16000,686.8108902509879,1.9226810621113648,12
effective_rank,attention_qkv,17000,686.6590348471713,1.9104869890106493,12
effective_rank,attention_qkv,18000,686.390940256358,1.9170794449886155,12
effective_rank,attention_qkv,19000,685.8898940951294,2.0058305614242555,12
effective_rank,attention_qkv,20000,685.2909289122927,2.2484865813732364,12
effective_rank,attention_qkv,21000,684.0618583057467,3.050836148813048,12
effective_rank,attention_qkv,22000,682.5501686824327,4.252757140063707,12
effective_rank,attention_qkv,23000,681.3656862834952,5.257179998031486,12
effective_rank,attention_qkv,24000,680.3881687172232,6.100594713934406,12
effective_rank,attention_qkv,25000,679.5232843605314,6.7808639687777434,12
effective_rank,attention_qkv,26000,678.5572504902399,7.502973865514607,12
effective_rank,attention_qkv,27000,677.7033311702733,8.116008643326477,12
effective_rank,attention_qkv,28000,676.8577816147817,8.634982829293806,12
effective_rank,attention_qkv,29000,676.0852120561683,9.035346352267023,12
effective_rank,attention_qkv,30000,675.237818827302,9.387653493930411,12
effective_rank,attention_qkv,31000,674.2354788593764,9.784484732301836,12
effective_rank,attention_qkv,32000,673.2073068760279,10.089733182563972,12
effective_rank,attention_qkv,33000,672.070595772206,10.437225170883947,12
effective_rank,attention_qkv,34000,670.6667983547608,10.910223634637813,12
effective_rank,attention_qkv,35000,669.3459637115183,11.345184954867445,12
effective_rank,attention_qkv,36000,667.9697660403299,11.805358170428052,12
effective_rank,attention_qkv,37000,666.6737599262088,12.250802236731438,12
effective_rank,attention_qkv,38000,665.3766367785134,12.74077744024163,12
effective_rank,attention_qkv,39000,664.1216805789072,13.207509706013468,12
effective_rank,attention_qkv,40000,662.907833723369,13.658694933729675,12
effective_rank,attention_qkv,41000,661.746189897843,14.062995639093941,12
effective_rank,attention_qkv,42000,660.6566700762022,14.418080740230174,12
effective_rank,attention_qkv,43000,659.6012119804452,14.78620641182784,12
effective_rank,attention_qkv,44000,658.5825317922289,15.125191277155825,12
effective_rank,attention_qkv,45000,657.6882439816499,15.403853885206974,12
effective_rank,attention_qkv,46000,656.9217004587192,15.649716816246052,12
effective_rank,attention_qkv,47000,656.1251495263547,15.917035983221997,12
effective_rank,attention_qkv,48000,655.3495919631983,16.173722151683034,12
effective_rank,attention_qkv,49000,654.662335241814,16.36119363100677,12
effective_rank,attention_qkv,50000,654.0557977977836,16.509407145550668,12
effective_rank,attention_qkv,51000,653.479300306516,16.647666631361954,12
effective_rank,attention_qkv,52000,652.7233012380372,16.832211808509577,12
effective_rank,attention_qkv,53000,652.3385292676719,16.829738814543774,12
effective_rank,attention_qkv,54000,651.4749040484029,17.02988130894987,12
effective_rank,attention_qkv,55000,650.8574409277911,17.10972946824696,12
effective_rank,attention_qkv,56000,650.3588239267154,17.203720447406095,12
effective_rank,attention_qkv,57000,649.6860804468398,17.362038547695498,12
effective_rank,attention_qkv,58000,649.0575535972771,17.52299632393803,12
effective_rank,attention_qkv,59000,648.5053940955025,17.653356865652462,12
effective_rank,attention_qkv,60000,648.180357284551,17.69523485956436,12
effective_rank,attention_qkv,61000,647.6059936447015,17.856526656196433,12
effective_rank,attention_qkv,62000,647.0638065017744,17.98953625185896,12
effective_rank,attention_qkv,63000,644.9840953220421,18.512151155821357,12
effective_rank,attention_qkv,64000,644.6437845205422,18.416856316825292,12
effective_rank,attention_qkv,65000,644.1835126615166,18.463691194037374,12
effective_rank,attention_qkv,66000,643.5936832843408,18.554523302112738,12
effective_rank,attention_qkv,67000,643.1021707822057,18.620779684149067,12
effective_rank,attention_qkv,68000,642.5050898527296,18.71949506687726,12
effective_rank,attention_qkv,69000,641.6953426163426,18.89927498248623,12
effective_rank,attention_qkv,70000,641.3959246299345,18.854034794408594,12
effective_rank,attention_qkv,71000,640.4083305012392,19.125613066474745,12
effective_rank,attention_qkv,72000,638.5911661599838,19.597721238705926,12
effective_rank,attention_qkv,73000,637.5717909039278,19.729734260719773,12
effective_rank,attention_qkv,74000,635.6724799830129,20.18704869661302,12
effective_rank,attention_qkv,75000,635.1097341351802,20.21817280215914,12
effective_rank,attention_qkv,76000,634.4860184212424,20.32985975775299,12
effective_rank,attention_qkv,77000,633.590256886836,20.532890659580175,12
effective_rank,attention_qkv,78000,632.2293700672809,20.815570634322537,12
effective_rank,attention_qkv,79000,631.8135679303654,20.86146635902171,12
effective_rank,attention_qkv,80000,631.1619578110761,21.0083021196127,12
effective_rank,attention_qkv,81000,629.6564566338751,21.37895344815675,12
effective_rank,attention_qkv,82000,628.3763054937408,21.649016439156146,12
effective_rank,attention_qkv,83000,627.024576174127,21.93084772022784,12
effective_rank,attention_qkv,84000,625.4236087199957,22.285115174963227,12
effective_rank,attention_qkv,85000,622.9957887047589,22.822791417977104,12
effective_rank,attention_qkv,86000,621.8175822861432,23.03348652514805,12
effective_rank,attention_qkv,87000,620.6398201300067,23.27252280221502,12
effective_rank,attention_qkv,88000,619.6503717810682,23.4796097101494,12
effective_rank,attention_qkv,89000,618.8379123359681,23.64620100658773,12
effective_rank,attention_qkv,90000,616.968888534749,24.101751559248637,12
effective_rank,attention_qkv,91000,615.1798141827227,24.494219183935783,12
effective_rank,attention_qkv,92000,613.8398016210072,24.756155351493344,12
effective_rank,attention_qkv,93000,612.1387966058466,25.09913195997187,12
effective_rank,attention_qkv,94000,610.4012599225538,25.44197733612511,12
effective_rank,attention_qkv,95000,607.6444998481433,26.06561882326065,12
effective_rank,attention_qkv,96000,605.993424281306,26.35804893210747,12
effective_rank,attention_qkv,97000,603.9441444766047,26.777689843673503,12
effective_rank,attention_qkv,98000,601.7912867309888,27.190660091048706,12
effective_rank,attention_qkv,99000,599.6635903836624,27.598481228965234,12
effective_rank,attention_qkv,100000,597.539045382125,27.98176883740893,12
effective_rank,attention_qkv,101000,595.7022284774185,28.25320365330719,12
effective_rank,attention_qkv,102000,594.0970941693517,28.46030082366276,12
effective_rank,attention_qkv,103000,592.4359815209283,28.692444135378818,12
effective_rank,attention_qkv,104000,590.7173733611014,28.951382347204834,12
effective_rank,attention_qkv,105000,588.2975268841753,29.488304406685522,12
effective_rank,attention_qkv,106000,586.7699029459053,29.7266226896709,12
effective_rank,attention_qkv,107000,584.988586427276,30.11448122067884,12
effective_rank,attention_qkv,108000,583.2898710707976,30.56240255449436,12
effective_rank,attention_qkv,109000,581.8986316130374,30.939713457559407,12
effective_rank,attention_qkv,110000,580.7378719876091,31.220383428689498,12
effective_rank,attention_qkv,111000,579.5203080118696,31.59743716544727,12
effective_rank,attention_qkv,112000,578.3059470727272,32.00368905738152,12
effective_rank,attention_qkv,113000,577.4605966717744,32.197470599257855,12
effective_rank,attention_qkv,114000,576.6515775380547,32.393101994129864,12
effective_rank,attention_qkv,115000,575.5011560215024,32.78662252469243,12
effective_rank,attention_qkv,116000,574.4972482495003,33.09459130304611,12
effective_rank,attention_qkv,117000,573.2459873346683,33.52308455094273,12
effective_rank,attention_qkv,118000,571.4758734500044,34.15519003467089,12
effective_rank,attention_qkv,119000,569.5943344856558,34.81652013421106,12
effective_rank,attention_qkv,120000,567.6574503012769,35.482118280422476,12
effective_rank,attention_qkv,121000,565.697490411847,36.172385436842944,12
effective_rank,attention_qkv,122000,564.199425911911,36.62442789956336,12
effective_rank,attention_qkv,123000,563.2303917200805,36.8332011438662,12
effective_rank,attention_qkv,124000,562.3342416212182,36.99731799363895,12
effective_rank,attention_qkv,125000,561.8283564504443,37.029166813900574,12
effective_rank,attention_qkv,126000,560.8175381752361,37.18903670568528,12
effective_rank,attention_qkv,127000,560.1642589507674,37.247042356286215,12
effective_rank,attention_qkv,128000,559.8787440977386,37.22082708974034,12
effective_rank,attention_qkv,129000,559.6539219612168,37.17889645383122,12
effective_rank,attention_qkv,130000,559.4892088494736,37.131557600635475,12
effective_rank,attention_qkv,131000,559.1368015937701,37.109092910031364,12
effective_rank,attention_qkv,132000,558.5275277570864,37.13212563678038,12
effective_rank,attention_qkv,133000,558.2459868378077,37.097945077024576,12
effective_rank,attention_qkv,134000,558.1623577662662,37.03648191280498,12
effective_rank,attention_qkv,135000,558.061984047521,36.97915243620032,12
effective_rank,attention_qkv,136000,557.9052138923358,36.930855317988616,12
effective_rank,attention_qkv,137000,557.745237993636,36.88869415821115,12
effective_rank,attention_qkv,138000,557.4528007791854,36.86756830233852,12
effective_rank,attention_qkv,139000,557.2151916808224,36.84155354025089,12
effective_rank,attention_qkv,140000,557.0374676121523,36.80682119005511,12
effective_rank,attention_qkv,141000,556.9393561702776,36.76246380401805,12
effective_rank,attention_qkv,142000,556.7609740477409,36.7333131674871,12
effective_rank,attention_qkv,143000,556.6202448434566,36.70182175263169,12
effective_rank,mlp_in,1,742.0342843508075,0.02370703888335023,12
effective_rank,mlp_in,2,742.0343641210898,0.023727150529783483,12
effective_rank,mlp_in,4,742.0342530235125,0.023729813577813893,12
effective_rank,mlp_in,8,742.0342464179765,0.023725326610768174,12
effective_rank,mlp_in,16,742.0344169497339,0.023717071724831472,12
effective_rank,mlp_in,32,742.0343639554163,0.02383913419569188,12
effective_rank,mlp_in,64,742.0345695933484,0.02373169768501567,12
effective_rank,mlp_in,128,742.0304538155265,0.023052806883872318,12
effective_rank,mlp_in,256,742.013105809946,0.02113106039400029,12
effective_rank,mlp_in,512,741.9516434071808,0.026928187080733627,12
effective_rank,mlp_in,1000,740.3294959412347,0.3230447961691138,12
effective_rank,mlp_in,2000,730.0726125831175,1.88647741875318,12
effective_rank,mlp_in,3000,722.6476476264355,2.724595789424578,12
effective_rank,mlp_in,4000,717.9721893830492,3.2307720142392875,12
effective_rank,mlp_in,5000,714.9493487624704,3.5624757112033105,12
effective_rank,mlp_in,6000,713.0224344147732,3.7588552433915003,12
effective_rank,mlp_in,7000,711.7514126179468,3.871903536338479,12
effective_rank,mlp_in,8000,710.8629480284297,3.9121978429880597,12
effective_rank,mlp_in,9000,710.2455644679311,3.905715747384355,12
effective_rank,mlp_in,10000,709.8011819518919,3.8664930090561156,12
effective_rank,mlp_in,11000,709.474038269148,3.8142582934401617,12
effective_rank,mlp_in,12000,709.2454234680182,3.7449411771972043,12
effective_rank,mlp_in,13000,709.0289233221389,3.675735925735665,12
effective_rank,mlp_in,14000,708.8596770449672,3.597078082067006,12
effective_rank,mlp_in,15000,708.743590975362,3.5152909323786408,12
effective_rank,mlp_in,16000,708.6245365921473,3.4417448298278064,12
effective_rank,mlp_in,17000,708.5448523528077,3.3676878371815735,12
effective_rank,mlp_in,18000,708.4637327219685,3.298367164661049,12
effective_rank,mlp_in,19000,708.4028007124317,3.229407349060548,12
effective_rank,mlp_in,20000,708.3501801449898,3.168677612782579,12
effective_rank,mlp_in,21000,708.2988793812032,3.1128126147845974,12
effective_rank,mlp_in,22000,708.2515475435225,3.061440104203354,12
effective_rank,mlp_in,23000,708.2350627748774,3.0149494907617687,12
effective_rank,mlp_in,24000,708.187642421995,2.9698028129923593,12
effective_rank,mlp_in,25000,708.1566717912502,2.9318680549935325,12
effective_rank,mlp_in,26000,708.1253093987654,2.9005622452319817,12
effective_rank,mlp_in,27000,708.1174140455181,2.8709525315014566,12
effective_rank,mlp_in,28000,708.0509356080607,2.8469123673840415,12
effective_rank,mlp_in,29000,708.0635253876077,2.8173587583207693,12
effective_rank,mlp_in,30000,708.0275327097302,2.795180084688374,12
effective_rank,mlp_in,31000,708.0141512804834,2.7723403211864786,12
effective_rank,mlp_in,32000,708.0133747362374,2.7527702432477312,12
effective_rank,mlp_in,33000,707.980423670757,2.7383641655913893,12
effective_rank,mlp_in,34000,707.9474370091795,2.72687190898037,12
effective_rank,mlp_in,35000,707.935811511486,2.7112581053512343,12
effective_rank,mlp_in,36000,707.9539801761317,2.696631170054847,12
effective_rank,mlp_in,37000,707.9472908352703,2.686712965141043,12
effective_rank,mlp_in,38000,707.944680222692,2.6764238593982586,12
effective_rank,mlp_in,39000,707.9683508910207,2.6689986445308533,12
effective_rank,mlp_in,40000,707.9662893926629,2.663421084222446,12
effective_rank,mlp_in,41000,707.989929297299,2.652248560801135,12
effective_rank,mlp_in,42000,707.9934087636547,2.6461793967605187,12
effective_rank,mlp_in,43000,708.0417611360535,2.6410400176630398,12
effective_rank,mlp_in,44000,708.0554807036997,2.6349227790913834,12
effective_rank,mlp_in,45000,708.0806680183711,2.632638026228008,12
effective_rank,mlp_in,46000,708.08669509955,2.6281350921252478,12
effective_rank,mlp_in,47000,708.079107588429,2.6264262905729185,12
effective_rank,mlp_in,48000,708.1160999925638,2.6220866929170303,12
effective_rank,mlp_in,49000,708.1056346305476,2.6215405304160457,12
effective_rank,mlp_in,50000,708.1080146001531,2.6222577619430862,12
effective_rank,mlp_in,51000,708.147486159336,2.621270763948807,12
effective_rank,mlp_in,52000,708.149580184206,2.6198785476670654,12
effective_rank,mlp_in,53000,708.1613422846607,2.6187712016846696,12
effective_rank,mlp_in,54000,708.1806330429569,2.6158071065135946,12
effective_rank,mlp_in,55000,708.2090970158418,2.6144301843785938,12
effective_rank,mlp_in,56000,708.2193938398517,2.6163847635866784,12
effective_rank,mlp_in,57000,708.2541383976431,2.611298081525264,12
effective_rank,mlp_in,58000,708.2560651205987,2.6115150403588765,12
effective_rank,mlp_in,59000,708.2642090900341,2.611682374245547,12
effective_rank,mlp_in,60000,708.2530624339403,2.613016920249724,12
effective_rank,mlp_in,61000,708.2547077370405,2.612523620556762,12
effective_rank,mlp_in,62000,708.2661574570442,2.6137048391354516,12
effective_rank,mlp_in,63000,708.2974995289711,2.610038308432547,12
effective_rank,mlp_in,64000,708.337832892527,2.6090828212901975,12
effective_rank,mlp_in,65000,708.3472838252568,2.609820865284573,12
effective_rank,mlp_in,66000,708.3673134711318,2.6123119825067276,12
effective_rank,mlp_in,67000,708.3749659869064,2.6153286215699065,12
effective_rank,mlp_in,68000,708.3546422132,2.6172557820368545,12
effective_rank,mlp_in,69000,708.3395951070983,2.623536293506409,12
effective_rank,mlp_in,70000,708.3327428613052,2.6260776819934923,12
effective_rank,mlp_in,71000,708.3317776191735,2.6292587373287275,12
effective_rank,mlp_in,72000,708.3397530100459,2.633601019928186,12
effective_rank,mlp_in,73000,708.3253874709932,2.639644946520802,12
effective_rank,mlp_in,74000,708.3371683833826,2.6448061667649383,12
effective_rank,mlp_in,75000,708.3467242582728,2.6453945905286393,12
effective_rank,mlp_in,76000,708.3354831990761,2.6509400950177993,12
effective_rank,mlp_in,77000,708.3312436084652,2.6533854625285067,12
effective_rank,mlp_in,78000,708.3061221511842,2.661423130803399,12
effective_rank,mlp_in,79000,708.2927205098622,2.665119560713003,12
effective_rank,mlp_in,80000,708.2992198141466,2.6655399040791803,12
effective_rank,mlp_in,81000,708.3037809805963,2.669139569740686,12
effective_rank,mlp_in,82000,708.2943465917291,2.676327760757781,12
effective_rank,mlp_in,83000,708.2858387980882,2.6827136568010084,12
effective_rank,mlp_in,84000,708.2670903845336,2.68676677934893,12
effective_rank,mlp_in,85000,708.2807290826541,2.687896785640006,12
effective_rank,mlp_in,86000,708.2776378706931,2.690779671891658,12
effective_rank,mlp_in,87000,708.2760009056641,2.6961422148099556,12
effective_rank,mlp_in,88000,708.2739983656417,2.700028338739588,12
effective_rank,mlp_in,89000,708.2695427603265,2.702331017411755,12
effective_rank,mlp_in,90000,708.2843675645614,2.7024837110820457,12
effective_rank,mlp_in,91000,708.2862287326625,2.7027792437338296,12
effective_rank,mlp_in,92000,708.2756405906661,2.7091754381125126,12
effective_rank,mlp_in,93000,708.275586562008,2.7140428973459247,12
effective_rank,mlp_in,94000,708.2564758583914,2.7193226735218614,12
effective_rank,mlp_in,95000,708.2699717405245,2.7196751676589765,12
effective_rank,mlp_in,96000,708.2154979631276,2.7278071440454763,12
effective_rank,mlp_in,97000,708.2136978882487,2.732759608007937,12
effective_rank,mlp_in,98000,708.1785287316352,2.738864589725536,12
effective_rank,mlp_in,99000,708.1674367298541,2.746252760586512,12
effective_rank,mlp_in,100000,708.1606976710112,2.7544002681538418,12
effective_rank,mlp_in,101000,708.1409187537935,2.7628539188060857,12
effective_rank,mlp_in,102000,708.1133363262111,2.7741172498570728,12
effective_rank,mlp_in,103000,708.0948675703377,2.7862832932854342,12
effective_rank,mlp_in,104000,708.0725419739229,2.796053666343509,12
effective_rank,mlp_in,105000,708.069221387379,2.8130273824590164,12
effective_rank,mlp_in,106000,708.0305797673064,2.827302706437555,12
effective_rank,mlp_in,107000,708.0207220504636,2.8377944954877914,12
effective_rank,mlp_in,108000,708.0299788481293,2.8410377986488133,12
effective_rank,mlp_in,109000,708.0055909901897,2.8454306627825816,12
effective_rank,mlp_in,110000,707.9742374925423,2.8546568570768263,12
effective_rank,mlp_in,111000,707.9698495049364,2.856361699998804,12
effective_rank,mlp_in,112000,707.9776589670751,2.858350946147506,12
effective_rank,mlp_in,113000,707.9374099297362,2.8663045844596877,12
effective_rank,mlp_in,114000,707.9018876617298,2.8755284698563237,12
effective_rank,mlp_in,115000,707.9182202215399,2.876100744925019,12
effective_rank,mlp_in,116000,707.9115686513745,2.8771087054949667,12
effective_rank,mlp_in,117000,707.9313665748286,2.8747530290994314,12
effective_rank,mlp_in,118000,707.9740969337505,2.865948894010841,12
effective_rank,mlp_in,119000,707.9970677041306,2.859829587575194,12
effective_rank,mlp_in,120000,708.016712449652,2.8580374694942763,12
effective_rank,mlp_in,121000,708.0418956930471,2.854215080598098,12
effective_rank,mlp_in,122000,708.0519582376019,2.847116569970534,12
effective_rank,mlp_in,123000,708.0285289336579,2.842068035506289,12
effective_rank,mlp_in,124000,708.0078143186616,2.8405675610295478,12
effective_rank,mlp_in,125000,707.9802900582505,2.839370866200118,12
effective_rank,mlp_in,126000,707.9518717222373,2.849188663552096,12
effective_rank,mlp_in,127000,707.9295002040466,2.8473881119571636,12
effective_rank,mlp_in,128000,707.9150353792755,2.8384908436245926,12
effective_rank,mlp_in,129000,707.9058387927365,2.8328589554736543,12
effective_rank,mlp_in,130000,707.9053701761541,2.82492364097801,12
effective_rank,mlp_in,131000,707.8889780260492,2.823683787917972,12
effective_rank,mlp_in,132000,707.8728401521594,2.8266672166263316,12
effective_rank,mlp_in,133000,707.8849627539258,2.819962670403925,12
effective_rank,mlp_in,134000,707.9088086092675,2.8099538394793857,12
effective_rank,mlp_in,135000,707.9285265877947,2.80097084867746,12
effective_rank,mlp_in,136000,707.9351192563422,2.7940653937486792,12
effective_rank,mlp_in,137000,707.9473736158058,2.7879624648748274,12
effective_rank,mlp_in,138000,707.945808773604,2.786027528462971,12
effective_rank,mlp_in,139000,707.9474007776762,2.7826041015973972,12
effective_rank,mlp_in,140000,707.9569465648084,2.7772440687449036,12
effective_rank,mlp_in,141000,707.971280866251,2.772946351406767,12
effective_rank,mlp_in,142000,707.9655108278638,2.7691529567493802,12
effective_rank,mlp_in,143000,707.9726628035493,2.7651204488069405,12
effective_rank,mlp_out,1,742.0310585433053,0.01852309451528241,12
effective_rank,mlp_out,2,742.0310855165368,0.018496279338296832,12
effective_rank,mlp_out,4,742.030981679775,0.018522588897337704,12
effective_rank,mlp_out,8,742.0309543547838,0.018477872611632352,12
effective_rank,mlp_out,16,742.0307344784959,0.01847185542989295,12
effective_rank,mlp_out,32,742.0261440136352,0.018136262612248724,12
effective_rank,mlp_out,64,741.9949747638334,0.017651157350478827,12
effective_rank,mlp_out,128,741.8634294646013,0.018378892502873258,12
effective_rank,mlp_out,256,741.6515833855115,0.034611163836618566,12
effective_rank,mlp_out,512,740.502900431507,0.1904225428751426,12
effective_rank,mlp_out,1000,730.502542709802,1.1893858232081604,12
effective_rank,mlp_out,2000,718.1514649883055,1.0389216292275392,12
effective_rank,mlp_out,3000,720.5956271055693,1.1402694681482586,12
effective_rank,mlp_out,4000,721.9284606510323,1.344962780920455,12
effective_rank,mlp_out,5000,722.558874946225,1.561965821493055,12
effective_rank,mlp_out,6000,722.8228693768966,1.747182124673629,12
effective_rank,mlp_out,7000,722.9196818009667,1.9112862234746497,12
effective_rank,mlp_out,8000,722.9001739150343,2.0467454177868305,12
effective_rank,mlp_out,9000,722.8309855555813,2.156790125303318,12
effective_rank,mlp_out,10000,722.7080811507343,2.2485058884516094,12
effective_rank,mlp_out,11000,722.6188509471394,2.3283416422965155,12
effective_rank,mlp_out,12000,722.4850314398586,2.395716805760486,12
effective_rank,mlp_out,13000,722.3831862737799,2.456053509830974,12
effective_rank,mlp_out,14000,722.2569667031075,2.505497311853025,12
effective_rank,mlp_out,15000,722.1255747688041,2.5447058309095847,12
effective_rank,mlp_out,16000,722.0265712855434,2.581900808898961,12
effective_rank,mlp_out,17000,721.9199012674941,2.617326464217716,12
effective_rank,mlp_out,18000,721.8121528940991,2.647394531180186,12
effective_rank,mlp_out,19000,721.6939090219416,2.666472208506006,12
effective_rank,mlp_out,20000,721.5921626849237,2.6958586012858823,12
effective_rank,mlp_out,21000,721.5010605993407,2.7092666520704483,12
effective_rank,mlp_out,22000,721.3607017108579,2.7217010931066605,12
effective_rank,mlp_out,23000,721.2888736593401,2.7337449016997697,12
effective_rank,mlp_out,24000,721.2236533239969,2.7478067921419296,12
effective_rank,mlp_out,25000,721.1328012476655,2.764933604220244,12
effective_rank,mlp_out,26000,721.0529997061822,2.777069442082434,12
effective_rank,mlp_out,27000,720.9878497284703,2.7885147363894953,12
effective_rank,mlp_out,28000,720.9329913152133,2.8012474961456966,12
effective_rank,mlp_out,29000,720.8730040103704,2.8103123987606886,12
effective_rank,mlp_out,30000,720.8151692318656,2.823296580365956,12
effective_rank,mlp_out,31000,720.7606923974221,2.8290241833126726,12
effective_rank,mlp_out,32000,720.7118145809536,2.8378016444400838,12
effective_rank,mlp_out,33000,720.6362764409502,2.8452552803767626,12
effective_rank,mlp_out,34000,720.5619936412339,2.8509224562383735,12
effective_rank,mlp_out,35000,720.5021517036527,2.853113955728819,12
effective_rank,mlp_out,36000,720.4401264908305,2.8572730484502755,12
effective_rank,mlp_out,37000,720.3894028107253,2.861221914496591,12
effective_rank,mlp_out,38000,720.3390571792551,2.8705424429040796,12
effective_rank,mlp_out,39000,720.2937282882152,2.874984501663556,12
effective_rank,mlp_out,40000,720.2664127415728,2.884027362560043,12
effective_rank,mlp_out,41000,720.240070710273,2.8903343567948196,12
effective_rank,mlp_out,42000,720.2259659587261,2.9001222451098583,12
effective_rank,mlp_out,43000,720.1851671728829,2.9087001662074567,12
effective_rank,mlp_out,44000,720.1579019208057,2.915994195931377,12
effective_rank,mlp_out,45000,720.1386319609496,2.923445732114235,12
effective_rank,mlp_out,46000,720.1293066667921,2.93315437860644,12
effective_rank,mlp_out,47000,720.1189767150439,2.941697517733523,12
effective_rank,mlp_out,48000,720.0856987770964,2.95062672468315,12
effective_rank,mlp_out,49000,720.0795978995583,2.9563080907695514,12
effective_rank,mlp_out,50000,720.07256256961,2.964161449625086,12
effective_rank,mlp_out,51000,720.039395581037,2.9722030412208875,12
effective_rank,mlp_out,52000,720.0188581169232,2.9804934806678762,12
effective_rank,mlp_out,53000,720.0261347588995,2.98799524834165,12
effective_rank,mlp_out,54000,719.9902665610535,2.996044614164665,12
effective_rank,mlp_out,55000,720.0022599085611,3.001717809498718,12
effective_rank,mlp_out,56000,719.9984650484015,3.0099174170833636,12
effective_rank,mlp_out,57000,719.9911596901385,3.013959721494361,12
effective_rank,mlp_out,58000,719.9854478543666,3.022985690692654,12
effective_rank,mlp_out,59000,719.9825909729842,3.0310861081316656,12
effective_rank,mlp_out,60000,719.9888681091925,3.038658771919806,12
effective_rank,mlp_out,61000,719.9796720049311,3.0442019987004567,12
effective_rank,mlp_out,62000,719.9804086226508,3.053349068268918,12
effective_rank,mlp_out,63000,719.8770021975256,3.058697163158233,12
effective_rank,mlp_out,64000,719.8924941210784,3.068965091874131,12
effective_rank,mlp_out,65000,719.8745003930522,3.0771564129846998,12
effective_rank,mlp_out,66000,719.8625181463462,3.0871364437580593,12
effective_rank,mlp_out,67000,719.8433404734361,3.096259182319738,12
effective_rank,mlp_out,68000,719.8230318590066,3.105637379780074,12
effective_rank,mlp_out,69000,719.8103263911652,3.1107086386186142,12
effective_rank,mlp_out,70000,719.8198099946488,3.120222445407714,12
effective_rank,mlp_out,71000,719.7659570942901,3.1243079069952984,12
effective_rank,mlp_out,72000,719.6789499850923,3.1348357303836085,12
effective_rank,mlp_out,73000,719.6503451621762,3.1485781761811933,12
effective_rank,mlp_out,74000,719.5613368690994,3.155009316110326,12
effective_rank,mlp_out,75000,719.581220819372,3.162253327984708,12
effective_rank,mlp_out,76000,719.5695892836403,3.17462657587037,12
effective_rank,mlp_out,77000,719.5334269005866,3.182166463785661,12
effective_rank,mlp_out,78000,719.5029702076719,3.1914560132204324,12
effective_rank,mlp_out,79000,719.5028374592481,3.2018815707019472,12
effective_rank,mlp_out,80000,719.4907060501779,3.2106634176218276,12
effective_rank,mlp_out,81000,719.4204760689723,3.2172943064810493,12
effective_rank,mlp_out,82000,719.3675180716131,3.22869175762442,12
effective_rank,mlp_out,83000,719.3238208790027,3.2385891756967373,12
effective_rank,mlp_out,84000,719.2360991513364,3.248008593028653,12
effective_rank,mlp_out,85000,719.0852586268452,3.260768828757835,12
effective_rank,mlp_out,86000,719.043611492927,3.270171758903094,12
effective_rank,mlp_out,87000,718.9804034952103,3.2799428595309568,12
effective_rank,mlp_out,88000,718.9264487945853,3.288394066102892,12
effective_rank,mlp_out,89000,718.8835631360513,3.2957178313180773,12
effective_rank,mlp_out,90000,718.713381071962,3.3087333753847874,12
effective_rank,mlp_out,91000,718.5464918294592,3.3236130229528746,12
effective_rank,mlp_out,92000,718.4330164793922,3.3380052853080957,12
effective_rank,mlp_out,93000,718.2734071402186,3.3543029382604552,12
effective_rank,mlp_out,94000,718.1233255003172,3.372004008083662,12
effective_rank,mlp_out,95000,717.89400226419,3.3964307230672457,12
effective_rank,mlp_out,96000,717.7863130768756,3.4140328437416145,12
effective_rank,mlp_out,97000,717.644915213012,3.4320573998459434,12
effective_rank,mlp_out,98000,717.4987879223494,3.4558351669081255,12
effective_rank,mlp_out,99000,717.3621979015725,3.4777237854077963,12
effective_rank,mlp_out,100000,717.2209342714615,3.498711734639406,12
effective_rank,mlp_out,101000,717.0943405776526,3.5212220627359283,12
effective_rank,mlp_out,102000,716.9620786615195,3.5441298811718727,12
effective_rank,mlp_out,103000,716.8148472803874,3.5707088130126565,12
effective_rank,mlp_out,104000,716.6607310709995,3.597553890005658,12
effective_rank,mlp_out,105000,716.4459908522922,3.630414393299512,12
effective_rank,mlp_out,106000,716.2983051795371,3.6578264919920085,12
effective_rank,mlp_out,107000,716.1234933083961,3.68682011935562,12
effective_rank,mlp_out,108000,715.9281575139684,3.7195210106832657,12
effective_rank,mlp_out,109000,715.7591253272409,3.7575037887852307,12
effective_rank,mlp_out,110000,715.5880002683801,3.793201538745225,12
effective_rank,mlp_out,111000,715.4436005700373,3.8287298583732694,12
effective_rank,mlp_out,112000,715.3017408964546,3.860867441495945,12
effective_rank,mlp_out,113000,715.1837960081824,3.8928025715673855,12
effective_rank,mlp_out,114000,715.0521555900658,3.920578559479251,12
effective_rank,mlp_out,115000,714.9302019954977,3.9454716853414933,12
effective_rank,mlp_out,116000,714.8252703873385,3.9703057638455066,12
effective_rank,mlp_out,117000,714.7362045226527,3.9907076933283827,12
effective_rank,mlp_out,118000,714.6919075581544,4.003363841883111,12
effective_rank,mlp_out,119000,714.6435465030046,4.017206742922987,12
effective_rank,mlp_out,120000,714.5901414438431,4.032586173944508,12
effective_rank,mlp_out,121000,714.5479821816901,4.046465449302245,12
effective_rank,mlp_out,122000,714.4810667090792,4.0701555502361515,12
effective_rank,mlp_out,123000,714.4003236561388,4.09227493861695,12
effective_rank,mlp_out,124000,714.3243103086155,4.112211910309363,12
effective_rank,mlp_out,125000,714.2577590638062,4.1272118395326185,12
effective_rank,mlp_out,126000,714.146462561741,4.145924037022172,12
effective_rank,mlp_out,127000,714.0768006749989,4.160538409193932,12
effective_rank,mlp_out,128000,714.047095961441,4.170613160881513,12
effective_rank,mlp_out,129000,714.0138491414062,4.17660354596466,12
effective_rank,mlp_out,130000,714.0030577472126,4.176843534086338,12
effective_rank,mlp_out,131000,713.9284457608301,4.185884519107384,12
effective_rank,mlp_out,132000,713.8328159097828,4.202856983742346,12
effective_rank,mlp_out,133000,713.8101605784482,4.208001319642939,12
effective_rank,mlp_out,134000,713.8316154659246,4.202052623984743,12
effective_rank,mlp_out,135000,713.8279597690299,4.197839271490105,12
effective_rank,mlp_out,136000,713.8141016385752,4.19806901075888,12
effective_rank,mlp_out,137000,713.797498636846,4.1982338689602985,12
effective_rank,mlp_out,138000,713.7391037245939,4.205336632556649,12
effective_rank,mlp_out,139000,713.7170498459462,4.209167862465222,12
effective_rank,mlp_out,140000,713.7058945315513,4.2091712091886935,12
effective_rank,mlp_out,141000,713.7211655102034,4.203369545804494,12
effective_rank,mlp_out,142000,713.6885764922945,4.207204779657139,12
effective_rank,mlp_out,143000,713.6757351942979,4.2077113508865285,12
frobenius_norm,attention_out,1,4.619147506309564,0.0009947534461256327,12
frobenius_norm,attention_out,2,4.619151116645387,0.0009937549291699644,12
frobenius_norm,attention_out,4,4.619153892511721,0.000995462101649204,12
frobenius_norm,attention_out,8,4.619160188866602,0.0009920333876050754,12
frobenius_norm,attention_out,16,4.6192144952545675,0.0009939136029891477,12
frobenius_norm,attention_out,32,4.619739100787068,0.0009920037570136742,12
frobenius_norm,attention_out,64,4.622096431604517,0.0009640087614681724,12
frobenius_norm,attention_out,128,4.628742990797686,0.0019445330580930731,12
frobenius_norm,attention_out,256,4.647732529769245,0.0048252992317747035,12
frobenius_norm,attention_out,512,4.755648836008076,0.029205264375594422,12
frobenius_norm,attention_out,1000,5.625667776500763,0.15547656924840464,12
frobenius_norm,attention_out,2000,9.651365978286963,0.3201402237305099,12
frobenius_norm,attention_out,3000,13.26438296143568,0.4552944758525883,12
frobenius_norm,attention_out,4000,16.06235056029863,0.6042428707696224,12
frobenius_norm,attention_out,5000,18.269241528796908,0.743711176875842,12
frobenius_norm,attention_out,6000,20.052025059935733,0.8584522552108541,12
frobenius_norm,attention_out,7000,21.516758679118215,0.9546266486199343,12
frobenius_norm,attention_out,8000,22.742170638128787,1.0347988720465116,12
frobenius_norm,attention_out,9000,23.780885243654534,1.1012942656045621,12
frobenius_norm,attention_out,10000,24.66555454384651,1.1553364469212044,12
frobenius_norm,attention_out,11000,25.415072022985765,1.2033122017926017,12
frobenius_norm,attention_out,12000,26.065678937668622,1.2425268949956179,12
frobenius_norm,attention_out,13000,26.616284906320164,1.2784776076454436,12
frobenius_norm,attention_out,14000,27.094580773872355,1.3080722000828957,12
frobenius_norm,attention_out,15000,27.507421343284367,1.3315497815098751,12
frobenius_norm,attention_out,16000,27.86443149433372,1.355208822224554,12
frobenius_norm,attention_out,17000,28.164475620350203,1.3727955700575785,12
frobenius_norm,attention_out,18000,28.42067514427913,1.3862004163722668,12
frobenius_norm,attention_out,19000,28.637614857974555,1.395985169711899,12
frobenius_norm,attention_out,20000,28.814952319177696,1.4034254253766836,12
frobenius_norm,attention_out,21000,28.930313894202186,1.4051709408032171,12
frobenius_norm,attention_out,22000,29.00214689988574,1.4027329161764521,12
frobenius_norm,attention_out,23000,29.05902229185624,1.4073961232898526,12
frobenius_norm,attention_out,24000,29.11462164629715,1.4134270034465892,12
frobenius_norm,attention_out,25000,29.16041828541879,1.4163070510486349,12
frobenius_norm,attention_out,26000,29.18740691822912,1.4214161642387315,12
frobenius_norm,attention_out,27000,29.197289556891054,1.424468168984944,12
frobenius_norm,attention_out,28000,29.195555385828385,1.4274285061180996,12
frobenius_norm,attention_out,29000,29.186633324957555,1.424750175868926,12
frobenius_norm,attention_out,30000,29.167436729665102,1.4245880009511314,12
frobenius_norm,attention_out,31000,29.128579760812812,1.421440979519534,12
frobenius_norm,attention_out,32000,29.083446262187184,1.4156324797679682,12
frobenius_norm,attention_out,33000,29.023350072563293,1.4082848880953078,12
frobenius_norm,attention_out,34000,28.934571716253547,1.4016715191865712,12
frobenius_norm,attention_out,35000,28.832838305638507,1.3935340822021236,12
frobenius_norm,attention_out,36000,28.725232270958994,1.3851965628180036,12
frobenius_norm,attention_out,37000,28.62399302057692,1.373828414459621,12
frobenius_norm,attention_out,38000,28.519939441526414,1.36313442153192,12
frobenius_norm,attention_out,39000,28.422005257731467,1.3537414549464781,12
frobenius_norm,attention_out,40000,28.32960820351197,1.3468321097475324,12
frobenius_norm,attention_out,41000,28.240537992207283,1.3413025326373262,12
frobenius_norm,attention_out,42000,28.15582364009336,1.3367953971565039,12
frobenius_norm,attention_out,43000,28.070008307063034,1.3326057304754044,12
frobenius_norm,attention_out,44000,27.98049356953291,1.3281739207581231,12
frobenius_norm,attention_out,45000,27.889922267569375,1.3236824666851943,12
frobenius_norm,attention_out,46000,27.802068742319346,1.3184057035873733,12
frobenius_norm,attention_out,47000,27.70563561917992,1.3136104973463203,12
frobenius_norm,attention_out,48000,27.603004445591868,1.3066393346048146,12
frobenius_norm,attention_out,49000,27.496501672211053,1.2995103041547889,12
frobenius_norm,attention_out,50000,27.384869594779435,1.2893702865039012,12
frobenius_norm,attention_out,51000,27.270756874920533,1.2787064112558282,12
frobenius_norm,attention_out,52000,27.136558716446924,1.267357533969957,12
frobenius_norm,attention_out,53000,27.024309841050954,1.2530484357209082,12
frobenius_norm,attention_out,54000,26.868787844787363,1.2385399815785256,12
frobenius_norm,attention_out,55000,26.732231079313394,1.2241867346406001,12
frobenius_norm,attention_out,56000,26.59399358399716,1.2118041785930682,12
frobenius_norm,attention_out,57000,26.446581306834272,1.2019265633025342,12
frobenius_norm,attention_out,58000,26.303426842971533,1.193972544848317,12
frobenius_norm,attention_out,59000,26.16592799092788,1.1878290149375916,12
frobenius_norm,attention_out,60000,26.04301406987668,1.1800679023188836,12
frobenius_norm,attention_out,61000,25.907440542932218,1.174920268502523,12
frobenius_norm,attention_out,62000,25.775222159493598,1.1698363489125037,12
frobenius_norm,attention_out,63000,25.546246631866225,1.16130982899554,12
frobenius_norm,attention_out,64000,25.43526929055325,1.1437079031476618,12
frobenius_norm,attention_out,65000,25.303603373307467,1.1317962542126037,12
frobenius_norm,attention_out,66000,25.163927715237065,1.1218687852437033,12
frobenius_norm,attention_out,67000,25.028911393085234,1.110930242372368,12
frobenius_norm,attention_out,68000,24.88619025753015,1.1020749254967792,12
frobenius_norm,attention_out,69000,24.72756173610297,1.091671342605263,12
frobenius_norm,attention_out,70000,24.60823312017151,1.0799447270582305,12
frobenius_norm,attention_out,71000,24.430318765470556,1.0708119842631934,12
frobenius_norm,attention_out,72000,24.2024583746763,1.0585436633471579,12
frobenius_norm,attention_out,73000,24.04667205815377,1.0423466416047658,12
frobenius_norm,attention_out,74000,23.81613931610072,1.0266913430956324,12
frobenius_norm,attention_out,75000,23.684896913028087,1.0118773019574847,12
frobenius_norm,attention_out,76000,23.536862148535338,1.0017912165449725,12
frobenius_norm,attention_out,77000,23.361639085656943,0.9916119690250609,12
frobenius_norm,attention_out,78000,23.184201078582774,0.9805652020386111,12
frobenius_norm,attention_out,79000,23.051768548945265,0.9712340747926558,12
frobenius_norm,attention_out,80000,22.90144412914529,0.9645916518339162,12
frobenius_norm,attention_out,81000,22.703745870560365,0.9587558441738258,12
frobenius_norm,attention_out,82000,22.531963733239554,0.9500125156829127,12
frobenius_norm,attention_out,83000,22.35853634750254,0.9409022142404053,12
frobenius_norm,attention_out,84000,22.162440366572124,0.933484560479879,12
frobenius_norm,attention_out,85000,21.907433368141465,0.917135222149554,12
frobenius_norm,attention_out,86000,21.738184121402977,0.9062507557035647,12
frobenius_norm,attention_out,87000,21.560008006126804,0.896951307426133,12
frobenius_norm,attention_out,88000,21.388630191146223,0.889410286220468,12
frobenius_norm,attention_out,89000,21.226157839973713,0.8821970401645314,12
frobenius_norm,attention_out,90000,20.957137511382058,0.8687436879172346,12
frobenius_norm,attention_out,91000,20.703220891854826,0.8549487646324186,12
frobenius_norm,attention_out,92000,20.490744587656934,0.8426778319042871,12
frobenius_norm,attention_out,93000,20.24918586858364,0.8299966037299455,12
frobenius_norm,attention_out,94000,20.01667447462122,0.8182532621167662,12
frobenius_norm,attention_out,95000,19.71926209233829,0.8070077982802748,12
frobenius_norm,attention_out,96000,19.52161109378816,0.797017014493594,12
frobenius_norm,attention_out,97000,19.307214174899922,0.7893775337547493,12
frobenius_norm,attention_out,98000,19.09622034847656,0.7821538937817316,12
frobenius_norm,attention_out,99000,18.887327996080316,0.7747296840978249,12
frobenius_norm,attention_out,100000,18.671687552451477,0.7665529319654609,12
frobenius_norm,attention_out,101000,18.458066688804763,0.7542498492606582,12
frobenius_norm,attention_out,102000,18.267385830367108,0.743339790493643,12
frobenius_norm,attention_out,103000,18.07186823981356,0.7313396453614002,12
frobenius_norm,attention_out,104000,17.872974461054387,0.719377147590179,12
frobenius_norm,attention_out,105000,17.63452745666618,0.7128144930732637,12
frobenius_norm,attention_out,106000,17.447024211464136,0.6996591869133693,12
frobenius_norm,attention_out,107000,17.244876030675233,0.6918797823704528,12
frobenius_norm,attention_out,108000,17.052587101267328,0.6820024810306748,12
frobenius_norm,attention_out,109000,16.875870290353845,0.678792362255137,12
frobenius_norm,attention_out,110000,16.718460093805547,0.676440704361274,12
frobenius_norm,attention_out,111000,16.55963477040685,0.679478180820783,12
frobenius_norm,attention_out,112000,16.402503859571752,0.6868681634277837,12
frobenius_norm,attention_out,113000,16.270414354511768,0.6995823672167147,12
frobenius_norm,attention_out,114000,16.14872762869021,0.7097943793310715,12
frobenius_norm,attention_out,115000,16.016329316787115,0.7195069946725899,12
frobenius_norm,attention_out,116000,15.896269145731077,0.7329452959765156,12
frobenius_norm,attention_out,117000,15.77516659082331,0.7455037421637376,12
frobenius_norm,attention_out,118000,15.66204830956368,0.7559450669848553,12
frobenius_norm,attention_out,119000,15.538750134618569,0.7705077982800637,12
frobenius_norm,attention_out,120000,15.405002907362103,0.7902318750423138,12
frobenius_norm,attention_out,121000,15.270792068507006,0.8105435688926189,12
frobenius_norm,attention_out,122000,15.13987826398043,0.8360211081172335,12
frobenius_norm,attention_out,123000,15.020453961558472,0.8600296804457093,12
frobenius_norm,attention_out,124000,14.9080143030866,0.8819964521263016,12
frobenius_norm,attention_out,125000,14.814373369870708,0.9008189515122085,12
frobenius_norm,attention_out,126000,14.706628562502125,0.9177352647137101,12
frobenius_norm,attention_out,127000,14.611313159584308,0.9349908917052924,12
frobenius_norm,attention_out,128000,14.534390273106604,0.947571316773487,12
frobenius_norm,attention_out,129000,14.464230990325603,0.9566630067592476,12
frobenius_norm,attention_out,130000,14.394387120594857,0.963368113659675,12
frobenius_norm,attention_out,131000,14.325193740570917,0.9691368975873931,12
frobenius_norm,attention_out,132000,14.243588318378551,0.9773918386717665,12
frobenius_norm,attention_out,133000,14.17734868207802,0.9805700325999694,12
frobenius_norm,attention_out,134000,14.122904823557112,0.977406034742279,12
frobenius_norm,attention_out,135000,14.074601130174527,0.9715900677966317,12
frobenius_norm,attention_out,136000,14.023935752155973,0.967358754089294,12
frobenius_norm,attention_out,137000,13.975087578122396,0.9620635952104283,12
frobenius_norm,attention_out,138000,13.919169423383735,0.9608907094418448,12
frobenius_norm,attention_out,139000,13.863511558029723,0.9588117371863628,12
frobenius_norm,attention_out,140000,13.814991088241177,0.9540579080232583,12
frobenius_norm,attention_out,141000,13.77280372107532,0.9472576346266475,12
frobenius_norm,attention_out,142000,13.727603771199147,0.9425412851262055,12
frobenius_norm,attention_out,143000,13.684775635380696,0.9366848447709453,12
frobenius_norm,attention_qkv,1,30.366563297450288,0.0037853885475746508,12
frobenius_norm,attention_qkv,2,30.36658696786974,0.003774853406157673,12
frobenius_norm,attention_qkv,4,30.366602236494543,0.0037813258327072416,12
frobenius_norm,attention_qkv,8,30.36657843398244,0.003785089088551977,12
frobenius_norm,attention_qkv,16,30.36638415477526,0.0037824063023610415,12
frobenius_norm,attention_qkv,32,30.36624030633195,0.003778900833103271,12
frobenius_norm,attention_qkv,64,30.367422654255734,0.0037427474035998274,12
frobenius_norm,attention_qkv,128,30.391632808945246,0.0038019171763948433,12
frobenius_norm,attention_qkv,256,30.479071843062712,0.010524683605955997,12
frobenius_norm,attention_qkv,512,30.681477665991405,0.045607230009919675,12
frobenius_norm,attention_qkv,1000,31.156288217652243,0.2209903383677316,12
frobenius_norm,attention_qkv,2000,32.8575203110098,0.3116758055386809,12
frobenius_norm,attention_qkv,3000,34.62907594010834,0.34499992441468236,12
frobenius_norm,attention_qkv,4000,36.40661713055395,0.3659481728008475,12
frobenius_norm,attention_qkv,5000,38.13426401905902,0.38255023991309883,12
frobenius_norm,attention_qkv,6000,39.758101995009355,0.39103259822688463,12
frobenius_norm,attention_qkv,7000,41.23479497140171,0.39425999954362195,12
frobenius_norm,attention_qkv,8000,42.58172943583447,0.39735307894152716,12
frobenius_norm,attention_qkv,9000,43.806409545520154,0.4009814077644398,12
frobenius_norm,attention_qkv,10000,44.91102025998234,0.40841703812454166,12
frobenius_norm,attention_qkv,11000,45.906285313302455,0.4239026162941874,12
frobenius_norm,attention_qkv,12000,46.81483391288672,0.4438312507031064,12
frobenius_norm,attention_qkv,13000,47.6298342447422,0.466666823547206,12
frobenius_norm,attention_qkv,14000,48.36511216705588,0.49285022153581537,12
frobenius_norm,attention_qkv,15000,49.035086633462946,0.52061688739047,12
frobenius_norm,attention_qkv,16000,49.63588008040485,0.5489723827724137,12
frobenius_norm,attention_qkv,17000,50.197797920385575,0.5793717365811909,12
frobenius_norm,attention_qkv,18000,50.72491016810246,0.6138842428500081,12
frobenius_norm,attention_qkv,19000,51.26300684149146,0.6688146289942106,12
frobenius_norm,attention_qkv,20000,51.793103509480034,0.7558419308305223,12
frobenius_norm,attention_qkv,21000,52.44477427919454,0.9900221168904607,12
frobenius_norm,attention_qkv,22000,53.18471328181158,1.368782127576094,12
frobenius_norm,attention_qkv,23000,53.79843766864703,1.692086173398835,12
frobenius_norm,attention_qkv,24000,54.32286431350534,1.9557712955902002,12
frobenius_norm,attention_qkv,25000,54.762974296617074,2.1651006538999535,12
frobenius_norm,attention_qkv,26000,55.20226608044165,2.390034064415423,12
frobenius_norm,attention_qkv,27000,55.60805013186095,2.5904645948676643,12
frobenius_norm,attention_qkv,28000,55.9863748194986,2.7813255878089698,12
frobenius_norm,attention_qkv,29000,56.33946299342498,2.9472830213867547,12
frobenius_norm,attention_qkv,30000,56.6866637760736,3.0995837146711085,12
frobenius_norm,attention_qkv,31000,57.06354971326215,3.270741540019329,12
frobenius_norm,attention_qkv,32000,57.440525990819545,3.405945502577446,12
frobenius_norm,attention_qkv,33000,57.83676212166444,3.556148980539772,12
frobenius_norm,attention_qkv,34000,58.29849378691059,3.742677753756175,12
frobenius_norm,attention_qkv,35000,58.73192361147989,3.9169571191330146,12
frobenius_norm,attention_qkv,36000,59.185634673557196,4.108348560667902,12
frobenius_norm,attention_qkv,37000,59.64207221788718,4.3069709924325,12
frobenius_norm,attention_qkv,38000,60.09676289594588,4.524674398427959,12
frobenius_norm,attention_qkv,39000,60.542788201408264,4.740201372253412,12
frobenius_norm,attention_qkv,40000,60.988303258862864,4.959937210314725,12
frobenius_norm,attention_qkv,41000,61.417515242587875,5.163859035223833,12
frobenius_norm,attention_qkv,42000,61.82029115920366,5.351678734637499,12
frobenius_norm,attention_qkv,43000,62.232499700579126,5.5419781740070615,12
frobenius_norm,attention_qkv,44000,62.617834448757115,5.722993586889453,12
frobenius_norm,attention_qkv,45000,62.9578042358555,5.884010036845883,12
frobenius_norm,attention_qkv,46000,63.25157186968185,6.030821491566975,12
frobenius_norm,attention_qkv,47000,63.55804321766195,6.190398053137394,12
frobenius_norm,attention_qkv,48000,63.8490325539154,6.3426598010307345,12
frobenius_norm,attention_qkv,49000,64.07348446426312,6.467633213429263,12
frobenius_norm,attention_qkv,50000,64.24148724253183,6.577374375265929,12
frobenius_norm,attention_qkv,51000,64.40966113816022,6.684649440604362,12
frobenius_norm,attention_qkv,52000,64.6165868367065,6.811651758439635,12
frobenius_norm,attention_qkv,53000,64.69426682327513,6.878812333068801,12
frobenius_norm,attention_qkv,54000,64.92075336355389,7.009602095281497,12
frobenius_norm,attention_qkv,55000,65.05751688753982,7.101780102932354,12
frobenius_norm,attention_qkv,56000,65.15191543626584,7.195131641196537,12
frobenius_norm,attention_qkv,57000,65.30040527381384,7.308181541658639,12
frobenius_norm,attention_qkv,58000,65.43451948476483,7.420724358330859,12
frobenius_norm,attention_qkv,59000,65.5327919962955,7.527531540375313,12
frobenius_norm,attention_qkv,60000,65.54555339337229,7.599195751708985,12
frobenius_norm,attention_qkv,61000,65.65053269232004,7.7136352608201175,12
frobenius_norm,attention_qkv,62000,65.74234156955607,7.820872825207128,12
frobenius_norm,attention_qkv,63000,66.29572664848945,8.058798630577739,12
frobenius_norm,attention_qkv,64000,66.25945509362735,8.074208033559518,12
frobenius_norm,attention_qkv,65000,66.24179510353783,8.125040602948806,12
frobenius_norm,attention_qkv,66000,66.27663063753577,8.189899565099802,12
frobenius_norm,attention_qkv,67000,66.2682724037673,8.24136813392462,12
frobenius_norm,attention_qkv,68000,66.28017879525005,8.30267627123338,12
frobenius_norm,attention_qkv,69000,66.35596723598368,8.384253749310801,12
frobenius_norm,attention_qkv,70000,66.25630780538681,8.39262421824906,12
frobenius_norm,attention_qkv,71000,66.37210560243112,8.493294975694281,12
frobenius_norm,attention_qkv,72000,66.7549609400212,8.663065288589573,12
frobenius_norm,attention_qkv,73000,66.87061316744878,8.708366667858227,12
frobenius_norm,attention_qkv,74000,67.26501425901947,8.852612670447407,12
frobenius_norm,attention_qkv,75000,67.22682038029374,8.855125288040819,12
frobenius_norm,attention_qkv,76000,67.19475482824848,8.882595207503583,12
frobenius_norm,attention_qkv,77000,67.25916698174414,8.941206195586892,12
frobenius_norm,attention_qkv,78000,67.48129654982357,9.027901417264811,12
frobenius_norm,attention_qkv,79000,67.38265089094035,9.035346478018848,12
frobenius_norm,attention_qkv,80000,67.36822871324263,9.075154767684946,12
frobenius_norm,attention_qkv,81000,67.63683990078125,9.185816741903382,12
frobenius_norm,attention_qkv,82000,67.82643436066236,9.25791920230805,12
frobenius_norm,attention_qkv,83000,68.04282972867243,9.325282122973066,12
frobenius_norm,attention_qkv,84000,68.34562218553774,9.419292110888115,12
frobenius_norm,attention_qkv,85000,68.93039760210064,9.572423709256988,12
frobenius_norm,attention_qkv,86000,69.0695047026581,9.608305233251489,12
frobenius_norm,attention_qkv,87000,69.20944265422165,9.656173960858402,12
frobenius_norm,attention_qkv,88000,69.27751650175531,9.698121141583712,12
frobenius_norm,attention_qkv,89000,69.28420961783644,9.731381344352528,12
frobenius_norm,attention_qkv,90000,69.66172819780515,9.875725260527398,12
frobenius_norm,attention_qkv,91000,70.02199120274703,9.992147799849784,12
frobenius_norm,attention_qkv,92000,70.21159181111837,10.055423260387743,12
frobenius_norm,attention_qkv,93000,70.53901298066215,10.148553107604597,12
frobenius_norm,attention_qkv,94000,70.89397076737613,10.236875549433222,12
frobenius_norm,attention_qkv,95000,71.72341852253383,10.435203008880569,12
frobenius_norm,attention_qkv,96000,72.04769977154541,10.492144391147669,12
frobenius_norm,attention_qkv,97000,72.58307005033309,10.603626840014133,12
frobenius_norm,attention_qkv,98000,73.1798214921837,10.721131404840909,12
frobenius_norm,attention_qkv,99000,73.76848154468199,10.847339442340305,12
frobenius_norm,attention_qkv,100000,74.38149119735827,10.99473500663895,12
frobenius_norm,attention_qkv,101000,74.85898184772653,11.115121367366907,12
frobenius_norm,attention_qkv,102000,75.21801041939742,11.199710423018805,12
frobenius_norm,attention_qkv,103000,75.63429424033025,11.300359396860474,12
frobenius_norm,attention_qkv,104000,76.10041917700549,11.414311171664481,12
frobenius_norm,attention_qkv,105000,77.06169985382834,11.700913340550903,12
frobenius_norm,attention_qkv,106000,77.48663376035641,11.809858574776852,12
frobenius_norm,attention_qkv,107000,78.13871907564662,12.01576448628845,12
frobenius_norm,attention_qkv,108000,78.84819157764791,12.28420931847297,12
frobenius_norm,attention_qkv,109000,79.38727380728294,12.50267740249938,12
frobenius_norm,attention_qkv,110000,79.75016221725781,12.644314988113862,12
frobenius_norm,attention_qkv,111000,80.25063935230115,12.86064900692033,12
frobenius_norm,attention_qkv,112000,80.79863657272635,13.108617131489565,12
frobenius_norm,attention_qkv,113000,80.99563059806323,13.186228297303158,12
frobenius_norm,attention_qkv,114000,81.18658651327794,13.263362940263534,12
frobenius_norm,attention_qkv,115000,81.74575596840458,13.514764134873936,12
frobenius_norm,attention_qkv,116000,82.17487185493205,13.702120128561598,12
frobenius_norm,attention_qkv,117000,82.86723310412633,14.008960261652122,12
frobenius_norm,attention_qkv,118000,84.11811042248299,14.578352136386723,12
frobenius_norm,attention_qkv,119000,85.47599196941734,15.202738285491971,12
frobenius_norm,attention_qkv,120000,86.8959810271089,15.853407136434509,12
frobenius_norm,attention_qkv,121000,88.39132475398624,16.557153652974556,12
frobenius_norm,attention_qkv,122000,89.38930596981028,17.003425004005,12
frobenius_norm,attention_qkv,123000,89.7977233045786,17.147571542716996,12
frobenius_norm,attention_qkv,124000,90.11271885097807,17.23395143877716,12
frobenius_norm,attention_qkv,125000,90.10923464911282,17.19515844712153,12
frobenius_norm,attention_qkv,126000,90.45181011740924,17.26446121398345,12
frobenius_norm,attention_qkv,127000,90.53125838423784,17.237107986855477,12
frobenius_norm,attention_qkv,128000,90.37844198940421,17.15311405466107,12
frobenius_norm,attention_qkv,129000,90.17846260241726,17.060197624161496,12
frobenius_norm,attention_qkv,130000,89.94555371973702,16.96439605473707,12
frobenius_norm,attention_qkv,131000,89.80217130070314,16.884029402496264,12
frobenius_norm,attention_qkv,132000,89.80781034621405,16.826270262803757,12
frobenius_norm,attention_qkv,133000,89.6301397814924,16.73532405714295,12
frobenius_norm,attention_qkv,134000,89.35402184651491,16.63586750455637,12
frobenius_norm,attention_qkv,135000,89.07691120570077,16.538807199744245,12
frobenius_norm,attention_qkv,136000,88.82906530725234,16.44429920730676,12
frobenius_norm,attention_qkv,137000,88.58759104107112,16.35314785614118,12
frobenius_norm,attention_qkv,138000,88.4149043096428,16.274267744528345,12
frobenius_norm,attention_qkv,139000,88.22184305474968,16.19207047899552,12
frobenius_norm,attention_qkv,140000,87.99281467654727,16.104985595318254,12
frobenius_norm,attention_qkv,141000,87.72544053193515,16.013800525962644,12
frobenius_norm,attention_qkv,142000,87.50090242687482,15.93063420178137,12
frobenius_norm,attention_qkv,143000,87.26067139536134,15.848644186544565,12
frobenius_norm,mlp_in,1,35.05333890497496,0.0055069394655839704,12
frobenius_norm,mlp_in,2,35.053329998573055,0.00550041261163744,12
frobenius_norm,mlp_in,4,35.05334824736517,0.005506598592745791,12
frobenius_norm,mlp_in,8,35.05331649144787,0.0054822016484855395,12
frobenius_norm,mlp_in,16,35.053026145323,0.005499576121956088,12
frobenius_norm,mlp_in,32,35.05247251651467,0.005568864334089656,12
frobenius_norm,mlp_in,64,35.0531934636388,0.006033126617280066,12
frobenius_norm,mlp_in,128,35.06210352973323,0.008139547986768563,12
frobenius_norm,mlp_in,256,35.06639970245748,0.014166678194325126,12
frobenius_norm,mlp_in,512,35.074394794251,0.030046158814554753,12
frobenius_norm,mlp_in,1000,35.51006817911048,0.1363747189261875,12
frobenius_norm,mlp_in,2000,38.82252574339797,0.4867231788855605,12
frobenius_norm,mlp_in,3000,41.258377510506364,0.6141688755257895,12
frobenius_norm,mlp_in,4000,43.30411753844745,0.6841243117745041,12
frobenius_norm,mlp_in,5000,45.22337403458592,0.7354667316746236,12
frobenius_norm,mlp_in,6000,47.024906562187546,0.7673317276209402,12
frobenius_norm,mlp_in,7000,48.69732654627085,0.7868675597484848,12
frobenius_norm,mlp_in,8000,50.25166256304973,0.7933248299237964,12
frobenius_norm,mlp_in,9000,51.69019566111127,0.795100185778248,12
frobenius_norm,mlp_in,10000,53.01362428780785,0.7915811109014403,12
frobenius_norm,mlp_in,11000,54.221900580462496,0.7856982243628737,12
frobenius_norm,mlp_in,12000,55.34192789890122,0.776186954729066,12
frobenius_norm,mlp_in,13000,56.35228702462539,0.7676142119478486,12
frobenius_norm,mlp_in,14000,57.278589782659374,0.756467237121219,12
frobenius_norm,mlp_in,15000,58.12741031914439,0.7455255163599556,12
frobenius_norm,mlp_in,16000,58.88848620718007,0.7371949192422755,12
frobenius_norm,mlp_in,17000,59.58212810616009,0.7271459636152783,12
frobenius_norm,mlp_in,18000,60.21373704218109,0.719261632073791,12
frobenius_norm,mlp_in,19000,60.7776871800986,0.7119624674895799,12
frobenius_norm,mlp_in,20000,61.27714496376553,0.7064329352705492,12
frobenius_norm,mlp_in,21000,61.69483671562272,0.6984514990556884,12
frobenius_norm,mlp_in,22000,62.06978646925313,0.6922544128007536,12
frobenius_norm,mlp_in,23000,62.39419062453981,0.6908190412013994,12
frobenius_norm,mlp_in,24000,62.701103428281876,0.6930545830378296,12
frobenius_norm,mlp_in,25000,62.987213671901095,0.6946218888560082,12
frobenius_norm,mlp_in,26000,63.234911557669214,0.6979734033959867,12
frobenius_norm,mlp_in,27000,63.459384889407374,0.7010919480324613,12
frobenius_norm,mlp_in,28000,63.652841545674725,0.7051815474653582,12
frobenius_norm,mlp_in,29000,63.82253624672774,0.7080431056583948,12
frobenius_norm,mlp_in,30000,63.95739583460459,0.7117079821636487,12
frobenius_norm,mlp_in,31000,64.07062268076437,0.7139355880010516,12
frobenius_norm,mlp_in,32000,64.15091336676552,0.7159052478275509,12
frobenius_norm,mlp_in,33000,64.21287699676328,0.7187504109125034,12
frobenius_norm,mlp_in,34000,64.23285853502195,0.7215084436943355,12
frobenius_norm,mlp_in,35000,64.23359857487232,0.7234314426184056,12
frobenius_norm,mlp_in,36000,64.21464683956883,0.7256830439079945,12
frobenius_norm,mlp_in,37000,64.1868549213538,0.7279722990886406,12
frobenius_norm,mlp_in,38000,64.13789441592499,0.7297594495129647,12
frobenius_norm,mlp_in,39000,64.08615844174956,0.7309264783721893,12
frobenius_norm,mlp_in,40000,64.0220076400017,0.7325056740107405,12
frobenius_norm,mlp_in,41000,63.95160567290488,0.7342625951512635,12
frobenius_norm,mlp_in,42000,63.87719012970615,0.7360589778135074,12
frobenius_norm,mlp_in,43000,63.789332941103424,0.7354172597929273,12
frobenius_norm,mlp_in,44000,63.69814429466584,0.7360597318373969,12
frobenius_norm,mlp_in,45000,63.60282526788843,0.7361365652081429,12
frobenius_norm,mlp_in,46000,63.49742462598136,0.736463786389532,12
frobenius_norm,mlp_in,47000,63.38506835179019,0.7381976357410718,12
frobenius_norm,mlp_in,48000,63.258162694108215,0.737146659383319,12
frobenius_norm,mlp_in,49000,63.12646169837632,0.7375755796885003,12
frobenius_norm,mlp_in,50000,62.98609104461638,0.7381016278254633,12
frobenius_norm,mlp_in,51000,62.84075718255347,0.7373458701056028,12
frobenius_norm,mlp_in,52000,62.68646413068026,0.7375676335431189,12
frobenius_norm,mlp_in,53000,62.52990486782297,0.7374472429008904,12
frobenius_norm,mlp_in,54000,62.36812762581631,0.7345415844089267,12
frobenius_norm,mlp_in,55000,62.18470862264644,0.7322377639156097,12
frobenius_norm,mlp_in,56000,62.00076502094569,0.7295111395876577,12
frobenius_norm,mlp_in,57000,61.7951894988254,0.725670793326067,12
frobenius_norm,mlp_in,58000,61.58182007572628,0.7232051819145157,12
frobenius_norm,mlp_in,59000,61.360209126491014,0.7206239040160612,12
frobenius_norm,mlp_in,60000,61.137620626516906,0.7182984021345777,12
frobenius_norm,mlp_in,61000,60.90135681257605,0.7160961366619841,12
frobenius_norm,mlp_in,62000,60.662290183077005,0.7132412613754311,12
frobenius_norm,mlp_in,63000,60.397573236879225,0.71064556050352,12
frobenius_norm,mlp_in,64000,60.150997535960535,0.7090534020946815,12
frobenius_norm,mlp_in,65000,59.90771885728307,0.7068902794226671,12
frobenius_norm,mlp_in,66000,59.655660926503714,0.7039494286773667,12
frobenius_norm,mlp_in,67000,59.39838799133633,0.7011201438986969,12
frobenius_norm,mlp_in,68000,59.133665034738385,0.6995434864942073,12
frobenius_norm,mlp_in,69000,58.86075487184646,0.6978940146906111,12
frobenius_norm,mlp_in,70000,58.581229987563994,0.6969881475292194,12
frobenius_norm,mlp_in,71000,58.29387741042445,0.6941946620130129,12
frobenius_norm,mlp_in,72000,57.9871957035437,0.6919904799996823,12
frobenius_norm,mlp_in,73000,57.681566144993944,0.6919199252852354,12
frobenius_norm,mlp_in,74000,57.38066259470602,0.6899666095967694,12
frobenius_norm,mlp_in,75000,57.08464681808079,0.688877361434063,12
frobenius_norm,mlp_in,76000,56.801782668912296,0.6874429795098975,12
frobenius_norm,mlp_in,77000,56.5202030146253,0.6855255265386894,12
frobenius_norm,mlp_in,78000,56.2112972086718,0.6858771165552762,12
frobenius_norm,mlp_in,79000,55.921872422808526,0.6845833989929536,12
frobenius_norm,mlp_in,80000,55.62762080726804,0.6814912218379233,12
frobenius_norm,mlp_in,81000,55.32709741299339,0.6785684407827054,12
frobenius_norm,mlp_in,82000,55.02199105912362,0.6772797064125634,12
frobenius_norm,mlp_in,83000,54.71906106494479,0.6761602815288706,12
frobenius_norm,mlp_in,84000,54.425665755999084,0.6736454925952228,12
frobenius_norm,mlp_in,85000,54.11745211771605,0.6715072591891922,12
frobenius_norm,mlp_in,86000,53.81035183092089,0.6699011381841314,12
frobenius_norm,mlp_in,87000,53.51238336297778,0.6684034543688608,12
frobenius_norm,mlp_in,88000,53.21821229730039,0.6666699587538772,12
frobenius_norm,mlp_in,89000,52.93445291878724,0.6635518549337924,12
frobenius_norm,mlp_in,90000,52.664885801933,0.6605237127026022,12
frobenius_norm,mlp_in,91000,52.386707161356476,0.6578403956863517,12
frobenius_norm,mlp_in,92000,52.10273232629629,0.6555922257001966,12
frobenius_norm,mlp_in,93000,51.826321013704565,0.6524874615551488,12
frobenius_norm,mlp_in,94000,51.54836749140308,0.6492864139609923,12
frobenius_norm,mlp_in,95000,51.29401020701162,0.643940163222906,12
frobenius_norm,mlp_in,96000,51.01154481524025,0.6416162281759242,12
frobenius_norm,mlp_in,97000,50.73870888482597,0.6372349657193223,12
frobenius_norm,mlp_in,98000,50.4780696781207,0.633599756319031,12
frobenius_norm,mlp_in,99000,50.214902064771415,0.629473948117622,12
frobenius_norm,mlp_in,100000,49.963194092557025,0.6245911739041942,12
frobenius_norm,mlp_in,101000,49.71614427638204,0.6219685079421223,12
frobenius_norm,mlp_in,102000,49.46656647251914,0.6185784493869126,12
frobenius_norm,mlp_in,103000,49.227593524689404,0.6144587461970332,12
frobenius_norm,mlp_in,104000,48.99917278860075,0.6100018467911008,12
frobenius_norm,mlp_in,105000,48.80950975031514,0.601436140048447,12
frobenius_norm,mlp_in,106000,48.59012046066428,0.598430737175167,12
frobenius_norm,mlp_in,107000,48.40565098985771,0.5937525647608904,12
frobenius_norm,mlp_in,108000,48.256809760986535,0.5871853219570381,12
frobenius_norm,mlp_in,109000,48.09769603729661,0.5817679844108907,12
frobenius_norm,mlp_in,110000,47.926983419525044,0.5782074973010376,12
frobenius_norm,mlp_in,111000,47.788747603194075,0.573533938360339,12
frobenius_norm,mlp_in,112000,47.66044600860141,0.5688186239361435,12
frobenius_norm,mlp_in,113000,47.485357218880075,0.5659145526161089,12
frobenius_norm,mlp_in,114000,47.31581890977401,0.5631661682030803,12
frobenius_norm,mlp_in,115000,47.20372721371579,0.5601274731027045,12
frobenius_norm,mlp_in,116000,47.073558257817375,0.5569300560741324,12
frobenius_norm,mlp_in,117000,46.964473632044864,0.5543904383730885,12
frobenius_norm,mlp_in,118000,46.893382016198395,0.5505056664252361,12
frobenius_norm,mlp_in,119000,46.82188443395048,0.5507476166097668,12
frobenius_norm,mlp_in,120000,46.73608375783659,0.5536609336697815,12
frobenius_norm,mlp_in,121000,46.65149182439698,0.5605828151686288,12
frobenius_norm,mlp_in,122000,46.527574008307006,0.5601435145722465,12
frobenius_norm,mlp_in,123000,46.3740908160483,0.5526501742892388,12
frobenius_norm,mlp_in,124000,46.21685150371732,0.544085471923059,12
frobenius_norm,mlp_in,125000,46.04511104303432,0.5328011838191737,12
frobenius_norm,mlp_in,126000,45.89897794522303,0.5280044176133856,12
frobenius_norm,mlp_in,127000,45.738478781935584,0.5188918712868144,12
frobenius_norm,mlp_in,128000,45.57352696222415,0.5085592799028334,12
frobenius_norm,mlp_in,129000,45.410635611586464,0.4995444656640435,12
frobenius_norm,mlp_in,130000,45.25251014329939,0.4917609712251372,12
frobenius_norm,mlp_in,131000,45.093023167581514,0.48420606682811695,12
frobenius_norm,mlp_in,132000,44.940568356375856,0.4762155606624213,12
frobenius_norm,mlp_in,133000,44.78645116475792,0.46870517354641866,12
frobenius_norm,mlp_in,134000,44.63747406814167,0.4644962292435557,12
frobenius_norm,mlp_in,135000,44.48832542076381,0.4611023803514741,12
frobenius_norm,mlp_in,136000,44.34252591195574,0.45735662004534855,12
frobenius_norm,mlp_in,137000,44.19847947611894,0.4538526352656487,12
frobenius_norm,mlp_in,138000,44.05306881880298,0.44905724894973387,12
frobenius_norm,mlp_in,139000,43.91362292433598,0.4450265258073787,12
frobenius_norm,mlp_in,140000,43.774847458480174,0.44232825342126547,12
frobenius_norm,mlp_in,141000,43.63887195460359,0.4409868786905489,12
frobenius_norm,mlp_in,142000,43.502644129742215,0.4385068983990817,12
frobenius_norm,mlp_in,143000,43.36892903644693,0.4365566171025442,12
frobenius_norm,mlp_out,1,9.237460665560475,0.0011271915155951267,12
frobenius_norm,mlp_out,2,9.237469624145747,0.0011310458777032614,12
frobenius_norm,mlp_out,4,9.237462843830787,0.0011261165589436892,12
frobenius_norm,mlp_out,8,9.237462563311858,0.0011327316635030983,12
frobenius_norm,mlp_out,16,9.237475066107233,0.0011236206722124765,12
frobenius_norm,mlp_out,32,9.238322995205978,0.0010955226383005249,12
frobenius_norm,mlp_out,64,9.24508046520355,0.001314819264082325,12
frobenius_norm,mlp_out,128,9.270799988168704,0.0047639040471491555,12
frobenius_norm,mlp_out,256,9.313130181711424,0.012384149169702397,12
frobenius_norm,mlp_out,512,9.508399278966886,0.029629005855482136,12
frobenius_norm,mlp_out,1000,10.989034306792524,0.1601847863580655,12
frobenius_norm,mlp_out,2000,18.549863455962203,0.6431337358246397,12
frobenius_norm,mlp_out,3000,25.064426300525714,1.056143844560082,12
frobenius_norm,mlp_out,4000,30.06394764516547,1.3685907750100363,12
frobenius_norm,mlp_out,5000,34.01514298875174,1.6181181560659472,12
frobenius_norm,mlp_out,6000,37.240256091825955,1.8160511251982108,12
frobenius_norm,mlp_out,7000,39.89843474527233,1.9845463469681615,12
frobenius_norm,mlp_out,8000,42.14240713881809,2.1248720897130196,12
frobenius_norm,mlp_out,9000,44.05578943543506,2.246481740699756,12
frobenius_norm,mlp_out,10000,45.7132555889797,2.3443158364494296,12
frobenius_norm,mlp_out,11000,47.12773337173079,2.4322850282030988,12
frobenius_norm,mlp_out,12000,48.358477214743665,2.506561292583801,12
frobenius_norm,mlp_out,13000,49.40949415148555,2.573731186324198,12
frobenius_norm,mlp_out,14000,50.32698767870943,2.6300764097087828,12
frobenius_norm,mlp_out,15000,51.13233712532112,2.6757826277649754,12
frobenius_norm,mlp_out,16000,51.81193935842207,2.7188188058258294,12
frobenius_norm,mlp_out,17000,52.39988414552107,2.7553509990157323,12
frobenius_norm,mlp_out,18000,52.9133551483222,2.7840105627727856,12
frobenius_norm,mlp_out,19000,53.36291737232937,2.8077695014286506,12
frobenius_norm,mlp_out,20000,53.74487488475341,2.824871213958483,12
frobenius_norm,mlp_out,21000,54.04615225993414,2.836899945334137,12
frobenius_norm,mlp_out,22000,54.30100041904077,2.844526438338775,12
frobenius_norm,mlp_out,23000,54.506972708402,2.850869043295658,12
frobenius_norm,mlp_out,24000,54.678248447553635,2.8598331776464865,12
frobenius_norm,mlp_out,25000,54.83749040130249,2.864567869006041,12
frobenius_norm,mlp_out,26000,54.95075099146456,2.8684487141805217,12
frobenius_norm,mlp_out,27000,55.04709683886384,2.8705577741135175,12
frobenius_norm,mlp_out,28000,55.10010016829023,2.8748688444587196,12
frobenius_norm,mlp_out,29000,55.14486228299355,2.8722713269032174,12
frobenius_norm,mlp_out,30000,55.15693036047208,2.874055881867539,12
frobenius_norm,mlp_out,31000,55.153728148395324,2.87163358561444,12
frobenius_norm,mlp_out,32000,55.138319032676115,2.8668982897605346,12
frobenius_norm,mlp_out,33000,55.087192817263166,2.8638555164295996,12
frobenius_norm,mlp_out,34000,55.015351217669604,2.8592581759441305,12
frobenius_norm,mlp_out,35000,54.932186404251304,2.8519462380094027,12
frobenius_norm,mlp_out,36000,54.84263747593183,2.845971493442826,12
frobenius_norm,mlp_out,37000,54.74109222802641,2.840472518050561,12
frobenius_norm,mlp_out,38000,54.62660819193496,2.834216256514941,12
frobenius_norm,mlp_out,39000,54.514261468031954,2.825716054226367,12
frobenius_norm,mlp_out,40000,54.384519709662555,2.8176041226890813,12
frobenius_norm,mlp_out,41000,54.254267069561116,2.8065617694210836,12
frobenius_norm,mlp_out,42000,54.11111735631166,2.799009103950445,12
frobenius_norm,mlp_out,43000,53.96791774364189,2.789970220272505,12
frobenius_norm,mlp_out,44000,53.810677257236875,2.7814487108363886,12
frobenius_norm,mlp_out,45000,53.65278784802816,2.7738834860683497,12
frobenius_norm,mlp_out,46000,53.48678608436911,2.7642148766511347,12
frobenius_norm,mlp_out,47000,53.31238068967807,2.7555355178307637,12
frobenius_norm,mlp_out,48000,53.13991443938658,2.7463406192993487,12
frobenius_norm,mlp_out,49000,52.953041374364375,2.7381851856803725,12
frobenius_norm,mlp_out,50000,52.75447470529295,2.72971812118279,12
frobenius_norm,mlp_out,51000,52.560588075212515,2.7199448915801447,12
frobenius_norm,mlp_out,52000,52.35471251290149,2.7129180617309103,12
frobenius_norm,mlp_out,53000,52.14595859025756,2.705644207092892,12
frobenius_norm,mlp_out,54000,51.94099717376228,2.6982915168656074,12
frobenius_norm,mlp_out,55000,51.72985172289253,2.6898764897153034,12
frobenius_norm,mlp_out,56000,51.51793740379818,2.681844912152857,12
frobenius_norm,mlp_out,57000,51.298520746527295,2.672550743943766,12
frobenius_norm,mlp_out,58000,51.072556846379946,2.6640841745593975,12
frobenius_norm,mlp_out,59000,50.83903031771623,2.6546400015588456,12
frobenius_norm,mlp_out,60000,50.60081724005797,2.6440375718894695,12
frobenius_norm,mlp_out,61000,50.35986639955703,2.633385017757374,12
frobenius_norm,mlp_out,62000,50.116289635225456,2.6231110665671813,12
frobenius_norm,mlp_out,63000,49.8686879486467,2.6146731936009804,12
frobenius_norm,mlp_out,64000,49.618066854430246,2.605148471247874,12
frobenius_norm,mlp_out,65000,49.36158132912295,2.594345115978645,12
frobenius_norm,mlp_out,66000,49.10660511554152,2.5832017586263274,12
frobenius_norm,mlp_out,67000,48.841626173596126,2.5706816350069692,12
frobenius_norm,mlp_out,68000,48.569238140500886,2.5594813019317364,12
frobenius_norm,mlp_out,69000,48.29987619829402,2.54782661756844,12
frobenius_norm,mlp_out,70000,48.027430991473715,2.535463700077563,12
frobenius_norm,mlp_out,71000,47.75575088877619,2.5225697125065243,12
frobenius_norm,mlp_out,72000,47.477393775400884,2.512276841869645,12
frobenius_norm,mlp_out,73000,47.1954321529003,2.500683332051152,12
frobenius_norm,mlp_out,74000,46.914546414120274,2.490399483411414,12
frobenius_norm,mlp_out,75000,46.63040901986082,2.4786709691971374,12
frobenius_norm,mlp_out,76000,46.348419217205425,2.467728578543574,12
frobenius_norm,mlp_out,77000,46.06590891047306,2.455823537216782,12
frobenius_norm,mlp_out,78000,45.77775348576261,2.4451136459778855,12
frobenius_norm,mlp_out,79000,45.49424631387459,2.4329830126693044,12
frobenius_norm,mlp_out,80000,45.214759311943624,2.4203311512862857,12
frobenius_norm,mlp_out,81000,44.93992413709203,2.4078661365849676,12
frobenius_norm,mlp_out,82000,44.65847611414201,2.3971362821372155,12
frobenius_norm,mlp_out,83000,44.37841747624076,2.386011676415783,12
frobenius_norm,mlp_out,84000,44.09639612000854,2.374701456937154,12
frobenius_norm,mlp_out,85000,43.79449605329183,2.364754469710592,12
frobenius_norm,mlp_out,86000,43.510667860328134,2.353504171351134,12
frobenius_norm,mlp_out,87000,43.22679473691628,2.34266239425472,12
frobenius_norm,mlp_out,88000,42.94607396616919,2.33174791433592,12
frobenius_norm,mlp_out,89000,42.670634879030054,2.32035549657243,12
frobenius_norm,mlp_out,90000,42.3800954467465,2.312976669690981,12
frobenius_norm,mlp_out,91000,42.09713302569973,2.3057005082687785,12
frobenius_norm,mlp_out,92000,41.81996100343461,2.2977701611944332,12
frobenius_norm,mlp_out,93000,41.55256974924689,2.290302279249097,12
frobenius_norm,mlp_out,94000,41.28968517620989,2.2829938991530057,12
frobenius_norm,mlp_out,95000,41.05259089227996,2.277628414765396,12
frobenius_norm,mlp_out,96000,40.8007953311813,2.268816992277225,12
frobenius_norm,mlp_out,97000,40.563922554488514,2.259135461317446,12
frobenius_norm,mlp_out,98000,40.33290114313798,2.2488412466208367,12
frobenius_norm,mlp_out,99000,40.104737248972896,2.238852767926528,12
frobenius_norm,mlp_out,100000,39.8828103132846,2.2295883914515393,12
frobenius_norm,mlp_out,101000,39.66464069221372,2.2196230926323377,12
frobenius_norm,mlp_out,102000,39.445736894253464,2.2109160115632633,12
frobenius_norm,mlp_out,103000,39.2377916603675,2.2019873534461767,12
frobenius_norm,mlp_out,104000,39.03790365802907,2.1938626830895043,12
frobenius_norm,mlp_out,105000,38.86303612889076,2.1894660420273033,12
frobenius_norm,mlp_out,106000,38.674546286885544,2.180597197516702,12
frobenius_norm,mlp_out,107000,38.51162171609824,2.1752247007456544,12
frobenius_norm,mlp_out,108000,38.37656331048723,2.173602677423115,12
frobenius_norm,mlp_out,109000,38.24710038573641,2.1701685237387394,12
frobenius_norm,mlp_out,110000,38.11320750169724,2.165730022450937,12
frobenius_norm,mlp_out,111000,38.00454348374428,2.1667672259104327,12
frobenius_norm,mlp_out,112000,37.90343509776883,2.1701500999992254,12
frobenius_norm,mlp_out,113000,37.77470229081854,2.164072608101252,12
frobenius_norm,mlp_out,114000,37.65012438322518,2.1596441368802424,12
frobenius_norm,mlp_out,115000,37.55713087905758,2.1638680531080774,12
frobenius_norm,mlp_out,116000,37.454259969174096,2.1637076104455772,12
frobenius_norm,mlp_out,117000,37.36416112903615,2.1684454585570916,12
frobenius_norm,mlp_out,118000,37.281469029418886,2.1813614240360693,12
frobenius_norm,mlp_out,119000,37.19977245415914,2.1941548008001495,12
frobenius_norm,mlp_out,120000,37.11486646462285,2.203379371030113,12
frobenius_norm,mlp_out,121000,37.03338411704068,2.2127470985913154,12
frobenius_norm,mlp_out,122000,36.93607280983799,2.2105112283059083,12
frobenius_norm,mlp_out,123000,36.82996067727435,2.1992638412006285,12
frobenius_norm,mlp_out,124000,36.7232379525252,2.186792423882839,12
frobenius_norm,mlp_out,125000,36.60987060981686,2.1706547850024154,12
frobenius_norm,mlp_out,126000,36.509876354837964,2.161936836768691,12
frobenius_norm,mlp_out,127000,36.40428788432923,2.1479238920340626,12
frobenius_norm,mlp_out,128000,36.29397081088062,2.1337861677333647,12
frobenius_norm,mlp_out,129000,36.18167684513431,2.121577119991713,12
frobenius_norm,mlp_out,130000,36.06816054290585,2.110190207635109,12
frobenius_norm,mlp_out,131000,35.95327494255564,2.09865792482515,12
frobenius_norm,mlp_out,132000,35.84599450791192,2.087145706982048,12
frobenius_norm,mlp_out,133000,35.735383477068666,2.076517064657593,12
frobenius_norm,mlp_out,134000,35.620711832054674,2.067663758278087,12
frobenius_norm,mlp_out,135000,35.499175845768924,2.0578551306419453,12
frobenius_norm,mlp_out,136000,35.37977361939185,2.0478147943628224,12
frobenius_norm,mlp_out,137000,35.25956396003864,2.037995449838999,12
frobenius_norm,mlp_out,138000,35.14374029782069,2.0275751547158047,12
frobenius_norm,mlp_out,139000,35.03036626270494,2.017788835765264,12
frobenius_norm,mlp_out,140000,34.91552982396805,2.008813311909689,12
frobenius_norm,mlp_out,141000,34.79887481413431,2.0006427249874696,12
frobenius_norm,mlp_out,142000,34.68257372394822,1.9911564922774714,12
frobenius_norm,mlp_out,143000,34.566560303233416,1.9822637668399201,12
mp_outliers,attention_out,1,0.0,0.0,36
mp_outliers,attention_out,2,0.0,0.0,36
mp_outliers,attention_out,4,0.0,0.0,36
mp_outliers,attention_out,8,0.0,0.0,36
mp_outliers,attention_out,16,0.0,0.0,36
mp_outliers,attention_out,32,0.0,0.0,36
mp_outliers,attention_out,64,0.0,0.0,36
mp_outliers,attention_out,128,0.0,0.0,36
mp_outliers,attention_out,256,0.0,0.0,36
mp_outliers,attention_out,512,0.0,0.0,36
mp_outliers,attention_out,1000,0.0,0.0,36
mp_outliers,attention_out,2000,0.0,0.0,36
mp_outliers,attention_out,3000,0.0,0.0,36
mp_outliers,attention_out,4000,0.0,0.0,36
mp_outliers,attention_out,5000,0.0,0.0,36
mp_outliers,attention_out,6000,0.0,0.0,36
mp_outliers,attention_out,7000,0.0,0.0,36
mp_outliers,attention_out,8000,0.0,0.0,36
mp_outliers,attention_out,9000,0.0,0.0,36
mp_outliers,attention_out,10000,0.0,0.0,36
mp_outliers,attention_out,11000,0.0,0.0,36
mp_outliers,attention_out,12000,0.0,0.0,36
mp_outliers,attention_out,13000,0.0,0.0,36
mp_outliers,attention_out,14000,0.0,0.0,36
mp_outliers,attention_out,15000,0.0,0.0,36
mp_outliers,attention_out,16000,0.0,0.0,36
mp_outliers,attention_out,17000,0.0,0.0,36
mp_outliers,attention_out,18000,0.0,0.0,36
mp_outliers,attention_out,19000,0.0,0.0,36
mp_outliers,attention_out,20000,0.0,0.0,36
mp_outliers,attention_out,21000,0.0,0.0,36
mp_outliers,attention_out,22000,0.0,0.0,36
mp_outliers,attention_out,23000,0.0,0.0,36
mp_outliers,attention_out,24000,0.0,0.0,36
mp_outliers,attention_out,25000,0.0,0.0,36
mp_outliers,attention_out,26000,0.0,0.0,36
mp_outliers,attention_out,27000,0.0,0.0,36
mp_outliers,attention_out,28000,0.0,0.0,36
mp_outliers,attention_out,29000,0.0,0.0,36
mp_outliers,attention_out,30000,0.0,0.0,36
mp_outliers,attention_out,31000,0.0,0.0,36
mp_outliers,attention_out,32000,0.0,0.0,36
mp_outliers,attention_out,33000,0.0,0.0,36
mp_outliers,attention_out,34000,0.0,0.0,36
mp_outliers,attention_out,35000,0.0,0.0,36
mp_outliers,attention_out,36000,0.0,0.0,36
mp_outliers,attention_out,37000,0.0,0.0,36
mp_outliers,attention_out,38000,0.0,0.0,36
mp_outliers,attention_out,39000,0.0,0.0,36
mp_outliers,attention_out,40000,0.0,0.0,36
mp_outliers,attention_out,41000,0.0,0.0,36
mp_outliers,attention_out,42000,0.0,0.0,36
mp_outliers,attention_out,43000,0.0,0.0,36
mp_outliers,attention_out,44000,0.0,0.0,36
mp_outliers,attention_out,45000,0.0,0.0,36
mp_outliers,attention_out,46000,0.0,0.0,36
mp_outliers,attention_out,47000,0.0,0.0,36
mp_outliers,attention_out,48000,0.0,0.0,36
mp_outliers,attention_out,49000,0.0,0.0,36
mp_outliers,attention_out,50000,0.0,0.0,36
mp_outliers,attention_out,51000,0.0,0.0,36
mp_outliers,attention_out,52000,0.0,0.0,36
mp_outliers,attention_out,53000,0.0,0.0,36
mp_outliers,attention_out,54000,0.0,0.0,36
mp_outliers,attention_out,55000,0.0,0.0,36
mp_outliers,attention_out,56000,0.0,0.0,36
mp_outliers,attention_out,57000,0.0,0.0,36
mp_outliers,attention_out,58000,0.0,0.0,36
mp_outliers,attention_out,59000,0.0,0.0,36
mp_outliers,attention_out,60000,0.0,0.0,36
mp_outliers,attention_out,61000,0.0,0.0,36
mp_outliers,attention_out,62000,0.0,0.0,36
mp_outliers,attention_out,63000,0.0,0.0,36
mp_outliers,attention_out,64000,0.0,0.0,36
mp_outliers,attention_out,65000,0.0,0.0,36
mp_outliers,attention_out,66000,0.0,0.0,36
mp_outliers,attention_out,67000,0.0,0.0,36
mp_outliers,attention_out,68000,0.0,0.0,36
mp_outliers,attention_out,69000,0.0,0.0,36
mp_outliers,attention_out,70000,0.0,0.0,36
mp_outliers,attention_out,71000,0.0,0.0,36
mp_outliers,attention_out,72000,0.0,0.0,36
mp_outliers,attention_out,73000,0.0,0.0,36
mp_outliers,attention_out,74000,0.0,0.0,36
mp_outliers,attention_out,75000,0.0,0.0,36
mp_outliers,attention_out,76000,0.0,0.0,36
mp_outliers,attention_out,77000,0.0,0.0,36
mp_outliers,attention_out,78000,0.0,0.0,36
mp_outliers,attention_out,79000,0.0,0.0,36
mp_outliers,attention_out,80000,0.0,0.0,36
mp_outliers,attention_out,81000,0.0,0.0,36
mp_outliers,attention_out,82000,0.0,0.0,36
mp_outliers,attention_out,83000,0.0,0.0,36
mp_outliers,attention_out,84000,0.0,0.0,36
mp_outliers,attention_out,85000,0.0,0.0,36
mp_outliers,attention_out,86000,0.0,0.0,36
mp_outliers,attention_out,87000,0.0,0.0,36
mp_outliers,attention_out,88000,0.0,0.0,36
mp_outliers,attention_out,89000,0.0,0.0,36
mp_outliers,attention_out,90000,0.0,0.0,36
mp_outliers,attention_out,91000,0.0,0.0,36
mp_outliers,attention_out,92000,0.0,0.0,36
mp_outliers,attention_out,93000,0.0,0.0,36
mp_outliers,attention_out,94000,0.0,0.0,36
mp_outliers,attention_out,95000,0.0,0.0,36
mp_outliers,attention_out,96000,0.0,0.0,36
mp_outliers,attention_out,97000,0.0,0.0,36
mp_outliers,attention_out,98000,0.0,0.0,36
mp_outliers,attention_out,99000,0.0,0.0,36
mp_outliers,attention_out,100000,0.0,0.0,36
mp_outliers,attention_out,101000,0.0,0.0,36
mp_outliers,attention_out,102000,0.0,0.0,36
mp_outliers,attention_out,103000,0.0,0.0,36
mp_outliers,attention_out,104000,0.0,0.0,36
mp_outliers,attention_out,105000,0.0,0.0,36
mp_outliers,attention_out,106000,0.0,0.0,36
mp_outliers,attention_out,107000,0.0,0.0,36
mp_outliers,attention_out,108000,0.0,0.0,36
mp_outliers,attention_out,109000,0.0,0.0,36
mp_outliers,attention_out,110000,0.0,0.0,36
mp_outliers,attention_out,111000,0.0,0.0,36
mp_outliers,attention_out,112000,0.0,0.0,36
mp_outliers,attention_out,113000,0.0,0.0,36
mp_outliers,attention_out,114000,0.0,0.0,36
mp_outliers,attention_out,115000,0.0,0.0,36
mp_outliers,attention_out,116000,0.0,0.0,36
mp_outliers,attention_out,117000,0.0,0.0,36
mp_outliers,attention_out,118000,0.0,0.0,36
mp_outliers,attention_out,119000,0.0,0.0,36
mp_outliers,attention_out,120000,0.0,0.0,36
mp_outliers,attention_out,121000,0.0,0.0,36
mp_outliers,attention_out,122000,0.0,0.0,36
mp_outliers,attention_out,123000,0.0,0.0,36
mp_outliers,attention_out,124000,0.0,0.0,36
mp_outliers,attention_out,125000,0.0,0.0,36
mp_outliers,attention_out,126000,0.0,0.0,36
mp_outliers,attention_out,127000,0.0,0.0,36
mp_outliers,attention_out,128000,0.0,0.0,36
mp_outliers,attention_out,129000,0.0,0.0,36
mp_outliers,attention_out,130000,0.0,0.0,36
mp_outliers,attention_out,131000,0.0,0.0,36
mp_outliers,attention_out,132000,0.0,0.0,36
mp_outliers,attention_out,133000,0.0,0.0,36
mp_outliers,attention_out,134000,0.0,0.0,36
mp_outliers,attention_out,135000,0.0,0.0,36
mp_outliers,attention_out,136000,0.0,0.0,36
mp_outliers,attention_out,137000,0.0,0.0,36
mp_outliers,attention_out,138000,0.0,0.0,36
mp_outliers,attention_out,139000,0.0,0.0,36
mp_outliers,attention_out,140000,0.0,0.0,36
mp_outliers,attention_out,141000,0.0,0.0,36
mp_outliers,attention_out,142000,0.0,0.0,36
mp_outliers,attention_out,143000,0.0,0.0,36
mp_outliers,attention_qkv,1,0.027777777777777776,0.027777777777777776,36
mp_outliers,attention_qkv,2,0.027777777777777776,0.027777777777777776,36
mp_outliers,attention_qkv,4,0.027777777777777776,0.027777777777777776,36
mp_outliers,attention_qkv,8,0.027777777777777776,0.027777777777777776,36
mp_outliers,attention_qkv,16,0.027777777777777776,0.027777777777777776,36
mp_outliers,attention_qkv,32,0.027777777777777776,0.027777777777777776,36
mp_outliers,attention_qkv,64,0.027777777777777776,0.027777777777777776,36
mp_outliers,attention_qkv,128,0.16666666666666666,0.0629940788348712,36
mp_outliers,attention_qkv,256,1.5277777777777777,0.14078076568157544,36
mp_outliers,attention_qkv,512,4.666666666666667,0.37374127372092547,36
mp_outliers,attention_qkv,1000,14.555555555555555,1.5329422091450426,36
mp_outliers,attention_qkv,2000,41.52777777777778,2.3150597753985593,36
mp_outliers,attention_qkv,3000,62.083333333333336,2.7540374402361034,36
mp_outliers,attention_qkv,4000,75.75,3.039782521460669,36
mp_outliers,attention_qkv,5000,83.36111111111111,3.274275099169904,36
mp_outliers,attention_qkv,6000,87.38888888888889,3.4895030295585157,36
mp_outliers,attention_qkv,7000,89.41666666666667,3.6299842581319424,36
mp_outliers,attention_qkv,8000,90.33333333333333,3.6929791819200988,36
mp_outliers,attention_qkv,9000,90.66666666666667,3.7678674866329067,36
mp_outliers,attention_qkv,10000,90.94444444444444,3.789070423431232,36
mp_outliers,attention_qkv,11000,90.47222222222223,3.8418096990439827,36
mp_outliers,attention_qkv,12000,90.55555555555556,3.9578021086032344,36
mp_outliers,attention_qkv,13000,90.5,3.962622988928034,36
mp_outliers,attention_qkv,14000,90.30555555555556,3.9702903505124314,36
mp_outliers,attention_qkv,15000,90.05555555555556,3.9856776214707534,36
mp_outliers,attention_qkv,16000,90.02777777777777,3.982996820037689,36
mp_outliers,attention_qkv,17000,89.88888888888889,4.026455721725045,36
mp_outliers,attention_qkv,18000,89.83333333333333,4.045867968563435,36
mp_outliers,attention_qkv,19000,90.13888888888889,4.0463883127333515,36
mp_outliers,attention_qkv,20000,90.33333333333333,4.02275274936699,36
mp_outliers,attention_qkv,21000,90.66666666666667,3.9797104465143227,36
mp_outliers,attention_qkv,22000,91.30555555555556,3.9490443779626183,36
mp_outliers,attention_qkv,23000,92.05555555555556,3.8772729011396425,36
mp_outliers,attention_qkv,24000,92.83333333333333,3.8599490086277495,36
mp_outliers,attention_qkv,25000,93.63888888888889,3.8838601273135676,36
mp_outliers,attention_qkv,26000,94.58333333333333,3.972599604672943,36
mp_outliers,attention_qkv,27000,95.38888888888889,4.053859179897708,36
mp_outliers,attention_qkv,28000,95.66666666666667,4.1206025141191525,36
mp_outliers,attention_qkv,29000,96.13888888888889,4.17573352130103,36
mp_outliers,attention_qkv,30000,96.55555555555556,4.250946569555233,36
mp_outliers,attention_qkv,31000,97.41666666666667,4.35605307735092,36
mp_outliers,attention_qkv,32000,97.63888888888889,4.427395374935073,36
mp_outliers,attention_qkv,33000,98.41666666666667,4.507555385744644,36
mp_outliers,attention_qkv,34000,98.97222222222223,4.568436589773305,36
mp_outliers,attention_qkv,35000,99.55555555555556,4.680497267782701,36
mp_outliers,attention_qkv,36000,100.36111111111111,4.752301493859176,36
mp_outliers,attention_qkv,37000,101.27777777777777,4.844995963945952,36
mp_outliers,attention_qkv,38000,102.08333333333333,4.935195112014397,36
mp_outliers,attention_qkv,39000,102.55555555555556,5.044790562211526,36
mp_outliers,attention_qkv,40000,103.5,5.153285282841346,36
mp_outliers,attention_qkv,41000,104.08333333333333,5.2389528518709705,36
mp_outliers,attention_qkv,42000,105.13888888888889,5.3144237361417,36
mp_outliers,attention_qkv,43000,105.61111111111111,5.36704786841607,36
mp_outliers,attention_qkv,44000,105.75,5.4616084321989495,36
mp_outliers,attention_qkv,45000,106.05555555555556,5.538744405942223,36
mp_outliers,attention_qkv,46000,106.94444444444444,5.639281790987731,36
mp_outliers,attention_qkv,47000,107.27777777777777,5.730676448493601,36
mp_outliers,attention_qkv,48000,108.19444444444444,5.77347787189086,36
mp_outliers,attention_qkv,49000,107.91666666666667,5.818740249851173,36
mp_outliers,attention_qkv,50000,108.16666666666667,5.853027977716876,36
mp_outliers,attention_qkv,51000,108.55555555555556,5.893693757084156,36
mp_outliers,attention_qkv,52000,108.66666666666667,5.976674235779872,36
mp_outliers,attention_qkv,53000,108.66666666666667,6.030214926807507,36
mp_outliers,attention_qkv,54000,109.30555555555556,6.105919511950658,36
mp_outliers,attention_qkv,55000,109.05555555555556,6.131747264441937,36
mp_outliers,attention_qkv,56000,109.44444444444444,6.168847033388037,36
mp_outliers,attention_qkv,57000,109.83333333333333,6.2729578350248785,36
mp_outliers,attention_qkv,58000,109.91666666666667,6.374474768279232,36
mp_outliers,attention_qkv,59000,110.47222222222223,6.427802472137058,36
mp_outliers,attention_qkv,60000,110.63888888888889,6.483820250754313,36
mp_outliers,attention_qkv,61000,110.94444444444444,6.502251678914279,36
mp_outliers,attention_qkv,62000,111.41666666666667,6.614963196816601,36
mp_outliers,attention_qkv,63000,112.08333333333333,6.759164854019284,36
mp_outliers,attention_qkv,64000,112.25,6.747177540416789,36
mp_outliers,attention_qkv,65000,112.63888888888889,6.779187662364277,36
mp_outliers,attention_qkv,66000,112.97222222222223,6.79255966797742,36
mp_outliers,attention_qkv,67000,113.33333333333333,6.806159675162602,36
mp_outliers,attention_qkv,68000,113.58333333333333,6.838543310031356,36
mp_outliers,attention_qkv,69000,113.91666666666667,6.8869989086868575,36
mp_outliers,attention_qkv,70000,114.22222222222223,6.893188622307969,36
mp_outliers,attention_qkv,71000,114.72222222222223,6.919905852088139,36
mp_outliers,attention_qkv,72000,115.38888888888889,6.999464580178335,36
mp_outliers,attention_qkv,73000,116.08333333333333,6.9961866030093125,36
mp_outliers,attention_qkv,74000,117.25,7.044008486334719,36
mp_outliers,attention_qkv,75000,117.75,7.059989545385486,36
mp_outliers,attention_qkv,76000,118.05555555555556,7.069153251245467,36
mp_outliers,attention_qkv,77000,118.75,7.038034425280156,36
mp_outliers,attention_qkv,78000,119.63888888888889,7.105793832955799,36
mp_outliers,attention_qkv,79000,120.11111111111111,7.096363676210803,36
mp_outliers,attention_qkv,80000,120.5,7.126019837901009,36
mp_outliers,attention_qkv,81000,120.97222222222223,7.147259005204579,36
mp_outliers,attention_qkv,82000,121.80555555555556,7.198745420286946,36
mp_outliers,attention_qkv,83000,122.25,7.210703573975707,36
mp_outliers,attention_qkv,84000,123.05555555555556,7.299700411817786,36
mp_outliers,attention_qkv,85000,123.69444444444444,7.309465427269731,36
mp_outliers,attention_qkv,86000,124.13888888888889,7.372746120785119,36
mp_outliers,attention_qkv,87000,124.72222222222223,7.383229722062548,36
mp_outliers,attention_qkv,88000,125.08333333333333,7.409707810789157,36
mp_outliers,attention_qkv,89000,125.52777777777777,7.389340897977678,36
mp_outliers,attention_qkv,90000,126.25,7.453386893921191,36
mp_outliers,attention_qkv,91000,126.41666666666667,7.47815602005718,36
mp_outliers,attention_qkv,92000,126.91666666666667,7.542722236047057,36
mp_outliers,attention_qkv,93000,127.22222222222223,7.5459556192779775,36
mp_outliers,attention_qkv,94000,128.13888888888889,7.595231668073777,36
mp_outliers,attention_qkv,95000,128.63888888888889,7.649686452520097,36
mp_outliers,attention_qkv,96000,129.41666666666666,7.706663268247728,36
mp_outliers,attention_qkv,97000,130.33333333333334,7.714961757561403,36
mp_outliers,attention_qkv,98000,131.11111111111111,7.745534071964614,36
mp_outliers,attention_qkv,99000,132.05555555555554,7.800991435204506,36
mp_outliers,attention_qkv,100000,132.86111111111111,7.898578612111852,36
mp_outliers,attention_qkv,101000,133.69444444444446,7.93023343242612,36
mp_outliers,attention_qkv,102000,134.33333333333334,7.9877882986945705,36
mp_outliers,attention_qkv,103000,135.05555555555554,8.034542928539665,36
mp_outliers,attention_qkv,104000,135.52777777777777,8.055313351586014,36
mp_outliers,attention_qkv,105000,136.16666666666666,8.115974840957037,36
mp_outliers,attention_qkv,106000,136.44444444444446,8.112643908224854,36
mp_outliers,attention_qkv,107000,136.75,8.164224610583878,36
mp_outliers,attention_qkv,108000,137.22222222222223,8.193891560578868,36
mp_outliers,attention_qkv,109000,137.47222222222223,8.266444516130958,36
mp_outliers,attention_qkv,110000,137.83333333333334,8.304760539536804,36
mp_outliers,attention_qkv,111000,138.05555555555554,8.344843902260031,36
mp_outliers,attention_qkv,112000,138.19444444444446,8.398111980228144,36
mp_outliers,attention_qkv,113000,138.27777777777777,8.419517302371808,36
mp_outliers,attention_qkv,114000,138.33333333333334,8.447785471061595,36
mp_outliers,attention_qkv,115000,138.55555555555554,8.455808977701198,36
mp_outliers,attention_qkv,116000,138.77777777777777,8.481175337003814,36
mp_outliers,attention_qkv,117000,138.97222222222223,8.509703715125692,36
mp_outliers,attention_qkv,118000,139.19444444444446,8.54463717866307,36
mp_outliers,attention_qkv,119000,139.38888888888889,8.605302700538852,36
mp_outliers,attention_qkv,120000,139.66666666666666,8.609426358487669,36
mp_outliers,attention_qkv,121000,139.75,8.65377933768806,36
mp_outliers,attention_qkv,122000,139.83333333333334,8.678151730657712,36
mp_outliers,attention_qkv,123000,140.02777777777777,8.740844290257408,36
mp_outliers,attention_qkv,124000,140.22222222222223,8.74244445775904,36
mp_outliers,attention_qkv,125000,140.33333333333334,8.7753261595424,36
mp_outliers,attention_qkv,126000,140.47222222222223,8.784228843036994,36
mp_outliers,attention_qkv,127000,140.75,8.836196750631633,36
mp_outliers,attention_qkv,128000,140.97222222222223,8.848323858053668,36
mp_outliers,attention_qkv,129000,141.08333333333334,8.867845875757565,36
mp_outliers,attention_qkv,130000,141.0,8.85885800085796,36
mp_outliers,attention_qkv,131000,141.25,8.8672193705287,36
mp_outliers,attention_qkv,132000,141.41666666666666,8.869904081369674,36
mp_outliers,attention_qkv,133000,141.55555555555554,8.900726245065306,36
mp_outliers,attention_qkv,134000,141.80555555555554,8.920621681343619,36
mp_outliers,attention_qkv,135000,142.02777777777777,8.87581752202598,36
mp_outliers,attention_qkv,136000,142.16666666666666,8.919703532691605,36
mp_outliers,attention_qkv,137000,142.25,8.913283737440821,36
mp_outliers,attention_qkv,138000,142.36111111111111,8.922964200502923,36
mp_outliers,attention_qkv,139000,142.41666666666666,8.933117890081562,36
mp_outliers,attention_qkv,140000,142.66666666666666,8.9273078470962,36
mp_outliers,attention_qkv,141000,142.72222222222223,8.930117679161256,36
mp_outliers,attention_qkv,142000,142.83333333333334,8.914808440107368,36
mp_outliers,attention_qkv,143000,142.86111111111111,8.930699041035478,36
mp_outliers,mlp_in,1,0.027777777777777776,0.027777777777777776,36
mp_outliers,mlp_in,2,0.027777777777777776,0.027777777777777776,36
mp_outliers,mlp_in,4,0.027777777777777776,0.027777777777777776,36
mp_outliers,mlp_in,8,0.027777777777777776,0.027777777777777776,36
mp_outliers,mlp_in,16,0.027777777777777776,0.027777777777777776,36
mp_outliers,mlp_in,32,0.027777777777777776,0.027777777777777776,36
mp_outliers,mlp_in,64,0.027777777777777776,0.027777777777777776,36
mp_outliers,mlp_in,128,0.027777777777777776,0.027777777777777776,36
mp_outliers,mlp_in,256,0.027777777777777776,0.027777777777777776,36
mp_outliers,mlp_in,512,0.25,0.08333333333333333,36
mp_outliers,mlp_in,1000,5.25,0.884051819209496,36
mp_outliers,mlp_in,2000,33.5,3.1553683154822365,36
mp_outliers,mlp_in,3000,51.44444444444444,3.848406069647011,36
mp_outliers,mlp_in,4000,61.833333333333336,4.15675010417651,36
mp_outliers,mlp_in,5000,66.88888888888889,4.35594426512979,36
mp_outliers,mlp_in,6000,69.86111111111111,4.486868455410209,36
mp_outliers,mlp_in,7000,71.36111111111111,4.543293116856871,36
mp_outliers,mlp_in,8000,71.97222222222223,4.567394121953537,36
mp_outliers,mlp_in,9000,72.16666666666667,4.583354978303866,36
mp_outliers,mlp_in,10000,72.02777777777777,4.546145430098441,36
mp_outliers,mlp_in,11000,71.83333333333333,4.558700037482839,36
mp_outliers,mlp_in,12000,71.66666666666667,4.551469324940356,36
mp_outliers,mlp_in,13000,71.19444444444444,4.5166041894193105,36
mp_outliers,mlp_in,14000,70.80555555555556,4.503406020428588,36
mp_outliers,mlp_in,15000,70.58333333333333,4.48637708681285,36
mp_outliers,mlp_in,16000,70.27777777777777,4.495784817887505,36
mp_outliers,mlp_in,17000,70.16666666666667,4.490112594480356,36
mp_outliers,mlp_in,18000,69.83333333333333,4.490996283570898,36
mp_outliers,mlp_in,19000,69.86111111111111,4.512795349834572,36
mp_outliers,mlp_in,20000,69.58333333333333,4.523374039189409,36
mp_outliers,mlp_in,21000,69.19444444444444,4.525206203219677,36
mp_outliers,mlp_in,22000,69.08333333333333,4.528284127885214,36
mp_outliers,mlp_in,23000,68.86111111111111,4.530172703841586,36
mp_outliers,mlp_in,24000,68.58333333333333,4.520390311845712,36
mp_outliers,mlp_in,25000,68.44444444444444,4.525666563979777,36
mp_outliers,mlp_in,26000,68.05555555555556,4.526806303415464,36
mp_outliers,mlp_in,27000,67.86111111111111,4.527719349121495,36
mp_outliers,mlp_in,28000,67.69444444444444,4.514846662734744,36
mp_outliers,mlp_in,29000,67.36111111111111,4.487045334932834,36
mp_outliers,mlp_in,30000,67.41666666666667,4.532663641010624,36
mp_outliers,mlp_in,31000,67.16666666666667,4.507753461519526,36
mp_outliers,mlp_in,32000,67.11111111111111,4.5288804772730575,36
mp_outliers,mlp_in,33000,67.02777777777777,4.533908596398235,36
mp_outliers,mlp_in,34000,66.94444444444444,4.5290849218442455,36
mp_outliers,mlp_in,35000,66.72222222222223,4.519026990212783,36
mp_outliers,mlp_in,36000,66.5,4.524974787266424,36
mp_outliers,mlp_in,37000,66.55555555555556,4.526893963794118,36
mp_outliers,mlp_in,38000,66.25,4.523374039189409,36
mp_outliers,mlp_in,39000,66.25,4.531788076973941,36
mp_outliers,mlp_in,40000,66.16666666666667,4.5388097174031925,36
mp_outliers,mlp_in,41000,66.11111111111111,4.540606521575532,36
mp_outliers,mlp_in,42000,65.77777777777777,4.5408395683937846,36
mp_outliers,mlp_in,43000,65.66666666666667,4.526640718068555,36
mp_outliers,mlp_in,44000,65.69444444444444,4.538515847971974,36
mp_outliers,mlp_in,45000,65.75,4.537738580898137,36
mp_outliers,mlp_in,46000,65.55555555555556,4.554335880086358,36
mp_outliers,mlp_in,47000,65.41666666666667,4.54507844764401,36
mp_outliers,mlp_in,48000,65.19444444444444,4.541662419298047,36
mp_outliers,mlp_in,49000,65.38888888888889,4.564229064020957,36
mp_outliers,mlp_in,50000,65.0,4.548155041960892,36
mp_outliers,mlp_in,51000,64.97222222222223,4.520058665006131,36
mp_outliers,mlp_in,52000,65.05555555555556,4.5486688170336915,36
mp_outliers,mlp_in,53000,64.77777777777777,4.5359430707898225,36
mp_outliers,mlp_in,54000,64.75,4.56581066012674,36
mp_outliers,mlp_in,55000,64.94444444444444,4.561214062214181,36
mp_outliers,mlp_in,56000,64.69444444444444,4.54934487599099,36
mp_outliers,mlp_in,57000,64.83333333333333,4.566006208757573,36
mp_outliers,mlp_in,58000,64.69444444444444,4.554575484973821,36
mp_outliers,mlp_in,59000,64.44444444444444,4.552592919729257,36
mp_outliers,mlp_in,60000,64.61111111111111,4.565098406035745,36
mp_outliers,mlp_in,61000,64.38888888888889,4.561446056181832,36
mp_outliers,mlp_in,62000,64.52777777777777,4.555388595469317,36
mp_outliers,mlp_in,63000,64.08333333333333,4.559200535599363,36
mp_outliers,mlp_in,64000,63.94444444444444,4.552331418118413,36
mp_outliers,mlp_in,65000,63.916666666666664,4.553800959045441,36
mp_outliers,mlp_in,66000,63.888888888888886,4.574216521998435,36
mp_outliers,mlp_in,67000,63.888888888888886,4.560663029244096,36
mp_outliers,mlp_in,68000,63.888888888888886,4.5509074235173195,36
mp_outliers,mlp_in,69000,63.611111111111114,4.552563864736486,36
mp_outliers,mlp_in,70000,63.52777777777778,4.562178209763039,36
mp_outliers,mlp_in,71000,63.47222222222222,4.545272463083861,36
mp_outliers,mlp_in,72000,63.47222222222222,4.562004243317775,36
mp_outliers,mlp_in,73000,63.55555555555556,4.591130933130738,36
mp_outliers,mlp_in,74000,63.5,4.568265274592492,36
mp_outliers,mlp_in,75000,63.5,4.589065679364788,36
mp_outliers,mlp_in,76000,63.416666666666664,4.575014094869432,36
mp_outliers,mlp_in,77000,63.333333333333336,4.597100535482483,36
mp_outliers,mlp_in,78000,63.333333333333336,4.587249409271,36
mp_outliers,mlp_in,79000,63.25,4.577962220818133,36
mp_outliers,mlp_in,80000,63.166666666666664,4.603570043222666,36
mp_outliers,mlp_in,81000,63.166666666666664,4.602880395633579,36
mp_outliers,mlp_in,82000,63.111111111111114,4.610680798433577,36
mp_outliers,mlp_in,83000,63.388888888888886,4.642159763118233,36
mp_outliers,mlp_in,84000,63.333333333333336,4.650994090702119,36
mp_outliers,mlp_in,85000,63.30555555555556,4.632497260031304,36
mp_outliers,mlp_in,86000,63.083333333333336,4.632421116093116,36
mp_outliers,mlp_in,87000,63.138888888888886,4.64777686706198,36
mp_outliers,mlp_in,88000,63.25,4.6443984010780675,36
mp_outliers,mlp_in,89000,63.30555555555556,4.647890705153756,36
mp_outliers,mlp_in,90000,63.22222222222222,4.663623346288739,36
mp_outliers,mlp_in,91000,63.388888888888886,4.6658634985336676,36
mp_outliers,mlp_in,92000,63.388888888888886,4.679451497123672,36
mp_outliers,mlp_in,93000,63.333333333333336,4.695151163109068,36
mp_outliers,mlp_in,94000,63.166666666666664,4.683896763261214,36
mp_outliers,mlp_in,95000,63.19444444444444,4.685136823474179,36
mp_outliers,mlp_in,96000,63.361111111111114,4.683668481107209,36
mp_outliers,mlp_in,97000,63.27777777777778,4.694916384655484,36
mp_outliers,mlp_in,98000,63.416666666666664,4.694538366675735,36
mp_outliers,mlp_in,99000,63.30555555555556,4.6932608632872945,36
mp_outliers,mlp_in,100000,63.55555555555556,4.716644698660677,36
mp_outliers,mlp_in,101000,63.44444444444444,4.711257110645759,36
mp_outliers,mlp_in,102000,63.47222222222222,4.7317713906979035,36
mp_outliers,mlp_in,103000,63.55555555555556,4.733776713714816,36
mp_outliers,mlp_in,104000,63.75,4.758180090935798,36
mp_outliers,mlp_in,105000,63.888888888888886,4.796456658061567,36
mp_outliers,mlp_in,106000,64.0,4.808392134657376,36
mp_outliers,mlp_in,107000,64.13888888888889,4.817981000077479,36
mp_outliers,mlp_in,108000,64.27777777777777,4.827272244158597,36
mp_outliers,mlp_in,109000,64.58333333333333,4.845940045092894,36
mp_outliers,mlp_in,110000,64.66666666666667,4.863371356618878,36
mp_outliers,mlp_in,111000,64.66666666666667,4.865329235666232,36
mp_outliers,mlp_in,112000,64.72222222222223,4.862981499579834,36
mp_outliers,mlp_in,113000,64.66666666666667,4.859289908278618,36
mp_outliers,mlp_in,114000,64.58333333333333,4.8738653543223265,36
mp_outliers,mlp_in,115000,64.88888888888889,4.891485601869648,36
mp_outliers,mlp_in,116000,64.83333333333333,4.8943602140383895,36
mp_outliers,mlp_in,117000,64.77777777777777,4.901750758027907,36
mp_outliers,mlp_in,118000,64.86111111111111,4.895601002029866,36
mp_outliers,mlp_in,119000,64.97222222222223,4.913455143400427,36
mp_outliers,mlp_in,120000,64.91666666666667,4.904383364957942,36
mp_outliers,mlp_in,121000,64.94444444444444,4.903180769444293,36
mp_outliers,mlp_in,122000,64.94444444444444,4.889078279159897,36
mp_outliers,mlp_in,123000,64.86111111111111,4.8967356761609,36
mp_outliers,mlp_in,124000,64.86111111111111,4.89300647308779,36
mp_outliers,mlp_in,125000,64.80555555555556,4.891492362343439,36
mp_outliers,mlp_in,126000,64.77777777777777,4.890079220170309,36
mp_outliers,mlp_in,127000,64.72222222222223,4.8956753042152785,36
mp_outliers,mlp_in,128000,64.61111111111111,4.8923779036403365,36
mp_outliers,mlp_in,129000,64.55555555555556,4.88168661402295,36
mp_outliers,mlp_in,130000,64.63888888888889,4.88488968824414,36
mp_outliers,mlp_in,131000,64.58333333333333,4.877934607161727,36
mp_outliers,mlp_in,132000,64.44444444444444,4.87615585718531,36
mp_outliers,mlp_in,133000,64.58333333333333,4.884113378297384,36
mp_outliers,mlp_in,134000,64.58333333333333,4.884438360266008,36
mp_outliers,mlp_in,135000,64.47222222222223,4.872580573598359,36
mp_outliers,mlp_in,136000,64.52777777777777,4.877139109216852,36
mp_outliers,mlp_in,137000,64.5,4.882345910246587,36
mp_outliers,mlp_in,138000,64.55555555555556,4.880385823357868,36
mp_outliers,mlp_in,139000,64.5,4.884783629917614,36
mp_outliers,mlp_in,140000,64.41666666666667,4.879398707426125,36
mp_outliers,mlp_in,141000,64.36111111111111,4.866658965711092,36
mp_outliers,mlp_in,142000,64.5,4.891278276136329,36
mp_outliers,mlp_in,143000,64.63888888888889,4.904185575118749,36
mp_outliers,mlp_out,1,0.027777777777777776,0.027777777777777776,36
mp_outliers,mlp_out,2,0.027777777777777776,0.027777777777777776,36
mp_outliers,mlp_out,4,0.027777777777777776,0.027777777777777776,36
mp_outliers,mlp_out,8,0.027777777777777776,0.027777777777777776,36
mp_outliers,mlp_out,16,0.027777777777777776,0.027777777777777776,36
mp_outliers,mlp_out,32,0.05555555555555555,0.03871844735762053,36
mp_outliers,mlp_out,64,0.16666666666666666,0.0629940788348712,36
mp_outliers,mlp_out,128,0.6388888888888888,0.14449022473541837,36
mp_outliers,mlp_out,256,1.2222222222222223,0.24916084914728362,36
mp_outliers,mlp_out,512,5.75,0.8226698695623381,36
mp_outliers,mlp_out,1000,37.52777777777778,3.037722128819948,36
mp_outliers,mlp_out,2000,66.88888888888889,3.277575995941373,36
mp_outliers,mlp_out,3000,57.166666666666664,3.4877336071273732,36
mp_outliers,mlp_out,4000,51.861111111111114,3.8767014242756166,36
mp_outliers,mlp_out,5000,49.44444444444444,4.030133410774633,36
mp_outliers,mlp_out,6000,48.27777777777778,4.087652936046943,36
mp_outliers,mlp_out,7000,47.69444444444444,4.140933765649858,36
mp_outliers,mlp_out,8000,47.611111111111114,4.188472043593549,36
mp_outliers,mlp_out,9000,47.611111111111114,4.218492504716072,36
mp_outliers,mlp_out,10000,47.52777777777778,4.226425956626121,36
mp_outliers,mlp_out,11000,47.75,4.297909237003943,36
mp_outliers,mlp_out,12000,47.611111111111114,4.2903135227459535,36
mp_outliers,mlp_out,13000,47.44444444444444,4.2927484895293215,36
mp_outliers,mlp_out,14000,47.666666666666664,4.313507761248285,36
mp_outliers,mlp_out,15000,47.77777777777778,4.353635793312446,36
mp_outliers,mlp_out,16000,47.72222222222222,4.34679431435253,36
mp_outliers,mlp_out,17000,47.638888888888886,4.361475063167436,36
mp_outliers,mlp_out,18000,47.72222222222222,4.381166603918126,36
mp_outliers,mlp_out,19000,47.888888888888886,4.367771175793406,36
mp_outliers,mlp_out,20000,48.0,4.3960660624468355,36
mp_outliers,mlp_out,21000,48.111111111111114,4.3690429335499585,36
mp_outliers,mlp_out,22000,48.388888888888886,4.3874419957777135,36
mp_outliers,mlp_out,23000,48.30555555555556,4.390613986865373,36
mp_outliers,mlp_out,24000,48.361111111111114,4.373468489813697,36
mp_outliers,mlp_out,25000,48.19444444444444,4.353218011388095,36
mp_outliers,mlp_out,26000,48.27777777777778,4.36428708538616,36
mp_outliers,mlp_out,27000,48.47222222222222,4.342935535470879,36
mp_outliers,mlp_out,28000,48.333333333333336,4.3384585076063855,36
mp_outliers,mlp_out,29000,48.52777777777778,4.349144435314145,36
mp_outliers,mlp_out,30000,48.52777777777778,4.353521856763697,36
mp_outliers,mlp_out,31000,48.583333333333336,4.344376953155782,36
mp_outliers,mlp_out,32000,48.361111111111114,4.340498248368695,36
mp_outliers,mlp_out,33000,48.47222222222222,4.328657937680708,36
mp_outliers,mlp_out,34000,48.638888888888886,4.3432401001903225,36
mp_outliers,mlp_out,35000,48.77777777777778,4.336100052862057,36
mp_outliers,mlp_out,36000,48.72222222222222,4.325562833569811,36
mp_outliers,mlp_out,37000,48.55555555555556,4.296259806449673,36
mp_outliers,mlp_out,38000,48.638888888888886,4.304695254552627,36
mp_outliers,mlp_out,39000,48.638888888888886,4.303035616896773,36
mp_outliers,mlp_out,40000,48.77777777777778,4.299706728853099,36
mp_outliers,mlp_out,41000,48.666666666666664,4.273023538284121,36
mp_outliers,mlp_out,42000,48.638888888888886,4.271008352330747,36
mp_outliers,mlp_out,43000,48.75,4.2868153347544276,36
mp_outliers,mlp_out,44000,48.666666666666664,4.27265205177716,36
mp_outliers,mlp_out,45000,48.77777777777778,4.271000609706451,36
mp_outliers,mlp_out,46000,48.611111111111114,4.2559533984532765,36
mp_outliers,mlp_out,47000,48.72222222222222,4.258252699098859,36
mp_outliers,mlp_out,48000,48.638888888888886,4.249024683192301,36
mp_outliers,mlp_out,49000,48.5,4.228118272587006,36
mp_outliers,mlp_out,50000,48.611111111111114,4.252035512136824,36
mp_outliers,mlp_out,51000,48.72222222222222,4.246868334732938,36
mp_outliers,mlp_out,52000,48.583333333333336,4.227907096034445,36
mp_outliers,mlp_out,53000,48.666666666666664,4.252916832869132,36
mp_outliers,mlp_out,54000,48.55555555555556,4.235796891807015,36
mp_outliers,mlp_out,55000,48.416666666666664,4.238967941179694,36
mp_outliers,mlp_out,56000,48.333333333333336,4.222953153106642,36
mp_outliers,mlp_out,57000,48.333333333333336,4.211850251336406,36
mp_outliers,mlp_out,58000,48.25,4.22302362903981,36
mp_outliers,mlp_out,59000,48.138888888888886,4.2101828142974975,36
mp_outliers,mlp_out,60000,48.19444444444444,4.215583230741463,36
mp_outliers,mlp_out,61000,48.25,4.187163869475527,36
mp_outliers,mlp_out,62000,48.138888888888886,4.177063747661533,36
mp_outliers,mlp_out,63000,48.138888888888886,4.171740297236127,36
mp_outliers,mlp_out,64000,48.111111111111114,4.158711983481427,36
mp_outliers,mlp_out,65000,48.05555555555556,4.166370359834642,36
mp_outliers,mlp_out,66000,48.111111111111114,4.173951304044664,36
mp_outliers,mlp_out,67000,48.0,4.155126877133761,36
mp_outliers,mlp_out,68000,48.138888888888886,4.1452119592306556,36
mp_outliers,mlp_out,69000,48.166666666666664,4.142597145645604,36
mp_outliers,mlp_out,70000,48.0,4.141351669539023,36
mp_outliers,mlp_out,71000,48.111111111111114,4.132676172370515,36
mp_outliers,mlp_out,72000,48.111111111111114,4.136707105780194,36
mp_outliers,mlp_out,73000,48.30555555555556,4.134988041372401,36
mp_outliers,mlp_out,74000,48.25,4.124717402537252,36
mp_outliers,mlp_out,75000,48.416666666666664,4.144488595024207,36
mp_outliers,mlp_out,76000,48.138888888888886,4.125828974476692,36
mp_outliers,mlp_out,77000,48.111111111111114,4.117669586291436,36
mp_outliers,mlp_out,78000,48.388888888888886,4.11622376213499,36
mp_outliers,mlp_out,79000,48.27777777777778,4.1449167780549905,36
mp_outliers,mlp_out,80000,48.05555555555556,4.107087262870421,36
mp_outliers,mlp_out,81000,48.333333333333336,4.121565429215166,36
mp_outliers,mlp_out,82000,48.361111111111114,4.112920558469637,36
mp_outliers,mlp_out,83000,48.47222222222222,4.125893094490029,36
mp_outliers,mlp_out,84000,48.44444444444444,4.087814731234274,36
mp_outliers,mlp_out,85000,48.77777777777778,4.1288976028066,36
mp_outliers,mlp_out,86000,48.666666666666664,4.131950613574159,36
mp_outliers,mlp_out,87000,48.72222222222222,4.114938158634065,36
mp_outliers,mlp_out,88000,48.80555555555556,4.125957213506897,36
mp_outliers,mlp_out,89000,48.916666666666664,4.141423534111052,36
mp_outliers,mlp_out,90000,49.05555555555556,4.153587939235118,36
mp_outliers,mlp_out,91000,49.166666666666664,4.140489197383662,36
mp_outliers,mlp_out,92000,49.416666666666664,4.159398422620178,36
mp_outliers,mlp_out,93000,49.361111111111114,4.122365012715392,36
mp_outliers,mlp_out,94000,49.52777777777778,4.126662456938985,36
mp_outliers,mlp_out,95000,49.861111111111114,4.145977736710371,36
mp_outliers,mlp_out,96000,49.97222222222222,4.1282007516844565,36
mp_outliers,mlp_out,97000,50.22222222222222,4.127359567782249,36
mp_outliers,mlp_out,98000,50.27777777777778,4.129954669629225,36
mp_outliers,mlp_out,99000,50.5,4.144704021829717,36
mp_outliers,mlp_out,100000,50.611111111111114,4.143512385086058,36
mp_outliers,mlp_out,101000,50.861111111111114,4.141764208447583,36
mp_outliers,mlp_out,102000,51.138888888888886,4.1705986738188985,36
mp_outliers,mlp_out,103000,51.138888888888886,4.163361122667899,36
mp_outliers,mlp_out,104000,51.30555555555556,4.158910770947783,36
mp_outliers,mlp_out,105000,51.44444444444444,4.169512255827907,36
mp_outliers,mlp_out,106000,51.52777777777778,4.167997142077578,36
mp_outliers,mlp_out,107000,51.77777777777778,4.200172164103856,36
mp_outliers,mlp_out,108000,52.111111111111114,4.220091358707503,36
mp_outliers,mlp_out,109000,52.19444444444444,4.224610331320407,36
mp_outliers,mlp_out,110000,52.47222222222222,4.251514410129813,36
mp_outliers,mlp_out,111000,52.55555555555556,4.239168165715227,36
mp_outliers,mlp_out,112000,52.75,4.27160707276863,36
mp_outliers,mlp_out,113000,52.77777777777778,4.281208683936636,36
mp_outliers,mlp_out,114000,52.94444444444444,4.281177787145718,36
mp_outliers,mlp_out,115000,53.27777777777778,4.288710005316306,36
mp_outliers,mlp_out,116000,53.333333333333336,4.279704781392405,36
mp_outliers,mlp_out,117000,53.55555555555556,4.330300118717615,36
mp_outliers,mlp_out,118000,53.861111111111114,4.333727597041784,36
mp_outliers,mlp_out,119000,53.75,4.338344172461442,36
mp_outliers,mlp_out,120000,53.75,4.341635819285351,36
mp_outliers,mlp_out,121000,54.0,4.353433237386437,36
mp_outliers,mlp_out,122000,54.02777777777778,4.35406872500666,36
mp_outliers,mlp_out,123000,54.111111111111114,4.368134572934574,36
mp_outliers,mlp_out,124000,54.138888888888886,4.369655970217789,36
mp_outliers,mlp_out,125000,54.166666666666664,4.374801582802228,36
mp_outliers,mlp_out,126000,54.166666666666664,4.37443873950868,36
mp_outliers,mlp_out,127000,54.30555555555556,4.391336970446138,36
mp_outliers,mlp_out,128000,54.27777777777778,4.3808042878121,36
mp_outliers,mlp_out,129000,54.416666666666664,4.382391714903762,36
mp_outliers,mlp_out,130000,54.47222222222222,4.391457456137457,36
mp_outliers,mlp_out,131000,54.611111111111114,4.392504036510197,36
mp_outliers,mlp_out,132000,54.69444444444444,4.403609530367511,36
mp_outliers,mlp_out,133000,54.69444444444444,4.394950104353073,36
mp_outliers,mlp_out,134000,54.77777777777778,4.3915704084709075,36
mp_outliers,mlp_out,135000,54.80555555555556,4.388263467594321,36
mp_outliers,mlp_out,136000,54.80555555555556,4.395852923800977,36
mp_outliers,mlp_out,137000,54.72222222222222,4.389129991368307,36
mp_outliers,mlp_out,138000,54.77777777777778,4.3839735384569405,36
mp_outliers,mlp_out,139000,54.80555555555556,4.380660862741633,36
mp_outliers,mlp_out,140000,54.861111111111114,4.386695755037761,36
mp_outliers,mlp_out,141000,54.97222222222222,4.400304122085544,36
mp_outliers,mlp_out,142000,55.083333333333336,4.4163072630049,36
mp_outliers,mlp_out,143000,55.083333333333336,4.401005476746104,36
spectral_norm,attention_out,1,0.3321942885716756,0.0004970547392924515,12
spectral_norm,attention_out,2,0.33219489951928455,0.0004978799415732935,12
spectral_norm,attention_out,4,0.33219639708598453,0.0004975780689027144,12
spectral_norm,attention_out,8,0.3321975941459338,0.0004971890398498995,12
spectral_norm,attention_out,16,0.332190362115701,0.000498492461294761,12
spectral_norm,attention_out,32,0.33221963544686633,0.0005070382217864337,12
spectral_norm,attention_out,64,0.33256747076908744,0.000526488303484464,12
spectral_norm,attention_out,128,0.33718179414669674,0.002498414215782747,12
spectral_norm,attention_out,256,0.3624695787827174,0.012504845041543883,12
spectral_norm,attention_out,512,0.4466734205683072,0.029638259949525236,12
spectral_norm,attention_out,1000,0.660447229941686,0.022834348280224077,12
spectral_norm,attention_out,2000,1.2296708226203918,0.036966258084219376,12
spectral_norm,attention_out,3000,1.5706535577774048,0.03875579439728264,12
spectral_norm,attention_out,4000,1.8140792946020763,0.04132310120066728,12
spectral_norm,attention_out,5000,2.0140116810798645,0.04255401093346145,12
spectral_norm,attention_out,6000,2.182084023952484,0.04921123069135538,12
spectral_norm,attention_out,7000,2.324389715989431,0.05857184605640512,12
spectral_norm,attention_out,8000,2.447035829226176,0.06883173999894487,12
spectral_norm,attention_out,9000,2.562496622403463,0.07886833978165879,12
spectral_norm,attention_out,10000,2.657096803188324,0.08781598882601051,12
spectral_norm,attention_out,11000,2.742305060227712,0.09523691366085003,12
spectral_norm,attention_out,12000,2.8169036904970803,0.10086274664886544,12
spectral_norm,attention_out,13000,2.886723816394806,0.1061811963611673,12
spectral_norm,attention_out,14000,2.948092738787333,0.112352835509494,12
spectral_norm,attention_out,15000,3.001573065916697,0.11766303385089004,12
spectral_norm,attention_out,16000,3.0484583576520285,0.1235851449224403,12
spectral_norm,attention_out,17000,3.0895638863245645,0.12790827405943048,12
spectral_norm,attention_out,18000,3.1231330037117004,0.13086746910141528,12
spectral_norm,attention_out,19000,3.1519815325737,0.13505987547538797,12
spectral_norm,attention_out,20000,3.1761922240257263,0.1371887358195961,12
spectral_norm,attention_out,21000,3.197451591491699,0.13922574106685365,12
spectral_norm,attention_out,22000,3.23149041334788,0.14157936559359044,12
spectral_norm,attention_out,23000,3.2488731940587363,0.14290310789674676,12
spectral_norm,attention_out,24000,3.2590712706247964,0.1446369170808441,12
spectral_norm,attention_out,25000,3.2594741582870483,0.14406934884753417,12
spectral_norm,attention_out,26000,3.2614847819010415,0.1436604195823291,12
spectral_norm,attention_out,27000,3.2594414154688516,0.14240695931346453,12
spectral_norm,attention_out,28000,3.259886701901754,0.14354485632416647,12
spectral_norm,attention_out,29000,3.2599488894144693,0.14272097049523305,12
spectral_norm,attention_out,30000,3.2610913515090942,0.14428893245710528,12
spectral_norm,attention_out,31000,3.259049654006958,0.14533653285296988,12
spectral_norm,attention_out,32000,3.2574498057365417,0.14520294525884325,12
spectral_norm,attention_out,33000,3.2612080574035645,0.1456830896997204,12
spectral_norm,attention_out,34000,3.2741833527882895,0.14513817371569399,12
spectral_norm,attention_out,35000,3.282729168732961,0.1473986060733634,12
spectral_norm,attention_out,36000,3.2894489765167236,0.15088469875044114,12
spectral_norm,attention_out,37000,3.2932945688565574,0.1546907304327791,12
spectral_norm,attention_out,38000,3.294933795928955,0.15883295932170954,12
spectral_norm,attention_out,39000,3.2898629307746887,0.1602426583260413,12
spectral_norm,attention_out,40000,3.282560427983602,0.16117030569365418,12
spectral_norm,attention_out,41000,3.2719317277272544,0.16021598263607797,12
spectral_norm,attention_out,42000,3.260607282320658,0.15904141894787044,12
spectral_norm,attention_out,43000,3.2421175837516785,0.15579093422210574,12
spectral_norm,attention_out,44000,3.22910342613856,0.15404822397668147,12
spectral_norm,attention_out,45000,3.2137819131215415,0.15054376614808676,12
spectral_norm,attention_out,46000,3.197804808616638,0.14870794339852733,12
spectral_norm,attention_out,47000,3.183602213859558,0.14794911712662656,12
spectral_norm,attention_out,48000,3.1675442258516946,0.1462556847715192,12
spectral_norm,attention_out,49000,3.153273602326711,0.145518496451313,12
spectral_norm,attention_out,50000,3.1382323106129966,0.14437416609133202,12
spectral_norm,attention_out,51000,3.118930995464325,0.14104589964730888,12
spectral_norm,attention_out,52000,3.1019248167673745,0.14023861509875127,12
spectral_norm,attention_out,53000,3.0836435159047446,0.13816606626396805,12
spectral_norm,attention_out,54000,3.0680402716000876,0.13685748095199046,12
spectral_norm,attention_out,55000,3.0506097078323364,0.1360103644145984,12
spectral_norm,attention_out,56000,3.0341493487358093,0.13455272350166544,12
spectral_norm,attention_out,57000,3.0190765062967935,0.13355426527526637,12
spectral_norm,attention_out,58000,3.0071497162183127,0.1325754989625039,12
spectral_norm,attention_out,59000,2.9928651650746665,0.13245178663212714,12
spectral_norm,attention_out,60000,2.978544553120931,0.13174426290269955,12
spectral_norm,attention_out,61000,2.9625528852144876,0.13087215776596772,12
spectral_norm,attention_out,62000,2.9470621744791665,0.13064159670443298,12
spectral_norm,attention_out,63000,2.933291435241699,0.13018794552300283,12
spectral_norm,attention_out,64000,2.9123573303222656,0.12775084657909946,12
spectral_norm,attention_out,65000,2.8990063269933066,0.12637012047944038,12
spectral_norm,attention_out,66000,2.8856641054153442,0.12494324526905966,12
spectral_norm,attention_out,67000,2.8741580049196878,0.12336347185188909,12
spectral_norm,attention_out,68000,2.866953750451406,0.12246721212780334,12
spectral_norm,attention_out,69000,2.862537145614624,0.12284672121557114,12
spectral_norm,attention_out,70000,2.842969020207723,0.12165500355882662,12
spectral_norm,attention_out,71000,2.844632307688395,0.12340852249666566,12
spectral_norm,attention_out,72000,2.8428056041399636,0.12686615929765144,12
spectral_norm,attention_out,73000,2.8233513633410134,0.1263500491658114,12
spectral_norm,attention_out,74000,2.8161341746648154,0.12925208729321042,12
spectral_norm,attention_out,75000,2.7888181606928506,0.12617193983435965,12
spectral_norm,attention_out,76000,2.770693759123484,0.12532304589222978,12
spectral_norm,attention_out,77000,2.7594358325004578,0.12681988280665557,12
spectral_norm,attention_out,78000,2.752136011918386,0.128649597114431,12
spectral_norm,attention_out,79000,2.729901055494944,0.1276398059847063,12
spectral_norm,attention_out,80000,2.717062075932821,0.1271898124718997,12
spectral_norm,attention_out,81000,2.718732794125875,0.13042174759484768,12
spectral_norm,attention_out,82000,2.7106615702311196,0.13142846888924556,12
spectral_norm,attention_out,83000,2.70080159107844,0.13083182575616892,12
spectral_norm,attention_out,84000,2.6998703479766846,0.13300065486753573,12
spectral_norm,attention_out,85000,2.6996116240819297,0.1344124630816943,12
spectral_norm,attention_out,86000,2.684311111768087,0.13339762444661024,12
spectral_norm,attention_out,87000,2.6710851987202964,0.13250476379506412,12
spectral_norm,attention_out,88000,2.6530583699544272,0.13031181745030304,12
spectral_norm,attention_out,89000,2.635994335015615,0.12869999214657535,12
spectral_norm,attention_out,90000,2.636509815851847,0.1315307756170389,12
spectral_norm,attention_out,91000,2.6352575620015464,0.13413534979467168,12
spectral_norm,attention_out,92000,2.6269144415855408,0.13467322848797827,12
spectral_norm,attention_out,93000,2.627204676469167,0.1388793259114,12
spectral_norm,attention_out,94000,2.6295017202695212,0.14525221054062323,12
spectral_norm,attention_out,95000,2.6429693698883057,0.1615638316359712,12
spectral_norm,attention_out,96000,2.6315672397613525,0.16489707227070904,12
spectral_norm,attention_out,97000,2.6296592156092324,0.17293989345916602,12
spectral_norm,attention_out,98000,2.6175480087598166,0.17546760152559177,12
spectral_norm,attention_out,99000,2.60766871770223,0.17703003321472696,12
spectral_norm,attention_out,100000,2.593849301338196,0.17476308756322656,12
spectral_norm,attention_out,101000,2.572671115398407,0.16921787696959079,12
spectral_norm,attention_out,102000,2.560194412867228,0.1662271550409851,12
spectral_norm,attention_out,103000,2.5464726289113364,0.16428705867563795,12
spectral_norm,attention_out,104000,2.535009374221166,0.16298218814135154,12
spectral_norm,attention_out,105000,2.5303927262624106,0.1627041250518202,12
spectral_norm,attention_out,106000,2.519152988990148,0.16082141539669204,12
spectral_norm,attention_out,107000,2.5107177396615348,0.15922972710270722,12
spectral_norm,attention_out,108000,2.503162294626236,0.15643285132684134,12
spectral_norm,attention_out,109000,2.496605853239695,0.15499816061188798,12
spectral_norm,attention_out,110000,2.491268793741862,0.1539886902113279,12
spectral_norm,attention_out,111000,2.4794896841049194,0.15189861831833187,12
spectral_norm,attention_out,112000,2.467370549837748,0.1506992510280973,12
spectral_norm,attention_out,113000,2.462236056725184,0.1532503164860821,12
spectral_norm,attention_out,114000,2.4571828643480935,0.15505602638782728,12
spectral_norm,attention_out,115000,2.4461507499217987,0.15375910958949876,12
spectral_norm,attention_out,116000,2.437650372584661,0.15412761532887836,12
spectral_norm,attention_out,117000,2.4257029394308725,0.15332655604118084,12
spectral_norm,attention_out,118000,2.4060479501883187,0.15265335582063772,12
spectral_norm,attention_out,119000,2.391036182641983,0.1532493210118102,12
spectral_norm,attention_out,120000,2.378951629002889,0.15467359557168345,12
spectral_norm,attention_out,121000,2.365525007247925,0.15444503816710478,12
spectral_norm,attention_out,122000,2.358494907617569,0.15791995301596182,12
spectral_norm,attention_out,123000,2.3510822057724,0.1618648375176238,12
spectral_norm,attention_out,124000,2.344536473353704,0.16616396756902668,12
spectral_norm,attention_out,125000,2.337767153978348,0.16964856763608194,12
spectral_norm,attention_out,126000,2.337343235810598,0.1738975489626489,12
spectral_norm,attention_out,127000,2.328019301096598,0.17751816978945129,12
spectral_norm,attention_out,128000,2.3153802851835885,0.17877525469892536,12
spectral_norm,attention_out,129000,2.303329199552536,0.18017910246265184,12
spectral_norm,attention_out,130000,2.286556382973989,0.18050576338527805,12
spectral_norm,attention_out,131000,2.2811978260676065,0.18399271890447566,12
spectral_norm,attention_out,132000,2.277849485476812,0.18783095269418906,12
spectral_norm,attention_out,133000,2.265681197245916,0.18845169910155768,12
spectral_norm,attention_out,134000,2.247818132241567,0.18715016003692186,12
spectral_norm,attention_out,135000,2.2355005741119385,0.186832893473417,12
spectral_norm,attention_out,136000,2.2232866684595742,0.1869374494998607,12
spectral_norm,attention_out,137000,2.212458461523056,0.1874123335907199,12
spectral_norm,attention_out,138000,2.2069925467173257,0.18879712643373825,12
spectral_norm,attention_out,139000,2.1960128843784332,0.18875682580323733,12
spectral_norm,attention_out,140000,2.1849317650000253,0.1885874419838498,12
spectral_norm,attention_out,141000,2.1695826649665833,0.18699162912961848,12
spectral_norm,attention_out,142000,2.16005939245224,0.1870083174733205,12
spectral_norm,attention_out,143000,2.1487432519594827,0.18617160662187388,12
spectral_norm,attention_qkv,1,1.7210100491841633,0.0013213371636855047,12
spectral_norm,attention_qkv,2,1.721008559068044,0.001321864247222559,12
spectral_norm,attention_qkv,4,1.7210096915562947,0.0013229331150221538,12
spectral_norm,attention_qkv,8,1.7210058669249217,0.0013279575255325457,12
spectral_norm,attention_qkv,16,1.7209696471691132,0.0013275745871581127,12
spectral_norm,attention_qkv,32,1.7209200064341228,0.0013300684907619398,12
spectral_norm,attention_qkv,64,1.7209811906019847,0.0013509408868598108,12
spectral_norm,attention_qkv,128,1.7331176698207855,0.004972839041544216,12
spectral_norm,attention_qkv,256,2.2509928047657013,0.10451010612261213,12
spectral_norm,attention_qkv,512,3.0944497684637704,0.21298314400304322,12
spectral_norm,attention_qkv,1000,4.108705898125966,0.30577541502013944,12
spectral_norm,attention_qkv,2000,6.05621612071991,0.318522916364319,12
spectral_norm,attention_qkv,3000,6.895612398783366,0.2779108139198942,12
spectral_norm,attention_qkv,4000,7.375133593877156,0.2505871373454284,12
spectral_norm,attention_qkv,5000,7.698078552881877,0.23753292878652169,12
spectral_norm,attention_qkv,6000,7.914847493171692,0.22960947705415216,12
spectral_norm,attention_qkv,7000,8.06259266535441,0.2268567615716753,12
spectral_norm,attention_qkv,8000,8.159543116887411,0.22406310511958993,12
spectral_norm,attention_qkv,9000,8.223424077033997,0.22234813870282197,12
spectral_norm,attention_qkv,10000,8.25814139842987,0.21717294527886846,12
spectral_norm,attention_qkv,11000,8.27383009592692,0.21247000815314013,12
spectral_norm,attention_qkv,12000,8.274530092875162,0.2103478282446994,12
spectral_norm,attention_qkv,13000,8.295491536458334,0.21974681774273003,12
spectral_norm,attention_qkv,14000,8.290772398312887,0.2193268986929124,12
spectral_norm,attention_qkv,15000,8.284170707066854,0.2198275107984235,12
spectral_norm,attention_qkv,16000,8.293516159057617,0.23201525036604081,12
spectral_norm,attention_qkv,17000,8.38363746802012,0.3100319430951112,12
spectral_norm,attention_qkv,18000,8.562774459520975,0.4799522089459978,12
spectral_norm,attention_qkv,19000,8.905335823694864,0.8253674467138946,12
spectral_norm,attention_qkv,20000,9.28785757223765,1.215208083139477,12
spectral_norm,attention_qkv,21000,10.007452170054117,1.9449253925386756,12
spectral_norm,attention_qkv,22000,10.744229157765707,2.6944292672555834,12
spectral_norm,attention_qkv,23000,11.202031572659811,3.149657127158262,12
spectral_norm,attention_qkv,24000,11.489126165707907,3.430096605720948,12
spectral_norm,attention_qkv,25000,11.668577114741007,3.5884832758188407,12
spectral_norm,attention_qkv,26000,11.877890547116598,3.7308380143238025,12
spectral_norm,attention_qkv,27000,12.086883227030436,3.834656709786408,12
spectral_norm,attention_qkv,28000,12.341280182202658,3.937264700844031,12
spectral_norm,attention_qkv,29000,12.619356830914816,4.035468148061128,12
spectral_norm,attention_qkv,30000,12.938167254130045,4.12854439714397,12
spectral_norm,attention_qkv,31000,13.371654232343039,4.260003268263729,12
spectral_norm,attention_qkv,32000,13.813775380452475,4.363265268377407,12
spectral_norm,attention_qkv,33000,14.316594878832499,4.505300943961731,12
spectral_norm,attention_qkv,34000,14.870083093643188,4.667668971026448,12
spectral_norm,attention_qkv,35000,15.347829977671305,4.802408615551536,12
spectral_norm,attention_qkv,36000,15.82304072380066,4.954220429439169,12
spectral_norm,attention_qkv,37000,16.27847719192505,5.1149675784398125,12
spectral_norm,attention_qkv,38000,16.703099131584167,5.278654590431951,12
spectral_norm,attention_qkv,39000,17.134664297103882,5.446448051625913,12
spectral_norm,attention_qkv,40000,17.54648021856944,5.603119959334458,12
spectral_norm,attention_qkv,41000,17.93712568283081,5.743663820750563,12
spectral_norm,attention_qkv,42000,18.28865150610606,5.868749623761655,12
spectral_norm,attention_qkv,43000,18.650968154271443,6.004611632002753,12
spectral_norm,attention_qkv,44000,18.990266879399616,6.128129076512419,12
spectral_norm,attention_qkv,45000,19.285164952278137,6.24219251031497,12
spectral_norm,attention_qkv,46000,19.52981126308441,6.33659111175109,12
spectral_norm,attention_qkv,47000,19.782257835070293,6.432556801711136,12
spectral_norm,attention_qkv,48000,20.030223925908405,6.519608945674381,12
spectral_norm,attention_qkv,49000,20.233826160430908,6.567777964389941,12
spectral_norm,attention_qkv,50000,20.409728209177654,6.5852922552803435,12
spectral_norm,attention_qkv,51000,20.61474684874217,6.604449025955678,12
spectral_norm,attention_qkv,52000,20.89733064174652,6.630275764518911,12
spectral_norm,attention_qkv,53000,21.04321273167928,6.598047395131002,12
spectral_norm,attention_qkv,54000,21.37927254041036,6.63130944338205,12
spectral_norm,attention_qkv,55000,21.558790882428486,6.622848674066133,12
spectral_norm,attention_qkv,56000,21.705248435338337,6.6401338335669005,12
spectral_norm,attention_qkv,57000,21.880311210950214,6.663962995953008,12
spectral_norm,attention_qkv,58000,22.012152711550396,6.689649615694171,12
spectral_norm,attention_qkv,59000,22.110944231351215,6.712498441368094,12
spectral_norm,attention_qkv,60000,22.158631642659504,6.7239992145938245,12
spectral_norm,attention_qkv,61000,22.276748140652973,6.769243283602941,12
spectral_norm,attention_qkv,62000,22.37038477261861,6.801758461211965,12
spectral_norm,attention_qkv,63000,22.903050700823467,6.936022721198082,12
spectral_norm,attention_qkv,64000,22.866989731788635,6.884424018904255,12
spectral_norm,attention_qkv,65000,22.885090986887615,6.875372242714255,12
spectral_norm,attention_qkv,66000,22.935153484344482,6.871434121743632,12
spectral_norm,attention_qkv,67000,22.96650222937266,6.866004232280976,12
spectral_norm,attention_qkv,68000,23.01850179831187,6.861589019608828,12
spectral_norm,attention_qkv,69000,23.120140830675762,6.868167614360811,12
spectral_norm,attention_qkv,70000,23.0796084801356,6.830782706126714,12
spectral_norm,attention_qkv,71000,23.27361075083415,6.876577127909081,12
spectral_norm,attention_qkv,72000,23.715850114822388,6.953876782945844,12
spectral_norm,attention_qkv,73000,23.85757613182068,6.9335442240488545,12
spectral_norm,attention_qkv,74000,24.283130208651226,6.985711465475789,12
spectral_norm,attention_qkv,75000,24.269861261049908,6.938569318803145,12
spectral_norm,attention_qkv,76000,24.30802309513092,6.9270464579004205,12
spectral_norm,attention_qkv,77000,24.496046264966328,6.953761755687411,12
spectral_norm,attention_qkv,78000,24.760733326276142,6.978203847319139,12
spectral_norm,attention_qkv,79000,24.73198362191518,6.949106390815869,12
spectral_norm,attention_qkv,80000,24.792842864990234,6.947709910704233,12
spectral_norm,attention_qkv,81000,25.149505535761516,7.004477927533628,12
spectral_norm,attention_qkv,82000,25.400493780771892,7.018564434156366,12
spectral_norm,attention_qkv,83000,25.682615439097088,7.037207610673106,12
spectral_norm,attention_qkv,84000,26.09179214636485,7.093058828984128,12
spectral_norm,attention_qkv,85000,26.7424103418986,7.176356752745279,12
spectral_norm,attention_qkv,86000,26.955146948496502,7.175082460400858,12
spectral_norm,attention_qkv,87000,27.187068581581116,7.190885839621679,12
spectral_norm,attention_qkv,88000,27.34322214126587,7.195510361624481,12
spectral_norm,attention_qkv,89000,27.45859162012736,7.200240200447736,12
spectral_norm,attention_qkv,90000,27.939778367678326,7.277075400926861,12
spectral_norm,attention_qkv,91000,28.380860884984333,7.330156782240367,12
spectral_norm,attention_qkv,92000,28.66033625602722,7.346094506045308,12
spectral_norm,attention_qkv,93000,29.071590224901836,7.389316757250591,12
spectral_norm,attention_qkv,94000,29.523575146993,7.448571295973986,12
spectral_norm,attention_qkv,95000,30.44619385401408,7.643585005427867,12
spectral_norm,attention_qkv,96000,30.870858550071716,7.70701219945226,12
spectral_norm,attention_qkv,97000,31.510022441546123,7.849902379039429,12
spectral_norm,attention_qkv,98000,32.21265586217245,8.002948107305846,12
spectral_norm,attention_qkv,99000,32.9106060663859,8.151041339200349,12
spectral_norm,attention_qkv,100000,33.6449400583903,8.282772949789626,12
spectral_norm,attention_qkv,101000,34.220604141553245,8.337391028799816,12
spectral_norm,attention_qkv,102000,34.683360735575356,8.36672421602485,12
spectral_norm,attention_qkv,103000,35.195560137430824,8.411988047459594,12
spectral_norm,attention_qkv,104000,35.75680295626322,8.475958096372237,12
spectral_norm,attention_qkv,105000,36.85149908065796,8.730012780736871,12
spectral_norm,attention_qkv,106000,37.363719741503395,8.798593833267729,12
spectral_norm,attention_qkv,107000,38.11904148260752,8.973999932848887,12
spectral_norm,attention_qkv,108000,38.946176846822105,9.213062736125986,12
spectral_norm,attention_qkv,109000,39.54598422845205,9.389100623897487,12
spectral_norm,attention_qkv,110000,39.93232695261637,9.490864076915322,12
spectral_norm,attention_qkv,111000,40.47619986534119,9.675135126332899,12
spectral_norm,attention_qkv,112000,41.0828560590744,9.89993679230323,12
spectral_norm,attention_qkv,113000,41.296536803245544,9.947755936858217,12
spectral_norm,attention_qkv,114000,41.50471591949463,10.000869873354604,12
spectral_norm,attention_qkv,115000,42.172805507977806,10.259469209236132,12
spectral_norm,attention_qkv,116000,42.6997332572937,10.45414655748206,12
spectral_norm,attention_qkv,117000,43.575612505277,10.80412291391479,12
spectral_norm,attention_qkv,118000,45.27412267525991,11.517091109145356,12
spectral_norm,attention_qkv,119000,47.05864389737447,12.287932387382712,12
spectral_norm,attention_qkv,120000,48.88656302293142,13.095272181860972,12
spectral_norm,attention_qkv,121000,50.744755705197655,13.933225857770031,12
spectral_norm,attention_qkv,122000,51.938324530919395,14.434099484087083,12
spectral_norm,attention_qkv,123000,52.3815438747406,14.559002561827512,12
spectral_norm,attention_qkv,124000,52.72191492716471,14.623943234117881,12
spectral_norm,attention_qkv,125000,52.71813567479452,14.552334235675064,12
spectral_norm,attention_qkv,126000,53.082692583402,14.607222230195257,12
spectral_norm,attention_qkv,127000,53.17331266403198,14.56002769072242,12
spectral_norm,attention_qkv,128000,53.04577930768331,14.458153919038327,12
spectral_norm,attention_qkv,129000,52.87962587674459,14.351782591191819,12
spectral_norm,attention_qkv,130000,52.68806918462118,14.24408114049404,12
spectral_norm,attention_qkv,131000,52.57901302973429,14.152757695754586,12
spectral_norm,attention_qkv,132000,52.60693355401357,14.086412978928037,12
spectral_norm,attention_qkv,133000,52.46712485949198,13.987463529619161,12
spectral_norm,attention_qkv,134000,52.24471100171407,13.882861420781225,12
spectral_norm,attention_qkv,135000,52.028843998909,13.7836445592876,12
spectral_norm,attention_qkv,136000,51.836259643236794,13.686858997082105,12
spectral_norm,attention_qkv,137000,51.64991577466329,13.594265047212557,12
spectral_norm,attention_qkv,138000,51.52137021223704,13.512650503044837,12
spectral_norm,attention_qkv,139000,51.37208831310272,13.42689596902982,12
spectral_norm,attention_qkv,140000,51.195646246274315,13.33930529380941,12
spectral_norm,attention_qkv,141000,50.98795346419016,13.250661324937113,12
spectral_norm,attention_qkv,142000,50.81473938624064,13.166852154122921,12
spectral_norm,attention_qkv,143000,50.63017439842224,13.085191441958138,12
spectral_norm,mlp_in,1,1.8910814225673676,0.0011027497220317012,12
spectral_norm,mlp_in,2,1.8911297023296354,0.001101174933182919,12
spectral_norm,mlp_in,4,1.8911283314228058,0.001107442627811435,12
spectral_norm,mlp_in,8,1.8911004265149434,0.001105230513033258,12
spectral_norm,mlp_in,16,1.891117791334788,0.0010968243107351752,12
spectral_norm,mlp_in,32,1.8911194304625194,0.0010893473032571217,12
spectral_norm,mlp_in,64,1.8911672035853069,0.0010705091823918116,12
spectral_norm,mlp_in,128,1.8921141922473907,0.000916568259116334,12
spectral_norm,mlp_in,256,1.8929175635178883,0.0009102999571721563,12
spectral_norm,mlp_in,512,1.901589274406433,0.003917772899921158,12
spectral_norm,mlp_in,1000,3.2816827098528543,0.13535762934804563,12
spectral_norm,mlp_in,2000,6.118749181429545,0.25474513053471787,12
spectral_norm,mlp_in,3000,7.184786677360535,0.3004551673892193,12
spectral_norm,mlp_in,4000,7.723581433296204,0.3268997907705015,12
spectral_norm,mlp_in,5000,8.10962482293447,0.3435627118400172,12
spectral_norm,mlp_in,6000,8.40199621518453,0.35411028995627275,12
spectral_norm,mlp_in,7000,8.669204036394754,0.36075093872332303,12
spectral_norm,mlp_in,8000,8.909241239229837,0.3689627850463914,12
spectral_norm,mlp_in,9000,9.121473987897238,0.3839994846912174,12
spectral_norm,mlp_in,10000,9.285603483517965,0.39848753972167306,12
spectral_norm,mlp_in,11000,9.446060419082642,0.4198575587035882,12
spectral_norm,mlp_in,12000,9.570211927096048,0.43557041407230357,12
spectral_norm,mlp_in,13000,9.711206396420797,0.4673430872568858,12
spectral_norm,mlp_in,14000,9.832063674926758,0.49585659853190434,12
spectral_norm,mlp_in,15000,9.922999262809753,0.5197566359321529,12
spectral_norm,mlp_in,16000,10.035570542017618,0.5579024600317722,12
spectral_norm,mlp_in,17000,10.124840378761292,0.5894276340586152,12
spectral_norm,mlp_in,18000,10.206711649894714,0.624770186923732,12
spectral_norm,mlp_in,19000,10.26819650332133,0.656657439690885,12
spectral_norm,mlp_in,20000,10.332455158233643,0.693287278172824,12
spectral_norm,mlp_in,21000,10.382248401641846,0.7272930062739418,12
spectral_norm,mlp_in,22000,10.417951345443726,0.7529783410192915,12
spectral_norm,mlp_in,23000,10.457432905832926,0.7820021269464346,12
spectral_norm,mlp_in,24000,10.533816258112589,0.8284623310494775,12
spectral_norm,mlp_in,25000,10.561416228612265,0.8519310783333676,12
spectral_norm,mlp_in,26000,10.61401375134786,0.8857146912279484,12
spectral_norm,mlp_in,27000,10.647845586140951,0.9147125447124997,12
spectral_norm,mlp_in,28000,10.70734969774882,0.9525738578910689,12
spectral_norm,mlp_in,29000,10.712580442428589,0.9680439403308161,12
spectral_norm,mlp_in,30000,10.754857858022055,1.001219032932506,12
spectral_norm,mlp_in,31000,10.77946941057841,1.028382454808896,12
spectral_norm,mlp_in,32000,10.779311418533325,1.0466335888170715,12
spectral_norm,mlp_in,33000,10.804438273111979,1.0713412008566445,12
spectral_norm,mlp_in,34000,10.819014151891073,1.0940061942027317,12
spectral_norm,mlp_in,35000,10.814011255900065,1.107732699935428,12
spectral_norm,mlp_in,36000,10.809406836827597,1.1215887718693112,12
spectral_norm,mlp_in,37000,10.815988063812256,1.1376202760670415,12
spectral_norm,mlp_in,38000,10.814062674840292,1.1512393682479094,12
spectral_norm,mlp_in,39000,10.79861847559611,1.160626744454681,12
spectral_norm,mlp_in,40000,10.795619249343872,1.1741618438128938,12
spectral_norm,mlp_in,41000,10.781904697418213,1.183818723734074,12
spectral_norm,mlp_in,42000,10.794487158457438,1.2022953897109985,12
spectral_norm,mlp_in,43000,10.76188095410665,1.2010991957293586,12
spectral_norm,mlp_in,44000,10.752634684244791,1.2128203338805632,12
spectral_norm,mlp_in,45000,10.728752692540487,1.219075324242624,12
spectral_norm,mlp_in,46000,10.71496836344401,1.226970842642292,12
spectral_norm,mlp_in,47000,10.723565578460693,1.2446469117377688,12
spectral_norm,mlp_in,48000,10.687172174453735,1.242704473866191,12
spectral_norm,mlp_in,49000,10.68254828453064,1.254791125111868,12
spectral_norm,mlp_in,50000,10.664162000020346,1.2580057187927387,12
spectral_norm,mlp_in,51000,10.622993389765421,1.254560437298903,12
spectral_norm,mlp_in,52000,10.607184886932373,1.2599055284987029,12
spectral_norm,mlp_in,53000,10.591304699579874,1.2678076949721935,12
spectral_norm,mlp_in,54000,10.547301769256592,1.259097095326129,12
spectral_norm,mlp_in,55000,10.513264099756876,1.2606880052024545,12
spectral_norm,mlp_in,56000,10.485293626785278,1.260484347355989,12
spectral_norm,mlp_in,57000,10.431320269902548,1.2504485544779604,12
spectral_norm,mlp_in,58000,10.409947315851847,1.2571378569031344,12
spectral_norm,mlp_in,59000,10.383882363637289,1.259516923434964,12
spectral_norm,mlp_in,60000,10.358289162317911,1.2612791818940012,12
spectral_norm,mlp_in,61000,10.326070547103882,1.2611412785135876,12
spectral_norm,mlp_in,62000,10.290242274602255,1.2591458278233614,12
spectral_norm,mlp_in,63000,10.230582475662231,1.249639977167667,12
spectral_norm,mlp_in,64000,10.187868356704712,1.2468072700567092,12
spectral_norm,mlp_in,65000,10.147011955579122,1.2446248804788185,12
spectral_norm,mlp_in,66000,10.097732345263163,1.2366912573879618,12
spectral_norm,mlp_in,67000,10.0457044839859,1.2298747876276601,12
spectral_norm,mlp_in,68000,10.01179587841034,1.2296049281330579,12
spectral_norm,mlp_in,69000,9.976066867510477,1.230396609775713,12
spectral_norm,mlp_in,70000,9.937000950177511,1.2278898561753517,12
spectral_norm,mlp_in,71000,9.876491467157999,1.2169196604669517,12
spectral_norm,mlp_in,72000,9.818625847498575,1.2044263510639859,12
spectral_norm,mlp_in,73000,9.777606328328451,1.2023161568514154,12
spectral_norm,mlp_in,74000,9.718508760134378,1.1900498109120379,12
spectral_norm,mlp_in,75000,9.667897979418436,1.1819986983846833,12
spectral_norm,mlp_in,76000,9.633816917737326,1.1812563910730047,12
spectral_norm,mlp_in,77000,9.592510104179382,1.1756063730397008,12
spectral_norm,mlp_in,78000,9.556257963180542,1.1751601017290598,12
spectral_norm,mlp_in,79000,9.519558707873026,1.1713912565713183,12
spectral_norm,mlp_in,80000,9.465707659721375,1.158056246635987,12
spectral_norm,mlp_in,81000,9.408251086870829,1.1495445021787358,12
spectral_norm,mlp_in,82000,9.363062858581543,1.1465026261663025,12
spectral_norm,mlp_in,83000,9.311490893363953,1.1410107999110517,12
spectral_norm,mlp_in,84000,9.266658186912537,1.1380253146535078,12
spectral_norm,mlp_in,85000,9.193403442700705,1.1290920393441257,12
spectral_norm,mlp_in,86000,9.13637371857961,1.12142688990602,12
spectral_norm,mlp_in,87000,9.081842939058939,1.1146646081848754,12
spectral_norm,mlp_in,88000,9.028734048207602,1.1066907339179317,12
spectral_norm,mlp_in,89000,8.97549037138621,1.0958353198537931,12
spectral_norm,mlp_in,90000,8.91725480556488,1.0842985843564716,12
spectral_norm,mlp_in,91000,8.858589132626852,1.0727236661471564,12
spectral_norm,mlp_in,92000,8.806142568588257,1.062949851804002,12
spectral_norm,mlp_in,93000,8.746411720911661,1.050164563485518,12
spectral_norm,mlp_in,94000,8.6946808497111,1.0406269128294816,12
spectral_norm,mlp_in,95000,8.625795364379883,1.0278527033976115,12
spectral_norm,mlp_in,96000,8.58619205156962,1.021070974049135,12
spectral_norm,mlp_in,97000,8.524979392687479,1.004918667333704,12
spectral_norm,mlp_in,98000,8.476378043492636,0.9974078393080259,12
spectral_norm,mlp_in,99000,8.423005938529968,0.9876113199184116,12
spectral_norm,mlp_in,100000,8.361852288246155,0.9777381152042018,12
spectral_norm,mlp_in,101000,8.30431342124939,0.972419681339827,12
spectral_norm,mlp_in,102000,8.250627239545187,0.9643068838659157,12
spectral_norm,mlp_in,103000,8.19425094127655,0.9543956442049175,12
spectral_norm,mlp_in,104000,8.142741998036703,0.9447563285544673,12
spectral_norm,mlp_in,105000,8.088709314664206,0.9335755677851595,12
spectral_norm,mlp_in,106000,8.04559600353241,0.9252497105953067,12
spectral_norm,mlp_in,107000,8.002153118451437,0.9155506052092922,12
spectral_norm,mlp_in,108000,7.968574563662211,0.9041766727157761,12
spectral_norm,mlp_in,109000,7.934745987256368,0.8933715213345959,12
spectral_norm,mlp_in,110000,7.9083244403203325,0.8849549289745858,12
spectral_norm,mlp_in,111000,7.887426892916362,0.8755425296290403,12
spectral_norm,mlp_in,112000,7.864188035329183,0.8629045054617354,12
spectral_norm,mlp_in,113000,7.835384448369344,0.8566729381318069,12
spectral_norm,mlp_in,114000,7.810351888338725,0.8491374423842218,12
spectral_norm,mlp_in,115000,7.793411612510681,0.842092141845175,12
spectral_norm,mlp_in,116000,7.772062420845032,0.8357226013661495,12
spectral_norm,mlp_in,117000,7.75048025449117,0.8299248590432817,12
spectral_norm,mlp_in,118000,7.724627176920573,0.8263602194145355,12
spectral_norm,mlp_in,119000,7.698930859565735,0.8219541309021441,12
spectral_norm,mlp_in,120000,7.67124609152476,0.8168547616921572,12
spectral_norm,mlp_in,121000,7.6474422216415405,0.8108355446503875,12
spectral_norm,mlp_in,122000,7.621142268180847,0.8071363356568104,12
spectral_norm,mlp_in,123000,7.592932303746541,0.8031732154013868,12
spectral_norm,mlp_in,124000,7.56119438012441,0.7994451358987532,12
spectral_norm,mlp_in,125000,7.525270501772563,0.7975633120227844,12
spectral_norm,mlp_in,126000,7.500751495361328,0.7908401394514072,12
spectral_norm,mlp_in,127000,7.467093229293823,0.7892419913767015,12
spectral_norm,mlp_in,128000,7.432798822720845,0.7903557301890055,12
spectral_norm,mlp_in,129000,7.404135545094808,0.7910130549932158,12
spectral_norm,mlp_in,130000,7.3733900388081866,0.7898387592853472,12
spectral_norm,mlp_in,131000,7.3457595109939575,0.7871050986834152,12
spectral_norm,mlp_in,132000,7.315985480944316,0.7839577819904382,12
spectral_norm,mlp_in,133000,7.2859697341918945,0.7825068014979839,12
spectral_norm,mlp_in,134000,7.261367758115132,0.7818945835131939,12
spectral_norm,mlp_in,135000,7.2365802526474,0.7799753530627135,12
spectral_norm,mlp_in,136000,7.211100061734517,0.7772334691775945,12
spectral_norm,mlp_in,137000,7.190183361371358,0.7761316203448679,12
spectral_norm,mlp_in,138000,7.166035612424214,0.7717918472294034,12
spectral_norm,mlp_in,139000,7.142894903818767,0.7697026674489109,12
spectral_norm,mlp_in,140000,7.122465133666992,0.7679805238669831,12
spectral_norm,mlp_in,141000,7.102443973223369,0.7652483238589133,12
spectral_norm,mlp_in,142000,7.084875226020813,0.7638163995985617,12
spectral_norm,mlp_in,143000,7.066114505132039,0.7606486844070004,12
spectral_norm,mlp_out,1,0.4984046245614688,0.00027353559626976706,12
spectral_norm,mlp_out,2,0.4984048778812091,0.0002736344338626133,12
spectral_norm,mlp_out,4,0.4984020342429479,0.00027250336164048704,12
spectral_norm,mlp_out,8,0.4984075104196866,0.00027393854698296125,12
spectral_norm,mlp_out,16,0.498430257042249,0.00027763639491762524,12
spectral_norm,mlp_out,32,0.49861088146766025,0.00029729054216870833,12
spectral_norm,mlp_out,64,0.5002928003668785,0.0005841450192290873,12
spectral_norm,mlp_out,128,0.5180931761860847,0.006342630552114228,12
spectral_norm,mlp_out,256,0.528936634461085,0.007181866017825261,12
spectral_norm,mlp_out,512,0.6186220198869705,0.018085156069722583,12
spectral_norm,mlp_out,1000,1.050611674785614,0.035500905419039955,12
spectral_norm,mlp_out,2000,1.920649250348409,0.0965412709476486,12
spectral_norm,mlp_out,3000,2.5345693230628967,0.13678543087785872,12
spectral_norm,mlp_out,4000,3.03970867395401,0.15191696725370138,12
spectral_norm,mlp_out,5000,3.4462448159853616,0.16904012502623264,12
spectral_norm,mlp_out,6000,3.81525711218516,0.1762299065631794,12
spectral_norm,mlp_out,7000,4.129970192909241,0.1961713830151743,12
spectral_norm,mlp_out,8000,4.413179159164429,0.21330760488410333,12
spectral_norm,mlp_out,9000,4.660032908121745,0.22768876535251997,12
spectral_norm,mlp_out,10000,4.88595845301946,0.24090514314672654,12
spectral_norm,mlp_out,11000,5.083163340886434,0.25819458914077015,12
spectral_norm,mlp_out,12000,5.264754931131999,0.27709708245919973,12
spectral_norm,mlp_out,13000,5.427396456400554,0.29763344112502227,12
spectral_norm,mlp_out,14000,5.575597604115804,0.31803449554624275,12
spectral_norm,mlp_out,15000,5.709267854690552,0.33742461902791443,12
spectral_norm,mlp_out,16000,5.824528932571411,0.3538145834813012,12
spectral_norm,mlp_out,17000,5.92556111017863,0.36957359932297856,12
spectral_norm,mlp_out,18000,6.015418370564778,0.3834184882738245,12
spectral_norm,mlp_out,19000,6.0942656596501665,0.39815875553646995,12
spectral_norm,mlp_out,20000,6.162259856859843,0.4106458726150406,12
spectral_norm,mlp_out,21000,6.214371005694072,0.4214428374218492,12
spectral_norm,mlp_out,22000,6.260622104008992,0.43112832773667603,12
spectral_norm,mlp_out,23000,6.300049980481465,0.4401669312210643,12
spectral_norm,mlp_out,24000,6.334740122159322,0.4482793094006725,12
spectral_norm,mlp_out,25000,6.367328604062398,0.4570045779916214,12
spectral_norm,mlp_out,26000,6.394704659779866,0.463911952930946,12
spectral_norm,mlp_out,27000,6.421672224998474,0.4734898645838752,12
spectral_norm,mlp_out,28000,6.438133915265401,0.478644215814132,12
spectral_norm,mlp_out,29000,6.453862388928731,0.48493562150951763,12
spectral_norm,mlp_out,30000,6.469180425008138,0.4927408402696445,12
spectral_norm,mlp_out,31000,6.478668292363484,0.49868235450716264,12
spectral_norm,mlp_out,32000,6.487872282663981,0.5057467098284708,12
spectral_norm,mlp_out,33000,6.492510716120402,0.5089947505105817,12
spectral_norm,mlp_out,34000,6.499571720759074,0.5101332913158385,12
spectral_norm,mlp_out,35000,6.513084332148234,0.5144689035041227,12
spectral_norm,mlp_out,36000,6.5346856117248535,0.5202355677462153,12
spectral_norm,mlp_out,37000,6.5474454164505005,0.5225460104787251,12
spectral_norm,mlp_out,38000,6.562500397364299,0.5264111549186236,12
spectral_norm,mlp_out,39000,6.567585984865825,0.5321162066482089,12
spectral_norm,mlp_out,40000,6.565804402033488,0.5357101890999922,12
spectral_norm,mlp_out,41000,6.561024109522502,0.5387211924576941,12
spectral_norm,mlp_out,42000,6.544471780459086,0.539325481329553,12
spectral_norm,mlp_out,43000,6.525221586227417,0.5406072981062183,12
spectral_norm,mlp_out,44000,6.506315549214681,0.542494962777614,12
spectral_norm,mlp_out,45000,6.48880394299825,0.5457925345266138,12
spectral_norm,mlp_out,46000,6.463842749595642,0.5463902222758193,12
spectral_norm,mlp_out,47000,6.442803661028544,0.5471275824505504,12
spectral_norm,mlp_out,48000,6.41971492767334,0.5482406625556923,12
spectral_norm,mlp_out,49000,6.3967422644297285,0.547788340234782,12
spectral_norm,mlp_out,50000,6.373233238855998,0.5479709633180758,12
spectral_norm,mlp_out,51000,6.347676118214925,0.5476389909780613,12
spectral_norm,mlp_out,52000,6.327294905980428,0.5491578840415616,12
spectral_norm,mlp_out,53000,6.296983361244202,0.5504939431922218,12
spectral_norm,mlp_out,54000,6.279747128486633,0.5519685130552001,12
spectral_norm,mlp_out,55000,6.2605946858723955,0.5560377733752067,12
spectral_norm,mlp_out,56000,6.238472859064738,0.5570129039204623,12
spectral_norm,mlp_out,57000,6.22195041179657,0.5597987416980307,12
spectral_norm,mlp_out,58000,6.198886076609294,0.5590723375872405,12
spectral_norm,mlp_out,59000,6.17051621278127,0.5556213593762519,12
spectral_norm,mlp_out,60000,6.137800494829814,0.5521947036767594,12
spectral_norm,mlp_out,61000,6.11118483543396,0.5488767115607157,12
spectral_norm,mlp_out,62000,6.0808247327804565,0.5463133251749722,12
spectral_norm,mlp_out,63000,6.0695985953013105,0.5433537512141497,12
spectral_norm,mlp_out,64000,6.037951509157817,0.5457643571414011,12
spectral_norm,mlp_out,65000,6.008323987325032,0.5457779354943344,12
spectral_norm,mlp_out,66000,5.979829629262288,0.545014068611031,12
spectral_norm,mlp_out,67000,5.950902024904887,0.543946289264671,12
spectral_norm,mlp_out,68000,5.920996745427449,0.5420397401682383,12
spectral_norm,mlp_out,69000,5.891768614451091,0.5381449206488226,12
spectral_norm,mlp_out,70000,5.855602661768596,0.5369511531299274,12
spectral_norm,mlp_out,71000,5.833372473716736,0.5350449969436155,12
spectral_norm,mlp_out,72000,5.817899425824483,0.5307371544532004,12
spectral_norm,mlp_out,73000,5.784866730372111,0.527084026674967,12
spectral_norm,mlp_out,74000,5.77569858233134,0.5210316978306271,12
spectral_norm,mlp_out,75000,5.738548278808594,0.5205817705107633,12
spectral_norm,mlp_out,76000,5.7062268654505415,0.51798858755236,12
spectral_norm,mlp_out,77000,5.679048538208008,0.5135790604463798,12
spectral_norm,mlp_out,78000,5.649926582972209,0.5073779854979348,12
spectral_norm,mlp_out,79000,5.614189108212789,0.5040176502947998,12
spectral_norm,mlp_out,80000,5.581323524316152,0.4992754636681571,12
spectral_norm,mlp_out,81000,5.5659047563870745,0.49467486581006737,12
spectral_norm,mlp_out,82000,5.540694236755371,0.4899067395830752,12
spectral_norm,mlp_out,83000,5.513508836428325,0.4856677064678551,12
spectral_norm,mlp_out,84000,5.495611568291982,0.47897686805251166,12
spectral_norm,mlp_out,85000,5.481322546799977,0.4720808152422384,12
spectral_norm,mlp_out,86000,5.447064499060313,0.4681933377274999,12
spectral_norm,mlp_out,87000,5.4147587815920515,0.46420520603198256,12
spectral_norm,mlp_out,88000,5.3790363272031145,0.4606831651604958,12
spectral_norm,mlp_out,89000,5.34542848666509,0.4573730456447656,12
spectral_norm,mlp_out,90000,5.329229354858398,0.4506806248151437,12
spectral_norm,mlp_out,91000,5.312193075815837,0.4438275652364762,12
spectral_norm,mlp_out,92000,5.286324580510457,0.4399211429037022,12
spectral_norm,mlp_out,93000,5.26949417591095,0.43388348258551696,12
spectral_norm,mlp_out,94000,5.255272130171458,0.427594172503668,12
spectral_norm,mlp_out,95000,5.262807925542195,0.4196176686657086,12
spectral_norm,mlp_out,96000,5.241593619187673,0.41504277861052025,12
spectral_norm,mlp_out,97000,5.235447903474172,0.41079485257075066,12
spectral_norm,mlp_out,98000,5.219558835029602,0.4053961622135438,12
spectral_norm,mlp_out,99000,5.200815399487813,0.4008136744176239,12
spectral_norm,mlp_out,100000,5.177342196305593,0.39521340867544674,12
spectral_norm,mlp_out,101000,5.145879824956258,0.3886764025952349,12
spectral_norm,mlp_out,102000,5.12136063973109,0.3842876836315794,12
spectral_norm,mlp_out,103000,5.099041322867076,0.38004665299816903,12
spectral_norm,mlp_out,104000,5.080443998177846,0.37589216424886285,12
spectral_norm,mlp_out,105000,5.0749937693278,0.36467747919739596,12
spectral_norm,mlp_out,106000,5.059077501296997,0.3584624909736052,12
spectral_norm,mlp_out,107000,5.046538631121318,0.35033611840089157,12
spectral_norm,mlp_out,108000,5.030949234962463,0.3412048193632582,12
spectral_norm,mlp_out,109000,5.012498756249745,0.3332288191455527,12
spectral_norm,mlp_out,110000,4.998883068561554,0.32800595556815737,12
spectral_norm,mlp_out,111000,4.984956542650859,0.32476453763654506,12
spectral_norm,mlp_out,112000,4.982926229635875,0.326297534866928,12
spectral_norm,mlp_out,113000,4.983353773752849,0.3284045312054308,12
spectral_norm,mlp_out,114000,4.985221525033315,0.3317539056286439,12
spectral_norm,mlp_out,115000,4.98734571536382,0.3364196602009425,12
spectral_norm,mlp_out,116000,4.989570677280426,0.3399057862898168,12
spectral_norm,mlp_out,117000,4.99123748143514,0.3445503531332195,12
spectral_norm,mlp_out,118000,4.997111678123474,0.3490044952174447,12
spectral_norm,mlp_out,119000,5.014679749806722,0.3567527884385678,12
spectral_norm,mlp_out,120000,5.0299269159634905,0.3636209512497503,12
spectral_norm,mlp_out,121000,5.042798240979512,0.37075884399887843,12
spectral_norm,mlp_out,122000,5.0537610451380415,0.374680091894721,12
spectral_norm,mlp_out,123000,5.05963933467865,0.3780174254363091,12
spectral_norm,mlp_out,124000,5.063486814498901,0.3808929756106397,12
spectral_norm,mlp_out,125000,5.059094945589702,0.3820911471833692,12
spectral_norm,mlp_out,126000,5.070878803730011,0.3869365834487395,12
spectral_norm,mlp_out,127000,5.067711253960927,0.3880833507471013,12
spectral_norm,mlp_out,128000,5.054020384947459,0.38758941947562553,12
spectral_norm,mlp_out,129000,5.039373795191447,0.38681309149925963,12
spectral_norm,mlp_out,130000,5.020409007867177,0.38510580293139707,12
spectral_norm,mlp_out,131000,5.012674729029338,0.3852989234403463,12
spectral_norm,mlp_out,132000,5.008997559547424,0.3866372905800149,12
spectral_norm,mlp_out,133000,4.994002560774486,0.38585864741055753,12
spectral_norm,mlp_out,134000,4.972175896167755,0.3837840473990396,12
spectral_norm,mlp_out,135000,4.95144655307134,0.3813346083234591,12
spectral_norm,mlp_out,136000,4.9343693653742475,0.38022753515881674,12
spectral_norm,mlp_out,137000,4.916396816571553,0.37900864796760064,12
spectral_norm,mlp_out,138000,4.905135492483775,0.379245773788776,12
spectral_norm,mlp_out,139000,4.88983025153478,0.3785027752726589,12
spectral_norm,mlp_out,140000,4.872370024522145,0.3770974795098336,12
spectral_norm,mlp_out,141000,4.851208368937175,0.37514433840944833,12
spectral_norm,mlp_out,142000,4.835182269414266,0.37427997083958453,12
spectral_norm,mlp_out,143000,4.818746507167816,0.3734770937511919,12
stable_rank,attention_out,1,193.36225652023623,0.5840621848426027,12
stable_rank,attention_out,2,193.36189925477774,0.5851163297788585,12
stable_rank,attention_out,4,193.36036975166766,0.5847414988005838,12
stable_rank,attention_out,8,193.3594741545411,0.5840788177048762,12
stable_rank,attention_out,16,193.37250882088543,0.585439671240823,12
stable_rank,attention_out,32,193.38278641347563,0.5935114608121315,12
stable_rank,attention_out,64,193.17670499630026,0.6178469824638918,12
stable_rank,attention_out,128,188.76007139065294,2.548873139634893,12
stable_rank,attention_out,256,169.29372620597277,8.508870461022784,12
stable_rank,attention_out,512,123.74166155274092,9.977858976395247,12
stable_rank,attention_out,1000,75.42535557731479,5.552185584435365,12
stable_rank,attention_out,2000,64.49212136878323,5.684880323408729,12
stable_rank,attention_out,3000,74.74182913718035,7.182642184948122,12
stable_rank,attention_out,4000,82.2420021444483,8.27877065588746,12
stable_rank,attention_out,5000,86.05903134012037,8.630441067983625,12
stable_rank,attention_out,6000,88.38928369538293,8.891629338690322,12
stable_rank,attention_out,7000,89.8631698925854,9.028151049007844,12
stable_rank,attention_out,8000,90.9839170565484,9.349022195030013,12
stable_rank,attention_out,9000,91.16059385063767,9.537233274154952,12
stable_rank,attention_out,10000,91.65504362090753,9.788189306654216,12
stable_rank,attention_out,11000,91.58560269749715,9.822583386055012,12
stable_rank,attention_out,12000,91.44199446175669,9.86364681446966,12
stable_rank,attention_out,13000,90.98354924245051,9.902924117238667,12
stable_rank,attention_out,14000,90.62771556021755,9.962779912158178,12
stable_rank,attention_out,15000,90.2463657347596,9.934476676299868,12
stable_rank,attention_out,16000,90.0075537750137,9.977169334515876,12
stable_rank,attention_out,17000,89.67045947976588,9.982691509742292,12
stable_rank,attention_out,18000,89.4801904802403,10.018322542586578,12
stable_rank,attention_out,19000,89.34254758030302,10.025233143477214,12
stable_rank,attention_out,20000,89.20491636853586,10.101461508033093,12
stable_rank,attention_out,21000,88.86846001242894,10.111815113567374,12
stable_rank,attention_out,22000,87.2790493598295,9.865422959717575,12
stable_rank,attention_out,23000,86.68823175997078,9.846518281601004,12
stable_rank,attention_out,24000,86.63718597018364,9.94227409473826,12
stable_rank,attention_out,25000,86.91863960567805,10.006215042280726,12
stable_rank,attention_out,26000,87.01210271689064,10.068630928661376,12
stable_rank,attention_out,27000,87.1762390902489,10.095226319300858,12
stable_rank,attention_out,28000,87.23699891731833,10.154137225993916,12
stable_rank,attention_out,29000,87.0629956990839,10.0841599198236,12
stable_rank,attention_out,30000,86.99245890015281,10.145883696956659,12
stable_rank,attention_out,31000,86.90324803833794,10.156683862177404,12
stable_rank,attention_out,32000,86.68039917507384,10.146664193125737,12
stable_rank,attention_out,33000,85.82172525744978,9.69020662362624,12
stable_rank,attention_out,34000,83.96771928952127,8.773897496311479,12
stable_rank,attention_out,35000,82.57761265193456,8.212706607606338,12
stable_rank,attention_out,36000,81.46611397890337,7.896951709799668,12
stable_rank,attention_out,37000,80.68385911605529,7.756362975053669,12
stable_rank,attention_out,38000,80.08153444429719,7.682088903564746,12
stable_rank,attention_out,39000,79.80206927074136,7.6490387912889295,12
stable_rank,attention_out,40000,79.67940296941971,7.634658009284935,12
stable_rank,attention_out,41000,79.64092502583647,7.578988198158319,12
stable_rank,attention_out,42000,79.71775594317424,7.565312942022583,12
stable_rank,attention_out,43000,80.04424503633042,7.564821493581103,12
stable_rank,attention_out,44000,80.1435003125805,7.548585686130921,12
stable_rank,attention_out,45000,80.31472344877783,7.554836227493963,12
stable_rank,attention_out,46000,80.59820891538244,7.564869046711044,12
stable_rank,attention_out,47000,80.77997366356146,7.571913575654942,12
stable_rank,attention_out,48000,80.97812892297362,7.5748426328498955,12
stable_rank,attention_out,49000,81.12596684737527,7.60113138054889,12
stable_rank,attention_out,50000,81.27004105829558,7.617060869046317,12
stable_rank,attention_out,51000,81.4998016812136,7.612473645643289,12
stable_rank,attention_out,52000,81.64452040416533,7.655807325146817,12
stable_rank,attention_out,53000,82.0196476072064,7.771225048050644,12
stable_rank,attention_out,54000,81.89516077217517,7.776208218560615,12
stable_rank,attention_out,55000,82.09345629646508,7.859964979579021,12
stable_rank,attention_out,56000,82.15289725726025,7.895914338615711,12
stable_rank,attention_out,57000,82.1105928751787,7.969157311010522,12
stable_rank,attention_out,58000,81.85691796689902,7.945095024873368,12
stable_rank,attention_out,59000,81.8527738529586,7.996461786825622,12
stable_rank,attention_out,60000,81.91425573403106,8.033735815980522,12
stable_rank,attention_out,61000,81.95910851533235,8.07377355818729,12
stable_rank,attention_out,62000,82.02736503742618,8.103750514530567,12
stable_rank,attention_out,63000,81.29525106908974,8.036888384440424,12
stable_rank,attention_out,64000,81.7195898893721,8.03258645524881,12
stable_rank,attention_out,65000,81.57255633428598,7.977426450896784,12
stable_rank,attention_out,66000,81.30883373413928,7.829593472920537,12
stable_rank,attention_out,67000,80.99749300868866,7.7181664049637675,12
stable_rank,attention_out,68000,80.315299748116,7.4807402482709024,12
stable_rank,attention_out,69000,79.41781395240211,7.252967070217458,12
stable_rank,attention_out,70000,79.79759582219042,7.340288531860704,12
stable_rank,attention_out,71000,78.4262347329058,7.099494642487374,12
stable_rank,attention_out,72000,77.0707155809125,6.969424147524765,12
stable_rank,attention_out,73000,77.19294125839203,7.014933138053783,12
stable_rank,attention_out,74000,76.11502475473009,6.885809042522075,12
stable_rank,attention_out,75000,76.69837833694224,6.891832782008701,12
stable_rank,attention_out,76000,76.7444700805164,6.883556374093795,12
stable_rank,attention_out,77000,76.24685378937897,6.8160626507293705,12
stable_rank,attention_out,78000,75.43762957745061,6.628075368595021,12
stable_rank,attention_out,79000,75.8354328192841,6.672573847920312,12
stable_rank,attention_out,80000,75.5327906554988,6.6283249847595815,12
stable_rank,attention_out,81000,74.09546594942803,6.436877359674461,12
stable_rank,attention_out,82000,73.3939029722884,6.32990799884825,12
stable_rank,attention_out,83000,72.74452922043521,6.2469718153409035,12
stable_rank,attention_out,84000,71.60788889034632,6.238306033052714,12
stable_rank,attention_out,85000,70.00344758389673,6.154915448649271,12
stable_rank,attention_out,86000,69.71852505597215,6.140848434964364,12
stable_rank,attention_out,87000,69.24085189643637,6.100336426232132,12
stable_rank,attention_out,88000,69.03568439371325,6.097735232978012,12
stable_rank,attention_out,89000,68.83907956748497,6.075959443926563,12
stable_rank,attention_out,90000,67.16936138713716,6.026108179364616,12
stable_rank,attention_out,91000,65.7226102803999,5.995598040084058,12
stable_rank,attention_out,92000,64.82084177005959,5.946752789406484,12
stable_rank,attention_out,93000,63.47908537589501,5.959845376601278,12
stable_rank,attention_out,94000,62.215149319319295,6.01017131644666,12
stable_rank,attention_out,95000,60.477259348158775,6.18918097211906,12
stable_rank,attention_out,96000,59.97245581045363,6.213131197694637,12
stable_rank,attention_out,97000,59.11297527778294,6.291759738743307,12
stable_rank,attention_out,98000,58.5080081022739,6.301160363686433,12
stable_rank,attention_out,99000,57.77930910114832,6.313070487151966,12
stable_rank,attention_out,100000,57.00901420222794,6.276656904106347,12
stable_rank,attention_out,101000,56.45289291825076,6.208085970314847,12
stable_rank,attention_out,102000,55.7234755959905,6.133393436090946,12
stable_rank,attention_out,103000,55.08477175867486,6.096660985170446,12
stable_rank,attention_out,104000,54.3501459845401,6.070446842618986,12
stable_rank,attention_out,105000,53.1024904122662,6.05064963010608,12
stable_rank,attention_out,106000,52.434597413448905,6.019483178227602,12
stable_rank,attention_out,107000,51.58060870663723,6.028510575989229,12
stable_rank,attention_out,108000,50.79274014877783,6.111490349477111,12
stable_rank,attention_out,109000,50.10752983918144,6.197060207219888,12
stable_rank,attention_out,110000,49.49105121264276,6.255184510098782,12
stable_rank,attention_out,111000,49.106118523273636,6.342776700528133,12
stable_rank,attention_out,112000,48.79147758776759,6.470429984852396,12
stable_rank,attention_out,113000,48.36776585324531,6.53867735213355,12
stable_rank,attention_out,114000,47.98707950891196,6.5990995071743574,12
stable_rank,attention_out,115000,47.71404712449553,6.6715925671524,12
stable_rank,attention_out,116000,47.42167267668265,6.728542745333953,12
stable_rank,attention_out,117000,47.21869479575312,6.778365357121627,12
stable_rank,attention_out,118000,47.27274222130699,6.783589993099111,12
stable_rank,attention_out,119000,47.14458527825024,6.824614646262872,12
stable_rank,attention_out,120000,46.865069880890076,6.876320041412015,12
stable_rank,attention_out,121000,46.61049681298447,6.942345670499221,12
stable_rank,attention_out,122000,46.17330730903236,6.992189387907595,12
stable_rank,attention_out,123000,45.7897614084853,7.006954536351514,12
stable_rank,attention_out,124000,45.45379658919038,7.045164524236774,12
stable_rank,attention_out,125000,45.19372719267482,7.069188903247479,12
stable_rank,attention_out,126000,44.75985470625477,7.1351225396456135,12
stable_rank,attention_out,127000,44.599851681503765,7.154785361876228,12
stable_rank,attention_out,128000,44.56166741592492,7.132201649932497,12
stable_rank,attention_out,129000,44.57105853488928,7.116721701339582,12
stable_rank,attention_out,130000,44.716903940520886,7.0923443446998125,12
stable_rank,attention_out,131000,44.56908299935815,7.0655070471204064,12
stable_rank,attention_out,132000,44.32330109034161,7.078808675800297,12
stable_rank,attention_out,133000,44.34915093866619,7.053090750388805,12
stable_rank,attention_out,134000,44.63459164013767,7.0335958918838966,12
stable_rank,attention_out,135000,44.78528343394353,6.995493842645495,12
stable_rank,attention_out,136000,44.932012881921764,6.951103920624007,12
stable_rank,attention_out,137000,45.090770239246446,6.94778662200995,12
stable_rank,attention_out,138000,45.031784534494726,6.957520499713158,12
stable_rank,attention_out,139000,45.11637558150733,6.945895244848518,12
stable_rank,attention_out,140000,45.25227765888598,6.923796828025587,12
stable_rank,attention_out,141000,45.56888844001844,6.913613462048214,12
stable_rank,attention_out,142000,45.69183525242807,6.90157412157645,12
stable_rank,attention_out,143000,45.88376360140375,6.894895574998559,12
stable_rank,attention_qkv,1,311.3388370978368,0.49610665552017075,12
stable_rank,attention_qkv,2,311.3398610270029,0.4959698413207439,12
stable_rank,attention_qkv,4,311.3397714882837,0.49619832953182114,12
stable_rank,attention_qkv,8,311.3407176107731,0.49817632248552773,12
stable_rank,attention_qkv,16,311.34982891187025,0.4977015807716139,12
stable_rank,attention_qkv,32,311.3648534137844,0.49796988242417833,12
stable_rank,attention_qkv,64,311.367178989522,0.506575478111034,12
stable_rank,attention_qkv,128,307.5877504164104,1.7442814880202782,12
stable_rank,attention_qkv,256,196.3836091961363,17.544446637316256,12
stable_rank,attention_qkv,512,116.27397457058812,17.250832222433427,12
stable_rank,attention_qkv,1000,68.44262243436998,9.488018202530917,12
stable_rank,attention_qkv,2000,32.33230407493678,3.4429831305055587,12
stable_rank,attention_qkv,3000,26.824210931845204,2.4146840100527553,12
stable_rank,attention_qkv,4000,25.54884219990701,2.0523043788585418,12
stable_rank,attention_qkv,5000,25.555650903698794,1.9053085528115863,12
stable_rank,attention_qkv,6000,26.148329774716426,1.8176169263135853,12
stable_rank,attention_qkv,7000,27.02273079180567,1.7750533247707634,12
stable_rank,attention_qkv,8000,28.057602787864894,1.7403178932351038,12
stable_rank,attention_qkv,9000,29.17314279323907,1.723032144088377,12
stable_rank,attention_qkv,10000,30.33150146166311,1.6971443408549742,12
stable_rank,attention_qkv,11000,31.511302611089423,1.6891411685563014,12
stable_rank,attention_qkv,12000,32.726906186833226,1.7034667809171429,12
stable_rank,attention_qkv,13000,33.72831348549709,1.7603065401291031,12
stable_rank,attention_qkv,14000,34.79189293271748,1.783905614720475,12
stable_rank,attention_qkv,15000,35.80037337751817,1.8098999369615647,12
stable_rank,attention_qkv,16000,36.64998200968082,1.8847700462517674,12
stable_rank,attention_qkv,17000,37.11659454363907,2.170263640011718,12
stable_rank,attention_qkv,18000,37.396804198894124,2.583532274409098,12
stable_rank,attention_qkv,19000,37.66467334853285,3.034056093812231,12
stable_rank,attention_qkv,20000,38.07447264198823,3.3009498722660187,12
stable_rank,attention_qkv,21000,38.435920953348635,3.5228494940806763,12
stable_rank,attention_qkv,22000,38.89181206085221,3.6372558437546485,12
stable_rank,attention_qkv,23000,39.217850873376314,3.684757087685046,12
stable_rank,attention_qkv,24000,39.503242116429725,3.7151426665070995,12
stable_rank,attention_qkv,25000,39.64727164813583,3.743024840313574,12
stable_rank,attention_qkv,26000,39.465638762411466,3.816199391135207,12
stable_rank,attention_qkv,27000,39.21150125881953,3.983142861522234,12
stable_rank,attention_qkv,28000,38.89545917056348,4.1958226848357585,12
stable_rank,attention_qkv,29000,38.63690020364689,4.379650748397541,12
stable_rank,attention_qkv,30000,38.3370700718173,4.525311665480203,12
stable_rank,attention_qkv,31000,37.788508383085464,4.633317853604274,12
stable_rank,attention_qkv,32000,37.31568780660796,4.767128686601886,12
stable_rank,attention_qkv,33000,36.868444367253694,4.922156552557236,12
stable_rank,attention_qkv,34000,36.41085265922221,5.096097770033273,12
stable_rank,attention_qkv,35000,36.1288381372319,5.2503889623162285,12
stable_rank,attention_qkv,36000,35.93019128160861,5.3769412227204,12
stable_rank,attention_qkv,37000,35.86248949561955,5.486044499287406,12
stable_rank,attention_qkv,38000,35.80988153382871,5.558926558102494,12
stable_rank,attention_qkv,39000,35.809653610847725,5.62867639788707,12
stable_rank,attention_qkv,40000,35.774179547076564,5.6725598308081056,12
stable_rank,attention_qkv,41000,35.7851376036824,5.712279918936887,12
stable_rank,attention_qkv,42000,35.81346748573299,5.741833929599589,12
stable_rank,attention_qkv,43000,35.887944281844135,5.772196914382366,12
stable_rank,attention_qkv,44000,35.8881084644169,5.783103022220154,12
stable_rank,attention_qkv,45000,35.943035984507056,5.799913062161118,12
stable_rank,attention_qkv,46000,35.95065311558576,5.801271070325995,12
stable_rank,attention_qkv,47000,35.81619075301773,5.77282923847668,12
stable_rank,attention_qkv,48000,35.54577939578297,5.722037187074156,12
stable_rank,attention_qkv,49000,34.96897027149018,5.664182799854251,12
stable_rank,attention_qkv,50000,34.26735656197892,5.670482983468021,12
stable_rank,attention_qkv,51000,33.69698907130281,5.759618019451206,12
stable_rank,attention_qkv,52000,33.14942542781095,5.8814000785314136,12
stable_rank,attention_qkv,53000,32.84986853484183,5.975980688443218,12
stable_rank,attention_qkv,54000,32.59428253931311,6.066229016159569,12
stable_rank,attention_qkv,55000,32.46829566206036,6.109349240057045,12
stable_rank,attention_qkv,56000,32.42382843109515,6.136096553838999,12
stable_rank,attention_qkv,57000,32.33497874056335,6.147116338716965,12
stable_rank,attention_qkv,58000,32.29474201742742,6.15434207026483,12
stable_rank,attention_qkv,59000,32.23311492684728,6.149886154202674,12
stable_rank,attention_qkv,60000,32.200225005000966,6.148099205676874,12
stable_rank,attention_qkv,61000,32.158204253981545,6.145348941677673,12
stable_rank,attention_qkv,62000,32.07870487484135,6.132695937989258,12
stable_rank,attention_qkv,63000,31.27339433053309,6.030398032162577,12
stable_rank,attention_qkv,64000,31.112537340404952,6.016764849860377,12
stable_rank,attention_qkv,65000,30.965249542893886,6.0027915993701635,12
stable_rank,attention_qkv,66000,30.796654749743947,5.998843310670242,12
stable_rank,attention_qkv,67000,30.644795540105495,5.989852176327277,12
stable_rank,attention_qkv,68000,30.433863405735433,5.977196970277208,12
stable_rank,attention_qkv,69000,30.185058775697666,5.975830580738536,12
stable_rank,attention_qkv,70000,30.089259880007234,5.974267880911071,12
stable_rank,attention_qkv,71000,29.84450651792778,5.980343886299231,12
stable_rank,attention_qkv,72000,29.202171905159958,6.020797538480687,12
stable_rank,attention_qkv,73000,28.88241279935006,6.041485891559279,12
stable_rank,attention_qkv,74000,28.351220753170647,6.065799668266196,12
stable_rank,attention_qkv,75000,28.226857303386,6.0688460981726955,12
stable_rank,attention_qkv,76000,28.109866405391006,6.067111642677316,12
stable_rank,attention_qkv,77000,27.894552721964317,6.067508785255347,12
stable_rank,attention_qkv,78000,27.605096689727603,6.06119436612778,12
stable_rank,attention_qkv,79000,27.523733267785815,6.055668843023242,12
stable_rank,attention_qkv,80000,27.40133110912424,6.046988600498626,12
stable_rank,attention_qkv,81000,27.131289635597266,6.039232262351811,12
stable_rank,attention_qkv,82000,26.85607836412939,6.017438683252503,12
stable_rank,attention_qkv,83000,26.562917194949165,5.9941076493226735,12
stable_rank,attention_qkv,84000,26.219275034410643,5.97109744402935,12
stable_rank,attention_qkv,85000,25.528297170737673,5.927457831607546,12
stable_rank,attention_qkv,86000,25.19997753113448,5.917871662216121,12
stable_rank,attention_qkv,87000,24.88022353995406,5.911491420827867,12
stable_rank,attention_qkv,88000,24.615385483314558,5.911083448079905,12
stable_rank,attention_qkv,89000,24.41149605494139,5.912078787904293,12
stable_rank,attention_qkv,90000,23.84927397169992,5.8858470807911045,12
stable_rank,attention_qkv,91000,23.364981332173446,5.862184981097047,12
stable_rank,attention_qkv,92000,23.027211899724122,5.840629106882133,12
stable_rank,attention_qkv,93000,22.619974538017875,5.803914893209485,12
stable_rank,attention_qkv,94000,22.229307814201032,5.762496122706689,12
stable_rank,attention_qkv,95000,21.60235843457797,5.6915495533241405,12
stable_rank,attention_qkv,96000,21.214704904242804,5.649050510004381,12
stable_rank,attention_qkv,97000,20.804194025279774,5.623804666937112,12
stable_rank,attention_qkv,98000,20.296392573917267,5.592505482359914,12
stable_rank,attention_qkv,99000,19.803059304789883,5.583751076458739,12
stable_rank,attention_qkv,100000,19.27511839565581,5.59815858051405,12
stable_rank,attention_qkv,101000,18.773444355426374,5.611781515006507,12
stable_rank,attention_qkv,102000,18.420969256934402,5.628764898879247,12
stable_rank,attention_qkv,103000,18.123605607471927,5.652567490658096,12
stable_rank,attention_qkv,104000,17.867400995254293,5.6725947420856535,12
stable_rank,attention_qkv,105000,17.649459134026994,5.708860415792639,12
stable_rank,attention_qkv,106000,17.467738370866538,5.714030823817266,12
stable_rank,attention_qkv,107000,17.33425183765195,5.727029660362326,12
stable_rank,attention_qkv,108000,17.226818146142584,5.733131029087982,12
stable_rank,attention_qkv,109000,17.14662855512843,5.733146075314027,12
stable_rank,attention_qkv,110000,17.078572424973178,5.728205671786202,12
stable_rank,attention_qkv,111000,17.023605302188333,5.725043134249002,12
stable_rank,attention_qkv,112000,16.98845128146879,5.728921908611372,12
stable_rank,attention_qkv,113000,16.939709469062617,5.720524452372719,12
stable_rank,attention_qkv,114000,16.91108368888796,5.719345408160424,12
stable_rank,attention_qkv,115000,16.871683745861876,5.719781699680449,12
stable_rank,attention_qkv,116000,16.83549498461797,5.718833475109609,12
stable_rank,attention_qkv,117000,16.793693424774556,5.720749887660951,12
stable_rank,attention_qkv,118000,16.729879499935958,5.729459190281113,12
stable_rank,attention_qkv,119000,16.677269994706666,5.740081555477765,12
stable_rank,attention_qkv,120000,16.62790622809451,5.746860732087606,12
stable_rank,attention_qkv,121000,16.59619732400076,5.758214307487044,12
stable_rank,attention_qkv,122000,16.559427613750774,5.7597714852159845,12
stable_rank,attention_qkv,123000,16.53445669081434,5.758667485635706,12
stable_rank,attention_qkv,124000,16.50667360063007,5.755131256998761,12
stable_rank,attention_qkv,125000,16.486029477238304,5.751911334206047,12
stable_rank,attention_qkv,126000,16.491976498932043,5.762474902695776,12
stable_rank,attention_qkv,127000,16.467081570339868,5.757198629743385,12
stable_rank,attention_qkv,128000,16.43873726102714,5.749200805677003,12
stable_rank,attention_qkv,129000,16.406499108345646,5.738839494632109,12
stable_rank,attention_qkv,130000,16.374734373157413,5.728686165700732,12
stable_rank,attention_qkv,131000,16.35464078996417,5.726121442552555,12
stable_rank,attention_qkv,132000,16.348467912760025,5.73134058671018,12
stable_rank,attention_qkv,133000,16.30947155488276,5.720168284630822,12
stable_rank,attention_qkv,134000,16.268649120317,5.706030655559616,12
stable_rank,attention_qkv,135000,16.237990760779557,5.695939480379465,12
stable_rank,attention_qkv,136000,16.20004664389681,5.683146188953421,12
stable_rank,attention_qkv,137000,16.167900691267146,5.671996375385429,12
stable_rank,attention_qkv,138000,16.145786930154603,5.667019299743483,12
stable_rank,attention_qkv,139000,16.11245692138917,5.656896654880188,12
stable_rank,attention_qkv,140000,16.082639532943315,5.647059506249072,12
stable_rank,attention_qkv,141000,16.0507934293234,5.634812731600022,12
stable_rank,attention_qkv,142000,16.018596332596932,5.624083760149083,12
stable_rank,attention_qkv,143000,15.985788540612388,5.611923002578566,12
stable_rank,mlp_in,1,343.5928381740036,0.4592875286880205,12
stable_rank,mlp_in,2,343.57511422854964,0.4590866813603246,12
stable_rank,mlp_in,4,343.57601316458573,0.4610399509564457,12
stable_rank,mlp_in,8,343.58552338383464,0.4608643650730248,12
stable_rank,mlp_in,16,343.57345484036165,0.4576716516215736,12
stable_rank,mlp_in,32,343.56196783995466,0.45634879941707646,12
stable_rank,mlp_in,64,343.5586098312608,0.4513402217960051,12
stable_rank,mlp_in,128,343.38864612705385,0.4340679725618145,12
stable_rank,mlp_in,256,343.1811321651526,0.4508525226693577,12
stable_rank,mlp_in,512,340.24175526530155,1.0750835636593252,12
stable_rank,mlp_in,1000,124.91371045701057,12.050726447247985,12
stable_rank,mlp_in,2000,41.88292555396685,2.686073960005336,12
stable_rank,mlp_in,3000,34.35137999219529,2.371292746109279,12
stable_rank,mlp_in,4000,32.84949752906628,2.4648574041432134,12
stable_rank,mlp_in,5000,32.51896621372487,2.498520711862464,12
stable_rank,mlp_in,6000,32.74787809322135,2.5119547585159134,12
stable_rank,mlp_in,7000,32.96016829518502,2.495438541232751,12
stable_rank,mlp_in,8000,33.23145220252596,2.48126100141716,12
stable_rank,mlp_in,9000,33.60841049081539,2.515205529109234,12
stable_rank,mlp_in,10000,34.160372600499535,2.5252044794943678,12
stable_rank,mlp_in,11000,34.613698063351364,2.535475739484235,12
stable_rank,mlp_in,12000,35.1826044978919,2.5526859235855923,12
stable_rank,mlp_in,13000,35.56228478905405,2.57173339030434,12
stable_rank,mlp_in,14000,35.96732363562493,2.6031154461737978,12
stable_rank,mlp_in,15000,36.45515947021784,2.61439390197922,12
stable_rank,mlp_in,16000,36.75346775949229,2.6410785070426286,12
stable_rank,mlp_in,17000,37.10500844476109,2.667294096361469,12
stable_rank,mlp_in,18000,37.44900966765508,2.686410986364333,12
stable_rank,mlp_in,19000,37.85627418814361,2.724886489049238,12
stable_rank,mlp_in,20000,38.18519821283366,2.753534949327462,12
stable_rank,mlp_in,21000,38.50248155910035,2.7710995117027615,12
stable_rank,mlp_in,22000,38.837348133960134,2.7985416211246705,12
stable_rank,mlp_in,23000,39.101176906731915,2.8202998714861196,12
stable_rank,mlp_in,24000,39.17480885472716,2.8538705739666725,12
stable_rank,mlp_in,25000,39.467159262627966,2.893528750102149,12
stable_rank,mlp_in,26000,39.576450585866645,2.918515605513848,12
stable_rank,mlp_in,27000,39.77922232989675,2.951339255557122,12
stable_rank,mlp_in,28000,39.80646762969014,2.9849926817517556,12
stable_rank,mlp_in,29000,40.082398761383416,3.0142257429044963,12
stable_rank,mlp_in,30000,40.145444202381306,3.046684650170692,12
stable_rank,mlp_in,31000,40.28744241419686,3.084096333115042,12
stable_rank,mlp_in,32000,40.52421947095709,3.119758486069589,12
stable_rank,mlp_in,33000,40.58854471340354,3.154485260978926,12
stable_rank,mlp_in,34000,40.67557100650458,3.1935038167056042,12
stable_rank,mlp_in,35000,40.83795296990292,3.233824498655646,12
stable_rank,mlp_in,36000,40.97628228529379,3.273864458858729,12
stable_rank,mlp_in,37000,41.031789098089895,3.3116349129395406,12
stable_rank,mlp_in,38000,41.127165712582574,3.3602700421390135,12
stable_rank,mlp_in,39000,41.27010379763575,3.3857680513024153,12
stable_rank,mlp_in,40000,41.3608165918227,3.4363940747498534,12
stable_rank,mlp_in,41000,41.493556711021945,3.477960899470926,12
stable_rank,mlp_in,42000,41.4874734845672,3.5272990840306586,12
stable_rank,mlp_in,43000,41.64849338352797,3.547287937002578,12
stable_rank,mlp_in,44000,41.73813822263221,3.5877776948805233,12
stable_rank,mlp_in,45000,41.86781322851408,3.6027294700925165,12
stable_rank,mlp_in,46000,41.95198649054733,3.641583786963034,12
stable_rank,mlp_in,47000,41.942213895477224,3.6959535103517855,12
stable_rank,mlp_in,48000,42.10508334419932,3.7277860707264114,12
stable_rank,mlp_in,49000,42.13071956392135,3.7740689383774226,12
stable_rank,mlp_in,50000,42.18041700034403,3.8079752664752076,12
stable_rank,mlp_in,51000,42.34519875693784,3.837207975865357,12
stable_rank,mlp_in,52000,42.39110400725456,3.8808437987954267,12
stable_rank,mlp_in,53000,42.440898833375954,3.918227303794569,12
stable_rank,mlp_in,54000,42.57663446204473,3.9460370975250854,12
stable_rank,mlp_in,55000,42.686057969049024,3.977901056225786,12
stable_rank,mlp_in,56000,42.743042181320874,4.0140349103439235,12
stable_rank,mlp_in,57000,42.89635313337788,4.039913798187272,12
stable_rank,mlp_in,58000,42.916326909325306,4.076360689432955,12
stable_rank,mlp_in,59000,42.93478230622032,4.112249351593028,12
stable_rank,mlp_in,60000,42.939341681467475,4.1431226658397975,12
stable_rank,mlp_in,61000,42.96629127822899,4.173417725185321,12
stable_rank,mlp_in,62000,43.002049653199464,4.201856772103276,12
stable_rank,mlp_in,63000,43.124815871609364,4.220883015828024,12
stable_rank,mlp_in,64000,43.178785987331004,4.239052251237863,12
stable_rank,mlp_in,65000,43.23843882940364,4.262181717534269,12
stable_rank,mlp_in,66000,43.294107002204555,4.275972269277332,12
stable_rank,mlp_in,67000,43.386817085902265,4.294675974064215,12
stable_rank,mlp_in,68000,43.38042009820086,4.318541369399384,12
stable_rank,mlp_in,69000,43.3945876470435,4.347838688474814,12
stable_rank,mlp_in,70000,43.37011352121323,4.355681430472039,12
stable_rank,mlp_in,71000,43.44514398484127,4.364950679719353,12
stable_rank,mlp_in,72000,43.44622913127814,4.360935828185042,12
stable_rank,mlp_in,73000,43.40035194238021,4.364671328884782,12
stable_rank,mlp_in,74000,43.432440339487435,4.367227565923738,12
stable_rank,mlp_in,75000,43.4222798982801,4.366049936328702,12
stable_rank,mlp_in,76000,43.35975885327963,4.372728611411136,12
stable_rank,mlp_in,77000,43.325197712571345,4.381395969043932,12
stable_rank,mlp_in,78000,43.26468397949815,4.393822473007585,12
stable_rank,mlp_in,79000,43.19242916560203,4.400257200056247,12
stable_rank,mlp_in,80000,43.17019884961389,4.398837805251465,12
stable_rank,mlp_in,81000,43.22034680447166,4.405901061433256,12
stable_rank,mlp_in,82000,43.20767333083288,4.41376470475057,12
stable_rank,mlp_in,83000,43.23923477548539,4.424503208290276,12
stable_rank,mlp_in,84000,43.25506817235931,4.441002357658356,12
stable_rank,mlp_in,85000,43.480187663535354,4.468532921511069,12
stable_rank,mlp_in,86000,43.54127403442249,4.481104715727441,12
stable_rank,mlp_in,87000,43.601360365249434,4.495283638219336,12
stable_rank,mlp_in,88000,43.63088296981659,4.501026331791823,12
stable_rank,mlp_in,89000,43.63545236008553,4.500761652219144,12
stable_rank,mlp_in,90000,43.73454118790669,4.514427891987222,12
stable_rank,mlp_in,91000,43.816964239038974,4.522126315374464,12
stable_rank,mlp_in,92000,43.833373817326304,4.5233603246244485,12
stable_rank,mlp_in,93000,43.904646748100696,4.525279007268006,12
stable_rank,mlp_in,94000,43.938174299376506,4.534920880864584,12
stable_rank,mlp_in,95000,44.18734336162465,4.571833529107442,12
stable_rank,mlp_in,96000,44.09741240318192,4.566394754629163,12
stable_rank,mlp_in,97000,44.1491980749422,4.565952201233705,12
stable_rank,mlp_in,98000,44.204983625365294,4.581881714177314,12
stable_rank,mlp_in,99000,44.28341720697528,4.598776317855084,12
stable_rank,mlp_in,100000,44.48997752303179,4.636754172632968,12
stable_rank,mlp_in,101000,44.73503881177331,4.689301847116124,12
stable_rank,mlp_in,102000,44.876548298498186,4.7193845093629605,12
stable_rank,mlp_in,103000,45.04392951572854,4.750212944378633,12
stable_rank,mlp_in,104000,45.17386782355387,4.774527650297338,12
stable_rank,mlp_in,105000,45.40057024516799,4.814168178811384,12
stable_rank,mlp_in,106000,45.45026777874683,4.826920395005414,12
stable_rank,mlp_in,107000,45.55025548377011,4.840346761571014,12
stable_rank,mlp_in,108000,45.55438254089034,4.831348200324891,12
stable_rank,mlp_in,109000,45.54301038230495,4.820286135445872,12
stable_rank,mlp_in,110000,45.449844007665284,4.804777383412454,12
stable_rank,mlp_in,111000,45.32841263573251,4.7831443301805585,12
stable_rank,mlp_in,112000,45.20051950292976,4.752381698665357,12
stable_rank,mlp_in,113000,45.15370267954622,4.742708911221631,12
stable_rank,mlp_in,114000,45.04781192851647,4.724286585398787,12
stable_rank,mlp_in,115000,44.964090036202,4.712625430283868,12
stable_rank,mlp_in,116000,44.91212589468452,4.70598453373512,12
stable_rank,mlp_in,117000,44.91991874803128,4.7084811217235965,12
stable_rank,mlp_in,118000,45.12114997850128,4.752737825250988,12
stable_rank,mlp_in,119000,45.302470253152414,4.791953618807058,12
stable_rank,mlp_in,120000,45.472413571548095,4.829518911157486,12
stable_rank,mlp_in,121000,45.567795990211266,4.852045913156884,12
stable_rank,mlp_in,122000,45.64846827651737,4.872164803868999,12
stable_rank,mlp_in,123000,45.680374611499815,4.879423120452741,12
stable_rank,mlp_in,124000,45.76001714251161,4.894870459116031,12
stable_rank,mlp_in,125000,45.90397024284778,4.92491068054707,12
stable_rank,mlp_in,126000,45.84802961325203,4.911723191499378,12
stable_rank,mlp_in,127000,45.99000040998799,4.941079714631132,12
stable_rank,mlp_in,128000,46.18361781168492,4.985215184943636,12
stable_rank,mlp_in,129000,46.284339759356634,5.0087523104279565,12
stable_rank,mlp_in,130000,46.39921984530856,5.034019958743566,12
stable_rank,mlp_in,131000,46.434663811454634,5.043094180038754,12
stable_rank,mlp_in,132000,46.50352360965959,5.049678212072868,12
stable_rank,mlp_in,133000,46.60817614568308,5.069784206129177,12
stable_rank,mlp_in,134000,46.66008974579007,5.084989699975606,12
stable_rank,mlp_in,135000,46.68850722065175,5.093500449283208,12
stable_rank,mlp_in,136000,46.7174583234272,5.100014571557235,12
stable_rank,mlp_in,137000,46.708791101001644,5.101830887513432,12
stable_rank,mlp_in,138000,46.69328780249709,5.10022468861419,12
stable_rank,mlp_in,139000,46.71485490169371,5.106334682464123,12
stable_rank,mlp_in,140000,46.70176326012054,5.108739568694442,12
stable_rank,mlp_in,141000,46.670708863936824,5.107976964598942,12
stable_rank,mlp_in,142000,46.624433879517994,5.107241337235342,12
stable_rank,mlp_in,143000,46.5672413695834,5.100611716093897,12
stable_rank,mlp_out,1,343.5144916813158,0.35967556542500567,12
stable_rank,mlp_out,2,343.51480356768025,0.35918114632333087,12
stable_rank,mlp_out,4,343.51819097061,0.3575074545684368,12
stable_rank,mlp_out,8,343.51065158041234,0.3591513016693573,12
stable_rank,mlp_out,16,343.4803053108683,0.36297307471190865,12
stable_rank,mlp_out,32,343.2949788611982,0.38737993005666177,12
stable_rank,mlp_out,64,341.50003675668626,0.7463996161486196,12
stable_rank,mlp_out,128,321.61913558269083,7.042610056279367,12
stable_rank,mlp_out,256,311.63122523048906,7.364556858077449,12
stable_rank,mlp_out,512,241.70568415923307,11.739309901020217,12
stable_rank,mlp_out,1000,112.22595168757898,5.957870733689134,12
stable_rank,mlp_out,2000,96.64486954422533,5.595540492207703,12
stable_rank,mlp_out,3000,100.78135566016029,5.327475944671764,12
stable_rank,mlp_out,4000,99.5817736848532,4.717858987623286,12
stable_rank,mlp_out,5000,98.93865973071696,4.882384844515932,12
stable_rank,mlp_out,6000,96.53478483198866,5.346931145277087,12
stable_rank,mlp_out,7000,94.65353942530926,5.402060448361252,12
stable_rank,mlp_out,8000,92.58665128455095,5.490457311199451,12
stable_rank,mlp_out,9000,90.87616228547812,5.6568660739563645,12
stable_rank,mlp_out,10000,89.22028081422224,5.89905047585241,12
stable_rank,mlp_out,11000,87.92623699720689,6.125642458904313,12
stable_rank,mlp_out,12000,86.64226564564633,6.295691509415003,12
stable_rank,mlp_out,13000,85.5119873246856,6.497257665860472,12
stable_rank,mlp_out,14000,84.44928248320115,6.640197429959134,12
stable_rank,mlp_out,15000,83.52320269702143,6.775370115718094,12
stable_rank,mlp_out,16000,82.6869547439813,6.859190594038163,12
stable_rank,mlp_out,17000,82.01025217959193,6.945957962913972,12
stable_rank,mlp_out,18000,81.42855749927445,7.044969858078951,12
stable_rank,mlp_out,19000,80.99362827392193,7.151563097209584,12
stable_rank,mlp_out,20000,80.63846301671886,7.252399470858276,12
stable_rank,mlp_out,21000,80.44180575942315,7.356143828429606,12
stable_rank,mlp_out,22000,80.25365424163712,7.465684244158397,12
stable_rank,mlp_out,23000,80.09955537819154,7.569170337238594,12
stable_rank,mlp_out,24000,79.9116896799082,7.622352294961944,12
stable_rank,mlp_out,25000,79.74366841632933,7.6611856363236726,12
stable_rank,mlp_out,26000,79.55263940539568,7.690664284167431,12
stable_rank,mlp_out,27000,79.36115096787152,7.710770338141187,12
stable_rank,mlp_out,28000,79.24981199602162,7.754483747527074,12
stable_rank,mlp_out,29000,79.12124036962699,7.760399652842302,12
stable_rank,mlp_out,30000,78.92618967919026,7.753650605172734,12
stable_rank,mlp_out,31000,78.80157319312596,7.733500248609112,12
stable_rank,mlp_out,32000,78.69148140078734,7.743238799963713,12
stable_rank,mlp_out,33000,78.4572288291166,7.656616967647239,12
stable_rank,mlp_out,34000,77.99040322548838,7.457706747495797,12
stable_rank,mlp_out,35000,77.34816109074593,7.201394785183277,12
stable_rank,mlp_out,36000,76.51101289376679,6.927516934170024,12
stable_rank,mlp_out,37000,75.85570419421767,6.738486386139054,12
stable_rank,mlp_out,38000,75.17212948410369,6.608859459166417,12
stable_rank,mlp_out,39000,74.8709581545337,6.603592307626682,12
stable_rank,mlp_out,40000,74.63072399554889,6.589257894405595,12
stable_rank,mlp_out,41000,74.47771316735523,6.598766900620735,12
stable_rank,mlp_out,42000,74.51777517689888,6.614247964156102,12
stable_rank,mlp_out,43000,74.62599605107276,6.621063081903765,12
stable_rank,mlp_out,44000,74.72276718117764,6.653754545889167,12
stable_rank,mlp_out,45000,74.80992199705499,6.691450388947869,12
stable_rank,mlp_out,46000,74.9940945070348,6.725498860841563,12
stable_rank,mlp_out,47000,75.03820868291375,6.725368110547582,12
stable_rank,mlp_out,48000,75.15160681097167,6.740197965133375,12
stable_rank,mlp_out,49000,75.18168950842696,6.732622229247585,12
stable_rank,mlp_out,50000,75.21471086327875,6.738299235864952,12
stable_rank,mlp_out,51000,75.31196746128164,6.752610617693372,12
stable_rank,mlp_out,52000,75.25944486264704,6.7497895954689415,12
stable_rank,mlp_out,53000,75.51002824880206,6.830102603988371,12
stable_rank,mlp_out,54000,75.36683082128336,6.796079704845956,12
stable_rank,mlp_out,55000,75.35553291748563,6.827906503393646,12
stable_rank,mlp_out,56000,75.32764532088414,6.827753070092578,12
stable_rank,mlp_out,57000,75.16729597572784,6.808325678027061,12
stable_rank,mlp_out,58000,75.06355595910377,6.7784108212491185,12
stable_rank,mlp_out,59000,75.0246654184228,6.746833634807087,12
stable_rank,mlp_out,60000,75.11061484404873,6.752155103403019,12
stable_rank,mlp_out,61000,75.00151738290371,6.711859400702262,12
stable_rank,mlp_out,62000,75.01601051810697,6.7043819472223225,12
stable_rank,mlp_out,63000,74.37582576795457,6.521643321330024,12
stable_rank,mlp_out,64000,74.5780152455447,6.614720790294,12
stable_rank,mlp_out,65000,74.61465907795888,6.639896844307798,12
stable_rank,mlp_out,66000,74.60911038603862,6.6534745047012835,12
stable_rank,mlp_out,67000,74.56524640025954,6.65921663148841,12
stable_rank,mlp_out,68000,74.49865115747342,6.656141398398627,12
stable_rank,mlp_out,69000,74.36547218947881,6.632284459173087,12
stable_rank,mlp_out,70000,74.51216970688172,6.672910846660105,12
stable_rank,mlp_out,71000,74.2150553975532,6.62329128174204,12
stable_rank,mlp_out,72000,73.63325494716389,6.533961335924483,12
stable_rank,mlp_out,73000,73.58483662525754,6.537897568168052,12
stable_rank,mlp_out,74000,72.7519710914127,6.400203855204178,12
stable_rank,mlp_out,75000,72.90819879217797,6.457351278869972,12
stable_rank,mlp_out,76000,72.85693932922958,6.453982944648637,12
stable_rank,mlp_out,77000,72.5992234308217,6.413045579932059,12
stable_rank,mlp_out,78000,72.32910015502696,6.370395128460019,12
stable_rank,mlp_out,79000,72.35501494368474,6.377150411530869,12
stable_rank,mlp_out,80000,72.26508220219206,6.357599600490259,12
stable_rank,mlp_out,81000,71.69926679498305,6.30782893752053,12
stable_rank,mlp_out,82000,71.40057253890951,6.295502971483821,12
stable_rank,mlp_out,83000,71.16497137284536,6.279407713713476,12
stable_rank,mlp_out,84000,70.60980560855472,6.225025160749389,12
stable_rank,mlp_out,85000,69.84334849860004,6.107699769173362,12
stable_rank,mlp_out,86000,69.81185567124729,6.126468205740391,12
stable_rank,mlp_out,87000,69.71253192555996,6.124033078314973,12
stable_rank,mlp_out,88000,69.71959564574034,6.125037939808683,12
stable_rank,mlp_out,89000,69.69169978607457,6.130307865684533,12
stable_rank,mlp_out,90000,68.99535281999742,6.019984711647377,12
stable_rank,mlp_out,91000,68.35215206074913,5.929341466562153,12
stable_rank,mlp_out,92000,68.07041069034723,5.907154246705391,12
stable_rank,mlp_out,93000,67.52454433463546,5.865077841790908,12
stable_rank,mlp_out,94000,66.93599092200527,5.837737789812623,12
stable_rank,mlp_out,95000,65.90877112033304,5.860603862767128,12
stable_rank,mlp_out,96000,65.63599681166939,5.898945056357638,12
stable_rank,mlp_out,97000,65.09319761109553,5.972859433173945,12
stable_rank,mlp_out,98000,64.79233527987,6.04532904972003,12
stable_rank,mlp_out,99000,64.57973672071661,6.110085597899693,12
stable_rank,mlp_out,100000,64.47204661489954,6.164428163594676,12
stable_rank,mlp_out,101000,64.53229635310014,6.197956806974336,12
stable_rank,mlp_out,102000,64.47174157565318,6.2447038875844,12
stable_rank,mlp_out,103000,64.4142348266341,6.303201407687652,12
stable_rank,mlp_out,104000,64.27848846006492,6.346329522878427,12
stable_rank,mlp_out,105000,63.54067689055393,6.126904555591323,12
stable_rank,mlp_out,106000,63.2000849780895,6.041098968017589,12
stable_rank,mlp_out,107000,62.788813598770226,5.929528422230638,12
stable_rank,mlp_out,108000,62.50480108451964,5.826209542461482,12
stable_rank,mlp_out,109000,62.36132378949069,5.756257407516774,12
stable_rank,mlp_out,110000,62.154948275910016,5.709134948264853,12
stable_rank,mlp_out,111000,62.08640488989752,5.699427008375869,12
stable_rank,mlp_out,112000,61.832637738294075,5.705177152267831,12
stable_rank,mlp_out,113000,61.48293906342982,5.732711228386301,12
stable_rank,mlp_out,114000,61.14480733337982,5.774799901083235,12
stable_rank,mlp_out,115000,60.883603387157756,5.803845943031054,12
stable_rank,mlp_out,116000,60.58884892098354,5.837833917428873,12
stable_rank,mlp_out,117000,60.357058413828476,5.873830064780116,12
stable_rank,mlp_out,118000,60.02946335910416,5.911959490405448,12
stable_rank,mlp_out,119000,59.513253696958486,5.9709586049998595,12
stable_rank,mlp_out,120000,59.03895263315274,6.027430891631091,12
stable_rank,mlp_out,121000,58.65020837630518,6.091832786427287,12
stable_rank,mlp_out,122000,58.24310599461693,6.155450224903293,12
stable_rank,mlp_out,123000,57.92788626884373,6.2125609284689425,12
stable_rank,mlp_out,124000,57.65728168507377,6.2690321149884225,12
stable_rank,mlp_out,125000,57.50223941096562,6.303350930212042,12
stable_rank,mlp_out,126000,57.13327495229706,6.3738717768685715,12
stable_rank,mlp_out,127000,56.98639543797753,6.4185961643408165,12
stable_rank,mlp_out,128000,57.00847222493925,6.454248511809219,12
stable_rank,mlp_out,129000,57.03542612851688,6.485571120527507,12
stable_rank,mlp_out,130000,57.11499803448655,6.50008220155312,12
stable_rank,mlp_out,131000,57.01334060175623,6.536409116760736,12
stable_rank,mlp_out,132000,56.886066513530174,6.5871988823917365,12
stable_rank,mlp_out,133000,56.924877841496034,6.618899125514243,12
stable_rank,mlp_out,134000,57.046825376034974,6.628131181053626,12
stable_rank,mlp_out,135000,57.12823652151312,6.641529413918981,12
stable_rank,mlp_out,136000,57.17102098676231,6.66317811505589,12
stable_rank,mlp_out,137000,57.23586666691356,6.69302513007627,12
stable_rank,mlp_out,138000,57.19821396408034,6.723650965066598,12
stable_rank,mlp_out,139000,57.22066692355708,6.739668824408306,12
stable_rank,mlp_out,140000,57.26995651927782,6.753267922025289,12
stable_rank,mlp_out,141000,57.37126952634609,6.757036889055057,12
stable_rank,mlp_out,142000,57.398644409917715,6.775226304718678,12
stable_rank,mlp_out,143000,57.43289046344571,6.790479658455737,12
sv_stability,attention_out,1,0.9999006340901057,3.7006295847494013e-06,12
sv_stability,attention_out,2,0.9998981058597565,2.730447351716402e-06,12
sv_stability,attention_out,4,0.9998979419469833,2.5702471002527806e-06,12
sv_stability,attention_out,8,0.9998971372842789,3.2472235721225847e-06,12
sv_stability,attention_out,16,0.999817430973053,1.7705007365119952e-05,12
sv_stability,attention_out,32,0.998040646314621,0.000925548159070949,12
sv_stability,attention_out,64,0.9896276195844015,0.003250121512477295,12
sv_stability,attention_out,128,0.9549647023280462,0.012161945645693414,12
sv_stability,attention_out,256,0.8309451242287954,0.02527286771882054,12
sv_stability,attention_out,512,0.5565793588757515,0.032542522488101785,12
sv_stability,attention_out,1000,0.4391362816095352,0.03713011251621215,12
sv_stability,attention_out,2000,0.5405832827091217,0.055161793709677436,12
sv_stability,attention_out,3000,0.8516135414441427,0.0227308771098034,12
sv_stability,attention_out,4000,0.9063608249028524,0.02069451896332516,12
sv_stability,attention_out,5000,0.9435530056556066,0.008860961166665217,12
sv_stability,attention_out,6000,0.9413976768652598,0.012791701406516589,12
sv_stability,attention_out,7000,0.9609612027804056,0.011861069188992747,12
sv_stability,attention_out,8000,0.9690106411774954,0.007194903450561309,12
sv_stability,attention_out,9000,0.9731131792068481,0.005952800410304424,12
sv_stability,attention_out,10000,0.9690159360567728,0.008866786517176109,12
sv_stability,attention_out,11000,0.9761856546004614,0.005372486810662189,12
sv_stability,attention_out,12000,0.9687843720118204,0.009637508414700116,12
sv_stability,attention_out,13000,0.9710295001665751,0.00831126505401514,12
sv_stability,attention_out,14000,0.9668621371189753,0.010699319979046424,12
sv_stability,attention_out,15000,0.9792658388614655,0.009086425077896377,12
sv_stability,attention_out,16000,0.9829620818297068,0.006596392272556498,12
sv_stability,attention_out,17000,0.9810981104771296,0.005249628610181918,12
sv_stability,attention_out,18000,0.9884195029735565,0.0022329998178872924,12
sv_stability,attention_out,19000,0.9816088179747263,0.005070034023408652,12
sv_stability,attention_out,20000,0.9826482484738032,0.00562247070661776,12
sv_stability,attention_out,21000,0.9815532267093658,0.004182760178998206,12
sv_stability,attention_out,22000,0.9807317008574804,0.003324622770042006,12
sv_stability,attention_out,23000,0.97769067188104,0.006308520772979152,12
sv_stability,attention_out,24000,0.9858649869759878,0.0030484084960984877,12
sv_stability,attention_out,25000,0.9769686410824457,0.009507853109113297,12
sv_stability,attention_out,26000,0.9804414113362631,0.00691978736736543,12
sv_stability,attention_out,27000,0.9851552148660024,0.004393369314746411,12
sv_stability,attention_out,28000,0.9884414523839951,0.002618642162456378,12
sv_stability,attention_out,29000,0.9862265487511953,0.0025415884145642215,12
sv_stability,attention_out,30000,0.9848203013340632,0.003346172610437203,12
sv_stability,attention_out,31000,0.9872854103644689,0.004092469550022223,12
sv_stability,attention_out,32000,0.9872963478167852,0.004313983475104095,12
sv_stability,attention_out,33000,0.9785385131835938,0.010036190045077022,12
sv_stability,attention_out,34000,0.9727915227413177,0.012296473782322808,12
sv_stability,attention_out,35000,0.9879570504029592,0.002655739559243182,12
sv_stability,attention_out,36000,0.9840865035851797,0.005245954732220564,12
sv_stability,attention_out,37000,0.9905410508314768,0.0013735944918072311,12
sv_stability,attention_out,38000,0.9863640715678533,0.005719992924770866,12
sv_stability,attention_out,39000,0.9902317722638448,0.0016068669623563038,12
sv_stability,attention_out,40000,0.991819828748703,0.0011005733964502913,12
sv_stability,attention_out,41000,0.9892461250225703,0.003752546966682586,12
sv_stability,attention_out,42000,0.9862083544333776,0.004686909176749214,12
sv_stability,attention_out,43000,0.9834933131933212,0.00675253240564313,12
sv_stability,attention_out,44000,0.987839917341868,0.0027026493867502613,12
sv_stability,attention_out,45000,0.9921043217182159,0.0008871402905611726,12
sv_stability,attention_out,46000,0.9882379372914633,0.003024283324915833,12
sv_stability,attention_out,47000,0.9911037335793177,0.0014364690711109324,12
sv_stability,attention_out,48000,0.9868695388237635,0.003522396270719812,12
sv_stability,attention_out,49000,0.9863385905822118,0.003268992634740061,12
sv_stability,attention_out,50000,0.988256186246872,0.0024681318699204453,12
sv_stability,attention_out,51000,0.979996994137764,0.008633413623533983,12
sv_stability,attention_out,52000,0.9745366523663203,0.009572045250285037,12
sv_stability,attention_out,53000,0.9883682777484258,0.0043009364970817135,12
sv_stability,attention_out,54000,0.9884985536336899,0.003066647558656649,12
sv_stability,attention_out,55000,0.9798434227705002,0.00827244362419622,12
sv_stability,attention_out,56000,0.9867335309584936,0.003969466557940214,12
sv_stability,attention_out,57000,0.9827518214782079,0.007603391888968625,12
sv_stability,attention_out,58000,0.9836113552252451,0.006941643665545819,12
sv_stability,attention_out,59000,0.9888797501722971,0.004098122483183341,12
sv_stability,attention_out,60000,0.9911103695631027,0.0029991846669631676,12
sv_stability,attention_out,61000,0.9935171405474345,0.0010737352051279113,12
sv_stability,attention_out,62000,0.9909474651018778,0.002160472623326406,12
sv_stability,attention_out,63000,0.9788567225138346,0.007584954467648589,12
sv_stability,attention_out,64000,0.9930918663740158,0.0010005612931110878,12
sv_stability,attention_out,65000,0.9910091956456503,0.0023200287457304258,12
sv_stability,attention_out,66000,0.9928185443083445,0.0013770297364697243,12
sv_stability,attention_out,67000,0.9934225877126058,0.0012107785646551397,12
sv_stability,attention_out,68000,0.9913632869720459,0.0026882473658393965,12
sv_stability,attention_out,69000,0.9920179148515066,0.001582899232764512,12
sv_stability,attention_out,70000,0.9912534157435099,0.0028336054950227844,12
sv_stability,attention_out,71000,0.9921779185533524,0.0020064182792077397,12
sv_stability,attention_out,72000,0.9911068777243296,0.0018058852881942286,12
sv_stability,attention_out,73000,0.9945511619249979,0.001147782293111384,12
sv_stability,attention_out,74000,0.9920766850312551,0.0016126942342713877,12
sv_stability,attention_out,75000,0.9929400583108267,0.0027058988935178196,12
sv_stability,attention_out,76000,0.9949638893206915,0.0008268384296549031,12
sv_stability,attention_out,77000,0.994237944483757,0.0008183525120305458,12
sv_stability,attention_out,78000,0.9941117465496063,0.001078102402111448,12
sv_stability,attention_out,79000,0.996062641342481,0.000606502457128019,12
sv_stability,attention_out,80000,0.9949875921010971,0.0008556762647142991,12
sv_stability,attention_out,81000,0.9946696062882742,0.000567158815248253,12
sv_stability,attention_out,82000,0.9950196444988251,0.0009657066011909042,12
sv_stability,attention_out,83000,0.9957285026709238,0.00046313409541756206,12
sv_stability,attention_out,84000,0.9943283945322037,0.0004359716750109278,12
sv_stability,attention_out,85000,0.9896777619918188,0.0031079220380182777,12
sv_stability,attention_out,86000,0.9922180970509847,0.0019742620286515833,12
sv_stability,attention_out,87000,0.9906935493151346,0.00304371753016499,12
sv_stability,attention_out,88000,0.9886045555273691,0.003906338647841178,12
sv_stability,attention_out,89000,0.9870754182338715,0.0049158440856098586,12
sv_stability,attention_out,90000,0.991497407356898,0.002029831552619695,12
sv_stability,attention_out,91000,0.9905121674140295,0.0033922502894864373,12
sv_stability,attention_out,92000,0.9936408499876658,0.0015289319345893615,12
sv_stability,attention_out,93000,0.9852396349112192,0.008183867750859991,12
sv_stability,attention_out,94000,0.9879382103681564,0.004464400728666974,12
sv_stability,attention_out,95000,0.9803884575764338,0.010792784974832185,12
sv_stability,attention_out,96000,0.9939012179772059,0.0018743569897798828,12
sv_stability,attention_out,97000,0.9956628034512202,0.0006434001809802797,12
sv_stability,attention_out,98000,0.99532417456309,0.0009482946083878458,12
sv_stability,attention_out,99000,0.995564341545105,0.0008146036427679997,12
sv_stability,attention_out,100000,0.9959403475125631,0.0009554474510711872,12
sv_stability,attention_out,101000,0.996663565436999,0.000275892785065344,12
sv_stability,attention_out,102000,0.9971775412559509,0.00043762836736743586,12
sv_stability,attention_out,103000,0.9972241471211115,0.0003655144680758122,12
sv_stability,attention_out,104000,0.9957568496465683,0.0012109191340580407,12
sv_stability,attention_out,105000,0.9934390932321548,0.0015327423039497921,12
sv_stability,attention_out,106000,0.9941183378299078,0.0014556889534410738,12
sv_stability,attention_out,107000,0.9815704176823298,0.009366708837572695,12
sv_stability,attention_out,108000,0.9928012192249298,0.0014332958448670936,12
sv_stability,attention_out,109000,0.9937588274478912,0.0013882675685651894,12
sv_stability,attention_out,110000,0.9958491722742716,0.0011786847442642728,12
sv_stability,attention_out,111000,0.9967471808195114,0.0005798123731074722,12
sv_stability,attention_out,112000,0.9943038572867712,0.0024459115401759633,12
sv_stability,attention_out,113000,0.9957541227340698,0.0018559510101431667,12
sv_stability,attention_out,114000,0.9883963316679001,0.009780050406678517,12
sv_stability,attention_out,115000,0.9925346771876017,0.00407046906900929,12
sv_stability,attention_out,116000,0.9977732847134272,0.0004683031194568753,12
sv_stability,attention_out,117000,0.9962392449378967,0.0011116653384244785,12
sv_stability,attention_out,118000,0.9946731378634771,0.0017498916215103134,12
sv_stability,attention_out,119000,0.9915099690357844,0.005075829175053202,12
sv_stability,attention_out,120000,0.9962569723526636,0.0007978054537742502,12
sv_stability,attention_out,121000,0.99065962433815,0.006602719810308807,12
sv_stability,attention_out,122000,0.9883716106414795,0.0082385335864481,12
sv_stability,attention_out,123000,0.9970904390017191,0.0007565059718805732,12
sv_stability,attention_out,124000,0.9967655837535858,0.0006988850983485835,12
sv_stability,attention_out,125000,0.9961506277322769,0.001056174073174914,12
sv_stability,attention_out,126000,0.9961646993954977,0.0008919334224220472,12
sv_stability,attention_out,127000,0.9960162589947382,0.0010552771671132107,12
sv_stability,attention_out,128000,0.9944817423820496,0.002535307984345741,12
sv_stability,attention_out,129000,0.9971756786108017,0.0008440178308083385,12
sv_stability,attention_out,130000,0.9954774677753448,0.0022217414967013855,12
sv_stability,attention_out,131000,0.9949233382940292,0.002237384574979082,12
sv_stability,attention_out,132000,0.9932576020558676,0.0033125995153285713,12
sv_stability,attention_out,133000,0.9872769713401794,0.009745977851554783,12
sv_stability,attention_out,134000,0.99540543059508,0.002345231965215672,12
sv_stability,attention_out,135000,0.9967344204584757,0.0016333154761361305,12
sv_stability,attention_out,136000,0.9981151024500529,0.00045080442512045464,12
sv_stability,attention_out,137000,0.9983251790205637,0.00030061421115270924,12
sv_stability,attention_out,138000,0.9979521036148071,0.0002241510024584288,12
sv_stability,attention_out,139000,0.9974393993616104,0.0005947042978403216,12
sv_stability,attention_out,140000,0.9981824656327566,0.00037800680033947125,12
sv_stability,attention_out,141000,0.9979708592096964,0.0002970474350319937,12
sv_stability,attention_out,142000,0.9984200795491537,0.00026201483054147547,12
sv_stability,attention_out,143000,0.9979029645522436,0.0003531596568988201,12
sv_stability,attention_qkv,1,0.9997964253028234,5.090563939170996e-06,12
sv_stability,attention_qkv,2,0.9997945576906204,4.441973947774705e-06,12
sv_stability,attention_qkv,4,0.9997934103012085,5.6533792297622076e-06,12
sv_stability,attention_qkv,8,0.9997939715782801,4.0692562374049475e-06,12
sv_stability,attention_qkv,16,0.9997807443141937,2.9185119133579748e-06,12
sv_stability,attention_qkv,32,0.9997348437706629,5.757016306393857e-06,12
sv_stability,attention_qkv,64,0.9990805288155874,8.986261484017739e-05,12
sv_stability,attention_qkv,128,0.9456194986899694,0.013614322807928951,12
sv_stability,attention_qkv,256,0.7823645522197088,0.013588531984365583,12
sv_stability,attention_qkv,512,0.6550198048353195,0.026720225920351035,12
sv_stability,attention_qkv,1000,0.6823860903580984,0.015227727334389022,12
sv_stability,attention_qkv,2000,0.6809581518173218,0.016178953965229392,12
sv_stability,attention_qkv,3000,0.8846287280321121,0.013102683290101854,12
sv_stability,attention_qkv,4000,0.9579806327819824,0.0056497894232251985,12
sv_stability,attention_qkv,5000,0.9743239879608154,0.0030241371842699635,12
sv_stability,attention_qkv,6000,0.9814234723647436,0.00206453964510413,12
sv_stability,attention_qkv,7000,0.9840227514505386,0.0027186326031104044,12
sv_stability,attention_qkv,8000,0.9882482091585795,0.001268834733274477,12
sv_stability,attention_qkv,9000,0.9874049226442972,0.002735830875234997,12
sv_stability,attention_qkv,10000,0.9897513290246328,0.00128264712185276,12
sv_stability,attention_qkv,11000,0.9909815688927969,0.0014576063629642359,12
sv_stability,attention_qkv,12000,0.9906715154647827,0.0015513283790829046,12
sv_stability,attention_qkv,13000,0.9848372985919317,0.005833964797626152,12
sv_stability,attention_qkv,14000,0.9871706565221151,0.006433113981346072,12
sv_stability,attention_qkv,15000,0.9906381716330847,0.0023041287992489274,12
sv_stability,attention_qkv,16000,0.9941800683736801,0.00038857976850044314,12
sv_stability,attention_qkv,17000,0.9928140441576639,0.0009405498106657169,12
sv_stability,attention_qkv,18000,0.9943360239267349,0.0005483876568047422,12
sv_stability,attention_qkv,19000,0.9938875784476598,0.0008782443746121056,12
sv_stability,attention_qkv,20000,0.9942957709232966,0.0003471560135858101,12
sv_stability,attention_qkv,21000,0.9937581717967987,0.0007826924236396742,12
sv_stability,attention_qkv,22000,0.9900191575288773,0.002858941531490685,12
sv_stability,attention_qkv,23000,0.9897003670533498,0.003582718677851793,12
sv_stability,attention_qkv,24000,0.9915460000435511,0.0027820857294944983,12
sv_stability,attention_qkv,25000,0.9944155762592951,0.00031806492607818116,12
sv_stability,attention_qkv,26000,0.9944048126538595,0.0004874381671947655,12
sv_stability,attention_qkv,27000,0.9927089661359787,0.0019801400338181814,12
sv_stability,attention_qkv,28000,0.994791621963183,0.0005148101821887938,12
sv_stability,attention_qkv,29000,0.9947545180718104,0.00027596514127640776,12
sv_stability,attention_qkv,30000,0.9937486698230108,0.0014961739242169616,12
sv_stability,attention_qkv,31000,0.9951416750748953,0.00040674373736870537,12
sv_stability,attention_qkv,32000,0.9953844596942266,0.00020522895735766966,12
sv_stability,attention_qkv,33000,0.9947388072808584,0.0007855324031326831,12
sv_stability,attention_qkv,34000,0.9873254100481669,0.008266632718516725,12
sv_stability,attention_qkv,35000,0.9936518917481104,0.0013121037831608229,12
sv_stability,attention_qkv,36000,0.9938894311587015,0.0012118089849020351,12
sv_stability,attention_qkv,37000,0.9949921270211538,0.0007334641899569875,12
sv_stability,attention_qkv,38000,0.9957877943913142,0.0002807181687084016,12
sv_stability,attention_qkv,39000,0.9938786079486212,0.0014526828930629455,12
sv_stability,attention_qkv,40000,0.9937576601902643,0.0019741334505811634,12
sv_stability,attention_qkv,41000,0.994877353310585,0.0010526483832917963,12
sv_stability,attention_qkv,42000,0.9911670436461767,0.0037852446847479364,12
sv_stability,attention_qkv,43000,0.995753159125646,0.0005080312081551452,12
sv_stability,attention_qkv,44000,0.9938161174456278,0.002376797419282429,12
sv_stability,attention_qkv,45000,0.9942528257767359,0.001382217800966434,12
sv_stability,attention_qkv,46000,0.9959249744812647,0.0005227376373744389,12
sv_stability,attention_qkv,47000,0.995884507894516,0.0004961301932472427,12
sv_stability,attention_qkv,48000,0.9953487366437912,0.0011196949978984443,12
sv_stability,attention_qkv,49000,0.9961480249961218,0.0006232826059915628,12
sv_stability,attention_qkv,50000,0.9957157721122106,0.0009301134582598845,12
sv_stability,attention_qkv,51000,0.987754667798678,0.007353392243398096,12
sv_stability,attention_qkv,52000,0.9962542802095413,0.0003815929021055202,12
sv_stability,attention_qkv,53000,0.9955087751150131,0.0007970571720536476,12
sv_stability,attention_qkv,54000,0.9956866800785065,0.0006100914199969762,12
sv_stability,attention_qkv,55000,0.9952900807062784,0.0015762529094927385,12
sv_stability,attention_qkv,56000,0.9967425415913264,0.0005137009781976319,12
sv_stability,attention_qkv,57000,0.9969079444805781,0.0003396921418798055,12
sv_stability,attention_qkv,58000,0.996388574441274,0.0005838949723970661,12
sv_stability,attention_qkv,59000,0.9965761651595434,0.0004961728497855427,12
sv_stability,attention_qkv,60000,0.9969417502482733,0.0003399022279864182,12
sv_stability,attention_qkv,61000,0.9970647643009821,0.00037313819385020473,12
sv_stability,attention_qkv,62000,0.9967056463162104,0.0005495443128844043,12
sv_stability,attention_qkv,63000,0.994170069694519,0.001954573606494054,12
sv_stability,attention_qkv,64000,0.996770054101944,0.0005198981245027847,12
sv_stability,attention_qkv,65000,0.997530942161878,0.00026511631626318136,12
sv_stability,attention_qkv,66000,0.997421383857727,0.000339037648456732,12
sv_stability,attention_qkv,67000,0.9974887321392695,0.0003747448939036779,12
sv_stability,attention_qkv,68000,0.9971091647942861,0.0006907124567420442,12
sv_stability,attention_qkv,69000,0.9975186338027319,0.00037885413944831143,12
sv_stability,attention_qkv,70000,0.9975471844275793,0.0002617492081557916,12
sv_stability,attention_qkv,71000,0.9972194582223892,0.0005478738823890303,12
sv_stability,attention_qkv,72000,0.996384839216868,0.0007884705919396642,12
sv_stability,attention_qkv,73000,0.9974953383207321,0.00035324347740638346,12
sv_stability,attention_qkv,74000,0.996119424700737,0.0008601067537960714,12
sv_stability,attention_qkv,75000,0.9969456394513448,0.0007184062138356771,12
sv_stability,attention_qkv,76000,0.997005561987559,0.0006692680259669857,12
sv_stability,attention_qkv,77000,0.9974623223145803,0.0003298830262522735,12
sv_stability,attention_qkv,78000,0.9957578480243683,0.0015236229092268202,12
sv_stability,attention_qkv,79000,0.996812974413236,0.0008544913528577347,12
sv_stability,attention_qkv,80000,0.9970201154549917,0.0010347465463395578,12
sv_stability,attention_qkv,81000,0.9971721321344376,0.0005314709426790091,12
sv_stability,attention_qkv,82000,0.9978503584861755,0.00025783406527916963,12
sv_stability,attention_qkv,83000,0.9978814572095871,0.00028294365807596613,12
sv_stability,attention_qkv,84000,0.997707669933637,0.00028203765347330776,12
sv_stability,attention_qkv,85000,0.9877328226963679,0.006924724384572893,12
sv_stability,attention_qkv,86000,0.9977050324281057,0.00034239152130188474,12
sv_stability,attention_qkv,87000,0.9979109962781271,0.00035624053000747494,12
sv_stability,attention_qkv,88000,0.9978545556465784,0.0004574960618034685,12
sv_stability,attention_qkv,89000,0.9983319689830145,0.0002916859391295959,12
sv_stability,attention_qkv,90000,0.9939212699731191,0.0035288383712267584,12
sv_stability,attention_qkv,91000,0.9969852964083353,0.0008156152088236368,12
sv_stability,attention_qkv,92000,0.9985124419132868,0.00018819803927680394,12
sv_stability,attention_qkv,93000,0.9983103970686594,0.0002856520989178137,12
sv_stability,attention_qkv,94000,0.9974141120910645,0.0011465165133730077,12
sv_stability,attention_qkv,95000,0.9950770735740662,0.0025387519914161893,12
sv_stability,attention_qkv,96000,0.9938667466243108,0.004918718521315896,12
sv_stability,attention_qkv,97000,0.9945066670576731,0.0040899930024651185,12
sv_stability,attention_qkv,98000,0.9979724536339442,0.0005780073574631022,12
sv_stability,attention_qkv,99000,0.9981638640165329,0.0003334301429082161,12
sv_stability,attention_qkv,100000,0.9970277001460394,0.0008682690789011845,12
sv_stability,attention_qkv,101000,0.9943082431952158,0.003736922941742198,12
sv_stability,attention_qkv,102000,0.9984732766946157,0.0002610862700320648,12
sv_stability,attention_qkv,103000,0.9977981646855673,0.0005184302169143225,12
sv_stability,attention_qkv,104000,0.9909598777691523,0.006422997183045526,12
sv_stability,attention_qkv,105000,0.9966130157311758,0.001220960050077249,12
sv_stability,attention_qkv,106000,0.998336007197698,0.0004281514450431201,12
sv_stability,attention_qkv,107000,0.9977365334828695,0.0007831101455765968,12
sv_stability,attention_qkv,108000,0.9982413401206335,0.0003964301983235786,12
sv_stability,attention_qkv,109000,0.9987389594316483,0.00019540332421343109,12
sv_stability,attention_qkv,110000,0.9991271197795868,0.00010625346136786743,12
sv_stability,attention_qkv,111000,0.9989615281422933,0.0001286146942559444,12
sv_stability,attention_qkv,112000,0.9988801827033361,0.00020941439313333909,12
sv_stability,attention_qkv,113000,0.9992391218741735,0.00013492461970179777,12
sv_stability,attention_qkv,114000,0.9993580132722855,0.00012020221212721485,12
sv_stability,attention_qkv,115000,0.9991909861564636,0.00013259217397099555,12
sv_stability,attention_qkv,116000,0.999373068412145,6.96503507626829e-05,12
sv_stability,attention_qkv,117000,0.9993183861176173,8.471211308041424e-05,12
sv_stability,attention_qkv,118000,0.9991785883903503,0.0001408443510063651,12
sv_stability,attention_qkv,119000,0.9991780668497086,0.0001331869949613599,12
sv_stability,attention_qkv,120000,0.9992340058088303,0.00010879558235473367,12
sv_stability,attention_qkv,121000,0.9992323269446691,0.000116644759218564,12
sv_stability,attention_qkv,122000,0.9993178496758143,0.00010348745380369031,12
sv_stability,attention_qkv,123000,0.9993715584278107,8.859172390976547e-05,12
sv_stability,attention_qkv,124000,0.9985485970973969,0.0008398203307777225,12
sv_stability,attention_qkv,125000,0.9992002298434576,0.0002676768131294313,12
sv_stability,attention_qkv,126000,0.9984798828760783,0.0007170048648028691,12
sv_stability,attention_qkv,127000,0.9975350101788839,0.0012991208224012048,12
sv_stability,attention_qkv,128000,0.9993566373984019,0.00011345542857024322,12
sv_stability,attention_qkv,129000,0.9993326862653097,0.00013452958674501684,12
sv_stability,attention_qkv,130000,0.9988943636417389,0.0006413690352454435,12
sv_stability,attention_qkv,131000,0.9992513954639435,0.00020510707707666463,12
sv_stability,attention_qkv,132000,0.9992990344762802,0.00019305508600786638,12
sv_stability,attention_qkv,133000,0.9994961569706599,7.979332619120274e-05,12
sv_stability,attention_qkv,134000,0.9994982331991196,6.588092161752634e-05,12
sv_stability,attention_qkv,135000,0.999459887544314,0.0001205189785733774,12
sv_stability,attention_qkv,136000,0.9994496901830038,0.00012312503184967115,12
sv_stability,attention_qkv,137000,0.9993805785973867,0.000205624810123866,12
sv_stability,attention_qkv,138000,0.9993880093097687,0.00015790267794592262,12
sv_stability,attention_qkv,139000,0.9993967761596044,0.0001650954977158634,12
sv_stability,attention_qkv,140000,0.9995125532150269,7.116587717148509e-05,12
sv_stability,attention_qkv,141000,0.9995002696911494,9.321091450245413e-05,12
sv_stability,attention_qkv,142000,0.9994931717713674,9.01480799548239e-05,12
sv_stability,attention_qkv,143000,0.9995224326848984,7.215229785202658e-05,12
sv_stability,mlp_in,1,0.9997884233792623,5.214822380036867e-06,12
sv_stability,mlp_in,2,0.9997812559207281,4.4677675046899e-06,12
sv_stability,mlp_in,4,0.999783843755722,4.849860268919795e-06,12
sv_stability,mlp_in,8,0.9997817575931549,6.158767167162313e-06,12
sv_stability,mlp_in,16,0.9997777392466863,4.000914200707188e-06,12
sv_stability,mlp_in,32,0.9996831566095352,1.6085310068978745e-05,12
sv_stability,mlp_in,64,0.9988888452450434,0.0003076712484196889,12
sv_stability,mlp_in,128,0.9952399184306463,0.0009885407880555193,12
sv_stability,mlp_in,256,0.9866668830315272,0.003964537359231252,12
sv_stability,mlp_in,512,0.9109377612670263,0.016906445649807013,12
sv_stability,mlp_in,1000,0.5571082110206286,0.046401999872361474,12
sv_stability,mlp_in,2000,0.6916098097960154,0.04453726246258066,12
sv_stability,mlp_in,3000,0.9170033733050028,0.017686904405772214,12
sv_stability,mlp_in,4000,0.950743779540062,0.02438984462385756,12
sv_stability,mlp_in,5000,0.9634127418200175,0.023251354176168502,12
sv_stability,mlp_in,6000,0.9690098514159521,0.019666565438434837,12
sv_stability,mlp_in,7000,0.9805076271295547,0.010963849916993047,12
sv_stability,mlp_in,8000,0.9814496785402298,0.010724853391187188,12
sv_stability,mlp_in,9000,0.9841526746749878,0.008326476896881301,12
sv_stability,mlp_in,10000,0.9834001213312149,0.010828337619434374,12
sv_stability,mlp_in,11000,0.9831531643867493,0.01205146451374342,12
sv_stability,mlp_in,12000,0.9847555061181387,0.010457853975188112,12
sv_stability,mlp_in,13000,0.9883558054765066,0.006544831347143002,12
sv_stability,mlp_in,14000,0.987296387553215,0.008353407372564606,12
sv_stability,mlp_in,15000,0.9838521232207617,0.011816527122328021,12
sv_stability,mlp_in,16000,0.9863640318314234,0.009824055075917203,12
sv_stability,mlp_in,17000,0.9912576774756113,0.004877426537656563,12
sv_stability,mlp_in,18000,0.9880297730366389,0.008502672721792696,12
sv_stability,mlp_in,19000,0.9922710359096527,0.004307535326857459,12
sv_stability,mlp_in,20000,0.9894585609436035,0.00725876081302245,12
sv_stability,mlp_in,21000,0.9922192543745041,0.004231916953160098,12
sv_stability,mlp_in,22000,0.9924876491228739,0.0043265651347499405,12
sv_stability,mlp_in,23000,0.9939564764499664,0.002887899165770893,12
sv_stability,mlp_in,24000,0.9942707320054373,0.002764462323532729,12
sv_stability,mlp_in,25000,0.9873387018839518,0.009498717465626515,12
sv_stability,mlp_in,26000,0.9931456794341406,0.00397125619699434,12
sv_stability,mlp_in,27000,0.986147960027059,0.01099042972819334,12
sv_stability,mlp_in,28000,0.993889331817627,0.0032010297248633553,12
sv_stability,mlp_in,29000,0.9903537034988403,0.00693531565373093,12
sv_stability,mlp_in,30000,0.9937565376361212,0.0034632794365660373,12
sv_stability,mlp_in,31000,0.9943402955929438,0.0030380044069720897,12
sv_stability,mlp_in,32000,0.9928497572739919,0.004456212008050612,12
sv_stability,mlp_in,33000,0.9905712753534317,0.0067797170216688145,12
sv_stability,mlp_in,34000,0.9926533003648123,0.004704022536532318,12
sv_stability,mlp_in,35000,0.9934464494387308,0.003874136032828716,12
sv_stability,mlp_in,36000,0.9945498456557592,0.002813024694706693,12
sv_stability,mlp_in,37000,0.9953130682309469,0.0021146266725568918,12
sv_stability,mlp_in,38000,0.9954687207937241,0.0019251364235974525,12
sv_stability,mlp_in,39000,0.9946835239728292,0.0028657279573727095,12
sv_stability,mlp_in,40000,0.9957907795906067,0.0016587752346403784,12
sv_stability,mlp_in,41000,0.9955107867717743,0.001985864661373773,12
sv_stability,mlp_in,42000,0.9954410592714945,0.002140626575706367,12
sv_stability,mlp_in,43000,0.9957256813844045,0.001815668955895875,12
sv_stability,mlp_in,44000,0.9956797709067663,0.0019085351047223992,12
sv_stability,mlp_in,45000,0.9954180916150411,0.002251874906824758,12
sv_stability,mlp_in,46000,0.995259071389834,0.0024253014622672452,12
sv_stability,mlp_in,47000,0.9960592836141586,0.001635655399547796,12
sv_stability,mlp_in,48000,0.9958075731992722,0.0019094106628338955,12
sv_stability,mlp_in,49000,0.9958810557921728,0.0016171006419978013,12
sv_stability,mlp_in,50000,0.9947434862454733,0.002154349845306604,12
sv_stability,mlp_in,51000,0.9877683917681376,0.007218526113963169,12
sv_stability,mlp_in,52000,0.9955146312713623,0.001858372128742283,12
sv_stability,mlp_in,53000,0.9955276995897293,0.00215802709266321,12
sv_stability,mlp_in,54000,0.9962683518727621,0.0014856161085985715,12
sv_stability,mlp_in,55000,0.9947042365868887,0.003135348058827386,12
sv_stability,mlp_in,56000,0.9960153251886368,0.0018282901221084338,12
sv_stability,mlp_in,57000,0.9960423757632574,0.0018524241452489354,12
sv_stability,mlp_in,58000,0.9957714875539144,0.00218363533639742,12
sv_stability,mlp_in,59000,0.9895333349704742,0.008327835534773696,12
sv_stability,mlp_in,60000,0.9955699890851974,0.0023931768253159743,12
sv_stability,mlp_in,61000,0.9967785825332006,0.0011464607658760624,12
sv_stability,mlp_in,62000,0.9964700291554133,0.0011609881672739392,12
sv_stability,mlp_in,63000,0.994253878792127,0.0019218058449190119,12
sv_stability,mlp_in,64000,0.9945020775000254,0.0017593406489407408,12
sv_stability,mlp_in,65000,0.99478151400884,0.0030436702683381053,12
sv_stability,mlp_in,66000,0.9967243770758311,0.001358999058057971,12
sv_stability,mlp_in,67000,0.9964340180158615,0.0015858418122986686,12
sv_stability,mlp_in,68000,0.9968514293432236,0.0012162657343937242,12
sv_stability,mlp_in,69000,0.996398076415062,0.0015709933383717795,12
sv_stability,mlp_in,70000,0.9967790494362513,0.0011316918037089826,12
sv_stability,mlp_in,71000,0.995421290397644,0.0023393521646365542,12
sv_stability,mlp_in,72000,0.9896638145049413,0.006080410339768379,12
sv_stability,mlp_in,73000,0.9950405905644099,0.002382385614458366,12
sv_stability,mlp_in,74000,0.9946533789237341,0.0019048754214310128,12
sv_stability,mlp_in,75000,0.9967014888922373,0.0016865834771259644,12
sv_stability,mlp_in,76000,0.9974973003069559,0.0008480040357769565,12
sv_stability,mlp_in,77000,0.9975836724042892,0.0007942871497498596,12
sv_stability,mlp_in,78000,0.9974944591522217,0.0010036896058758904,12
sv_stability,mlp_in,79000,0.9977677563826243,0.0006079718280862724,12
sv_stability,mlp_in,80000,0.9978451381127039,0.0007322685717436622,12
sv_stability,mlp_in,81000,0.997723400592804,0.0006587363221622579,12
sv_stability,mlp_in,82000,0.9979402869939804,0.0006322730859163084,12
sv_stability,mlp_in,83000,0.9978114515542984,0.0008294521315634797,12
sv_stability,mlp_in,84000,0.9977088272571564,0.0008402642066870024,12
sv_stability,mlp_in,85000,0.9979505836963654,0.00047641965116079304,12
sv_stability,mlp_in,86000,0.9982135643561681,0.0005165032368672947,12
sv_stability,mlp_in,87000,0.9982216407855352,0.0005732400245558937,12
sv_stability,mlp_in,88000,0.9983196953932444,0.00047474628428622993,12
sv_stability,mlp_in,89000,0.9971814602613449,0.0010533685169667156,12
sv_stability,mlp_in,90000,0.9971376856168112,0.0010331643480934799,12
sv_stability,mlp_in,91000,0.9981779505809149,0.0004283093004875779,12
sv_stability,mlp_in,92000,0.9984462906916937,0.0005103881679095183,12
sv_stability,mlp_in,93000,0.9984255284070969,0.0004291799107027267,12
sv_stability,mlp_in,94000,0.9984946648279825,0.0004191071384951396,12
sv_stability,mlp_in,95000,0.9982526352008184,0.0004585095701056787,12
sv_stability,mlp_in,96000,0.998785654703776,0.0002852574233222456,12
sv_stability,mlp_in,97000,0.9985884726047516,0.0003632024216891181,12
sv_stability,mlp_in,98000,0.9986311743656794,0.00040872322454212507,12
sv_stability,mlp_in,99000,0.9988943686087927,0.0002689968449154288,12
sv_stability,mlp_in,100000,0.9987599899371465,0.0003554034391231307,12
sv_stability,mlp_in,101000,0.998756950100263,0.00032307600965270273,12
sv_stability,mlp_in,102000,0.9987831165393194,0.00041085561940414875,12
sv_stability,mlp_in,103000,0.9988926003376642,0.00038385411460162077,12
sv_stability,mlp_in,104000,0.9990008274714152,0.00020497053545904287,12
sv_stability,mlp_in,105000,0.998031218846639,0.000849765524238521,12
sv_stability,mlp_in,106000,0.9987971186637878,0.00040727301621632796,12
sv_stability,mlp_in,107000,0.9988968173662821,0.0002470690267995185,12
sv_stability,mlp_in,108000,0.9983665198087692,0.0005612168351897933,12
sv_stability,mlp_in,109000,0.9988046735525131,0.00027776501850087593,12
sv_stability,mlp_in,110000,0.9989375571409861,0.0002772409998572405,12
sv_stability,mlp_in,111000,0.9988136192162832,0.0002787722675294882,12
sv_stability,mlp_in,112000,0.9988539616266886,0.0003389500041527109,12
sv_stability,mlp_in,113000,0.9990665366252264,0.0002791140000034542,12
sv_stability,mlp_in,114000,0.999256948630015,0.00017597723579738917,12
sv_stability,mlp_in,115000,0.9989516188700994,0.0002862996191383707,12
sv_stability,mlp_in,116000,0.999294231335322,0.00019126898312953666,12
sv_stability,mlp_in,117000,0.9989289144674937,0.00032065038731517593,12
sv_stability,mlp_in,118000,0.9983742386102676,0.0005574451682201154,12
sv_stability,mlp_in,119000,0.9985265334447225,0.00037783740050603226,12
sv_stability,mlp_in,120000,0.9990372955799103,0.00024852593760240905,12
sv_stability,mlp_in,121000,0.9989097366730372,0.00031955169633751164,12
sv_stability,mlp_in,122000,0.9984818597634634,0.0006279418210460346,12
sv_stability,mlp_in,123000,0.9982582827409109,0.000807743108147994,12
sv_stability,mlp_in,124000,0.9977611402670542,0.0012849319311641764,12
sv_stability,mlp_in,125000,0.9987980524698893,0.0005071499111925477,12
sv_stability,mlp_in,126000,0.9987543324629465,0.0005454101628834387,12
sv_stability,mlp_in,127000,0.9990589072306951,0.00028399845173308127,12
sv_stability,mlp_in,128000,0.9987976849079132,0.0004870490078892363,12
sv_stability,mlp_in,129000,0.9986750135819117,0.0005520602909070613,12
sv_stability,mlp_in,130000,0.9986112763484319,0.0007836442796997924,12
sv_stability,mlp_in,131000,0.9990075329939524,0.0003673810752531136,12
sv_stability,mlp_in,132000,0.9992494483788809,0.00022723256676133067,12
sv_stability,mlp_in,133000,0.9990450789531072,0.0003070590576302269,12
sv_stability,mlp_in,134000,0.9991235335667928,0.00018904786968674986,12
sv_stability,mlp_in,135000,0.9991939018170038,0.0002232781504049433,12
sv_stability,mlp_in,136000,0.9992431352535883,0.00021950959106025312,12
sv_stability,mlp_in,137000,0.9993225485086441,0.0001728168183125028,12
sv_stability,mlp_in,138000,0.9991883337497711,0.00021792922389519975,12
sv_stability,mlp_in,139000,0.9993167122205099,0.00018518071317565643,12
sv_stability,mlp_in,140000,0.99930872519811,0.00017484915930834406,12
sv_stability,mlp_in,141000,0.9992029766241709,0.00019324078934384854,12
sv_stability,mlp_in,142000,0.9992807855208715,0.00016304257485051405,12
sv_stability,mlp_in,143000,0.9992914448181788,0.00017170338237317272,12
sv_stability,mlp_out,1,1.0003211398919423,1.8484988454353672e-06,12
sv_stability,mlp_out,2,1.000320017337799,2.0941461824666377e-06,12
sv_stability,mlp_out,4,1.000319371620814,3.900526958632997e-06,12
sv_stability,mlp_out,8,1.0003084341684978,3.2868755825764203e-06,12
sv_stability,mlp_out,16,1.00008558233579,7.616232261818447e-05,12
sv_stability,mlp_out,32,0.9951292971769968,0.002156099820804015,12
sv_stability,mlp_out,64,0.9747604231039683,0.005842760317103391,12
sv_stability,mlp_out,128,0.8938434968392054,0.013478071310516777,12
sv_stability,mlp_out,256,0.876498689254125,0.022862425404443793,12
sv_stability,mlp_out,512,0.6361950834592184,0.020259634823285824,12
sv_stability,mlp_out,1000,0.6302261625727018,0.022358918709501227,12
sv_stability,mlp_out,2000,0.6780875474214554,0.020371217534625674,12
sv_stability,mlp_out,3000,0.8663714130719503,0.016576101307390786,12
sv_stability,mlp_out,4000,0.9423486044009527,0.012076645298936959,12
sv_stability,mlp_out,5000,0.9575879375139872,0.0127101939583195,12
sv_stability,mlp_out,6000,0.9641857147216797,0.012884373035762254,12
sv_stability,mlp_out,7000,0.9725762456655502,0.010798403587430824,12
sv_stability,mlp_out,8000,0.9822738418976465,0.006467999096414903,12
sv_stability,mlp_out,9000,0.9863028327624003,0.006284479781077152,12
sv_stability,mlp_out,10000,0.9932660460472107,0.0011796232544540124,12
sv_stability,mlp_out,11000,0.9943061669667562,0.0011952950002785097,12
sv_stability,mlp_out,12000,0.9951353073120117,0.0011517174309087273,12
sv_stability,mlp_out,13000,0.9957567105690638,0.0007480230934363681,12
sv_stability,mlp_out,14000,0.9952536821365356,0.0011398830611017434,12
sv_stability,mlp_out,15000,0.9945408205191294,0.0016734766702606967,12
sv_stability,mlp_out,16000,0.9969199945529302,0.0005023429992585707,12
sv_stability,mlp_out,17000,0.9965274582306544,0.0007121722550168649,12
sv_stability,mlp_out,18000,0.9968186169862747,0.0006549633734329474,12
sv_stability,mlp_out,19000,0.9859544982512792,0.007602083122023871,12
sv_stability,mlp_out,20000,0.9918202410141627,0.005010340731967957,12
sv_stability,mlp_out,21000,0.9844090342521667,0.006008586809419948,12
sv_stability,mlp_out,22000,0.9928625573714575,0.0033440946894651683,12
sv_stability,mlp_out,23000,0.9974301308393478,0.000465768844125555,12
sv_stability,mlp_out,24000,0.997753863533338,0.00047466687075822274,12
sv_stability,mlp_out,25000,0.9958832313617071,0.0014034067598808822,12
sv_stability,mlp_out,26000,0.9886375814676285,0.008228580596871829,12
sv_stability,mlp_out,27000,0.9911099821329117,0.006336477266223801,12
sv_stability,mlp_out,28000,0.9959605733553568,0.0009263719854786744,12
sv_stability,mlp_out,29000,0.9960335344076157,0.0011724410060534696,12
sv_stability,mlp_out,30000,0.997579351067543,0.0005389552353036785,12
sv_stability,mlp_out,31000,0.9977163622776667,0.000525734383610432,12
sv_stability,mlp_out,32000,0.9931583354870478,0.0037022123061102724,12
sv_stability,mlp_out,33000,0.9965140223503113,0.0009094062365579802,12
sv_stability,mlp_out,34000,0.996256485581398,0.0013034563875282922,12
sv_stability,mlp_out,35000,0.9978928367296854,0.0004655507315878591,12
sv_stability,mlp_out,36000,0.9933004726966222,0.004473064423361022,12
sv_stability,mlp_out,37000,0.9973435550928116,0.000614130464686696,12
sv_stability,mlp_out,38000,0.9859458208084106,0.008830545619961562,12
sv_stability,mlp_out,39000,0.994332363208135,0.003425954322571156,12
sv_stability,mlp_out,40000,0.9950922628243765,0.0029098196190249673,12
sv_stability,mlp_out,41000,0.9888411909341812,0.009706378692980864,12
sv_stability,mlp_out,42000,0.9969978630542755,0.0011247650222588335,12
sv_stability,mlp_out,43000,0.9975277384122213,0.0009980000073323912,12
sv_stability,mlp_out,44000,0.9981824656327566,0.00044777388518492254,12
sv_stability,mlp_out,45000,0.9980533520380656,0.0004269600060478502,12
sv_stability,mlp_out,46000,0.998434841632843,0.0005134825119493779,12
sv_stability,mlp_out,47000,0.9974965999523798,0.000991639901840449,12
sv_stability,mlp_out,48000,0.9979206075270971,0.0005478262336540614,12
sv_stability,mlp_out,49000,0.9980581949154536,0.00042971322733615264,12
sv_stability,mlp_out,50000,0.9972835928201675,0.0008718213883214209,12
sv_stability,mlp_out,51000,0.9973920534054438,0.0007546377412706671,12
sv_stability,mlp_out,52000,0.9983019083738327,0.0003488504522950918,12
sv_stability,mlp_out,53000,0.9983300964037577,0.0005130980925329952,12
sv_stability,mlp_out,54000,0.9983680099248886,0.0004501250709994897,12
sv_stability,mlp_out,55000,0.9983981102705002,0.0004883572281336917,12
sv_stability,mlp_out,56000,0.9983659585316976,0.00047723931282135195,12
sv_stability,mlp_out,57000,0.9986498306194941,0.00036878112258301377,12
sv_stability,mlp_out,58000,0.9986865619818369,0.00031782937817068595,12
sv_stability,mlp_out,59000,0.998607282837232,0.0003246133958043801,12
sv_stability,mlp_out,60000,0.9986617267131805,0.00035290610005173263,12
sv_stability,mlp_out,61000,0.9986031452814738,0.00035075178628368053,12
sv_stability,mlp_out,62000,0.9975308179855347,0.0010995549097082237,12
sv_stability,mlp_out,63000,0.9931579232215881,0.004081961354863341,12
sv_stability,mlp_out,64000,0.998496284087499,0.00042630468118710555,12
sv_stability,mlp_out,65000,0.9982077876726786,0.0006351525559083655,12
sv_stability,mlp_out,66000,0.9988323152065277,0.0004365574377908801,12
sv_stability,mlp_out,67000,0.9988292853037516,0.0003666281783333227,12
sv_stability,mlp_out,68000,0.9988029102484385,0.00041511642699228933,12
sv_stability,mlp_out,69000,0.9987636208534241,0.00033261070028697923,12
sv_stability,mlp_out,70000,0.9986069450775782,0.00042653446614103615,12
sv_stability,mlp_out,71000,0.9955287079016367,0.003334783510178875,12
sv_stability,mlp_out,72000,0.9955730140209198,0.002516414801012984,12
sv_stability,mlp_out,73000,0.9988040328025818,0.0003259925247640116,12
sv_stability,mlp_out,74000,0.987056498726209,0.008485705301799568,12
sv_stability,mlp_out,75000,0.9975318312644958,0.0013384333346140144,12
sv_stability,mlp_out,76000,0.9989255567391714,0.00036014265386401137,12
sv_stability,mlp_out,77000,0.9950748483339945,0.004003864145992366,12
sv_stability,mlp_out,78000,0.9975960950056711,0.0014876595165954204,12
sv_stability,mlp_out,79000,0.9903648893038431,0.009026544462319652,12
sv_stability,mlp_out,80000,0.9975066681702932,0.001334353701822209,12
sv_stability,mlp_out,81000,0.9976238906383514,0.0013840763604515743,12
sv_stability,mlp_out,82000,0.9937890619039536,0.005567580340535436,12
sv_stability,mlp_out,83000,0.9993462562561035,0.00020519137356200814,12
sv_stability,mlp_out,84000,0.9984593391418457,0.0007737747186105025,12
sv_stability,mlp_out,85000,0.9958177308241526,0.002526773889712424,12
sv_stability,mlp_out,86000,0.9985482196013132,0.0006052958022151614,12
sv_stability,mlp_out,87000,0.9985085874795914,0.0005021029491963424,12
sv_stability,mlp_out,88000,0.9990327457586924,0.00032400226085905023,12
sv_stability,mlp_out,89000,0.9993872791528702,0.00021318050068196037,12
sv_stability,mlp_out,90000,0.9980933467547098,0.0006938334523426435,12
sv_stability,mlp_out,91000,0.998583788673083,0.0003275410459718125,12
sv_stability,mlp_out,92000,0.9985927840073904,0.0005547195407661222,12
sv_stability,mlp_out,93000,0.9958726018667221,0.0024105711002162535,12
sv_stability,mlp_out,94000,0.9983190298080444,0.0004756066971461462,12
sv_stability,mlp_out,95000,0.9908436785141627,0.007592720897494644,12
sv_stability,mlp_out,96000,0.9993375192085902,0.00022117294020804012,12
sv_stability,mlp_out,97000,0.999357596039772,0.00020114151306005178,12
sv_stability,mlp_out,98000,0.9995235701402029,0.00016356080169504028,12
sv_stability,mlp_out,99000,0.9995390027761459,0.0001532574246589701,12
sv_stability,mlp_out,100000,0.9992261727650961,0.00031347662758912073,12
sv_stability,mlp_out,101000,0.9990464399258295,0.00043883608140187,12
sv_stability,mlp_out,102000,0.9992177287737528,0.0003458884284001438,12
sv_stability,mlp_out,103000,0.9990686525901159,0.0005439924445305867,12
sv_stability,mlp_out,104000,0.9991069088379542,0.0004434958751296087,12
sv_stability,mlp_out,105000,0.9954490810632706,0.0026677220911205195,12
sv_stability,mlp_out,106000,0.9986450920502344,0.0006383364955623008,12
sv_stability,mlp_out,107000,0.9981553157170614,0.0005447306164496537,12
sv_stability,mlp_out,108000,0.9958550979693731,0.0015348818753252314,12
sv_stability,mlp_out,109000,0.9983118077119192,0.00048417524750973823,12
sv_stability,mlp_out,110000,0.9989889164765676,0.0002674300203854594,12
sv_stability,mlp_out,111000,0.9990585048993429,0.00029255307212983165,12
sv_stability,mlp_out,112000,0.9990614950656891,0.00029092996821846227,12
sv_stability,mlp_out,113000,0.9990878601868948,0.0004722488703906167,12
sv_stability,mlp_out,114000,0.9923618137836456,0.006686268667777345,12
sv_stability,mlp_out,115000,0.9988788217306137,0.000585220467389596,12
sv_stability,mlp_out,116000,0.9994866599639257,0.00031258900658408554,12
sv_stability,mlp_out,117000,0.9994474450747172,0.0002714716934046525,12
sv_stability,mlp_out,118000,0.9990469465653101,0.00027100268845637324,12
sv_stability,mlp_out,119000,0.9984760185082754,0.0007235959109188519,12
sv_stability,mlp_out,120000,0.9923182179530462,0.006918914665372421,12
sv_stability,mlp_out,121000,0.9992061505715052,0.0003312586486229696,12
sv_stability,mlp_out,122000,0.99940158923467,0.00030616999608298537,12
sv_stability,mlp_out,123000,0.9992125779390335,0.0003088797702391485,12
sv_stability,mlp_out,124000,0.9994555662075678,0.00026940645816009914,12
sv_stability,mlp_out,125000,0.9993095646301905,0.0003011736403783856,12
sv_stability,mlp_out,126000,0.9994111806154251,0.00027055015409930427,12
sv_stability,mlp_out,127000,0.9995441436767578,0.0002673044550264257,12
sv_stability,mlp_out,128000,0.9993495245774587,0.0004587358992682355,12
sv_stability,mlp_out,129000,0.9996092716852824,0.0003240800231251653,12
sv_stability,mlp_out,130000,0.9991918255885442,0.0007896973387072511,12
sv_stability,mlp_out,131000,0.9984300583600998,0.0016027121637467042,12
sv_stability,mlp_out,132000,0.9997580945491791,0.0002608575879777554,12
sv_stability,mlp_out,133000,0.9998165716727575,0.00020931880134212997,12
sv_stability,mlp_out,134000,0.9998357594013214,0.00019433590702539472,12
sv_stability,mlp_out,135000,0.9998400261004766,0.00021110281199968408,12
sv_stability,mlp_out,136000,0.9998020678758621,0.00021737730735457456,12
sv_stability,mlp_out,137000,0.9998147239287695,0.00019688032542385892,12
sv_stability,mlp_out,138000,0.9998844017585119,0.00016567167874634878,12
sv_stability,mlp_out,139000,0.9999069422483444,0.0001669853286727872,12
sv_stability,mlp_out,140000,0.999931588768959,0.0001571158932001594,12
sv_stability,mlp_out,141000,0.9999095598856608,0.0001341351220555115,12
sv_stability,mlp_out,142000,0.9999259759982427,0.00013868663480551946,12
sv_stability,mlp_out,143000,0.9999416122833887,0.00013883725592821403,12
