experiment_id,model,checkpoint,step,prev_checkpoint,matrix_name,module,layer,subspace_stability_topk,rows,cols,num_singular_values,frobenius_norm,spectral_norm,stable_rank,effective_rank,nuclear_norm,mean_singular_value,median_eigenvalue,mp_edge,mp_outliers_x1,mp_outliers_x1.1,mp_outliers_x1.25,alpha_tail_frac_0.2,alpha_tail_frac_0.3,alpha_tail_frac_0.5
e1_phase_identification,EleutherAI/pythia-160m-deduped,step0,0,,gpt_neox.layers.0.attention.dense.weight,attention.dense,0,,768,768,768,4.616493644444321,0.33211877942085266,193.21356672758822,618.1010766930273,108.58390805008821,0.14138529694021904,0.018073245247605674,90.88190616689167,0,0,0,4.2909560694372635,2.9978640846444375,1.7521328170399848
e1_phase_identification,EleutherAI/pythia-160m-deduped,step0,0,,gpt_neox.layers.0.attention.query_key_value.weight,attention.query_key_value,0,,2304,768,768,30.36170739822664,1.7157578468322754,313.1413312919643,732.4191480572973,804.7153498232365,1.0478064450823392,1.0637137453921142,2.981396792193731,0,0,0,6.957170484596878,5.002379740207689,3.1528193125974164
e1_phase_identification,EleutherAI/pythia-160m-deduped,step0,0,,gpt_neox.layers.0.mlp.dense_4h_to_h.weight,mlp.dense_4h_to_h,0,,768,3072,768,9.235641115041725,0.49834969639778137,343.45172412765885,742.0452173136729,247.6727118641138,0.3224905102397315,0.10151012640060175,0.2493399664462236,0,0,0,7.880778485595524,5.713468983687387,3.6438683036094495
e1_phase_identification,EleutherAI/pythia-160m-deduped,step0,0,,gpt_neox.layers.0.mlp.dense_h_to_4h.weight,mlp.dense_h_to_4h,0,,3072,768,768,35.01362286945286,1.8971651792526245,340.615031276849,741.9055426451004,938.8005504012108,1.2223965500015765,1.4604077753915945,3.587208868964482,1,0,0,7.814548653122395,5.678666418901591,3.6306599680658
e1_phase_identification,EleutherAI/pythia-160m-deduped,step0,0,,gpt_neox.layers.1.attention.dense.weight,attention.dense,1,,768,768,768,4.613982084663932,0.3300360143184662,195.44705927418784,617.7488171639887,108.47747567616898,0.1412467131200117,0.0179983134038193,90.50510893415299,0,0,0,4.315192645497063,3.0143117698973767,1.7494176770690852
e1_phase_identification,EleutherAI/pythia-160m-deduped,step0,0,,gpt_neox.layers.1.attention.query_key_value.weight,attention.query_key_value,1,,2304,768,768,30.38006090736246,1.7189288139343262,312.3643751944497,732.4170367517208,805.2078955471516,1.0484477806603536,1.0672017391647515,2.9911730064148783,0,0,0,6.85935677656481,4.998484955906641,3.158928405920362
e1_phase_identification,EleutherAI/pythia-160m-deduped,step0,0,,gpt_neox.layers.1.mlp.dense_4h_to_h.weight,mlp.dense_4h_to_h,1,,768,3072,768,9.244110253618361,0.4976508915424347,345.0489104311137,742.0685082680501,247.90805819630623,0.3227969507764404,0.1022088355214934,0.25105621008551593,0,0,0,7.8640980578924085,5.694721493839938,3.6471831103374206
e1_phase_identification,EleutherAI/pythia-160m-deduped,step0,0,,gpt_neox.layers.1.mlp.dense_h_to_4h.weight,mlp.dense_h_to_4h,1,,3072,768,768,35.04662624925485,1.8913172483444214,343.37104308146684,742.0527379293428,939.8524269461632,1.2237661809194833,1.4613098548794596,3.5894246525243263,0,0,0,7.8742736163974,5.698636758541972,3.637959479481712
e1_phase_identification,EleutherAI/pythia-160m-deduped,step0,0,,gpt_neox.layers.2.attention.dense.weight,attention.dense,2,,768,768,768,4.619548131572724,0.3319956064224243,193.61291343089735,617.5079700146301,108.61393293009314,0.1414243918360588,0.018129195259685038,91.16325263666897,0,0,0,4.291179123627121,3.0123789377192116,1.7572570704916035
e1_phase_identification,EleutherAI/pythia-160m-deduped,step0,0,,gpt_neox.layers.2.attention.query_key_value.weight,attention.query_key_value,2,,2304,768,768,30.38513811531292,1.7203820943832397,311.94110191344276,732.3409033207915,805.2588632702827,1.0485141448831807,1.0674251679450464,2.991799236781592,0,0,0,6.9496489771107814,5.002601739709218,3.1567782086662013
e1_phase_identification,EleutherAI/pythia-160m-deduped,step0,0,,gpt_neox.layers.2.mlp.dense_4h_to_h.weight,mlp.dense_4h_to_h,2,,768,3072,768,9.237897502093919,0.49863314628601074,343.2290114288038,741.9032089621343,247.68743258714676,0.32250967784784734,0.1018389458521427,0.2501476477477967,0,0,0,7.825039435781881,5.684686200038721,3.6301419757632023
e1_phase_identification,EleutherAI/pythia-160m-deduped,step0,0,,gpt_neox.layers.2.mlp.dense_h_to_4h.weight,mlp.dense_h_to_4h,2,,3072,768,768,35.082200361643686,1.8864638805389404,345.8411450826092,741.9786762579336,940.710491001606,1.2248834518250078,1.468324766668168,3.6066554247836087,0,0,0,7.7944010270225625,5.662971063352397,3.625420113660214
e1_phase_identification,EleutherAI/pythia-160m-deduped,step0,0,,gpt_neox.layers.3.attention.dense.weight,attention.dense,3,,768,768,768,4.620566469321452,0.3313610553741455,194.44085174955438,618.5031668998772,108.71753093146981,0.14155928506701798,0.018148318640173855,91.25941518231963,0,0,0,4.28899919552928,3.0104070332703325,1.7546519125048672
e1_phase_identification,EleutherAI/pythia-160m-deduped,step0,0,,gpt_neox.layers.3.attention.query_key_value.weight,attention.query_key_value,3,,2304,768,768,30.346913095755614,1.730736494064331,307.4447911735385,732.1492844571187,804.0733501911163,1.0469705080613494,1.0637876272009024,2.9816038695100455,1,0,0,6.886702000587005,5.005293451817699,3.1626341094494785
e1_phase_identification,EleutherAI/pythia-160m-deduped,step0,0,,gpt_neox.layers.3.mlp.dense_4h_to_h.weight,mlp.dense_4h_to_h,3,,768,3072,768,9.239826925324111,0.5001523494720459,341.2895935963615,742.0254893953382,247.77347004413605,0.32262170578663546,0.10168544869457508,0.24977061170740736,1,0,0,7.746644719387715,5.683430271863261,3.6348572776701613
e1_phase_identification,EleutherAI/pythia-160m-deduped,step0,0,,gpt_neox.layers.3.mlp.dense_h_to_4h.weight,mlp.dense_h_to_4h,3,,3072,768,768,35.07878876379936,1.895568609237671,342.4602442619585,742.0443460556332,940.7023061513901,1.2248727944679558,1.4688566596044055,3.6079619167719157,0,0,0,7.76478166767928,5.649633225461493,3.6396160549320733
e1_phase_identification,EleutherAI/pythia-160m-deduped,step0,0,,gpt_neox.layers.4.attention.dense.weight,attention.dense,4,,768,768,768,4.619880185821767,0.3319042921066284,193.74731280241826,617.9518298321472,108.65563232876593,0.14147868792808063,0.018173063966488212,91.38384786684088,0,0,0,4.300552248840291,3.0149275703147156,1.7608572655174741
e1_phase_identification,EleutherAI/pythia-160m-deduped,step0,0,,gpt_neox.layers.4.attention.query_key_value.weight,attention.query_key_value,4,,2304,768,768,30.357330327558397,1.7260862588882446,309.3158411106507,732.3082249156278,804.4986535608768,1.047524288490725,1.0669306023958427,2.9904130592048586,0,0,0,6.896792252779906,5.014051781390329,3.1538247904958396
e1_phase_identification,EleutherAI/pythia-160m-deduped,step0,0,,gpt_neox.layers.4.mlp.dense_4h_to_h.weight,mlp.dense_4h_to_h,4,,768,3072,768,9.24016908196902,0.49926021695137024,342.5357573905221,741.9712211310239,247.7674895375967,0.3226139186687457,0.10165615267539119,0.24969865170992406,0,0,0,7.796944440153732,5.634449889715494,3.624663961341439
e1_phase_identification,EleutherAI/pythia-160m-deduped,step0,0,,gpt_neox.layers.4.mlp.dense_h_to_4h.weight,mlp.dense_h_to_4h,4,,3072,768,768,35.04965782699066,1.8915047645568848,343.3623604489415,741.948175252011,939.8004981279373,1.2236985652707517,1.461566661533091,3.590055448334262,0,0,0,7.752461186461794,5.665609341103354,3.634541274720948
e1_phase_identification,EleutherAI/pythia-160m-deduped,step0,0,,gpt_neox.layers.5.attention.dense.weight,attention.dense,5,,768,768,768,4.627718997706035,0.33207228779792786,194.20870467659222,617.2731371471282,108.75883587196586,0.1416130675416222,0.01828615594902827,91.95253460818829,0,0,0,4.340945993150788,3.018972116823844,1.7492821485651506
e1_phase_identification,EleutherAI/pythia-160m-deduped,step0,0,,gpt_neox.layers.5.attention.query_key_value.weight,attention.query_key_value,5,,2304,768,768,30.36967907662867,1.715367317199707,313.4484617252626,732.531198822979,805.0350165367126,1.048222677782178,1.068104583951886,2.9937035166803256,0,0,0,6.906039970121186,4.995195241374903,3.1634699778382167
e1_phase_identification,EleutherAI/pythia-160m-deduped,step0,0,,gpt_neox.layers.5.mlp.dense_4h_to_h.weight,mlp.dense_4h_to_h,5,,768,3072,768,9.23000252045093,0.4976508915424347,343.9965336576786,742.0817343804239,247.5333056151867,0.322308991686441,0.1016666716510124,0.24972448953636994,0,0,0,7.831674405989013,5.723179303948752,3.6503946258769795
e1_phase_identification,EleutherAI/pythia-160m-deduped,step0,0,,gpt_neox.layers.5.mlp.dense_h_to_4h.weight,mlp.dense_h_to_4h,5,,3072,768,768,35.06392158220335,1.8907744884490967,343.9073874598562,741.918400605247,940.159884750843,1.2241665166026603,1.4636129552673793,3.5950817725950857,0,0,0,7.7575674161326305,5.661830643729241,3.64086062860689
e1_phase_identification,EleutherAI/pythia-160m-deduped,step0,0,,gpt_neox.layers.6.attention.dense.weight,attention.dense,6,,768,768,768,4.62200823406117,0.3306880295276642,195.35497743254834,618.2366138237517,108.71830699306156,0.14156029556388225,0.01808073926877185,90.91959009797911,0,0,0,4.3097480715540435,3.014981846496121,1.748259796697814
e1_phase_identification,EleutherAI/pythia-160m-deduped,step0,0,,gpt_neox.layers.6.attention.query_key_value.weight,attention.query_key_value,6,,2304,768,768,30.370404423595325,1.7235599756240845,310.4905235135139,732.497108414751,805.0188603401184,1.0482016410678625,1.0651637179201217,2.9854608023303837,0,0,0,6.908638700646592,4.992338885953567,3.161381753686184
e1_phase_identification,EleutherAI/pythia-160m-deduped,step0,0,,gpt_neox.layers.6.mlp.dense_4h_to_h.weight,mlp.dense_4h_to_h,6,,768,3072,768,9.236611301775872,0.4992707073688507,342.2576491430612,741.9936356187818,247.68261009454727,0.32250339856060845,0.10160011742578812,0.24956101197139494,0,0,0,7.850811331606182,5.724595264318943,3.649478794319401
e1_phase_identification,EleutherAI/pythia-160m-deduped,step0,0,,gpt_neox.layers.6.mlp.dense_h_to_4h.weight,mlp.dense_h_to_4h,6,,3072,768,768,35.04243678125152,1.8942058086395264,342.2427594800688,742.0876214979993,939.7865679860115,1.2236804270651191,1.467934775725901,3.6056974875619026,0,0,0,7.817147596982271,5.712051633035799,3.650335625721947
e1_phase_identification,EleutherAI/pythia-160m-deduped,step0,0,,gpt_neox.layers.7.attention.dense.weight,attention.dense,7,,768,768,768,4.617469447326624,0.3358130156993866,189.0658150741022,618.1984260589426,108.61252557643456,0.14142255934431583,0.017988599389195503,90.45626169319273,0,0,0,4.275718519819642,3.009092838397713,1.7547269297219625
e1_phase_identification,EleutherAI/pythia-160m-deduped,step0,0,,gpt_neox.layers.7.attention.query_key_value.weight,attention.query_key_value,7,,2304,768,768,30.356598054220346,1.7185732126235962,312.0111571707166,732.3955630090187,804.5212821960449,1.0475537528594334,1.0605954781050997,2.9726568542856424,0,0,0,6.849673409142579,4.939223821586812,3.131744262326563
e1_phase_identification,EleutherAI/pythia-160m-deduped,step0,0,,gpt_neox.layers.7.mlp.dense_4h_to_h.weight,mlp.dense_4h_to_h,7,,768,3072,768,9.235432785906028,0.4965873956680298,345.878143773779,741.9560942055745,247.64211218059063,0.32245066690181073,0.10159890134039706,0.24955802489314616,0,0,0,7.84366454924406,5.719987237199103,3.6414323707172125
e1_phase_identification,EleutherAI/pythia-160m-deduped,step0,0,,gpt_neox.layers.7.mlp.dense_h_to_4h.weight,mlp.dense_h_to_4h,7,,3072,768,768,35.045902553981335,1.8946157693862915,342.1623363093214,742.0699924560289,939.8385116457939,1.2237480620387942,1.4646952728086973,3.5977402760272588,0,0,0,7.854148574477493,5.6466208515252045,3.6237016538932916
e1_phase_identification,EleutherAI/pythia-160m-deduped,step0,0,,gpt_neox.layers.8.attention.dense.weight,attention.dense,8,,768,768,768,4.618460650408137,0.3301529884338379,195.68792586102174,618.1685890578788,108.62967494111945,0.1414448892462493,0.018203266286688558,91.53572122399758,0,0,0,4.293707859284778,2.997926741343823,1.751281071429463
e1_phase_identification,EleutherAI/pythia-160m-deduped,step0,0,,gpt_neox.layers.8.attention.query_key_value.weight,attention.query_key_value,8,,2304,768,768,30.357246219094737,1.7216333150863647,310.9162565167858,732.0671268623486,804.2676392495632,1.0472234886062022,1.064921655036592,2.984782343950401,0,0,0,6.9011519803292325,4.988647825257764,3.1540461484642033
e1_phase_identification,EleutherAI/pythia-160m-deduped,step0,0,,gpt_neox.layers.8.mlp.dense_4h_to_h.weight,mlp.dense_4h_to_h,8,,768,3072,768,9.23885665295948,0.4989650249481201,342.8437589842982,742.0787800068967,247.76874561607838,0.32261555418760207,0.10155848482602403,0.24945874955289218,0,0,0,7.8780940257070045,5.705948825520584,3.644642385946169
e1_phase_identification,EleutherAI/pythia-160m-deduped,step0,0,,gpt_neox.layers.8.mlp.dense_h_to_4h.weight,mlp.dense_h_to_4h,8,,3072,768,768,35.056499212222,1.88699209690094,345.14129708537746,742.1354433392569,940.2191284298897,1.2242436568097521,1.4671522055332744,3.6037752554409295,0,0,0,7.824477587123713,5.695140940354819,3.652180739710599
e1_phase_identification,EleutherAI/pythia-160m-deduped,step0,0,,gpt_neox.layers.9.attention.dense.weight,attention.dense,9,,768,768,768,4.619587283456344,0.33413904905319214,191.14013559812895,617.664540138339,108.60453099160804,0.14141214972865632,0.018081174259754196,90.9217774643928,0,0,0,4.267691804221356,3.015034250621342,1.7500783124712909
e1_phase_identification,EleutherAI/pythia-160m-deduped,step0,0,,gpt_neox.layers.9.attention.query_key_value.weight,attention.query_key_value,9,,2304,768,768,30.373062205826415,1.719787359237671,311.9088189682291,732.4285746394477,805.0110773742199,1.0481915069976822,1.069317508333576,2.997103123836301,0,0,0,6.911956464938814,4.979202638031271,3.153035700691084
e1_phase_identification,EleutherAI/pythia-160m-deduped,step0,0,,gpt_neox.layers.9.mlp.dense_4h_to_h.weight,mlp.dense_4h_to_h,9,,768,3072,768,9.233546933556571,0.4977019429206848,344.19015966469334,742.0394484075351,247.615338280797,0.3224158050531211,0.10154578210734622,0.24942754778454443,0,0,0,7.794824805723735,5.70364717551956,3.6461247210213514
e1_phase_identification,EleutherAI/pythia-160m-deduped,step0,0,,gpt_neox.layers.9.mlp.dense_h_to_4h.weight,mlp.dense_h_to_4h,9,,3072,768,768,35.07160966396496,1.8858767747879028,345.8476059684747,742.0165618068944,940.4860646128654,1.2245912299646686,1.4687715654061506,3.607752899353753,0,0,0,7.820883453417306,5.721662824511613,3.655342837836025
e1_phase_identification,EleutherAI/pythia-160m-deduped,step0,0,,gpt_neox.layers.10.attention.dense.weight,attention.dense,10,,768,768,768,4.617198996519691,0.3341256380081177,190.95787937944297,618.5049800059488,108.63967475622485,0.14145790983883444,0.018174135831876215,91.3892377770801,0,0,0,4.312724141154844,3.006645219619967,1.752143446644841
e1_phase_identification,EleutherAI/pythia-160m-deduped,step0,0,,gpt_neox.layers.10.attention.query_key_value.weight,attention.query_key_value,10,,2304,768,768,30.387363431884154,1.724623680114746,310.45406461060895,732.5875994978704,805.56496322155,1.04891271252806,1.068113284637839,2.993727903125741,0,0,0,6.883328464392721,4.989435200081575,3.1809894734896416
e1_phase_identification,EleutherAI/pythia-160m-deduped,step0,0,,gpt_neox.layers.10.mlp.dense_4h_to_h.weight,mlp.dense_4h_to_h,10,,768,3072,768,9.242337731845957,0.49819907546043396,344.1579722786699,742.0826850465187,247.86268927156925,0.32273787665568915,0.10208959785989524,0.25076332586207717,0,0,0,7.832663000428816,5.6661965981632,3.6505970079457652
e1_phase_identification,EleutherAI/pythia-160m-deduped,step0,0,,gpt_neox.layers.10.mlp.dense_h_to_4h.weight,mlp.dense_h_to_4h,10,,3072,768,768,35.037507021428105,1.8870279788970947,344.75431980712875,742.154572669547,939.7214776873589,1.223595674072082,1.4649912301494865,3.598467237918043,0,0,0,7.88387928321069,5.687322012738699,3.6390778738560687
e1_phase_identification,EleutherAI/pythia-160m-deduped,step0,0,,gpt_neox.layers.11.attention.dense.weight,attention.dense,11,,768,768,768,4.616855950412567,0.331924706697464,193.46993623635242,618.095442719264,108.58196753280936,0.1413827702250122,0.018106872048083145,91.05099963537604,0,0,0,4.25702929453651,2.9897392001478207,1.7538017725232276
e1_phase_identification,EleutherAI/pythia-160m-deduped,step0,0,,gpt_neox.layers.11.attention.query_key_value.weight,attention.query_key_value,11,,2304,768,768,30.353168559513215,1.7167372703552246,312.6082216014869,732.4227684818115,804.4934909939766,1.047517566398407,1.0656944994331141,2.9869484866881786,0,0,0,6.938806617317492,4.997962311063245,3.157246006102201
e1_phase_identification,EleutherAI/pythia-160m-deduped,step0,0,,gpt_neox.layers.11.mlp.dense_4h_to_h.weight,mlp.dense_4h_to_h,11,,768,3072,768,9.235070847980692,0.4983767867088318,343.37197921546,742.1263783366038,247.67967711389065,0.32249957957537845,0.10134863141841066,0.24894328529855317,0,0,0,7.878665524277193,5.6868700626204385,3.6287105435835865
e1_phase_identification,EleutherAI/pythia-160m-deduped,step0,0,,gpt_neox.layers.11.mlp.dense_h_to_4h.weight,mlp.dense_h_to_4h,11,,3072,768,768,35.05112908678879,1.8914973735809326,343.39387090101263,742.0990645445778,940.0181742310524,1.2239819976966828,1.4657398974018818,3.6003061940321843,0,0,0,7.731407967437833,5.645953937301619,3.646929773302424
e1_phase_identification,EleutherAI/pythia-160m-deduped,step128,128,step0,gpt_neox.layers.0.attention.dense.weight,attention.dense,0,0.7803851366043091,768,768,768,4.647899491430991,0.35761216282844543,168.92304197714134,617.4738808478093,109.22300124014146,0.1422174495314342,0.018233957101457254,91.69005099210403,0,0,0,4.21876764722317,2.9661539384831435,1.748248835837688
e1_phase_identification,EleutherAI/pythia-160m-deduped,step128,128,step0,gpt_neox.layers.0.attention.query_key_value.weight,attention.query_key_value,0,0.9837774038314819,2304,768,768,30.387286646135536,1.720760703086853,311.8479447503925,732.3726182400985,805.343169271946,1.0486239183228463,1.0654462658284345,2.9862527328954767,0,0,0,6.9321558534757886,4.993482831623305,3.149989242116987
e1_phase_identification,EleutherAI/pythia-160m-deduped,step128,128,step0,gpt_neox.layers.0.mlp.dense_4h_to_h.weight,mlp.dense_4h_to_h,0,0.9461935758590698,768,3072,768,9.230093254453031,0.49823302030563354,343.19990884505887,741.9903467949332,247.50538583099842,0.3222726378007792,0.10133957223819223,0.24892103317680153,0,0,0,7.866049357072892,5.7077998660819915,3.636962148344096
e1_phase_identification,EleutherAI/pythia-160m-deduped,step128,128,step0,gpt_neox.layers.0.mlp.dense_h_to_4h.weight,mlp.dense_h_to_4h,0,0.9957102537155151,3072,768,768,34.98288660724136,1.8962582349777222,340.3426100234842,741.9143093867053,937.9846217632294,1.2213341429208715,1.4595923267577078,3.5852058773199884,1,0,0,7.803537785568809,5.6698085218562575,3.6310467756458475
e1_phase_identification,EleutherAI/pythia-160m-deduped,step128,128,step0,gpt_neox.layers.1.attention.dense.weight,attention.dense,1,0.9384235143661499,768,768,768,4.6227983839422695,0.3326079547405243,193.172207210314,617.5662737965766,108.65959972489509,0.14148385380845716,0.017994317780616442,90.48501681190126,0,0,0,4.287919263563855,3.0013095541753594,1.7475035297499917
e1_phase_identification,EleutherAI/pythia-160m-deduped,step128,128,step0,gpt_neox.layers.1.attention.query_key_value.weight,attention.query_key_value,1,0.9851250648498535,2304,768,768,30.4024047244131,1.721107006072998,312.03271315225544,732.3889507290994,805.770417869091,1.0491802316003789,1.0689712159322085,2.996132529013144,0,0,0,6.8630252067641315,4.991567248022356,3.157654239025591
e1_phase_identification,EleutherAI/pythia-160m-deduped,step128,128,step0,gpt_neox.layers.1.mlp.dense_4h_to_h.weight,mlp.dense_4h_to_h,1,0.7662203311920166,768,3072,768,9.262490049538918,0.5178855657577515,319.8805951498599,741.8755050033517,248.33506777882576,0.3233529528370127,0.10259617287370482,0.25200762927716014,2,0,0,7.76638633235271,5.657862036932144,3.6340134245403966
e1_phase_identification,EleutherAI/pythia-160m-deduped,step128,128,step0,gpt_neox.layers.1.mlp.dense_h_to_4h.weight,mlp.dense_h_to_4h,1,0.997663140296936,3072,768,768,35.048801692035326,1.8923420906066895,343.0418056787094,742.0651590242329,939.9256408214569,1.223861511486272,1.4607063523628838,3.5879422654702564,0,0,0,7.875867623816497,5.699806767006019,3.6378420834208196
e1_phase_identification,EleutherAI/pythia-160m-deduped,step128,128,step0,gpt_neox.layers.2.attention.dense.weight,attention.dense,2,0.8813599348068237,768,768,768,4.626439737919543,0.3326929211616516,193.37783717481614,617.3459479422864,108.75528832382406,0.14160844833831257,0.01824949436027501,91.76818060737902,0,0,0,4.298993045645627,3.011556294630985,1.7554099967185675
e1_phase_identification,EleutherAI/pythia-160m-deduped,step128,128,step0,gpt_neox.layers.2.attention.query_key_value.weight,attention.query_key_value,2,0.8669215440750122,2304,768,768,30.418131172014252,1.7447856664657593,303.9351206675213,732.255989579804,806.0414150059223,1.049533092455628,1.0690240370607285,2.9962805770606677,1,0,0,6.909578427096493,4.985773064394981,3.1520234538482814
e1_phase_identification,EleutherAI/pythia-160m-deduped,step128,128,step0,gpt_neox.layers.2.mlp.dense_4h_to_h.weight,mlp.dense_4h_to_h,2,0.7451359629631042,768,3072,768,9.259892442862048,0.511428952217102,327.82439203245383,741.7420359687753,248.22145345807076,0.32320501752352965,0.10211872890912099,0.2508348806428074,3,0,0,7.674170695978961,5.632308649068691,3.61816693019293
e1_phase_identification,EleutherAI/pythia-160m-deduped,step128,128,step0,gpt_neox.layers.2.mlp.dense_h_to_4h.weight,mlp.dense_h_to_4h,2,0.9941182136535645,3072,768,768,35.08542030489392,1.8863985538482666,345.9285905761397,741.9780888486783,940.7967879772186,1.2249958176786702,1.4696009350818784,3.6097900853414973,0,0,0,7.791529722868495,5.669105723392378,3.625637534062985
e1_phase_identification,EleutherAI/pythia-160m-deduped,step128,128,step0,gpt_neox.layers.3.attention.dense.weight,attention.dense,3,0.9849298000335693,768,768,768,4.628039369016529,0.33200889825820923,194.30977207759992,618.5172518680134,108.89109528992412,0.14178528032542204,0.018165100719601868,91.3438044188384,0,0,0,4.287100975778171,3.0067890108965503,1.7547396447018215
e1_phase_identification,EleutherAI/pythia-160m-deduped,step128,128,step0,gpt_neox.layers.3.attention.query_key_value.weight,attention.query_key_value,3,0.8605273962020874,2304,768,768,30.380424765614595,1.7506417036056519,301.1571256426951,732.07322632554,804.8724100887775,1.048010950636429,1.0660742026523806,2.9880127259770015,1,0,0,6.83146751366031,4.985056492036732,3.1571878053695626
e1_phase_identification,EleutherAI/pythia-160m-deduped,step128,128,step0,gpt_neox.layers.3.mlp.dense_4h_to_h.weight,mlp.dense_4h_to_h,3,0.9062183499336243,768,3072,768,9.264782840413096,0.5046707391738892,337.01888572015633,741.8738710318504,248.39248724281788,0.3234277177640858,0.10210560167650051,0.2508026361381734,1,0,0,7.658689835465074,5.633475616454323,3.6173136960615784
e1_phase_identification,EleutherAI/pythia-160m-deduped,step128,128,step0,gpt_neox.layers.3.mlp.dense_h_to_4h.weight,mlp.dense_h_to_4h,3,0.9952572584152222,3072,768,768,35.083645872091736,1.895906925201416,342.4328429702391,742.0418561321683,940.8277749419212,1.2250361652889599,1.4699099426586955,3.6105491026096974,0,0,0,7.760768537993876,5.6437924826448205,3.6381534258180017
e1_phase_identification,EleutherAI/pythia-160m-deduped,step128,128,step0,gpt_neox.layers.4.attention.dense.weight,attention.dense,4,0.9665333032608032,768,768,768,4.627609944298367,0.33560240268707275,190.1355688969781,617.8963547284882,108.82974354176986,0.1417053952366795,0.018282827499924936,91.93579739276592,0,0,0,4.29293546326798,3.007618456931904,1.760005587329025
e1_phase_identification,EleutherAI/pythia-160m-deduped,step128,128,step0,gpt_neox.layers.4.attention.query_key_value.weight,attention.query_key_value,4,0.8930257558822632,2304,768,768,30.388891155449134,1.730401635169983,308.41527089267316,732.2360968066952,805.2559242248535,1.0485103180011113,1.0681798102013147,2.993914362220027,1,0,0,6.85687293210832,4.9923892830455046,3.146388878740114
e1_phase_identification,EleutherAI/pythia-160m-deduped,step128,128,step0,gpt_neox.layers.4.mlp.dense_4h_to_h.weight,mlp.dense_4h_to_h,4,0.9003902077674866,768,3072,768,9.26999287973846,0.5031875371932983,339.3900055548144,741.8153043669405,248.51637387275696,0.3235890284801523,0.1020057028600565,0.25055725404257967,1,0,0,7.699479311163557,5.602063958532399,3.6041991435135334
e1_phase_identification,EleutherAI/pythia-160m-deduped,step128,128,step0,gpt_neox.layers.4.mlp.dense_h_to_4h.weight,mlp.dense_h_to_4h,4,0.996722936630249,3072,768,768,35.05800619098801,1.8926044702529907,343.12685027773443,741.9423415321879,940.0168811678886,1.2239803140206884,1.4628707231890203,3.59325862323969,0,0,0,7.749360598200296,5.661241141040058,3.633440125238377
e1_phase_identification,EleutherAI/pythia-160m-deduped,step128,128,step0,gpt_neox.layers.5.attention.dense.weight,attention.dense,5,0.9837992191314697,768,768,768,4.634926031970534,0.3320437967777252,194.84751574714903,617.2732514809293,108.9276497415267,0.14183287726761287,0.01825879302259914,91.8149392356852,0,0,0,4.338791712843348,3.015154036364041,1.7493480676554753
e1_phase_identification,EleutherAI/pythia-160m-deduped,step128,128,step0,gpt_neox.layers.5.attention.query_key_value.weight,attention.query_key_value,5,0.9830426573753357,2304,768,768,30.39301220485762,1.7156169414520264,313.83894600292166,732.5046218528704,805.6228972673416,1.0489881474835177,1.068070966338226,2.9936092926036304,0,0,0,6.889456615465161,4.981529009429214,3.1599558302806763
e1_phase_identification,EleutherAI/pythia-160m-deduped,step128,128,step0,gpt_neox.layers.5.mlp.dense_4h_to_h.weight,mlp.dense_4h_to_h,5,0.8650767803192139,768,3072,768,9.263404465406646,0.5027493834495544,339.49873511275325,741.9243166626807,248.37730953097343,0.323407955118455,0.1022951071708178,0.2512681196841989,1,0,0,7.717751795367121,5.677854152690132,3.635833768162729
e1_phase_identification,EleutherAI/pythia-160m-deduped,step128,128,step0,gpt_neox.layers.5.mlp.dense_h_to_4h.weight,mlp.dense_h_to_4h,5,0.995414137840271,3072,768,768,35.07432344867401,1.89170241355896,343.7739540569825,741.9109540738428,940.430570602417,1.2245189721385639,1.4636469747017955,3.5951653347473225,0,0,0,7.755674015334487,5.663321156544246,3.639713221188125
e1_phase_identification,EleutherAI/pythia-160m-deduped,step128,128,step0,gpt_neox.layers.6.attention.dense.weight,attention.dense,6,0.9809053540229797,768,768,768,4.6286731248144966,0.33167731761932373,194.75179954462382,618.2485599009575,108.87450671969236,0.14176368062459943,0.01808236356772963,90.92775793853268,0,0,0,4.304978629741413,3.014530925367494,1.7458507233985046
e1_phase_identification,EleutherAI/pythia-160m-deduped,step128,128,step0,gpt_neox.layers.6.attention.query_key_value.weight,attention.query_key_value,6,0.9505499005317688,2304,768,768,30.39645477690262,1.7254173755645752,310.3541326080486,732.4442788268992,805.6541503667831,1.0490288416234155,1.0646027271118967,2.983888446794567,0,0,0,6.898552602129444,4.985767554546403,3.1584808746033315
e1_phase_identification,EleutherAI/pythia-160m-deduped,step128,128,step0,gpt_neox.layers.6.mlp.dense_4h_to_h.weight,mlp.dense_4h_to_h,6,0.8561033010482788,768,3072,768,9.275869002793684,0.503471851348877,339.4367217232947,741.8869519184045,248.6975801885128,0.3238249742037927,0.1022931554424571,0.2512633256414642,2,0,0,7.754655168735654,5.682177173959391,3.635369887975263
e1_phase_identification,EleutherAI/pythia-160m-deduped,step128,128,step0,gpt_neox.layers.6.mlp.dense_h_to_4h.weight,mlp.dense_h_to_4h,6,0.9955893754959106,3072,768,768,35.05741215196734,1.8941078186035156,342.5707790413576,742.08455562916,940.184641957283,1.2241987525485456,1.468263513926793,3.606504969286992,0,0,0,7.826088804687466,5.711244052204363,3.6492242978141434
e1_phase_identification,EleutherAI/pythia-160m-deduped,step128,128,step0,gpt_neox.layers.7.attention.dense.weight,attention.dense,7,0.9773793816566467,768,768,768,4.624350096032993,0.33546435832977295,190.02408134082262,618.1285994744259,108.76708622169099,0.14162381018449346,0.01806115809830644,90.82112554042484,0,0,0,4.267631074731922,3.0070616322963915,1.753091634854783
e1_phase_identification,EleutherAI/pythia-160m-deduped,step128,128,step0,gpt_neox.layers.7.attention.query_key_value.weight,attention.query_key_value,7,0.9884637594223022,2304,768,768,30.37557045934223,1.718977451324463,312.2543706205311,732.360457143778,804.9872332513332,1.0481604599626735,1.0614533529847137,2.9750613220527122,0,0,0,6.846160995577028,4.937448664996825,3.1288769184685505
e1_phase_identification,EleutherAI/pythia-160m-deduped,step128,128,step0,gpt_neox.layers.7.mlp.dense_4h_to_h.weight,mlp.dense_4h_to_h,7,0.8046157360076904,768,3072,768,9.27979514865855,0.5072770714759827,334.6465195800682,741.7855354808194,248.77533653378487,0.32392621944503236,0.10235545817811165,0.25141636024568,1,0,0,7.760742287199629,5.685037862905106,3.6246159932609707
e1_phase_identification,EleutherAI/pythia-160m-deduped,step128,128,step0,gpt_neox.layers.7.mlp.dense_h_to_4h.weight,mlp.dense_h_to_4h,7,0.9936227798461914,3072,768,768,35.06437930819697,1.8958638906478882,342.07237383077285,742.0707143088166,940.3345602750778,1.2243939586915076,1.4656974319076,3.600201885769602,0,0,0,7.859151499581679,5.6461852800720855,3.622620389024872
e1_phase_identification,EleutherAI/pythia-160m-deduped,step128,128,step0,gpt_neox.layers.8.attention.dense.weight,attention.dense,8,0.9227588176727295,768,768,768,4.625692208731028,0.3310963213443756,195.18424191594488,618.2080268736373,108.8003604101832,0.1416671359507594,0.018210222348662097,91.5707000096506,0,0,0,4.2817404112258615,2.9913910049387327,1.7510320515308637
e1_phase_identification,EleutherAI/pythia-160m-deduped,step128,128,step0,gpt_neox.layers.8.attention.query_key_value.weight,attention.query_key_value,8,0.9736355543136597,2304,768,768,30.380857910431487,1.7327182292938232,307.42853684186133,732.0215820821898,804.841658771038,1.0479709098581225,1.0670558236923995,2.990764031798271,1,0,0,6.879757387317694,4.97061312717738,3.1513110814009986
e1_phase_identification,EleutherAI/pythia-160m-deduped,step128,128,step0,gpt_neox.layers.8.mlp.dense_4h_to_h.weight,mlp.dense_4h_to_h,8,0.772369384765625,768,3072,768,9.285688023533648,0.5227158665657043,315.5708000353545,741.8852630949756,248.9576142579317,0.3241635602316819,0.10219221487455776,0.25101538468517226,2,0,0,7.72379969379178,5.646425785159152,3.6244148677625114
e1_phase_identification,EleutherAI/pythia-160m-deduped,step128,128,step0,gpt_neox.layers.8.mlp.dense_h_to_4h.weight,mlp.dense_h_to_4h,8,0.9903163909912109,3072,768,768,35.076493383055244,1.8899524211883545,344.4534969660994,742.1162224888398,940.7328241467476,1.2249125314410776,1.469100112648995,3.608559912027381,0,0,0,7.816004528219819,5.691488873413909,3.651244620660275
e1_phase_identification,EleutherAI/pythia-160m-deduped,step128,128,step0,gpt_neox.layers.9.attention.dense.weight,attention.dense,9,0.9690279960632324,768,768,768,4.626587203074509,0.33648788928985596,189.05258876819954,617.5069280311483,108.75251828711771,0.14160484151968453,0.01814644660477782,91.25000159096552,0,0,0,4.261210123298118,3.008086541513023,1.7482764751078186
e1_phase_identification,EleutherAI/pythia-160m-deduped,step128,128,step0,gpt_neox.layers.9.attention.query_key_value.weight,attention.query_key_value,9,0.9732455611228943,2304,768,768,30.391969495155426,1.7221404314041138,311.44442652960737,732.413157752775,805.4934529066086,1.0488196001388133,1.0695837596263473,2.9978493779423743,0,0,0,6.904120862397869,4.979795752601375,3.1521727506730763
e1_phase_identification,EleutherAI/pythia-160m-deduped,step128,128,step0,gpt_neox.layers.9.mlp.dense_4h_to_h.weight,mlp.dense_4h_to_h,9,0.8170408010482788,768,3072,768,9.28189951032738,0.5267573595046997,310.4934911445159,741.8481820334138,248.84426033496857,0.3240159639778237,0.10217152158048926,0.25096455561587977,2,1,0,7.657785503503402,5.636948490589863,3.6251470406685296
e1_phase_identification,EleutherAI/pythia-160m-deduped,step128,128,step0,gpt_neox.layers.9.mlp.dense_h_to_4h.weight,mlp.dense_h_to_4h,9,0.9911024570465088,3072,768,768,35.09036758380467,1.8887455463409424,345.16673038780186,742.0027297265345,940.9709821343422,1.2252226329874247,1.469147091069786,3.608675305419932,0,0,0,7.817342589442881,5.713098697593675,3.652652281667126
e1_phase_identification,EleutherAI/pythia-160m-deduped,step128,128,step0,gpt_neox.layers.10.attention.dense.weight,attention.dense,10,0.9459934234619141,768,768,768,4.624801493429974,0.3362707495689392,189.150724589296,618.3914345498591,108.80056185409194,0.14166739824751554,0.01823138001353186,91.6770920209945,0,0,0,4.298505136081803,2.9985446916233607,1.7527113398785823
e1_phase_identification,EleutherAI/pythia-160m-deduped,step128,128,step0,gpt_neox.layers.10.attention.query_key_value.weight,attention.query_key_value,10,0.896686315536499,2304,768,768,30.40861111515485,1.7392843961715698,305.66940227893593,732.5256522017529,806.0601286888123,1.0495574592302244,1.0685163258301955,2.994857554522293,1,0,0,6.863259771856233,4.9760403863451375,3.1780947310892604
e1_phase_identification,EleutherAI/pythia-160m-deduped,step128,128,step0,gpt_neox.layers.10.mlp.dense_4h_to_h.weight,mlp.dense_4h_to_h,10,0.8181707262992859,768,3072,768,9.291531985365461,0.5452273488044739,290.41523026294396,741.873038630915,249.1084442138672,0.3243599534034729,0.10310254000892805,0.2532514220787548,2,1,0,7.6838972174590685,5.626804463329247,3.635417322845588
e1_phase_identification,EleutherAI/pythia-160m-deduped,step128,128,step0,gpt_neox.layers.10.mlp.dense_h_to_4h.weight,mlp.dense_h_to_4h,10,0.9835524559020996,3072,768,768,35.05603978040369,1.8886302709579468,344.5337836170998,742.1523060529123,940.2150690555573,1.2242383711660902,1.4680099295093,3.605882088276093,0,0,0,7.879160405767933,5.6853031494341995,3.639262149216771
e1_phase_identification,EleutherAI/pythia-160m-deduped,step128,128,step0,gpt_neox.layers.11.attention.dense.weight,attention.dense,11,0.8848451375961304,768,768,768,4.627098804910997,0.3526167571544647,172.1914774449501,617.896239662906,108.79348454353749,0.14165818299939778,0.018183633601623783,91.43699762359176,0,0,0,4.244421063053897,2.988753139853136,1.7551175911987769
e1_phase_identification,EleutherAI/pythia-160m-deduped,step128,128,step0,gpt_neox.layers.11.attention.query_key_value.weight,attention.query_key_value,11,0.9295320510864258,2304,768,768,30.37602338790216,1.775451898574829,292.7143512899703,732.354804534039,805.0192345678806,1.0482021283435945,1.0645922596643231,2.983859108436617,1,0,0,6.911405001923729,4.988219423759767,3.1575532251584204
e1_phase_identification,EleutherAI/pythia-160m-deduped,step128,128,step0,gpt_neox.layers.11.mlp.dense_4h_to_h.weight,mlp.dense_4h_to_h,11,0.8194509744644165,768,3072,768,9.284125108915337,0.5735355019569397,262.0362384172851,741.8615634535257,248.901163443923,0.3240900565676081,0.10215518455345407,0.25092442687289396,2,1,1,7.564601685165471,5.607169418727227,3.619423638933261
e1_phase_identification,EleutherAI/pythia-160m-deduped,step128,128,step0,gpt_neox.layers.11.mlp.dense_h_to_4h.weight,mlp.dense_h_to_4h,11,0.9833472967147827,3072,768,768,35.068110139773914,1.8927433490753174,343.27428102225696,742.0861858319806,940.4586759805679,1.224555567683031,1.4656431278213589,3.600068498298604,0,0,0,7.732251143383935,5.64502397199119,3.6443085677033675
e1_phase_identification,EleutherAI/pythia-160m-deduped,step512,512,step128,gpt_neox.layers.0.attention.dense.weight,attention.dense,0,0.4190214276313782,768,768,768,4.745455870369685,0.4802812337875366,97.6258083652276,612.883571140584,110.63523109374364,0.14405629048664537,0.018398170404833825,92.51580297103001,0,0,0,3.394264621580919,2.6927944547763913,1.7115399840571737
e1_phase_identification,EleutherAI/pythia-160m-deduped,step512,512,step128,gpt_neox.layers.0.attention.query_key_value.weight,attention.query_key_value,0,0.7034651637077332,2304,768,768,30.43780784911187,1.9125652313232422,253.27611109081775,731.8593080630544,806.0961164832115,1.049604318337515,1.0635039767293861,2.9808088486601734,4,1,0,6.622248042523069,4.895259400768197,3.123813609452156
e1_phase_identification,EleutherAI/pythia-160m-deduped,step512,512,step128,gpt_neox.layers.0.mlp.dense_4h_to_h.weight,mlp.dense_4h_to_h,0,0.715416669845581,768,3072,768,9.261516004098842,0.5283709168434143,307.24608213782045,741.7458326322013,248.25939854979515,0.32325442519504577,0.10189200672683274,0.2502779815103871,4,1,0,7.566734304938636,5.604614385545674,3.6165866491973344
e1_phase_identification,EleutherAI/pythia-160m-deduped,step512,512,step128,gpt_neox.layers.0.mlp.dense_h_to_4h.weight,mlp.dense_h_to_4h,0,0.9812350273132324,3072,768,768,34.77543761709369,1.8851819038391113,340.281770118193,741.9808259425597,932.4983671307564,1.2141905822015058,1.4423816509864267,3.542931185410013,1,0,0,7.81160910380883,5.671356669875074,3.634731301410967
e1_phase_identification,EleutherAI/pythia-160m-deduped,step512,512,step128,gpt_neox.layers.1.attention.dense.weight,attention.dense,1,0.6054441332817078,768,768,768,4.581562451016054,0.38512057065963745,141.52520370416855,615.9093358998492,107.41330365856993,0.13986107247209625,0.017733705428574442,89.17451905680927,0,0,0,4.062410626353349,2.9234690676984343,1.7362438358782808
e1_phase_identification,EleutherAI/pythia-160m-deduped,step512,512,step128,gpt_neox.layers.1.attention.query_key_value.weight,attention.query_key_value,1,0.5865998268127441,2304,768,768,30.61838291061613,3.5825626850128174,73.0427143661868,730.3702892057134,808.4052690863609,1.052611027456199,1.0668251734352978,2.9901175609412194,5,2,2,4.27546604434045,4.031570643090709,2.9925295294788654
e1_phase_identification,EleutherAI/pythia-160m-deduped,step512,512,step128,gpt_neox.layers.1.mlp.dense_4h_to_h.weight,mlp.dense_4h_to_h,1,0.5769335031509399,768,3072,768,9.463793772638711,0.6109290719032288,239.96557968259887,741.0181842370663,253.41778801381588,0.3299710781429894,0.10599416183507104,0.2603541310859361,9,3,1,6.812408561301742,5.3034256097769426,3.5428091054064006
e1_phase_identification,EleutherAI/pythia-160m-deduped,step512,512,step128,gpt_neox.layers.1.mlp.dense_h_to_4h.weight,mlp.dense_h_to_4h,1,0.9847960472106934,3072,768,768,35.03625444050646,1.8904310464859009,343.4896544237558,742.1440770869675,939.6839088797569,1.2235467563538502,1.462086374212575,3.591332021880756,0,0,0,7.900703196303553,5.712194687002247,3.644697432273705
e1_phase_identification,EleutherAI/pythia-160m-deduped,step512,512,step128,gpt_neox.layers.2.attention.dense.weight,attention.dense,2,0.3316658139228821,768,768,768,4.737142933830452,0.42751219868659973,122.78235383148484,613.9323979832501,110.70466999664495,0.14414670572479812,0.018322376179791933,92.13466922587918,0,0,0,3.6560733635291776,2.782479955309239,1.7177682853775442
e1_phase_identification,EleutherAI/pythia-160m-deduped,step512,512,step128,gpt_neox.layers.2.attention.query_key_value.weight,attention.query_key_value,2,0.4100135564804077,2304,768,768,30.778938653536194,3.974384307861328,59.974627767097815,729.4772856756332,811.2199638485909,1.0562759945945193,1.0679561761652536,2.9932875565586112,7,4,3,3.907712991618527,3.815210605480826,2.934136259044097
e1_phase_identification,EleutherAI/pythia-160m-deduped,step512,512,step128,gpt_neox.layers.2.mlp.dense_4h_to_h.weight,mlp.dense_4h_to_h,2,0.5551428198814392,768,3072,768,9.459036821408782,0.5816078186035156,264.50467952220566,740.90849846255,253.26399625837803,0.32977082846142974,0.10574792408279521,0.25974929573534306,9,2,1,6.955655170170554,5.339032653408288,3.5373012545966755
e1_phase_identification,EleutherAI/pythia-160m-deduped,step512,512,step128,gpt_neox.layers.2.mlp.dense_h_to_4h.weight,mlp.dense_h_to_4h,2,0.9828923940658569,3072,768,768,35.06167985014993,1.8854032754898071,345.82542970561116,742.0048346337226,940.1925095319748,1.2242089967864256,1.4655283608825727,3.5997865955399257,0,0,0,7.7945763583344565,5.67534951965728,3.627821451476869
e1_phase_identification,EleutherAI/pythia-160m-deduped,step512,512,step128,gpt_neox.layers.3.attention.dense.weight,attention.dense,3,0.2167414426803589,768,768,768,4.913928214046366,0.5136852860450745,91.5089060192789,610.2596487932618,113.97303317849946,0.14840238695117117,0.019016024431227962,95.62270219595074,0,0,0,2.989271440000857,2.491369753223315,1.660823870925075
e1_phase_identification,EleutherAI/pythia-160m-deduped,step512,512,step128,gpt_neox.layers.3.attention.query_key_value.weight,attention.query_key_value,3,0.4219927191734314,2304,768,768,30.80572736716102,3.9147164821624756,61.924471164335785,729.2419575507121,811.7356076836586,1.0569474058380972,1.075030247303303,3.0131148955302973,8,5,3,3.92099700314637,3.8106128253117877,2.938082903589042
e1_phase_identification,EleutherAI/pythia-160m-deduped,step512,512,step128,gpt_neox.layers.3.mlp.dense_4h_to_h.weight,mlp.dense_4h_to_h,3,0.6084977388381958,768,3072,768,9.452806864771684,0.548566997051239,296.9355648272315,741.1192161856143,253.174791559577,0.32965467650986585,0.10524717755901891,0.2585193088772466,8,1,0,7.23769665403264,5.41699793055372,3.537071495181248
e1_phase_identification,EleutherAI/pythia-160m-deduped,step512,512,step128,gpt_neox.layers.3.mlp.dense_h_to_4h.weight,mlp.dense_h_to_4h,3,0.917752742767334,3072,768,768,35.04774480668263,1.8929078578948975,342.8160982681947,742.0267914110703,939.8463000059128,1.223758203132699,1.46892644493213,3.6081333309144283,0,0,0,7.754796702671876,5.638317696900485,3.6374434046456114
e1_phase_identification,EleutherAI/pythia-160m-deduped,step512,512,step128,gpt_neox.layers.4.attention.dense.weight,attention.dense,4,0.31230390071868896,768,768,768,4.84239995494137,0.39418643712997437,150.90997914227376,613.2472030651539,113.06713339283306,0.1472228299385847,0.01907112889242102,95.89979678537915,0,0,0,3.654528797970931,2.7278101396032506,1.692667486011027
e1_phase_identification,EleutherAI/pythia-160m-deduped,step512,512,step128,gpt_neox.layers.4.attention.query_key_value.weight,attention.query_key_value,4,0.24868926405906677,2304,768,768,31.038260836400394,3.8507320880889893,64.96929424389624,728.291089290929,816.6098191738129,1.0632940353825688,1.0800220944587693,3.0271061381563307,10,7,5,3.6536651515334038,3.60362705211839,2.8598827708920056
e1_phase_identification,EleutherAI/pythia-160m-deduped,step512,512,step128,gpt_neox.layers.4.mlp.dense_4h_to_h.weight,mlp.dense_4h_to_h,4,0.4121098518371582,768,3072,768,9.516452948248137,0.6026824116706848,249.32921773729925,740.4490576043158,254.63444140553474,0.33155526224679005,0.10620992916970273,0.2608841217566692,12,5,1,6.554991791810707,5.1438589512501,3.471756786315207
e1_phase_identification,EleutherAI/pythia-160m-deduped,step512,512,step128,gpt_neox.layers.4.mlp.dense_h_to_4h.weight,mlp.dense_h_to_4h,4,0.9169427156448364,3072,768,768,35.07630820580731,1.9035298824310303,339.5536138533096,741.8619125773276,940.4045699238777,1.2244851170883824,1.4642401700874146,3.5966224043303368,2,0,0,7.697611597456419,5.630981152893849,3.6275032136095904
e1_phase_identification,EleutherAI/pythia-160m-deduped,step512,512,step128,gpt_neox.layers.5.attention.dense.weight,attention.dense,5,0.5257776379585266,768,768,768,4.720205367383298,0.3683105707168579,164.2454781198669,615.3312946922973,110.61404611362013,0.14402870587710956,0.018617857232508195,93.62050538530445,0,0,0,4.049397543085949,2.910039296594934,1.726863334516551
e1_phase_identification,EleutherAI/pythia-160m-deduped,step512,512,step128,gpt_neox.layers.5.attention.query_key_value.weight,attention.query_key_value,5,0.2725542187690735,2304,768,768,30.77914250060429,2.8618178367614746,115.67221723262638,730.1225069880657,812.6986775994301,1.058201403124258,1.0734064560964782,3.008563703147768,10,5,4,4.604077117657207,4.131601589805406,3.0059656305607043
e1_phase_identification,EleutherAI/pythia-160m-deduped,step512,512,step128,gpt_neox.layers.5.mlp.dense_4h_to_h.weight,mlp.dense_4h_to_h,5,0.5191702246665955,768,3072,768,9.499875640748837,0.615119457244873,238.5156668756033,740.4665127049286,254.1941668242216,0.3309819880523719,0.10626849417685946,0.2610279753547009,10,4,2,6.500761180252453,5.1652265156715,3.490742566755164
e1_phase_identification,EleutherAI/pythia-160m-deduped,step512,512,step128,gpt_neox.layers.5.mlp.dense_h_to_4h.weight,mlp.dense_h_to_4h,5,0.8715353608131409,3072,768,768,35.09506004131864,1.8962689638137817,342.52486628545284,741.843564405702,940.8991373181343,1.2251290850496541,1.4657835888493835,3.600413513611426,0,0,0,7.692949237453911,5.6324070551026155,3.6282518082526067
e1_phase_identification,EleutherAI/pythia-160m-deduped,step512,512,step128,gpt_neox.layers.6.attention.dense.weight,attention.dense,6,0.4895995557308197,768,768,768,4.70228041336255,0.3683094084262848,163.0014328686151,616.5254356659096,110.32716406972759,0.14365516154912447,0.018411132445595557,92.58098301789488,0,0,0,4.019799142275745,2.9154699473155175,1.7332834886148607
e1_phase_identification,EleutherAI/pythia-160m-deduped,step512,512,step128,gpt_neox.layers.6.attention.query_key_value.weight,attention.query_key_value,6,0.4392157196998596,2304,768,768,30.63528984642391,2.408313035964966,161.81475287894014,730.8802194553078,809.9800423383713,1.054661513461421,1.069597456282807,2.9978877671874224,8,5,4,5.230614040372403,4.436396488789316,3.070755354885117
e1_phase_identification,EleutherAI/pythia-160m-deduped,step512,512,step128,gpt_neox.layers.6.mlp.dense_4h_to_h.weight,mlp.dense_4h_to_h,6,0.5025307536125183,768,3072,768,9.514200313578465,0.6184031963348389,236.70156560778605,740.4551667828365,254.571889013052,0.3314738138190781,0.10640451554465802,0.26136208550198825,12,4,2,6.477532485520242,5.135096303308965,3.48839859804487
e1_phase_identification,EleutherAI/pythia-160m-deduped,step512,512,step128,gpt_neox.layers.6.mlp.dense_h_to_4h.weight,mlp.dense_h_to_4h,6,0.8673770427703857,3072,768,768,35.088430918446456,1.9021284580230713,340.28923422769446,742.0025903826465,940.9114790558815,1.225145155020679,1.4683981686503813,3.6068357225374497,1,0,0,7.748894163356879,5.682167242354277,3.636810292611356
e1_phase_identification,EleutherAI/pythia-160m-deduped,step512,512,step128,gpt_neox.layers.7.attention.dense.weight,attention.dense,7,0.5575048923492432,768,768,768,4.691096854059066,0.41315770149230957,128.91904922892687,616.553236095886,110.04229114721238,0.14328423326459946,0.018346186371962725,92.2543995577059,0,0,0,3.9830083793005233,2.9161425945411703,1.7366106454522439
e1_phase_identification,EleutherAI/pythia-160m-deduped,step512,512,step128,gpt_neox.layers.7.attention.query_key_value.weight,attention.query_key_value,7,0.414863646030426,2304,768,768,30.546473235028156,2.3575470447540283,167.88094907834832,731.0440456477213,807.8495106399059,1.0518873836457108,1.0604277990010544,2.972186880154835,6,4,4,5.469935198261472,4.500450905859294,3.067718279377904
e1_phase_identification,EleutherAI/pythia-160m-deduped,step512,512,step128,gpt_neox.layers.7.mlp.dense_4h_to_h.weight,mlp.dense_4h_to_h,7,0.45927882194519043,768,3072,768,9.517885691750626,0.5929437875747681,257.66410585913076,740.4026537368574,254.66178905963898,0.3315908711714049,0.10652687106550651,0.26166262814285224,12,5,2,6.607259279236576,5.184138047288773,3.4765463636155354
e1_phase_identification,EleutherAI/pythia-160m-deduped,step512,512,step128,gpt_neox.layers.7.mlp.dense_h_to_4h.weight,mlp.dense_h_to_4h,7,0.9188958406448364,3072,768,768,35.099052071486675,1.898505449295044,341.7960811175592,741.9725614006585,941.1409808397293,1.2254439854683976,1.466303242818256,3.6016899429466727,1,0,0,7.788281685869522,5.607600280122024,3.609167331838939
e1_phase_identification,EleutherAI/pythia-160m-deduped,step512,512,step128,gpt_neox.layers.8.attention.dense.weight,attention.dense,8,0.5220425128936768,768,768,768,4.698907091141204,0.3847044110298157,149.18988670914683,616.5760090051996,110.26113609925233,0.1435691876292348,0.018547876543540065,93.26860519686771,0,0,0,4.082623023670877,2.9270639696183096,1.7366802164532953
e1_phase_identification,EleutherAI/pythia-160m-deduped,step512,512,step128,gpt_neox.layers.8.attention.query_key_value.weight,attention.query_key_value,8,0.4366222023963928,2304,768,768,30.545328967094825,2.4754550457000732,152.25779134813595,730.7131898751203,807.5263616144657,1.0514666166855022,1.0638099862852783,2.981666537970168,6,4,3,5.414345994381422,4.513919225421675,3.0900357756434693
e1_phase_identification,EleutherAI/pythia-160m-deduped,step512,512,step128,gpt_neox.layers.8.mlp.dense_4h_to_h.weight,mlp.dense_4h_to_h,8,0.48735013604164124,768,3072,768,9.54330980168106,0.6158917546272278,240.0983994766782,740.3344784204958,255.30866764485836,0.3324331609959093,0.10667876799899378,0.2620357335426971,13,5,2,6.375970975771104,5.082410156714603,3.4670344600357716
e1_phase_identification,EleutherAI/pythia-160m-deduped,step512,512,step128,gpt_neox.layers.8.mlp.dense_h_to_4h.weight,mlp.dense_h_to_4h,8,0.8503682613372803,3072,768,768,35.128860924873074,1.9161323308944702,336.106675297606,741.9731353944444,941.9586763381958,1.2265086931486924,1.467556192482597,3.6047675711434173,1,0,0,7.749521894460368,5.651064359561777,3.6357375203503635
e1_phase_identification,EleutherAI/pythia-160m-deduped,step512,512,step128,gpt_neox.layers.9.attention.dense.weight,attention.dense,9,0.40287870168685913,768,768,768,4.737207959796866,0.457742303609848,107.10328684306496,614.9746485927302,110.87647963964264,0.14437041619745136,0.018506782538661892,93.06196264628014,0,0,0,3.802278809993268,2.858769869871802,1.722676712908096
e1_phase_identification,EleutherAI/pythia-160m-deduped,step512,512,step128,gpt_neox.layers.9.attention.query_key_value.weight,attention.query_key_value,9,0.4523373544216156,2304,768,768,30.60280843156395,2.669161319732666,131.45373253878387,730.9929383328334,809.2124317288399,1.0536620204802603,1.0680562910889435,2.9935681605403053,7,4,3,5.238277498741074,4.435160096507712,3.0701229938226353
e1_phase_identification,EleutherAI/pythia-160m-deduped,step512,512,step128,gpt_neox.layers.9.mlp.dense_4h_to_h.weight,mlp.dense_4h_to_h,9,0.4395768940448761,768,3072,768,9.573259536302096,0.6376282572746277,225.41590495605953,740.1652648971559,256.04543320834637,0.333392491156701,0.10734681717458061,0.2636766669641361,14,6,2,6.287757885056689,5.025410436031223,3.4367378505736745
e1_phase_identification,EleutherAI/pythia-160m-deduped,step512,512,step128,gpt_neox.layers.9.mlp.dense_h_to_4h.weight,mlp.dense_h_to_4h,9,0.8093857169151306,3072,768,768,35.160171230483066,1.9146746397018433,337.2189663601467,741.8268163946257,942.6168339252472,1.2273656691734989,1.4696891822367917,3.610006847387071,1,0,0,7.723969780915393,5.660510418957279,3.632707300012849
e1_phase_identification,EleutherAI/pythia-160m-deduped,step512,512,step128,gpt_neox.layers.10.attention.dense.weight,attention.dense,10,0.3629528880119324,768,768,768,4.748616235630692,0.42766475677490234,123.2898209181371,615.4033291110627,111.1898561701164,0.14477845855483906,0.018628573577496477,93.67439287735883,0,0,0,3.850887842140912,2.844589176407808,1.7225967804432543
e1_phase_identification,EleutherAI/pythia-160m-deduped,step512,512,step128,gpt_neox.layers.10.attention.query_key_value.weight,attention.query_key_value,10,0.4823417663574219,2304,768,768,30.649773250745334,3.200895309448242,91.68780834726849,730.7285456341984,809.8894715607166,1.0545435827613499,1.0710454597649033,3.001946258445346,6,3,3,4.6531296653466905,4.204847238870311,3.0457879415143987
e1_phase_identification,EleutherAI/pythia-160m-deduped,step512,512,step128,gpt_neox.layers.10.mlp.dense_4h_to_h.weight,mlp.dense_4h_to_h,10,0.47969675064086914,768,3072,768,9.61766372002955,0.7357426881790161,170.87843836367946,739.8012232862146,257.08231852948666,0.33474260225193575,0.10809327100061816,0.2655101862250948,15,6,2,5.7752902454453485,4.820742701285749,3.4110399577196473
e1_phase_identification,EleutherAI/pythia-160m-deduped,step512,512,step128,gpt_neox.layers.10.mlp.dense_h_to_4h.weight,mlp.dense_h_to_4h,10,0.7726622223854065,3072,768,768,35.142218261697714,1.9022457599639893,341.2912028305272,741.9319886498052,942.2474943995476,1.2268847583327442,1.47168473751222,3.614908542450017,1,0,0,7.709267324023266,5.611283406624514,3.6132594367019584
e1_phase_identification,EleutherAI/pythia-160m-deduped,step512,512,step128,gpt_neox.layers.11.attention.dense.weight,attention.dense,11,0.16602428257465363,768,768,768,4.948982686519307,0.739406168460846,44.798732882699674,606.4696419504173,113.82573848361972,0.14821059698387984,0.018847857076258134,94.77706713897462,0,0,0,2.552942889703174,2.3101315924610835,1.6383004842441964
e1_phase_identification,EleutherAI/pythia-160m-deduped,step512,512,step128,gpt_neox.layers.11.attention.query_key_value.weight,attention.query_key_value,11,0.42753493785858154,2304,768,768,30.739629673823906,3.9252657890319824,61.32804547851423,729.679759448096,810.4502366483212,1.0552737456358348,1.0664965089659475,2.989196374015814,6,4,3,3.9518063888394805,3.83620924328953,2.944284005602291
e1_phase_identification,EleutherAI/pythia-160m-deduped,step512,512,step128,gpt_neox.layers.11.mlp.dense_4h_to_h.weight,mlp.dense_4h_to_h,11,0.3354954719543457,768,3072,768,9.681028929234571,0.7355740070343018,173.21691017790187,739.1682647594565,258.53453029692173,0.3366335029907835,0.10878002021882738,0.2671970526796739,19,9,4,5.390093422140602,4.6079972168568535,3.3294560344301756
e1_phase_identification,EleutherAI/pythia-160m-deduped,step512,512,step128,gpt_neox.layers.11.mlp.dense_h_to_4h.weight,mlp.dense_h_to_4h,11,0.7741875052452087,3072,768,768,35.18097133869849,1.931104063987732,331.8977410076548,741.8518086090462,943.1853912472725,1.2281059781865526,1.4737132429814892,3.619891173282803,1,0,0,7.607469250859909,5.57080832610859,3.614541830900537
e1_phase_identification,EleutherAI/pythia-160m-deduped,step1000,1000,step512,gpt_neox.layers.0.attention.dense.weight,attention.dense,0,0.5353944301605225,768,768,768,5.040243580281473,0.7796783447265625,41.789974509116746,589.4027047982174,112.68865727137018,0.14673002248876324,0.01690547496328154,85.00973501276593,0,0,0,2.051612831330075,1.8774423576762116,1.427845534130333
e1_phase_identification,EleutherAI/pythia-160m-deduped,step1000,1000,step512,gpt_neox.layers.0.attention.query_key_value.weight,attention.query_key_value,0,0.5431888103485107,2304,768,768,30.225251158771588,2.7032175064086914,125.01952774401893,729.8304085770833,797.9539574682713,1.0390025487868115,1.029774452104121,2.8862711058176047,12,5,3,4.981107816163639,4.261154475578817,2.9878109207411945
e1_phase_identification,EleutherAI/pythia-160m-deduped,step1000,1000,step512,gpt_neox.layers.0.mlp.dense_4h_to_h.weight,mlp.dense_4h_to_h,0,0.6493381857872009,768,3072,768,10.009026650487963,0.7844991087913513,162.7791521681826,738.8783151011833,267.16897773742676,0.34787627309560776,0.11602571955594465,0.2849947098559292,24,13,6,5.058195684712711,4.435406483131404,3.285270798959419
e1_phase_identification,EleutherAI/pythia-160m-deduped,step1000,1000,step512,gpt_neox.layers.0.mlp.dense_h_to_4h.weight,mlp.dense_h_to_4h,0,0.8422679901123047,3072,768,768,34.4469824243842,3.7507667541503906,84.34556488664829,741.9318486856795,922.8032066822052,1.2015666753674548,1.412269727962645,3.468967078156804,1,1,1,4.537596566126786,4.533086033042342,3.5204920292749002
e1_phase_identification,EleutherAI/pythia-160m-deduped,step1000,1000,step512,gpt_neox.layers.1.attention.dense.weight,attention.dense,1,0.5198372602462769,768,768,768,4.721499333509325,0.646266520023346,53.374835538344655,597.7007902021,107.12151154634921,0.13948113482597554,0.016116420935065046,81.04195096676126,0,0,0,2.258831226234559,2.065939240574865,1.5267496130235008
e1_phase_identification,EleutherAI/pythia-160m-deduped,step1000,1000,step512,gpt_neox.layers.1.attention.query_key_value.weight,attention.query_key_value,1,0.664207935333252,2304,768,768,30.656634314051992,4.741053581237793,41.81183422073373,727.2594120311252,804.3170817196369,1.047287866822444,1.0421735667507193,2.921023576389265,12,7,5,3.30753117828872,3.371170979267348,2.7786054006882304
e1_phase_identification,EleutherAI/pythia-160m-deduped,step1000,1000,step512,gpt_neox.layers.1.mlp.dense_4h_to_h.weight,mlp.dense_4h_to_h,1,0.599593997001648,768,3072,768,10.421073931887276,1.031597375869751,102.04799975654696,734.9947588891005,276.6338602602482,0.3602003388805315,0.12191182746314455,0.29945279399118224,40,21,8,4.368781989037769,3.8691682817151807,2.9533053120345674
e1_phase_identification,EleutherAI/pythia-160m-deduped,step1000,1000,step512,gpt_neox.layers.1.mlp.dense_h_to_4h.weight,mlp.dense_h_to_4h,1,0.8468878269195557,3072,768,768,35.18431264854679,2.666276216506958,174.1357195838796,742.0304395735303,943.3731939196587,1.2283505129162222,1.4719783519265448,3.615629749395687,1,1,1,6.641930575484025,5.411378340380616,3.636737540829166
e1_phase_identification,EleutherAI/pythia-160m-deduped,step1000,1000,step512,gpt_neox.layers.2.attention.dense.weight,attention.dense,2,0.5684943795204163,768,768,768,5.457149312820018,0.6432194113731384,71.98025630794487,589.3880038699107,122.33116260879251,0.15928536798019857,0.019693369541148642,99.02875428449688,0,0,0,2.0816288181481037,1.8406540218681655,1.390894044698646
e1_phase_identification,EleutherAI/pythia-160m-deduped,step1000,1000,step512,gpt_neox.layers.2.attention.query_key_value.weight,attention.query_key_value,2,0.73309725522995,2304,768,768,31.083980629969815,5.208804607391357,35.61206245352674,725.6347160855427,812.8497637212276,1.0583981298453484,1.0574612445912521,2.9638721659381897,16,11,6,3.0532372178460743,3.16130555036057,2.68950180774171
e1_phase_identification,EleutherAI/pythia-160m-deduped,step1000,1000,step512,gpt_neox.layers.2.mlp.dense_4h_to_h.weight,mlp.dense_4h_to_h,2,0.5368608832359314,768,3072,768,10.339408239874144,0.9070824384689331,129.92653271879675,734.3916227679996,274.2667460888624,0.3571181589698729,0.11892335001579823,0.2921121779081526,41,25,13,4.318133897730987,3.8197317770353165,2.9237535476845125
e1_phase_identification,EleutherAI/pythia-160m-deduped,step1000,1000,step512,gpt_neox.layers.2.mlp.dense_h_to_4h.weight,mlp.dense_h_to_4h,2,0.7010942697525024,3072,768,768,35.143473831974006,2.49174165725708,198.92224428791263,741.6782469506948,941.881376683712,1.2264080425569166,1.4677597907045339,3.6052676707455578,3,2,1,6.889060336590666,5.454765812374465,3.6165579746335497
e1_phase_identification,EleutherAI/pythia-160m-deduped,step1000,1000,step512,gpt_neox.layers.3.attention.dense.weight,attention.dense,3,0.492526113986969,768,768,768,5.9714926230593735,0.693921685218811,74.05337923918822,573.7341237833307,130.26275104566957,0.16961295709071558,0.020548905862285416,103.33084671973458,0,0,0,1.6472038514942346,1.5090164223108895,1.2347519628905463
e1_phase_identification,EleutherAI/pythia-160m-deduped,step1000,1000,step512,gpt_neox.layers.3.attention.query_key_value.weight,attention.query_key_value,3,0.6901782751083374,2304,768,768,31.01087464487516,5.514009475708008,31.62955011239831,725.138231048357,809.8633062541485,1.054509513351756,1.0492668402849858,2.940904736196427,17,10,6,2.980452944075346,3.110195285394489,2.6723937413942784
e1_phase_identification,EleutherAI/pythia-160m-deduped,step1000,1000,step512,gpt_neox.layers.3.mlp.dense_4h_to_h.weight,mlp.dense_4h_to_h,3,0.45323073863983154,768,3072,768,10.395885241729719,0.9569208025932312,118.02417186208234,734.5429555892039,275.8229598104954,0.35914447891991585,0.12106044076630562,0.2973615274550259,41,22,9,4.423797803717524,3.87402548174663,2.925880388864175
e1_phase_identification,EleutherAI/pythia-160m-deduped,step1000,1000,step512,gpt_neox.layers.3.mlp.dense_h_to_4h.weight,mlp.dense_h_to_4h,3,0.6418792009353638,3072,768,768,35.10822658904112,2.4703164100646973,201.98197690535542,741.4867187691827,940.6824418902397,1.224846929544583,1.4628511030073525,3.5932104300631846,5,2,1,6.709777657909359,5.340477024870986,3.5991089111359864
e1_phase_identification,EleutherAI/pythia-160m-deduped,step1000,1000,step512,gpt_neox.layers.4.attention.dense.weight,attention.dense,4,0.38759559392929077,768,768,768,6.889485800663949,0.6849352717399597,101.17531284423373,567.2257946425356,149.75805830096942,0.19499747174605395,0.02529623763421196,127.20296015196332,0,0,0,1.8238158574033259,1.4716121327475253,1.137649813957032
e1_phase_identification,EleutherAI/pythia-160m-deduped,step1000,1000,step512,gpt_neox.layers.4.attention.query_key_value.weight,attention.query_key_value,4,0.6811484098434448,2304,768,768,33.09218754957217,5.547365188598633,35.585857908897886,717.0264951408418,853.5063369274139,1.1113363762075703,1.1167766054420625,3.130122369373542,43,34,27,2.425011420920687,2.4716058046072873,2.256705672936176
e1_phase_identification,EleutherAI/pythia-160m-deduped,step1000,1000,step512,gpt_neox.layers.4.mlp.dense_4h_to_h.weight,mlp.dense_4h_to_h,4,0.5923865437507629,768,3072,768,10.980876213659545,1.2036124467849731,83.23397796987148,728.8840163288625,288.6685702800751,0.37587053421884775,0.12816800165229925,0.31481987427881264,56,39,23,3.150198740408127,3.014467652213628,2.542709856082272
e1_phase_identification,EleutherAI/pythia-160m-deduped,step1000,1000,step512,gpt_neox.layers.4.mlp.dense_h_to_4h.weight,mlp.dense_h_to_4h,4,0.5026415586471558,3072,768,768,35.40359327671765,3.395981788635254,108.68359125068332,740.0167467634162,946.3303530812263,1.2322009805745135,1.4705661362636206,3.612160915117826,10,5,2,5.039928615645644,4.598960576880702,3.4110320120632935
e1_phase_identification,EleutherAI/pythia-160m-deduped,step1000,1000,step512,gpt_neox.layers.5.attention.dense.weight,attention.dense,5,0.3411164879798889,768,768,768,6.051200427261286,0.6406595706939697,89.21306062067154,584.4781037359679,134.97676074579067,0.17575099055441493,0.022876775879874356,115.0366174105443,0,0,0,2.0727982211476186,1.7262244216481075,1.3002496121105058
e1_phase_identification,EleutherAI/pythia-160m-deduped,step1000,1000,step512,gpt_neox.layers.5.attention.query_key_value.weight,attention.query_key_value,5,0.6424331068992615,2304,768,768,32.213281744458264,3.902888059616089,68.12362530081916,720.8679390943158,837.5385518968105,1.090544989448972,1.0881569891248617,3.049906773164936,34,28,21,2.690913503660688,2.7065570805403967,2.401996638556005
e1_phase_identification,EleutherAI/pythia-160m-deduped,step1000,1000,step512,gpt_neox.layers.5.mlp.dense_4h_to_h.weight,mlp.dense_4h_to_h,5,0.6480229496955872,768,3072,768,11.103279205359712,1.0985748767852783,102.15113482949967,728.5915380286255,291.891807064414,0.3800674571151224,0.13099905208553553,0.321773801389936,59,41,26,3.2379608575358856,3.0460496035915394,2.536697010139112
e1_phase_identification,EleutherAI/pythia-160m-deduped,step1000,1000,step512,gpt_neox.layers.5.mlp.dense_h_to_4h.weight,mlp.dense_h_to_4h,5,0.46134915947914124,3072,768,768,35.529681396676914,3.368931770324707,111.22391944719647,740.0331352188263,949.7850642204285,1.2366993023703496,1.4814233751322945,3.6388296197210526,11,4,1,5.1307732406429745,4.648772554105905,3.4211364665866983
e1_phase_identification,EleutherAI/pythia-160m-deduped,step1000,1000,step512,gpt_neox.layers.6.attention.dense.weight,attention.dense,6,0.3304324746131897,768,768,768,5.473769114309424,0.5748917460441589,90.65688715621866,597.7050878423664,124.6090715729224,0.16225139527724272,0.0212157046611543,106.68386633744969,0,0,0,2.452125825867225,2.057887483655041,1.4685128246341856
e1_phase_identification,EleutherAI/pythia-160m-deduped,step1000,1000,step512,gpt_neox.layers.6.attention.query_key_value.weight,attention.query_key_value,6,0.701015830039978,2304,768,768,31.191217579529546,3.118203639984131,100.05889629025548,726.1048861111713,818.2183156907558,1.065388431889005,1.0640880521683584,2.9824459062310607,22,16,11,3.412015050761956,3.316946867689087,2.710735145930506
e1_phase_identification,EleutherAI/pythia-160m-deduped,step1000,1000,step512,gpt_neox.layers.6.mlp.dense_4h_to_h.weight,mlp.dense_4h_to_h,6,0.636950671672821,768,3072,768,11.246819322077938,1.1082286834716797,102.99132932654743,727.9703373005552,295.4094770103693,0.38464775652391836,0.13344547453479416,0.32778296434776893,61,43,28,3.2276729642307282,3.001374201002784,2.498706246642363
e1_phase_identification,EleutherAI/pythia-160m-deduped,step1000,1000,step512,gpt_neox.layers.6.mlp.dense_h_to_4h.weight,mlp.dense_h_to_4h,6,0.4603944420814514,3072,768,768,35.70776122016509,3.4859724044799805,104.9246077291414,739.96473862883,954.3640705943108,1.2426615502530087,1.492046219884493,3.66492258057132,11,3,1,4.971965843733777,4.574039503929929,3.3902896542813648
e1_phase_identification,EleutherAI/pythia-160m-deduped,step1000,1000,step512,gpt_neox.layers.7.attention.dense.weight,attention.dense,7,0.293740838766098,768,768,768,5.420163372929569,0.6553217172622681,68.4093766176796,598.4682949109235,123.35307810942322,0.16061598712164482,0.02087610661472561,104.97618642899047,0,0,0,2.426792832109192,2.0630503531128728,1.483444341543292
e1_phase_identification,EleutherAI/pythia-160m-deduped,step1000,1000,step512,gpt_neox.layers.7.attention.query_key_value.weight,attention.query_key_value,7,0.7251595258712769,2304,768,768,30.815116924523377,3.0022685527801514,105.34855071420151,727.5173718220473,810.2088399231434,1.0549594269832596,1.0526939316268908,2.9505102519449746,18,12,8,3.7276133949315997,3.546734907805545,2.799763661917721
e1_phase_identification,EleutherAI/pythia-160m-deduped,step1000,1000,step512,gpt_neox.layers.7.mlp.dense_4h_to_h.weight,mlp.dense_4h_to_h,7,0.6454452276229858,768,3072,768,11.29736767901907,1.0592163801193237,113.7588387664811,728.2774488754831,296.93649247288704,0.386636057907405,0.13489402233313053,0.3313410414799712,61,43,28,3.325529444832677,3.0758496832583537,2.5255459356189927
e1_phase_identification,EleutherAI/pythia-160m-deduped,step1000,1000,step512,gpt_neox.layers.7.mlp.dense_h_to_4h.weight,mlp.dense_h_to_4h,7,0.3876644968986511,3072,768,768,35.826724962968306,3.594085693359375,99.36589850946356,739.5994160198392,956.9879692196846,1.2460780849214643,1.49575185186319,3.6740247478721866,15,5,1,4.815421983637943,4.427307452925451,3.3304346826426534
e1_phase_identification,EleutherAI/pythia-160m-deduped,step1000,1000,step512,gpt_neox.layers.8.attention.dense.weight,attention.dense,8,0.2282232940196991,768,768,768,5.584940993595862,0.5781314373016357,93.32199328362135,595.3945887387473,126.68884728745616,0.16495943657220855,0.021515549686969226,108.19164687865224,0,0,0,2.3916782851934806,2.0003711104124133,1.4366717910145417
e1_phase_identification,EleutherAI/pythia-160m-deduped,step1000,1000,step512,gpt_neox.layers.8.attention.query_key_value.weight,attention.query_key_value,8,0.6921204328536987,2304,768,768,30.818687569318296,3.13679575920105,96.52855298302153,727.4187786128501,810.2891115546227,1.0550639473367482,1.05425806702835,2.9548942399198106,17,12,8,3.7741099783395957,3.595399222906371,2.827775786843188
e1_phase_identification,EleutherAI/pythia-160m-deduped,step1000,1000,step512,gpt_neox.layers.8.mlp.dense_4h_to_h.weight,mlp.dense_4h_to_h,8,0.7336410880088806,768,3072,768,11.375812673843374,1.0343666076660156,120.95278708191113,728.552179749795,299.18410228192806,0.38956263317959383,0.13742048425520048,0.33754680590184316,64,44,28,3.4850110002764443,3.148263928290032,2.539675221699247
e1_phase_identification,EleutherAI/pythia-160m-deduped,step1000,1000,step512,gpt_neox.layers.8.mlp.dense_h_to_4h.weight,mlp.dense_h_to_4h,8,0.4192793667316437,3072,768,768,35.93143698715884,3.6469552516937256,97.0707316549451,739.4163794321821,959.5279542207718,1.2493853570582967,1.4999328790179405,3.6842946313551614,14,6,1,4.744843948218243,4.391053106891016,3.3223831272533264
e1_phase_identification,EleutherAI/pythia-160m-deduped,step1000,1000,step512,gpt_neox.layers.9.attention.dense.weight,attention.dense,9,0.4200577139854431,768,768,768,5.5716760955319895,0.5965127944946289,87.2433223752612,596.02976806209,126.42758888754179,0.1646192563639867,0.02152958948829753,108.262246479855,0,0,0,2.37416305523691,2.0281648256307814,1.4551455571452434
e1_phase_identification,EleutherAI/pythia-160m-deduped,step1000,1000,step512,gpt_neox.layers.9.attention.query_key_value.weight,attention.query_key_value,9,0.6754223704338074,2304,768,768,30.84619103720049,3.348562717437744,84.85671453043746,727.8307713848928,811.3541130423546,1.0564506680238992,1.0556242777689206,2.9587234809510963,16,11,7,3.7913713490354546,3.60915985468999,2.8332353934253196
e1_phase_identification,EleutherAI/pythia-160m-deduped,step1000,1000,step512,gpt_neox.layers.9.mlp.dense_4h_to_h.weight,mlp.dense_4h_to_h,9,0.6827971935272217,768,3072,768,11.501304771260553,1.0597054958343506,117.79418466209138,728.290268009009,302.3965989649296,0.3937455715689187,0.13984918404482904,0.3435124365785709,66,47,28,3.5474223601188477,3.163561834937948,2.5246182749656136
e1_phase_identification,EleutherAI/pythia-160m-deduped,step1000,1000,step512,gpt_neox.layers.9.mlp.dense_h_to_4h.weight,mlp.dense_h_to_4h,9,0.4878466725349426,3072,768,768,36.031804555775786,3.6868648529052734,95.51192315982556,739.0936475893699,961.7604711651802,1.252292280162995,1.508057156551338,3.7042503457198825,17,8,1,4.667596278593309,4.338272500503557,3.3050854455067387
e1_phase_identification,EleutherAI/pythia-160m-deduped,step1000,1000,step512,gpt_neox.layers.10.attention.dense.weight,attention.dense,10,0.4785706400871277,768,768,768,5.537526173692579,0.5983611345291138,85.64555539670215,596.9921364541044,125.82076382549712,0.16382911956444937,0.021577231990935752,108.50181836608813,0,0,0,2.4140054381268947,2.0400645607764787,1.4639370734178312
e1_phase_identification,EleutherAI/pythia-160m-deduped,step1000,1000,step512,gpt_neox.layers.10.attention.query_key_value.weight,attention.query_key_value,10,0.7474510669708252,2304,768,768,30.830040354383833,4.0080180168151855,59.1682679418709,727.7276879108143,810.2897657454014,1.055064799147658,1.0564234691760959,2.960963469583398,16,10,6,3.571420259244212,3.511068629110685,2.8186619994542133
e1_phase_identification,EleutherAI/pythia-160m-deduped,step1000,1000,step512,gpt_neox.layers.10.mlp.dense_4h_to_h.weight,mlp.dense_4h_to_h,10,0.6654888987541199,768,3072,768,11.592094424939162,1.1505768299102783,101.50620053943604,727.7025787202965,304.47640961408615,0.3964536583516747,0.14144951150428797,0.3474433310537658,67,48,29,3.431227187330826,3.0939875557484493,2.504000344189655
e1_phase_identification,EleutherAI/pythia-160m-deduped,step1000,1000,step512,gpt_neox.layers.10.mlp.dense_h_to_4h.weight,mlp.dense_h_to_4h,10,0.4846210479736328,3072,768,768,35.983454715034945,3.5638327598571777,101.94620944478994,739.2284474095977,960.6885868310928,1.2508965974363189,1.5071026756731172,3.701905848292996,18,7,2,4.762257642312301,4.371357993796073,3.308689671781114
e1_phase_identification,EleutherAI/pythia-160m-deduped,step1000,1000,step512,gpt_neox.layers.11.attention.dense.weight,attention.dense,11,0.6736461520195007,768,768,768,5.788866490354313,0.8334671258926392,48.24031303879466,583.0964003653769,127.98759032000089,0.16665050822916783,0.020945670003993055,105.32598821220328,0,0,0,1.8244701731155404,1.6787985099458822,1.3428321311817772
e1_phase_identification,EleutherAI/pythia-160m-deduped,step1000,1000,step512,gpt_neox.layers.11.attention.query_key_value.weight,attention.query_key_value,11,0.6935770511627197,2304,768,768,31.091806312265273,5.073485851287842,37.55597143200764,725.4521151244509,812.9799407720566,1.0585676312136154,1.054900051784081,2.956693606807439,19,11,7,3.0405659798247977,3.1310104400747623,2.6761045323917902
e1_phase_identification,EleutherAI/pythia-160m-deduped,step1000,1000,step512,gpt_neox.layers.11.mlp.dense_4h_to_h.weight,mlp.dense_4h_to_h,11,0.7192422747612,768,3072,768,11.605356565677381,1.2130235433578491,91.53317280711974,724.9560947604095,303.40908709168434,0.39506391548396397,0.13862434096920007,0.3405038467737077,72,54,33,2.9872010835379372,2.7849876437892007,2.3545108850104475
e1_phase_identification,EleutherAI/pythia-160m-deduped,step1000,1000,step512,gpt_neox.layers.11.mlp.dense_h_to_4h.weight,mlp.dense_h_to_4h,11,0.44933438301086426,3072,768,768,35.8238253442681,3.258657217025757,120.85553916062287,739.4739884608603,956.910643517971,1.2459774004140247,1.4969654732398396,3.677005773746768,16,7,3,5.0714372588205086,4.5169033857744605,3.3500885085956873
e1_phase_identification,EleutherAI/pythia-160m-deduped,step2000,2000,step1000,gpt_neox.layers.0.attention.dense.weight,attention.dense,0,0.8145104050636292,768,768,768,8.055659222385003,1.411618709564209,32.566220594420855,545.1463280472417,166.91222513122193,0.2173336264729452,0.029108607175772905,146.37358536082328,0,0,0,1.4693626973411242,1.3442742256251374,1.0927119827645917
e1_phase_identification,EleutherAI/pythia-160m-deduped,step2000,2000,step1000,gpt_neox.layers.0.attention.query_key_value.weight,attention.query_key_value,0,0.5414912104606628,2304,768,768,31.041504375399438,5.913410663604736,27.555572641559078,716.9026457494549,799.5019282996655,1.041018135806856,0.9819658145865464,2.7522721618803834,43,30,19,2.4984909390225623,2.5558103139064894,2.291685756495637
e1_phase_identification,EleutherAI/pythia-160m-deduped,step2000,2000,step1000,gpt_neox.layers.0.mlp.dense_4h_to_h.weight,mlp.dense_4h_to_h,0,0.543570876121521,768,3072,768,16.793996130441407,1.5054494142532349,124.44451615569037,720.9358279192662,438.1346797198057,0.5704878642184971,0.29726072543852844,0.7301634027537118,80,57,33,4.296554344474352,3.5712498646335673,2.524719718755973
e1_phase_identification,EleutherAI/pythia-160m-deduped,step2000,2000,step1000,gpt_neox.layers.0.mlp.dense_h_to_4h.weight,mlp.dense_h_to_4h,0,0.8094117045402527,3072,768,768,35.44691353117995,4.8951735496521,52.43492662305515,747.264096605989,954.8303276896477,1.2432686558458954,1.5488339679726622,3.804410685895724,1,1,1,3.331879280896196,3.9453970120974526,3.802753206603383
e1_phase_identification,EleutherAI/pythia-160m-deduped,step2000,2000,step1000,gpt_neox.layers.1.attention.dense.weight,attention.dense,1,0.7392082810401917,768,768,768,7.978975844329699,1.293850064277649,38.030006277683476,549.0144585425492,167.1697025573667,0.21766888353823788,0.02948808856358298,148.28181995879103,0,0,0,1.5568501783536657,1.394058764307288,1.105482183810718
e1_phase_identification,EleutherAI/pythia-160m-deduped,step2000,2000,step1000,gpt_neox.layers.1.attention.query_key_value.weight,attention.query_key_value,1,0.7115283012390137,2304,768,768,32.17800747795818,7.115680694580078,20.44962712041522,715.0393516212639,824.440877020359,1.073490725286926,1.0340563726180818,2.8982725527670796,47,33,20,2.4141803347671638,2.4802545932252005,2.236940414252922
e1_phase_identification,EleutherAI/pythia-160m-deduped,step2000,2000,step1000,gpt_neox.layers.1.mlp.dense_4h_to_h.weight,mlp.dense_4h_to_h,1,0.6199378967285156,768,3072,768,14.530014552868684,1.3547427654266357,115.03193295864274,724.1503632954959,380.2407282143831,0.49510511486247805,0.22048597513979695,0.5415810973011849,78,56,30,3.916174305798936,3.341867658429935,2.4826122456303885
e1_phase_identification,EleutherAI/pythia-160m-deduped,step2000,2000,step1000,gpt_neox.layers.1.mlp.dense_h_to_4h.weight,mlp.dense_h_to_4h,1,0.3276423215866089,3072,768,768,37.03745123592333,4.910451889038086,56.89043633717519,735.9929364353504,983.3114966154099,1.2803535112179816,1.5621475732888044,3.837112978962571,19,8,5,3.645060878256301,3.6722404963421558,3.025178132243995
e1_phase_identification,EleutherAI/pythia-160m-deduped,step2000,2000,step1000,gpt_neox.layers.2.attention.dense.weight,attention.dense,2,0.7400631904602051,768,768,768,9.557284292806928,1.142755150794983,69.94595991299954,559.4646602307097,205.69432232080726,0.2678311488552178,0.04606345329913675,231.63158487044512,0,0,0,1.9365290695962996,1.5867259036444645,1.1469243328356056
e1_phase_identification,EleutherAI/pythia-160m-deduped,step2000,2000,step1000,gpt_neox.layers.2.attention.query_key_value.weight,attention.query_key_value,2,0.6882952451705933,2304,768,768,33.18547037878154,7.413357257843018,20.038540936417927,713.6741681400181,848.145953476429,1.104356710255767,1.0943997203809275,3.067404017157493,46,32,21,2.3357615318009417,2.419473398047213,2.204192108901611
e1_phase_identification,EleutherAI/pythia-160m-deduped,step2000,2000,step1000,gpt_neox.layers.2.mlp.dense_4h_to_h.weight,mlp.dense_4h_to_h,2,0.7300608158111572,768,3072,768,15.640444404383855,1.5068503618240356,107.73527492479444,718.2423744300622,405.42530831694603,0.5278975368710235,0.2423768335587262,0.5953517514930062,89,69,47,2.9542178156139323,2.6971409490424407,2.205388650929739
e1_phase_identification,EleutherAI/pythia-160m-deduped,step2000,2000,step1000,gpt_neox.layers.2.mlp.dense_h_to_4h.weight,mlp.dense_h_to_4h,2,0.4461788535118103,3072,768,768,37.551966495625265,5.5070600509643555,46.49708694987561,732.6954915316522,991.168401658535,1.2905838563262175,1.5548360078576167,3.8191535344822523,32,18,13,3.0786284291996653,3.1489591064900484,2.7611264203970323
e1_phase_identification,EleutherAI/pythia-160m-deduped,step2000,2000,step1000,gpt_neox.layers.3.attention.dense.weight,attention.dense,3,0.6461552977561951,768,768,768,9.698017204632777,1.3458213806152344,51.92673944135771,534.2113837892135,200.33458153512402,0.26085231970719275,0.03673947518353704,184.7456552770123,0,0,0,1.650752268148205,1.2970806557158274,0.9754954139728748
e1_phase_identification,EleutherAI/pythia-160m-deduped,step2000,2000,step1000,gpt_neox.layers.3.attention.query_key_value.weight,attention.query_key_value,3,0.6872702836990356,2304,768,768,32.16428348109992,7.479852199554443,18.4910566667151,712.8714761606437,820.2707598805428,1.0680608852611233,1.022646415696336,2.866292511977984,47,35,23,2.3028734110060225,2.380232723261832,2.181017383474957
e1_phase_identification,EleutherAI/pythia-160m-deduped,step2000,2000,step1000,gpt_neox.layers.3.mlp.dense_4h_to_h.weight,mlp.dense_4h_to_h,3,0.5776153802871704,768,3072,768,16.262815846466797,1.671154260635376,94.7018378813369,720.4700122337305,422.80723659694195,0.5505302559856015,0.2674966759663864,0.6570537795088367,81,62,39,3.003187085426819,2.777760337543901,2.2833241738516477
e1_phase_identification,EleutherAI/pythia-160m-deduped,step2000,2000,step1000,gpt_neox.layers.3.mlp.dense_h_to_4h.weight,mlp.dense_h_to_4h,3,0.6036031246185303,3072,768,768,37.46494013999268,4.95480489730835,57.17378836118495,732.1019429677946,988.8318204283714,1.287541432849442,1.5356195935179997,3.7719521342224613,42,29,17,3.2127358251756273,3.161179858506031,2.7122937145928177
e1_phase_identification,EleutherAI/pythia-160m-deduped,step2000,2000,step1000,gpt_neox.layers.4.attention.dense.weight,attention.dense,4,0.46630197763442993,768,768,768,11.425510479801618,1.2631421089172363,81.81761195134993,559.6819664216921,248.01433107570483,0.3229353269214907,0.0635020151067156,319.3219645542975,0,0,0,2.818150162175421,1.8709593756279714,1.1222759928427575
e1_phase_identification,EleutherAI/pythia-160m-deduped,step2000,2000,step1000,gpt_neox.layers.4.attention.query_key_value.weight,attention.query_key_value,4,0.7045969367027283,2304,768,768,35.283469348504504,7.048970699310303,25.054812267260186,703.9301082398938,890.853228032589,1.1599651406674336,1.140909603912128,3.1977627891164935,74,62,50,2.1541563122607097,2.1117793904421673,1.9064292652458106
e1_phase_identification,EleutherAI/pythia-160m-deduped,step2000,2000,step1000,gpt_neox.layers.4.mlp.dense_4h_to_h.weight,mlp.dense_4h_to_h,4,0.763211190700531,768,3072,768,18.436456531105893,2.1801390647888184,71.51324971582663,714.4994129534438,474.529095813632,0.6178764268406667,0.32560960482936174,0.799796934764135,94,75,54,2.544232571429456,2.4020338495810067,2.0610321861169068
e1_phase_identification,EleutherAI/pythia-160m-deduped,step2000,2000,step1000,gpt_neox.layers.4.mlp.dense_h_to_4h.weight,mlp.dense_h_to_4h,4,0.7658790349960327,3072,768,768,38.1765708480452,5.861177444458008,42.42521898233521,730.0646692416096,1003.6089615225792,1.306782501982525,1.575094630872293,3.868914918511976,47,32,19,2.9584471725741346,2.960595077689013,2.602634452987188
e1_phase_identification,EleutherAI/pythia-160m-deduped,step2000,2000,step1000,gpt_neox.layers.5.attention.dense.weight,attention.dense,5,0.48509395122528076,768,768,768,11.515145855775723,1.4108028411865234,66.6202465128364,548.7240272777514,245.29302812801325,0.3193919637083506,0.058953140422063344,296.44779909083246,0,0,0,2.162912559008646,1.5327400107923235,1.0389953610568
e1_phase_identification,EleutherAI/pythia-160m-deduped,step2000,2000,step1000,gpt_neox.layers.5.attention.query_key_value.weight,attention.query_key_value,5,0.7150047421455383,2304,768,768,34.284308445911485,5.086540699005127,45.43031413159837,705.8060339888427,870.7468609511852,1.1337849751968558,1.0882698918763936,3.0502232191098204,71,58,46,2.190273519759508,2.1316938567104877,1.9182461818127514
e1_phase_identification,EleutherAI/pythia-160m-deduped,step2000,2000,step1000,gpt_neox.layers.5.mlp.dense_4h_to_h.weight,mlp.dense_4h_to_h,5,0.7293843030929565,768,3072,768,19.225745451976564,2.077974319458008,85.6024163334707,715.1241552191143,495.9947901070118,0.6458265496185049,0.3578491599353839,0.8789871581774427,98,79,56,2.770791603974408,2.5145400060442284,2.089858018106394
e1_phase_identification,EleutherAI/pythia-160m-deduped,step2000,2000,step1000,gpt_neox.layers.5.mlp.dense_h_to_4h.weight,mlp.dense_h_to_4h,5,0.7295280694961548,3072,768,768,39.102123453261676,6.294500350952148,38.590300542400854,728.7807245515867,1025.9313706755638,1.3358481389004737,1.6303599024199755,4.004663355066567,53,35,21,2.958753151052102,2.9426978105367216,2.555691597699183
e1_phase_identification,EleutherAI/pythia-160m-deduped,step2000,2000,step1000,gpt_neox.layers.6.attention.dense.weight,attention.dense,6,0.4222813546657562,768,768,768,9.253060314244275,1.1441216468811035,65.40732395021071,565.0748579249927,201.22556437930325,0.2620124536188844,0.044338324662707596,222.95671897260408,0,0,0,2.1957298363613464,1.6881595913166851,1.1651889981546542
e1_phase_identification,EleutherAI/pythia-160m-deduped,step2000,2000,step1000,gpt_neox.layers.6.attention.query_key_value.weight,attention.query_key_value,6,0.7261000275611877,2304,768,768,33.05208828178088,4.68356466293335,49.801768698753186,711.6496563587883,846.7822705209255,1.102581081407455,1.0612124565964578,2.9743861331475125,60,47,34,2.3299000094207774,2.3009465861658542,2.0748623222213953
e1_phase_identification,EleutherAI/pythia-160m-deduped,step2000,2000,step1000,gpt_neox.layers.6.mlp.dense_4h_to_h.weight,mlp.dense_4h_to_h,6,0.7211280465126038,768,3072,768,19.472386065069735,2.221409320831299,76.83890428594378,716.7398981082551,503.108613550663,0.6550893405607591,0.37046348711874977,0.9099718099375008,89,68,48,2.662757400107714,2.5153889362303303,2.1410254778173017
e1_phase_identification,EleutherAI/pythia-160m-deduped,step2000,2000,step1000,gpt_neox.layers.6.mlp.dense_h_to_4h.weight,mlp.dense_h_to_4h,6,0.779208779335022,3072,768,768,39.66129162608523,6.541993141174316,36.754755501983176,727.9989920958315,1038.9737858176231,1.3528304502833635,1.6651178513623393,4.090039525211668,54,39,23,2.8377581540099217,2.8289265174476284,2.498540690251854
e1_phase_identification,EleutherAI/pythia-160m-deduped,step2000,2000,step1000,gpt_neox.layers.7.attention.dense.weight,attention.dense,7,0.35554397106170654,768,768,768,8.968115710801738,1.3309684991836548,45.401149877740465,576.8634059447901,198.18438136910845,0.2580525799076933,0.04714043421945591,237.04721873160491,0,0,0,2.2818814259638645,1.8556639290016665,1.2815094459365788
e1_phase_identification,EleutherAI/pythia-160m-deduped,step2000,2000,step1000,gpt_neox.layers.7.attention.query_key_value.weight,attention.query_key_value,7,0.682046115398407,2304,768,768,32.56053738033312,4.815591812133789,45.717638901594476,712.9406940436228,835.1964871585369,1.0874954259876783,1.0431661076500234,2.923805488596497,54,41,32,2.2911580011121746,2.2990800036702974,2.104344291349142
e1_phase_identification,EleutherAI/pythia-160m-deduped,step2000,2000,step1000,gpt_neox.layers.7.mlp.dense_4h_to_h.weight,mlp.dense_4h_to_h,7,0.7492444515228271,768,3072,768,19.85334958829227,2.13055419921875,86.83252028741825,718.3466659553397,514.4108924865723,0.6698058495918909,0.39126902215808634,0.9610765774375555,85,65,45,2.805385650854856,2.620838939596703,2.205302773982512
e1_phase_identification,EleutherAI/pythia-160m-deduped,step2000,2000,step1000,gpt_neox.layers.7.mlp.dense_h_to_4h.weight,mlp.dense_h_to_4h,7,0.7691587805747986,3072,768,768,40.099890738220175,6.803386688232422,34.74050016110782,726.016102815041,1047.0154375433922,1.3633013509679586,1.669457510224177,4.10069905676154,62,44,30,2.711132898360013,2.69929985557307,2.399535087615733
e1_phase_identification,EleutherAI/pythia-160m-deduped,step2000,2000,step1000,gpt_neox.layers.8.attention.dense.weight,attention.dense,8,0.28736409544944763,768,768,768,10.131652977626626,1.0541869401931763,92.36881011776876,564.3922542031843,220.29404854838504,0.28684120904737637,0.053023561246869466,266.63071583731346,0,0,0,2.175160196179374,1.6562228015678384,1.1514794841476808
e1_phase_identification,EleutherAI/pythia-160m-deduped,step2000,2000,step1000,gpt_neox.layers.8.attention.query_key_value.weight,attention.query_key_value,8,0.650657594203949,2304,768,768,32.95369448939104,4.897205352783203,45.28053934037835,712.2445017002844,844.7116938829422,1.0998850180767477,1.0679540236757887,2.993281523520857,53,41,31,2.3325347038450053,2.3241040094519616,2.105084864061782
e1_phase_identification,EleutherAI/pythia-160m-deduped,step2000,2000,step1000,gpt_neox.layers.8.mlp.dense_4h_to_h.weight,mlp.dense_4h_to_h,8,0.6955035924911499,768,3072,768,20.40653935494396,1.9544602632522583,109.01469197538302,718.9775150261705,529.7090845704079,0.6897253705343852,0.41643109219310226,1.022882329441931,87,66,45,3.063885503685125,2.7803850961019436,2.2445313953256214
e1_phase_identification,EleutherAI/pythia-160m-deduped,step2000,2000,step1000,gpt_neox.layers.8.mlp.dense_h_to_4h.weight,mlp.dense_h_to_4h,8,0.8053258657455444,3072,768,768,40.47155620465398,7.088875770568848,32.594556566575214,725.9752746668199,1056.1408674120903,1.3751834211094927,1.7041200293040362,4.185840821930915,57,42,27,2.6695161378219225,2.689582215676065,2.4078493978973423
e1_phase_identification,EleutherAI/pythia-160m-deduped,step2000,2000,step1000,gpt_neox.layers.9.attention.dense.weight,attention.dense,9,0.27226775884628296,768,768,768,10.41208606093575,1.0724399089813232,94.2604619834658,557.1659298326248,223.11521288959193,0.29051460011665614,0.052476773912451424,263.88117780255413,0,0,0,1.8076317720250903,1.4823115747329507,1.107999874479489
e1_phase_identification,EleutherAI/pythia-160m-deduped,step2000,2000,step1000,gpt_neox.layers.9.attention.query_key_value.weight,attention.query_key_value,9,0.6552622318267822,2304,768,768,32.77721124929601,5.221373558044434,39.40709939872991,713.273121525833,841.2103091180325,1.0953259233307715,1.0640082005193818,2.9822220965349446,52,41,27,2.392113627256532,2.3890663512943973,2.14363586721589
e1_phase_identification,EleutherAI/pythia-160m-deduped,step2000,2000,step1000,gpt_neox.layers.9.mlp.dense_4h_to_h.weight,mlp.dense_4h_to_h,9,0.7001679539680481,768,3072,768,21.038756563965823,1.9300130605697632,118.82823355119055,720.4204829244794,547.5741990208626,0.7129872383084148,0.44910842321765365,1.1031478646168087,85,64,42,3.364890384487586,2.973108162250053,2.325910745629028
e1_phase_identification,EleutherAI/pythia-160m-deduped,step2000,2000,step1000,gpt_neox.layers.9.mlp.dense_h_to_4h.weight,mlp.dense_h_to_4h,9,0.7671058177947998,3072,768,768,40.82300713977546,7.177907466888428,32.34553025425421,724.5697824568679,1063.171611726284,1.3843380361019324,1.719827729249758,4.224423744800672,62,45,31,2.6389465145927793,2.632834863203248,2.351072301382096
e1_phase_identification,EleutherAI/pythia-160m-deduped,step2000,2000,step1000,gpt_neox.layers.10.attention.dense.weight,attention.dense,10,0.5116094946861267,768,768,768,9.376899151334058,1.150909662246704,66.37981201166286,571.1691838918323,205.64140714230598,0.26776224888321093,0.04913897373301268,247.09694018746544,0,0,0,2.232333793916848,1.7795555327851333,1.2346728242834655
e1_phase_identification,EleutherAI/pythia-160m-deduped,step2000,2000,step1000,gpt_neox.layers.10.attention.query_key_value.weight,attention.query_key_value,10,0.6428803205490112,2304,768,768,32.36254622628353,5.951992988586426,29.563819746976986,713.7234960277247,829.6105665564537,1.0802220918703824,1.035919381770448,2.9034942296841573,50,37,25,2.3165685090646493,2.3576632440549,2.158106206698939
e1_phase_identification,EleutherAI/pythia-160m-deduped,step2000,2000,step1000,gpt_neox.layers.10.mlp.dense_4h_to_h.weight,mlp.dense_4h_to_h,10,0.6242414712905884,768,3072,768,21.372590472366152,2.1003992557525635,103.5405855922909,719.5661892002493,555.6870915591717,0.7235509004676715,0.4626396273450073,1.136384647021912,88,65,41,3.3900040151088704,3.0126246232507974,2.3338738237727323
e1_phase_identification,EleutherAI/pythia-160m-deduped,step2000,2000,step1000,gpt_neox.layers.10.mlp.dense_h_to_4h.weight,mlp.dense_h_to_4h,10,0.71709144115448,3072,768,768,40.65994637957385,7.146731853485107,32.3682058904338,723.9793481895131,1057.946294248104,1.3775342373022188,1.6897120795427583,4.150450483671869,67,50,34,2.6002862376152613,2.5779263190645576,2.310207834121889
e1_phase_identification,EleutherAI/pythia-160m-deduped,step2000,2000,step1000,gpt_neox.layers.11.attention.dense.weight,attention.dense,11,0.7465996146202087,768,768,768,9.443984624769364,1.1354329586029053,69.18111379390217,549.0278646541061,199.9865816880192,0.260399194906275,0.04004091948914379,201.34707618879463,0,0,0,1.848736189731558,1.464479269254879,1.0632060810967605
e1_phase_identification,EleutherAI/pythia-160m-deduped,step2000,2000,step1000,gpt_neox.layers.11.attention.query_key_value.weight,attention.query_key_value,11,0.766359806060791,2304,768,768,32.44703215041873,7.046351432800293,21.204173985949144,710.9942586827965,825.6612484157085,1.0750797505412872,1.0235774029818643,2.868901900564595,49,37,27,2.1618155677839765,2.2390210878677035,2.094641867270758
e1_phase_identification,EleutherAI/pythia-160m-deduped,step2000,2000,step1000,gpt_neox.layers.11.mlp.dense_4h_to_h.weight,mlp.dense_4h_to_h,11,0.6831473708152771,768,3072,768,19.565069793075264,2.414682388305664,65.65121588824131,710.3428682319966,501.34999215602875,0.6527994689531624,0.361747213123488,0.8885619709137778,105,84,59,2.692551984928326,2.4992348418504426,2.045910469147244
e1_phase_identification,EleutherAI/pythia-160m-deduped,step2000,2000,step1000,gpt_neox.layers.11.mlp.dense_h_to_4h.weight,mlp.dense_h_to_4h,11,0.7792147397994995,3072,768,768,39.3741750979265,6.243408203125,39.772187231062425,725.4326343755747,1027.7691180109978,1.33824103907682,1.601158643167544,3.932936117003098,65,49,32,2.710487747581658,2.6527962681390114,2.3550110940917848
e1_phase_identification,EleutherAI/pythia-160m-deduped,step3000,3000,step2000,gpt_neox.layers.0.attention.dense.weight,attention.dense,0,0.9491398930549622,768,768,768,10.667191736999552,1.7657606601715088,36.49526563577138,543.6372824301453,221.2292426971253,0.2880589097618819,0.05017945297601101,252.3290241676958,0,0,0,1.4987976619687737,1.3465099199942874,1.0812501330178446
e1_phase_identification,EleutherAI/pythia-160m-deduped,step3000,3000,step2000,gpt_neox.layers.0.attention.query_key_value.weight,attention.query_key_value,0,0.84228515625,2304,768,768,32.143339326395484,6.922001838684082,21.56346585190401,705.7772008427279,812.1395743191242,1.0574734040613596,0.9594226800803742,2.689087842608549,69,55,38,2.179158951091614,2.1800517726085338,1.9714758047117678
e1_phase_identification,EleutherAI/pythia-160m-deduped,step3000,3000,step2000,gpt_neox.layers.0.mlp.dense_4h_to_h.weight,mlp.dense_4h_to_h,0,0.7433530688285828,768,3072,768,21.5667976481179,1.9026942253112793,128.47934886164975,722.5009981606372,564.4550762325525,0.7349675471778028,0.5191089746940811,1.2750906625941156,56,32,7,4.857871228585098,4.11513842188396,2.8778368934092766
e1_phase_identification,EleutherAI/pythia-160m-deduped,step3000,3000,step2000,gpt_neox.layers.0.mlp.dense_h_to_4h.weight,mlp.dense_h_to_4h,0,0.7508265972137451,3072,768,768,36.31740215309523,4.836317539215088,56.38971957379862,751.0216933654908,983.2110565304756,1.28022272985739,1.6680130044183343,4.097150908001102,1,1,1,3.292259491427622,4.031842226927775,4.1696319793245324
e1_phase_identification,EleutherAI/pythia-160m-deduped,step3000,3000,step2000,gpt_neox.layers.1.attention.dense.weight,attention.dense,1,0.9105561971664429,768,768,768,10.690280103898608,1.596001148223877,44.86542337285669,546.2035760212234,224.45620488576242,0.29226068344500317,0.052171649475527104,262.34684956952935,0,0,0,1.6713232887554024,1.4269913914693035,1.088206892072175
e1_phase_identification,EleutherAI/pythia-160m-deduped,step3000,3000,step2000,gpt_neox.layers.1.attention.query_key_value.weight,attention.query_key_value,1,0.9015536308288574,2304,768,768,33.47538392366861,7.657796859741211,19.10924154645447,706.4503761381632,846.661950647831,1.1024244149060298,1.046169011547967,2.9322220838387576,73,54,36,2.316195993911413,2.281245886572552,1.9984476359925958
e1_phase_identification,EleutherAI/pythia-160m-deduped,step3000,3000,step2000,gpt_neox.layers.1.mlp.dense_4h_to_h.weight,mlp.dense_4h_to_h,1,0.849533200263977,768,3072,768,18.170471684563214,1.729756474494934,110.34749350129806,723.5255200674243,475.1301883459091,0.6186590994087359,0.34269880889583604,0.8417732549561875,80,58,32,3.8928723731398405,3.3111628067617125,2.4577225749567333
e1_phase_identification,EleutherAI/pythia-160m-deduped,step3000,3000,step2000,gpt_neox.layers.1.mlp.dense_h_to_4h.weight,mlp.dense_h_to_4h,1,0.8718352913856506,3072,768,768,39.75497382102122,6.485856056213379,37.570617386259,724.6185799748921,1036.3789465427399,1.3494517533108592,1.6438425452891536,4.037780856145625,60,36,17,2.715775633545535,2.7769768554534164,2.4267196530420967
e1_phase_identification,EleutherAI/pythia-160m-deduped,step3000,3000,step2000,gpt_neox.layers.2.attention.dense.weight,attention.dense,2,0.932402491569519,768,768,768,12.678019334747903,1.4525153636932373,76.1835752565358,562.8490469556684,274.94104346170207,0.3579961503407579,0.08348339951780481,419.7990110533913,0,0,0,2.1126330724974975,1.690643110664945,1.1770830565090493
e1_phase_identification,EleutherAI/pythia-160m-deduped,step3000,3000,step2000,gpt_neox.layers.2.attention.query_key_value.weight,attention.query_key_value,2,0.9131546020507812,2304,768,768,35.17459500087232,8.044356346130371,19.119459475315804,706.7564148262567,889.9404966533184,1.158776688350675,1.160705051604431,3.2532458403655076,67,48,33,2.274321139107068,2.2880309547344173,2.03290358104499
e1_phase_identification,EleutherAI/pythia-160m-deduped,step3000,3000,step2000,gpt_neox.layers.2.mlp.dense_4h_to_h.weight,mlp.dense_4h_to_h,2,0.8481242656707764,768,3072,768,21.035514868462123,1.9761375188827515,113.3109720493123,717.8814924971095,544.9322412312031,0.709547189103129,0.4378029193262627,1.0753780837989575,88,69,47,2.8612403354782545,2.635687373913772,2.186677232024821
e1_phase_identification,EleutherAI/pythia-160m-deduped,step3000,3000,step2000,gpt_neox.layers.2.mlp.dense_h_to_4h.weight,mlp.dense_h_to_4h,2,0.8742105960845947,3072,768,768,40.18485594739233,6.905802249908447,33.860748622138374,722.8414822382148,1043.7767142057419,1.3590842632887263,1.648784190311403,4.049919050114316,62,44,27,2.538904703385082,2.5740073861651456,2.31066173792613
e1_phase_identification,EleutherAI/pythia-160m-deduped,step3000,3000,step2000,gpt_neox.layers.3.attention.dense.weight,attention.dense,3,0.9481076002120972,768,768,768,12.625094427521566,1.7254705429077148,53.53701723174268,531.9967809723008,261.35019820713205,0.34029973724886986,0.06093261100038849,306.4016317808028,0,0,0,1.8498903265921247,1.3908266070999873,0.9739934096224889
e1_phase_identification,EleutherAI/pythia-160m-deduped,step3000,3000,step2000,gpt_neox.layers.3.attention.query_key_value.weight,attention.query_key_value,3,0.924734354019165,2304,768,768,33.41796484660267,8.109322547912598,16.982078577513782,703.2526408130905,839.4320308864117,1.0930104568833485,1.0204380529107908,2.8601028714347976,71,56,39,2.1432684360847234,2.1497874648609554,1.9468811259157057
e1_phase_identification,EleutherAI/pythia-160m-deduped,step3000,3000,step2000,gpt_neox.layers.3.mlp.dense_4h_to_h.weight,mlp.dense_4h_to_h,3,0.9009802341461182,768,3072,768,22.02370142899774,2.232074737548828,97.35609755162552,720.223189928551,572.2030892670155,0.7450561058164263,0.48925584872051786,1.2017622401745864,77,59,39,2.833635447024556,2.6817528282851386,2.2653056636548397
e1_phase_identification,EleutherAI/pythia-160m-deduped,step3000,3000,step2000,gpt_neox.layers.3.mlp.dense_h_to_4h.weight,mlp.dense_h_to_4h,3,0.9563028812408447,3072,768,768,39.87287149658616,6.195679187774658,41.41686117866823,722.6906028575947,1036.817278265953,1.3500224977421265,1.6108756724261468,3.956804117518982,72,54,36,2.6577548860904407,2.593421147637766,2.2823483870269583
e1_phase_identification,EleutherAI/pythia-160m-deduped,step3000,3000,step2000,gpt_neox.layers.4.attention.dense.weight,attention.dense,4,0.8682650327682495,768,768,768,14.491105081345712,1.560953140258789,86.18333185281925,565.5953971600536,317.6568599343882,0.41361570303956796,0.11116186811678297,558.981097700992,0,0,0,2.7899161870484344,2.114234977618964,1.2149886805854306
e1_phase_identification,EleutherAI/pythia-160m-deduped,step3000,3000,step2000,gpt_neox.layers.4.attention.query_key_value.weight,attention.query_key_value,4,0.945536732673645,2304,768,768,36.60029937124057,7.394786834716797,24.497285108914173,695.1656572701728,913.3021727800369,1.1891955374740064,1.1467148943559238,3.2140339658140418,97,82,67,2.1571027019582916,2.0210755507924913,1.7554431986737904
e1_phase_identification,EleutherAI/pythia-160m-deduped,step3000,3000,step2000,gpt_neox.layers.4.mlp.dense_4h_to_h.weight,mlp.dense_4h_to_h,4,0.8938335180282593,768,3072,768,24.284945072123293,2.8400533199310303,73.11748819552444,715.0949963036906,625.6440184861422,0.8146406490704976,0.5688743702842505,1.3973297189978746,90,72,52,2.5151872737991003,2.3803883597635838,2.0672239685393206
e1_phase_identification,EleutherAI/pythia-160m-deduped,step3000,3000,step2000,gpt_neox.layers.4.mlp.dense_h_to_4h.weight,mlp.dense_h_to_4h,4,0.9536800384521484,3072,768,768,40.18614061014208,6.727333068847656,35.6834419533217,723.3903828949634,1045.575531899929,1.3614264738280326,1.6507132450663065,4.05465739952748,67,50,33,2.6786455789347516,2.6437634174275804,2.3250747423038294
e1_phase_identification,EleutherAI/pythia-160m-deduped,step3000,3000,step2000,gpt_neox.layers.5.attention.dense.weight,attention.dense,5,0.80778968334198,768,768,768,15.409958557915083,1.7130392789840698,80.922315132178,557.7623316159757,333.4059624286019,0.4341223469122421,0.11551419460732237,580.866914127529,0,0,0,2.5002250789404066,1.7335328798806755,1.1103022209586833
e1_phase_identification,EleutherAI/pythia-160m-deduped,step3000,3000,step2000,gpt_neox.layers.5.attention.query_key_value.weight,attention.query_key_value,5,0.837663471698761,2304,768,768,35.918276161685924,5.658565998077393,40.29194192421774,696.1685517671501,900.352984637022,1.1723346154127892,1.1153574114883327,3.126144626000873,93,79,62,2.1927916738024718,2.0537133072669462,1.761857454124732
e1_phase_identification,EleutherAI/pythia-160m-deduped,step3000,3000,step2000,gpt_neox.layers.5.mlp.dense_4h_to_h.weight,mlp.dense_4h_to_h,5,0.8626179099082947,768,3072,768,25.791952382355337,2.671504259109497,93.20875236966621,715.5552391018958,666.0476357638836,0.8672495257342234,0.6479684554030918,1.5916090212597793,96,77,57,2.7925054398327243,2.516541759631295,2.1024154023034836
e1_phase_identification,EleutherAI/pythia-160m-deduped,step3000,3000,step2000,gpt_neox.layers.5.mlp.dense_h_to_4h.weight,mlp.dense_h_to_4h,5,0.9285740256309509,3072,768,768,41.21513508796835,7.076581001281738,33.92083161292679,721.2751375663524,1069.3821405172348,1.3924246621318161,1.7197128780004007,4.2241416349494045,74,55,35,2.6943022575343485,2.628518664840834,2.284195102532866
e1_phase_identification,EleutherAI/pythia-160m-deduped,step3000,3000,step2000,gpt_neox.layers.6.attention.dense.weight,attention.dense,6,0.8368493318557739,768,768,768,12.85004073083018,1.5181987285614014,71.63937061938474,567.2354499570122,280.70498792041326,0.36550128635470475,0.08784659600284828,441.73948760360935,0,0,0,2.3754387915664252,1.7479556471172437,1.179275015060972
e1_phase_identification,EleutherAI/pythia-160m-deduped,step3000,3000,step2000,gpt_neox.layers.6.attention.query_key_value.weight,attention.query_key_value,6,0.847977340221405,2304,768,768,34.94541335048524,5.719049453735352,37.33641883547383,701.968531897543,882.0152700543404,1.1484573828832556,1.0962101884155473,3.072478430846483,82,67,50,2.1774813235783284,2.089862731687834,1.8529340193456636
e1_phase_identification,EleutherAI/pythia-160m-deduped,step3000,3000,step2000,gpt_neox.layers.6.mlp.dense_4h_to_h.weight,mlp.dense_4h_to_h,6,0.8083154559135437,768,3072,768,26.336765907295476,2.8412985801696777,85.91938079865912,718.0060326687914,681.7735532224178,0.8877259807583565,0.687843230179201,1.6895536831104503,82,62,43,2.6500345038586226,2.5331096013692256,2.1828450946844336
e1_phase_identification,EleutherAI/pythia-160m-deduped,step3000,3000,step2000,gpt_neox.layers.6.mlp.dense_h_to_4h.weight,mlp.dense_h_to_4h,6,0.9373146891593933,3072,768,768,41.9689185108506,7.520438194274902,31.143632311906927,720.2939624092323,1086.4186298251152,1.4146075909181188,1.7691211882890485,4.3455035804652455,74,56,38,2.5517004292105128,2.510399666690769,2.224838178284199
e1_phase_identification,EleutherAI/pythia-160m-deduped,step3000,3000,step2000,gpt_neox.layers.7.attention.dense.weight,attention.dense,7,0.727552056312561,768,768,768,12.838975768633771,1.4544802904129028,77.91930628417471,581.4515624517574,285.99366138620826,0.3723875799299587,0.10160016539081562,510.8997621117348,0,0,0,2.3704274929504425,1.9314289165774732,1.3243830960512346
e1_phase_identification,EleutherAI/pythia-160m-deduped,step3000,3000,step2000,gpt_neox.layers.7.attention.query_key_value.weight,attention.query_key_value,7,0.8920116424560547,2304,768,768,34.659197871575735,5.941166877746582,34.032473311718995,702.8790101580591,874.9382064044476,1.139242456255791,1.0874174148451132,3.0478338805330765,77,62,47,2.120679110933915,2.068298746254904,1.864634631194571
e1_phase_identification,EleutherAI/pythia-160m-deduped,step3000,3000,step2000,gpt_neox.layers.7.mlp.dense_4h_to_h.weight,mlp.dense_4h_to_h,7,0.946875810623169,768,3072,768,26.93767589704375,2.721196413040161,97.9942215011555,721.9076312854451,701.7870446741581,0.9137852144194767,0.7435325858858874,1.826343800270965,74,55,36,2.9811849781918727,2.78835654406527,2.336528737014452
e1_phase_identification,EleutherAI/pythia-160m-deduped,step3000,3000,step2000,gpt_neox.layers.7.mlp.dense_h_to_4h.weight,mlp.dense_h_to_4h,7,0.9572594165802002,3072,768,768,42.48764217660172,7.72256326675415,30.269295414403633,717.9921434106813,1095.8491856455803,1.426886960476016,1.773041565670738,4.355133228259687,80,62,43,2.465088980403989,2.4195129570533322,2.1542246577842423
e1_phase_identification,EleutherAI/pythia-160m-deduped,step3000,3000,step2000,gpt_neox.layers.8.attention.dense.weight,attention.dense,8,0.8327457904815674,768,768,768,14.735076824804665,1.3558217287063599,118.11352463400361,567.7510354904605,322.69351279814146,0.4201738447892467,0.11500456932848069,578.3042467074041,0,0,0,2.4012280785629327,1.7540710956916892,1.1669246105789985
e1_phase_identification,EleutherAI/pythia-160m-deduped,step3000,3000,step2000,gpt_neox.layers.8.attention.query_key_value.weight,attention.query_key_value,8,0.8267673850059509,2304,768,768,35.33275261149448,5.979242324829102,34.91906736195855,701.4763418004364,891.2837007343769,1.1605256519978866,1.1233819499623294,3.1486359526090384,83,65,47,2.240019897182306,2.1506948853426007,1.8716256638768514
e1_phase_identification,EleutherAI/pythia-160m-deduped,step3000,3000,step2000,gpt_neox.layers.8.mlp.dense_4h_to_h.weight,mlp.dense_4h_to_h,8,0.9051027297973633,768,3072,768,27.929382442901463,2.6145992279052734,114.10703186797225,723.548300171861,729.6732191443443,0.9500953374275317,0.8083874567713316,1.9856472304197328,73,54,35,3.2401165154717826,2.957059160205582,2.399418987340772
e1_phase_identification,EleutherAI/pythia-160m-deduped,step3000,3000,step2000,gpt_neox.layers.8.mlp.dense_h_to_4h.weight,mlp.dense_h_to_4h,8,0.9117088317871094,3072,768,768,42.983803152531685,8.08897590637207,28.237262664945895,719.1411278572888,1109.8041868805885,1.4450575350007664,1.830923804715617,4.497309738653599,75,57,40,2.456297991160003,2.4340990580440387,2.1870400517459307
e1_phase_identification,EleutherAI/pythia-160m-deduped,step3000,3000,step2000,gpt_neox.layers.9.attention.dense.weight,attention.dense,9,0.7059785723686218,768,768,768,15.326191710101389,1.4258195161819458,115.54187144404122,564.7243237623384,333.7229391032888,0.4345350769574073,0.12223572408724204,614.6663454484193,0,0,0,2.178866881265618,1.6440744755210377,1.1464113502111122
e1_phase_identification,EleutherAI/pythia-160m-deduped,step3000,3000,step2000,gpt_neox.layers.9.attention.query_key_value.weight,attention.query_key_value,9,0.9127253293991089,2304,768,768,34.9829380613671,6.192746639251709,31.911405872726785,703.0101098534744,884.1883153319359,1.1512868689217914,1.1053026377053925,3.097962917874462,82,64,45,2.286950493139426,2.204557607715896,1.909804634371002
e1_phase_identification,EleutherAI/pythia-160m-deduped,step3000,3000,step2000,gpt_neox.layers.9.mlp.dense_4h_to_h.weight,mlp.dense_4h_to_h,9,0.8130944967269897,768,3072,768,29.13093672845259,2.6098477840423584,124.58866808647846,725.8852762684663,763.9413267076015,0.9947152691505229,0.8978384669491462,2.205366313305092,67,48,28,3.627634629562361,3.236878630954515,2.5359065706208934
e1_phase_identification,EleutherAI/pythia-160m-deduped,step3000,3000,step2000,gpt_neox.layers.9.mlp.dense_h_to_4h.weight,mlp.dense_h_to_4h,9,0.9727532863616943,3072,768,768,43.61412627231461,8.246382713317871,27.97224866246955,717.5468257282229,1123.5018340349197,1.4628930130663018,1.8669400746554814,4.585776730635106,80,63,44,2.4392012360818147,2.4007259297488477,2.1439178538617227
e1_phase_identification,EleutherAI/pythia-160m-deduped,step3000,3000,step2000,gpt_neox.layers.10.attention.dense.weight,attention.dense,10,0.8489868640899658,768,768,768,13.823203637277032,1.5754765272140503,76.98277067393009,575.6315484395211,306.4395628660277,0.3990098474818069,0.1119605438451825,562.9972647817656,0,0,0,2.6488859284704414,2.0303150025917507,1.2880928309065445
e1_phase_identification,EleutherAI/pythia-160m-deduped,step3000,3000,step2000,gpt_neox.layers.10.attention.query_key_value.weight,attention.query_key_value,10,0.8276357054710388,2304,768,768,34.676798354908115,7.055914402008057,24.153016550708653,702.3394462617975,872.4879704415798,1.1360520448458071,1.0900837661035396,3.0553071797389677,71,57,42,2.072231390023553,2.0690852953198946,1.8869611894404963
e1_phase_identification,EleutherAI/pythia-160m-deduped,step3000,3000,step2000,gpt_neox.layers.10.mlp.dense_4h_to_h.weight,mlp.dense_4h_to_h,10,0.9000988006591797,768,3072,768,30.074845235625826,2.999728202819824,100.51780347271898,726.4825425527454,789.3988711535931,1.027863113481241,0.9695327318696982,2.381469390343238,62,41,22,3.7316974607358437,3.3636877165022305,2.609022136755322
e1_phase_identification,EleutherAI/pythia-160m-deduped,step3000,3000,step2000,gpt_neox.layers.10.mlp.dense_h_to_4h.weight,mlp.dense_h_to_4h,10,0.942792534828186,3072,768,768,43.679947592734216,8.525245666503906,26.251275632812266,715.7568456010113,1121.4212934970856,1.4601839759076636,1.8360926216294402,4.510005936378477,84,68,49,2.347764510418044,2.3061820246322022,2.0712902819947097
e1_phase_identification,EleutherAI/pythia-160m-deduped,step3000,3000,step2000,gpt_neox.layers.11.attention.dense.weight,attention.dense,11,0.8509889841079712,768,768,768,13.037457623152715,1.7043057680130005,58.51817750872589,559.3651512372919,282.23917513397464,0.36749892595569617,0.08525628710819788,428.714034416774,0,0,0,2.317523126756947,1.7561576949124698,1.1566578926409026
e1_phase_identification,EleutherAI/pythia-160m-deduped,step3000,3000,step2000,gpt_neox.layers.11.attention.query_key_value.weight,attention.query_key_value,11,0.9435019493103027,2304,768,768,34.22261661698674,8.074310302734375,17.9645173148045,700.0068736813447,854.99569901824,1.1132756497633334,1.0435525563195398,2.924888634159516,74,58,43,1.9974678207975696,2.0137605887725685,1.85708102104285
e1_phase_identification,EleutherAI/pythia-160m-deduped,step3000,3000,step2000,gpt_neox.layers.11.mlp.dense_4h_to_h.weight,mlp.dense_4h_to_h,11,0.9236841201782227,768,3072,768,27.4903503002155,3.276007652282715,70.41589973265545,716.5381438404298,710.720260977745,0.9254170064814389,0.7564199013342634,1.8579989948354843,84,63,40,2.8384531874372154,2.707416095786451,2.2444772720833757
e1_phase_identification,EleutherAI/pythia-160m-deduped,step3000,3000,step2000,gpt_neox.layers.11.mlp.dense_h_to_4h.weight,mlp.dense_h_to_4h,11,0.9472836256027222,3072,768,768,42.835111351400876,7.886566638946533,29.500124291040482,715.2006178318527,1099.7402312755585,1.4319534261400502,1.7492898737297153,4.296791796900967,90,73,51,2.386243618822175,2.3065787938110023,2.042310010866432
e1_phase_identification,EleutherAI/pythia-160m-deduped,step8000,8000,step3000,gpt_neox.layers.0.attention.dense.weight,attention.dense,0,0.7151389718055725,768,768,768,17.445328466430222,3.048186779022217,32.754815059376014,543.3358355557993,363.38201159684104,0.4731536609333868,0.1340761655449847,674.2063934472534,0,0,0,1.5949347629863229,1.3778486589076415,1.0724374809426696
e1_phase_identification,EleutherAI/pythia-160m-deduped,step8000,8000,step3000,gpt_neox.layers.0.attention.query_key_value.weight,attention.query_key_value,0,0.7251328825950623,2304,768,768,40.10022032104061,9.409661293029785,18.161241584117448,683.5847928613089,982.8322465121746,1.2797294876460608,1.2973604757871513,3.6362662206690897,118,98,73,2.163434075295571,2.0611512720372858,1.6996196722349677
e1_phase_identification,EleutherAI/pythia-160m-deduped,step8000,8000,step3000,gpt_neox.layers.0.mlp.dense_4h_to_h.weight,mlp.dense_4h_to_h,0,0.6052148342132568,768,3072,768,33.07842119335631,3.5567219257354736,86.49474473813152,738.0533138616041,883.2353080511093,1.1500459740248818,1.4071194234716131,3.4563163526132863,3,3,2,4.420806483604654,4.616305400006147,4.111735111711777
e1_phase_identification,EleutherAI/pythia-160m-deduped,step8000,8000,step3000,gpt_neox.layers.0.mlp.dense_h_to_4h.weight,mlp.dense_h_to_4h,0,0.3242027759552002,3072,768,768,43.36398149734149,5.7055230140686035,57.76534585173234,752.2317381250434,1176.1229499578476,1.5314100910909474,2.4321305504991244,5.974057676384611,1,1,1,3.3799019440312255,4.117418329985453,4.488728928445054
e1_phase_identification,EleutherAI/pythia-160m-deduped,step8000,8000,step3000,gpt_neox.layers.1.attention.dense.weight,attention.dense,1,0.7062288522720337,768,768,768,17.51774755504388,2.2567896842956543,60.25240005784951,555.7582717120019,376.43820669152774,0.49015391496292676,0.15192567096088538,763.9632165362456,0,0,0,2.128255552455191,1.682596459851647,1.1474974295716163
e1_phase_identification,EleutherAI/pythia-160m-deduped,step8000,8000,step3000,gpt_neox.layers.1.attention.query_key_value.weight,attention.query_key_value,1,0.7934881448745728,2304,768,768,41.76167370889692,8.229148864746094,25.754074885629844,684.7775848494506,1031.1739912331104,1.342674467751446,1.4356946457408313,4.023991821035993,124,103,77,2.3920732233169857,2.20230617185312,1.737830292700323
e1_phase_identification,EleutherAI/pythia-160m-deduped,step8000,8000,step3000,gpt_neox.layers.1.mlp.dense_4h_to_h.weight,mlp.dense_4h_to_h,1,0.5922592878341675,768,3072,768,29.95177115394148,3.3259506225585938,81.09861231164241,722.074262720907,780.6690743565559,1.0164961905684322,0.9226870037496333,2.2664019316395643,76,54,34,3.1555108498442848,2.933490408556683,2.379986630961445
e1_phase_identification,EleutherAI/pythia-160m-deduped,step8000,8000,step3000,gpt_neox.layers.1.mlp.dense_h_to_4h.weight,mlp.dense_h_to_4h,1,0.9050608277320862,3072,768,768,51.691167749965494,9.02823543548584,32.781357560909626,697.4281116508946,1292.062898516655,1.6823735657768946,2.370495435024772,5.822662951846143,109,85,58,1.9951852795742477,2.043837713749167,1.8529944636634388
e1_phase_identification,EleutherAI/pythia-160m-deduped,step8000,8000,step3000,gpt_neox.layers.2.attention.dense.weight,attention.dense,2,0.8112858533859253,768,768,768,20.12133662774974,2.251816511154175,79.84498712651028,573.0386898479443,444.73501190074603,0.579082046745763,0.23434723372914235,1178.422746687625,0,0,0,2.527972097870938,1.9751826751604529,1.2849421166990034
e1_phase_identification,EleutherAI/pythia-160m-deduped,step8000,8000,step3000,gpt_neox.layers.2.attention.query_key_value.weight,attention.query_key_value,2,0.8426430821418762,2304,768,768,45.039796247182494,8.36854362487793,28.966302746575042,699.2402261858942,1134.9691458046436,1.4778244085997965,1.873916034591403,5.2522469306925474,83,64,44,2.474687418135316,2.377618499786093,1.9789883143639297
e1_phase_identification,EleutherAI/pythia-160m-deduped,step8000,8000,step3000,gpt_neox.layers.2.mlp.dense_4h_to_h.weight,mlp.dense_4h_to_h,2,0.8107130527496338,768,3072,768,36.1440192022385,3.901503562927246,85.8240239229661,718.8314945874165,937.1698651611805,1.2202732619286205,1.304537402705094,3.204343485246646,80,61,44,2.7352202354207695,2.5960916336395394,2.2126927114811723
e1_phase_identification,EleutherAI/pythia-160m-deduped,step8000,8000,step3000,gpt_neox.layers.2.mlp.dense_h_to_4h.weight,mlp.dense_h_to_4h,2,0.9412325620651245,3072,768,768,51.177188180387155,8.498220443725586,36.265766141483816,708.2233996584325,1302.3310815691948,1.6957435957932223,2.4572770708186695,6.035825233524382,91,72,51,2.214748180297617,2.1972216126583417,1.977237896131532
e1_phase_identification,EleutherAI/pythia-160m-deduped,step8000,8000,step3000,gpt_neox.layers.3.attention.dense.weight,attention.dense,3,0.8046771883964539,768,768,768,20.298090299088088,2.4554972648620605,68.33315154457075,541.3543811270393,430.03226926582647,0.5599378506065449,0.17718369827423297,890.9740348372115,0,0,0,2.3312270767922216,1.7125920149144236,1.0605012400862
e1_phase_identification,EleutherAI/pythia-160m-deduped,step8000,8000,step3000,gpt_neox.layers.3.attention.query_key_value.weight,attention.query_key_value,3,0.7823367714881897,2304,768,768,40.82980759232703,8.775115966796875,21.649553184671408,685.0182500320335,1004.9517997801304,1.3085309892970447,1.3714403787688099,3.8438987590961684,111,92,72,2.1527357939580574,2.0334893036824164,1.7086143703021563
e1_phase_identification,EleutherAI/pythia-160m-deduped,step8000,8000,step3000,gpt_neox.layers.3.mlp.dense_4h_to_h.weight,mlp.dense_4h_to_h,3,0.7717145681381226,768,3072,768,37.37003703655738,4.605230331420898,65.8482661056847,718.7600517177349,968.8762530386448,1.2615576211440687,1.4128470409792229,3.4703851357761426,76,58,41,2.731256566620647,2.6130429340312564,2.247487134661424
e1_phase_identification,EleutherAI/pythia-160m-deduped,step8000,8000,step3000,gpt_neox.layers.3.mlp.dense_h_to_4h.weight,mlp.dense_h_to_4h,3,0.9143209457397461,3072,768,768,49.57032570603221,9.819969177246094,25.48140060778549,708.4640319363525,1258.7595055699348,1.6390097728775193,2.2791729456436727,5.598346942739745,97,77,57,2.2387080987439094,2.2142290346038527,1.9783385882695907
e1_phase_identification,EleutherAI/pythia-160m-deduped,step8000,8000,step3000,gpt_neox.layers.4.attention.dense.weight,attention.dense,4,0.7205333709716797,768,768,768,21.543285980855092,2.3278393745422363,85.64812769595336,567.9301623466855,474.6548672176432,0.6180401916896395,0.2668145737561112,1341.6858302896392,0,0,0,2.580110459418842,2.165116082666728,1.3224340209913426
e1_phase_identification,EleutherAI/pythia-160m-deduped,step8000,8000,step3000,gpt_neox.layers.4.attention.query_key_value.weight,attention.query_key_value,4,0.8303651809692383,2304,768,768,42.54969641311615,8.033663749694824,28.052116313912407,677.3620672909585,1040.6468494832516,1.355008918597984,1.4105471789190744,3.9535080304119026,135,120,99,2.359304092384984,1.9955354224329187,1.583550501042166
e1_phase_identification,EleutherAI/pythia-160m-deduped,step8000,8000,step3000,gpt_neox.layers.4.mlp.dense_4h_to_h.weight,mlp.dense_4h_to_h,4,0.878875732421875,768,3072,768,39.151156121513395,4.513788223266602,75.23273045004287,714.4724716603238,1008.3174526542425,1.3129133498102117,1.4839662507167262,3.645075701125748,89,73,53,2.542376774797415,2.4023199711002126,2.0829243928164667
e1_phase_identification,EleutherAI/pythia-160m-deduped,step8000,8000,step3000,gpt_neox.layers.4.mlp.dense_h_to_4h.weight,mlp.dense_h_to_4h,4,0.8229542374610901,3072,768,768,48.20912147474033,8.049714088439941,35.86720409693407,713.67061491683,1238.2864475250244,1.6123521452148755,2.2644296234126458,5.562132826958994,88,69,48,2.537115969047408,2.4428155635286366,2.1165394574077467
e1_phase_identification,EleutherAI/pythia-160m-deduped,step8000,8000,step3000,gpt_neox.layers.5.attention.dense.weight,attention.dense,5,0.7696456909179688,768,768,768,23.89033909673972,2.3748154640197754,101.2010204633592,571.5329008489348,528.3184583396651,0.6879146592964389,0.32362060366478573,1627.3368137818122,0,0,0,2.942724494348558,2.07249539297578,1.2530844571791635
e1_phase_identification,EleutherAI/pythia-160m-deduped,step8000,8000,step3000,gpt_neox.layers.5.attention.query_key_value.weight,attention.query_key_value,5,0.8350505828857422,2304,768,768,42.600312776801445,6.925230503082275,37.84052114907604,682.783968829925,1051.8585284650326,1.3696074589388445,1.4876995525342878,4.169752147029703,121,102,79,2.365922671702383,2.1244648451241903,1.6932588444253496
e1_phase_identification,EleutherAI/pythia-160m-deduped,step8000,8000,step3000,gpt_neox.layers.5.mlp.dense_4h_to_h.weight,mlp.dense_4h_to_h,5,0.7920606732368469,768,3072,768,41.54347879066602,4.044318675994873,105.51518967890775,714.4304285602489,1071.9702550321817,1.3957946029064867,1.6875458963236625,4.145129674110129,97,78,57,2.8958198218815463,2.569184232359217,2.1100163022555116
e1_phase_identification,EleutherAI/pythia-160m-deduped,step8000,8000,step3000,gpt_neox.layers.5.mlp.dense_h_to_4h.weight,mlp.dense_h_to_4h,5,0.8881312012672424,3072,768,768,48.69459259370958,8.221524238586426,35.079774280009346,709.4651259439709,1243.6696762442589,1.619361557609712,2.2442469441362505,5.5125579840146415,98,80,58,2.485485159587195,2.361828168340174,2.0265789693322347
e1_phase_identification,EleutherAI/pythia-160m-deduped,step8000,8000,step3000,gpt_neox.layers.6.attention.dense.weight,attention.dense,6,0.6084368228912354,768,768,768,22.411259490739187,2.3445258140563965,91.37396918845492,575.1311753810367,496.1444153818302,0.6460213741950914,0.29101487537873894,1463.3778402826704,0,0,0,2.524387702157893,1.966796900109671,1.2738594264300065
e1_phase_identification,EleutherAI/pythia-160m-deduped,step8000,8000,step3000,gpt_neox.layers.6.attention.query_key_value.weight,attention.query_key_value,6,0.7774202227592468,2304,768,768,42.22276053361142,7.560281753540039,31.19013729803374,687.149111678824,1045.4860857725143,1.3613100075162947,1.4826058397381132,4.155475393479552,111,93,72,2.2330086052867246,2.061267804489198,1.7149993546899154
e1_phase_identification,EleutherAI/pythia-160m-deduped,step8000,8000,step3000,gpt_neox.layers.6.mlp.dense_4h_to_h.weight,mlp.dense_4h_to_h,6,0.8669099807739258,768,3072,768,43.058688624405704,4.447761535644531,93.72136572032316,716.0525261133733,1112.0475494265556,1.4479785799824942,1.8424979178499399,4.525739306056243,79,60,43,2.5557737322385985,2.473553442247892,2.1640011836241597
e1_phase_identification,EleutherAI/pythia-160m-deduped,step8000,8000,step3000,gpt_neox.layers.6.mlp.dense_h_to_4h.weight,mlp.dense_h_to_4h,6,0.903213381767273,3072,768,768,49.4606487942448,8.809529304504395,31.522032220278277,706.4226080406273,1256.724294245243,1.636359758131827,2.26819553252804,5.571383053372527,102,82,62,2.3370810055898095,2.2376116137944475,1.9551466655166805
e1_phase_identification,EleutherAI/pythia-160m-deduped,step8000,8000,step3000,gpt_neox.layers.7.attention.dense.weight,attention.dense,7,0.6389073133468628,768,768,768,23.497685135705655,2.361987352371216,98.96805255606407,576.5891962853096,520.7286299549742,0.6780320702538726,0.32658629365575287,1642.249883116434,0,0,0,2.3442092963251424,1.918674614086136,1.3011626937234029
e1_phase_identification,EleutherAI/pythia-160m-deduped,step8000,8000,step3000,gpt_neox.layers.7.attention.query_key_value.weight,attention.query_key_value,7,0.6909546852111816,2304,768,768,42.243941053774876,7.966446399688721,28.11898104664473,688.6504605437042,1046.2749761343002,1.3623372085082035,1.4965113646067962,4.194450058813015,101,84,65,2.1000741755847208,1.9961765456284466,1.7215677919735999
e1_phase_identification,EleutherAI/pythia-160m-deduped,step8000,8000,step3000,gpt_neox.layers.7.mlp.dense_4h_to_h.weight,mlp.dense_4h_to_h,7,0.7348325252532959,768,3072,768,44.08559572047827,4.139637470245361,113.41455908332027,724.2196189106642,1153.7032837569714,1.5022178173918899,2.0659693737991134,5.074653658779631,64,43,27,3.444522753971458,3.170463789997273,2.5385631495249408
e1_phase_identification,EleutherAI/pythia-160m-deduped,step8000,8000,step3000,gpt_neox.layers.7.mlp.dense_h_to_4h.weight,mlp.dense_h_to_4h,7,0.8729062080383301,3072,768,768,50.52284541615451,8.874665260314941,32.40944854110853,705.189541935099,1281.795244038105,1.6690042240079492,2.376918127304698,5.838439051574866,100,81,61,2.3085514798925395,2.213718242307026,1.945475925146646
e1_phase_identification,EleutherAI/pythia-160m-deduped,step8000,8000,step3000,gpt_neox.layers.8.attention.dense.weight,attention.dense,8,0.3895338177680969,768,768,768,27.09188812727686,2.3360488414764404,134.49765421825674,576.1011175737851,602.5489926928421,0.7845690009021382,0.42926750043160133,2158.5856972692427,0,0,0,2.849920148856863,2.031170527863339,1.2633792034653843
e1_phase_identification,EleutherAI/pythia-160m-deduped,step8000,8000,step3000,gpt_neox.layers.8.attention.query_key_value.weight,attention.query_key_value,8,0.8032346963882446,2304,768,768,43.483561248770876,7.370253562927246,34.808503416897835,687.6939483435906,1079.955368667841,1.4061918862862512,1.5806785007521356,4.430355283126296,119,101,77,2.4756790932740373,2.187792791207846,1.733322176071888
e1_phase_identification,EleutherAI/pythia-160m-deduped,step8000,8000,step3000,gpt_neox.layers.8.mlp.dense_4h_to_h.weight,mlp.dense_4h_to_h,8,0.8276081085205078,768,3072,768,47.145334204731746,4.5889434814453125,105.54848882432208,724.1579959496045,1233.4726634770632,1.6060841972357593,2.3489498950482144,5.769740505531576,65,46,29,3.3685712792261833,3.100029711363892,2.51113483455739
e1_phase_identification,EleutherAI/pythia-160m-deduped,step8000,8000,step3000,gpt_neox.layers.8.mlp.dense_h_to_4h.weight,mlp.dense_h_to_4h,8,0.8929570317268372,3072,768,768,51.11675237382558,9.342852592468262,29.934190211488197,708.1450215126648,1301.2038154006004,1.6942758013028651,2.4347583644847077,5.980512392522058,99,81,59,2.3361404089663242,2.2421307815808373,1.9689968826844522
e1_phase_identification,EleutherAI/pythia-160m-deduped,step8000,8000,step3000,gpt_neox.layers.9.attention.dense.weight,attention.dense,9,0.5050312280654907,768,768,768,28.17470004890409,2.305307626724243,149.36912201916726,591.6756599484675,640.1031673143443,0.8334676657738859,0.5388715908325583,2709.7334586623947,0,0,0,3.200342184665,2.298244972371881,1.424012788665322
e1_phase_identification,EleutherAI/pythia-160m-deduped,step8000,8000,step3000,gpt_neox.layers.9.attention.query_key_value.weight,attention.query_key_value,9,0.7992714643478394,2304,768,768,44.093698391131,7.531331539154053,34.27753017004652,693.4933522654447,1104.568159788847,1.4382397913917278,1.695039384690702,4.750888108807886,112,91,64,2.6749737878906443,2.397125014523399,1.846706580797798
e1_phase_identification,EleutherAI/pythia-160m-deduped,step8000,8000,step3000,gpt_neox.layers.9.mlp.dense_4h_to_h.weight,mlp.dense_4h_to_h,9,0.767268180847168,768,3072,768,50.28365905305284,4.431212425231934,128.7681944498353,728.4050061760563,1323.8483043909073,1.7237608130089939,2.7672572267624247,6.797231453993367,50,32,17,3.8844239806100505,3.527431767232794,2.742865855340161
e1_phase_identification,EleutherAI/pythia-160m-deduped,step8000,8000,step3000,gpt_neox.layers.9.mlp.dense_h_to_4h.weight,mlp.dense_h_to_4h,9,0.9330441355705261,3072,768,768,52.61095645445391,9.6868314743042,29.49775105286359,708.3387949811338,1339.6249365508556,1.7443033028005932,2.59298352373213,6.36916185338478,97,79,58,2.3340629904402306,2.2518931838285967,1.9815851177710475
e1_phase_identification,EleutherAI/pythia-160m-deduped,step8000,8000,step3000,gpt_neox.layers.10.attention.dense.weight,attention.dense,10,0.7207797765731812,768,768,768,27.26582287074728,2.5147626399993896,117.55557189486754,593.5856870424748,622.670358714764,0.8107686962431823,0.5395650732462691,2713.2206577120287,0,0,0,3.470376711673872,2.6762293097119767,1.5653524148897502
e1_phase_identification,EleutherAI/pythia-160m-deduped,step8000,8000,step3000,gpt_neox.layers.10.attention.query_key_value.weight,attention.query_key_value,10,0.7469376921653748,2304,768,768,43.78859756785491,8.295038223266602,27.866683757742194,692.8176298834509,1091.5680677890778,1.4213125882670283,1.6753327457650045,4.695653972431904,93,75,55,2.203077885791596,2.1151941365296008,1.8202085420800544
e1_phase_identification,EleutherAI/pythia-160m-deduped,step8000,8000,step3000,gpt_neox.layers.10.mlp.dense_4h_to_h.weight,mlp.dense_4h_to_h,10,0.7769426703453064,768,3072,768,54.06109171362662,5.370636940002441,101.32533165340708,730.8457873552554,1427.5960266590118,1.8588489930455883,3.263807173766743,8.016910233983507,36,19,9,3.86617949129617,3.6636382269196166,2.8825517139321675
e1_phase_identification,EleutherAI/pythia-160m-deduped,step8000,8000,step3000,gpt_neox.layers.10.mlp.dense_h_to_4h.weight,mlp.dense_h_to_4h,10,0.9289422035217285,3072,768,768,53.42918899907309,10.365631103515625,26.568416222093337,706.6561961464402,1354.988808810711,1.7643083448056132,2.616979319031273,6.428102877368209,99,80,61,2.2116553149744447,2.149955353090578,1.9247546637217705
e1_phase_identification,EleutherAI/pythia-160m-deduped,step8000,8000,step3000,gpt_neox.layers.11.attention.dense.weight,attention.dense,11,0.5795738101005554,768,768,768,23.648563958265647,2.7868525981903076,72.00813285415127,593.3415919412124,538.6740197183099,0.7013984631748826,0.3949122361458173,1985.8291246457939,0,0,0,3.2939392360313344,2.5060671390081777,1.50412052500011
e1_phase_identification,EleutherAI/pythia-160m-deduped,step8000,8000,step3000,gpt_neox.layers.11.attention.query_key_value.weight,attention.query_key_value,11,0.8611723780632019,2304,768,768,42.267116234408554,9.449960708618164,20.00530747544382,689.6252339033006,1044.6473675966263,1.3602179265581071,1.5244267887420904,4.272691931995742,93,75,55,2.0615509363945588,2.0372557503462994,1.7864458423222267
e1_phase_identification,EleutherAI/pythia-160m-deduped,step8000,8000,step3000,gpt_neox.layers.11.mlp.dense_4h_to_h.weight,mlp.dense_4h_to_h,11,0.7704633474349976,768,3072,768,49.835651090538036,6.032322406768799,68.25134010890295,724.5004060670855,1302.257768034935,1.6956481354621549,2.6321912177169366,6.465467960462463,56,38,22,2.9325760313411107,2.9095967633289654,2.4953962149981597
e1_phase_identification,EleutherAI/pythia-160m-deduped,step8000,8000,step3000,gpt_neox.layers.11.mlp.dense_h_to_4h.weight,mlp.dense_h_to_4h,11,0.8609118461608887,3072,768,768,53.17374935272322,10.508438110351562,25.604613618814838,706.1194727975144,1346.356942474842,1.7530689355141174,2.567596369230074,6.306803224978322,102,84,63,2.199296959424073,2.1376089498186164,1.901855177218812
e1_phase_identification,EleutherAI/pythia-160m-deduped,step16000,16000,step8000,gpt_neox.layers.0.attention.dense.weight,attention.dense,0,0.8397042751312256,768,768,768,21.430637052533292,4.200581073760986,26.02863658751616,536.5994424264295,443.0515981532517,0.5768901017620465,0.19095840386172824,960.2405934175059,0,0,0,1.663133421891931,1.400733905302748,1.0474618793818082
e1_phase_identification,EleutherAI/pythia-160m-deduped,step16000,16000,step8000,gpt_neox.layers.0.attention.query_key_value.weight,attention.query_key_value,0,0.855441153049469,2304,768,768,49.66490297959117,9.817593574523926,25.59110767473192,684.3730433646722,1226.9899129271507,1.5976431157905608,2.1020499210068877,5.891664856893256,114,91,66,2.4169215426751283,2.279093125753491,1.8046076964869229
e1_phase_identification,EleutherAI/pythia-160m-deduped,step16000,16000,step8000,gpt_neox.layers.0.mlp.dense_4h_to_h.weight,mlp.dense_4h_to_h,0,0.8182382583618164,768,3072,768,41.11074030415369,4.460870742797852,84.93199315200039,744.0524621493527,1105.9802397042513,1.4400784371149105,2.205825822751457,5.418183940196547,4,3,2,4.141893364950132,4.553706909288615,4.4489273907604145
e1_phase_identification,EleutherAI/pythia-160m-deduped,step16000,16000,step8000,gpt_neox.layers.0.mlp.dense_h_to_4h.weight,mlp.dense_h_to_4h,0,0.7088736295700073,3072,768,768,54.724576639680535,7.462306499481201,53.7797346665704,745.0280352788178,1472.1980502605438,1.916924544610083,3.983704153899481,9.78519774613432,2,2,1,3.328945920101166,4.0237386790061365,4.4432927561543165
e1_phase_identification,EleutherAI/pythia-160m-deduped,step16000,16000,step8000,gpt_neox.layers.1.attention.dense.weight,attention.dense,1,0.9063971042633057,768,768,768,21.375246463933347,2.974745273590088,51.63244554155758,558.6963230021134,462.419784847938,0.6021090948540859,0.23297133408892723,1171.5039902449405,0,0,0,2.330246319914762,1.8056030578495808,1.1797720510413339
e1_phase_identification,EleutherAI/pythia-160m-deduped,step16000,16000,step8000,gpt_neox.layers.1.attention.query_key_value.weight,attention.query_key_value,1,0.8188440799713135,2304,768,768,51.21104693239662,8.073506355285645,40.2348999641759,683.8439293306321,1268.366353392601,1.6515186893132825,2.224795858498233,6.2356994675925925,119,98,73,2.5242112976581406,2.2762238837691062,1.775515859290245
e1_phase_identification,EleutherAI/pythia-160m-deduped,step16000,16000,step8000,gpt_neox.layers.1.mlp.dense_4h_to_h.weight,mlp.dense_4h_to_h,1,0.9010016918182373,768,3072,768,38.1941331401617,5.2291388511657715,53.349821097964096,718.621091199139,989.8001130223274,1.2888022304978222,1.4739142001681174,3.620384785693187,78,57,39,2.7915191685256144,2.6748340239826027,2.2686660930861966
e1_phase_identification,EleutherAI/pythia-160m-deduped,step16000,16000,step8000,gpt_neox.layers.1.mlp.dense_h_to_4h.weight,mlp.dense_h_to_4h,1,0.9836832284927368,3072,768,768,62.928715093875354,10.06520938873291,39.08877860364075,698.6953969611021,1574.7917771935463,2.0505101265540966,3.558725208100988,8.741319269739087,93,70,49,1.8672487813972083,1.942971897713166,1.8438783243542325
e1_phase_identification,EleutherAI/pythia-160m-deduped,step16000,16000,step8000,gpt_neox.layers.2.attention.dense.weight,attention.dense,2,0.9044363498687744,768,768,768,23.968757933743372,2.7061960697174072,78.44631379335685,576.0097249646657,532.8532211215934,0.693819298335408,0.3476338178605012,1748.0880485159062,0,0,0,2.7053172806704873,2.10104572273961,1.3280417595732772
e1_phase_identification,EleutherAI/pythia-160m-deduped,step16000,16000,step8000,gpt_neox.layers.2.attention.query_key_value.weight,attention.query_key_value,2,0.952368974685669,2304,768,768,54.36452616475165,8.09259033203125,45.12904077057532,700.2110748418795,1376.8567825257778,1.7927822689137731,2.8023466619806214,7.854469668025194,79,61,41,2.717072153026363,2.544182519469966,2.052001441485192
e1_phase_identification,EleutherAI/pythia-160m-deduped,step16000,16000,step8000,gpt_neox.layers.2.mlp.dense_4h_to_h.weight,mlp.dense_4h_to_h,2,0.9404606819152832,768,3072,768,44.79945260263319,5.589732646942139,64.23375962293557,717.6636299813548,1159.3751540780067,1.509603065205738,2.006173562165607,4.927776827915643,79,59,43,2.651774430937862,2.5454281146381765,2.2042428372527954
e1_phase_identification,EleutherAI/pythia-160m-deduped,step16000,16000,step8000,gpt_neox.layers.2.mlp.dense_h_to_4h.weight,mlp.dense_h_to_4h,2,0.9094434976577759,3072,768,768,61.172742260706066,9.346423149108887,42.83758906734438,709.236389786491,1560.7863066196442,2.0322738367443285,3.5662732539824447,8.759859582647275,84,66,48,2.2096544941441723,2.201985467850122,2.0145461858624083
e1_phase_identification,EleutherAI/pythia-160m-deduped,step16000,16000,step8000,gpt_neox.layers.3.attention.dense.weight,attention.dense,3,0.9123823046684265,768,768,768,25.000049941905583,2.7385575771331787,83.3370263922329,545.6242673458692,535.0647185557173,0.6966988522860902,0.29211613239381506,1468.9155472820837,0,0,0,2.554153994975067,1.8913059739993676,1.122098136120445
e1_phase_identification,EleutherAI/pythia-160m-deduped,step16000,16000,step8000,gpt_neox.layers.3.attention.query_key_value.weight,attention.query_key_value,3,0.9141007661819458,2304,768,768,48.69156746831889,8.236909866333008,34.94450425044599,682.7180400073624,1201.6404400765896,1.5646359896830593,1.984519549618689,5.562248532473246,114,95,74,2.3238012780245483,2.130504365298977,1.7281386977968982
e1_phase_identification,EleutherAI/pythia-160m-deduped,step16000,16000,step8000,gpt_neox.layers.3.mlp.dense_4h_to_h.weight,mlp.dense_4h_to_h,3,0.9476680755615234,768,3072,768,45.73763027096334,5.99934196472168,58.12193758501224,716.86222073989,1183.3542561680079,1.540825854385427,2.11199552769893,5.1877079921349,78,60,43,2.774475376836695,2.6363765032727886,2.2452063441848513
e1_phase_identification,EleutherAI/pythia-160m-deduped,step16000,16000,step8000,gpt_neox.layers.3.mlp.dense_h_to_4h.weight,mlp.dense_h_to_4h,3,0.8740934729576111,3072,768,768,59.0343992990926,15.400031089782715,14.694915792076825,705.3322169041099,1482.8993774056435,1.930858564330265,3.2298233723884167,7.9334356074034265,87,68,50,2.0829355877937266,2.1368564748271233,1.9836467504468305
e1_phase_identification,EleutherAI/pythia-160m-deduped,step16000,16000,step8000,gpt_neox.layers.4.attention.dense.weight,attention.dense,4,0.8925144672393799,768,768,768,25.15334518199184,2.818288803100586,79.65636992738364,563.4279783414471,551.7834298581001,0.7184680076277346,0.3663139415443517,1842.0216627928742,0,0,0,2.557792135640375,2.1247539768880244,1.3222980129965167
e1_phase_identification,EleutherAI/pythia-160m-deduped,step16000,16000,step8000,gpt_neox.layers.4.attention.query_key_value.weight,attention.query_key_value,4,0.9132872819900513,2304,768,768,47.70227469823369,8.06441879272461,34.98904041656268,673.9723992998619,1165.170803964138,1.5171494843283047,1.7665886423207624,4.951427707084366,142,126,105,2.529998766289073,2.0735054888850133,1.576910335976573
e1_phase_identification,EleutherAI/pythia-160m-deduped,step16000,16000,step8000,gpt_neox.layers.4.mlp.dense_4h_to_h.weight,mlp.dense_4h_to_h,4,0.941264808177948,768,3072,768,47.30673355480299,5.553946495056152,72.55085593578339,713.3780541213117,1217.1388131678104,1.58481616297892,2.180123878449436,5.355052091610545,89,73,53,2.5946985470430652,2.4443461653706535,2.102219666866865
e1_phase_identification,EleutherAI/pythia-160m-deduped,step16000,16000,step8000,gpt_neox.layers.4.mlp.dense_h_to_4h.weight,mlp.dense_h_to_4h,4,0.9558544158935547,3072,768,768,56.2257613282133,8.582209587097168,42.92125943165461,711.9734695958,1443.528084129095,1.8795938595430925,3.1042594960969794,7.625012262743114,89,71,48,2.625773952444356,2.5060381799064655,2.136004550269725
e1_phase_identification,EleutherAI/pythia-160m-deduped,step16000,16000,step8000,gpt_neox.layers.5.attention.dense.weight,attention.dense,5,0.812812328338623,768,768,768,27.8658465620297,2.8774240016937256,93.78572910677823,569.5501920083577,615.4782092431851,0.8014039182853973,0.4464770619850498,2245.1245416685933,0,0,0,2.8934571777248697,2.129019509781834,1.281482847932898
e1_phase_identification,EleutherAI/pythia-160m-deduped,step16000,16000,step8000,gpt_neox.layers.5.attention.query_key_value.weight,attention.query_key_value,5,0.844165563583374,2304,768,768,48.173473771148586,7.3684186935424805,42.743229953183445,681.8608436594985,1190.1569675505161,1.5496835514980678,1.936702095647469,5.428224877614754,119,102,80,2.459624566917298,2.16460739298678,1.7177143163774848
e1_phase_identification,EleutherAI/pythia-160m-deduped,step16000,16000,step8000,gpt_neox.layers.5.mlp.dense_4h_to_h.weight,mlp.dense_4h_to_h,5,0.9375677108764648,768,3072,768,49.522434825457104,4.921821117401123,101.24004455082502,712.4698323474936,1275.0551867485046,1.6602281077454488,2.3949429467961636,5.882713529861543,99,80,59,2.94583375837899,2.614339345159689,2.116255374224032
e1_phase_identification,EleutherAI/pythia-160m-deduped,step16000,16000,step8000,gpt_neox.layers.5.mlp.dense_h_to_4h.weight,mlp.dense_h_to_4h,5,0.959939181804657,3072,768,768,56.340441437868094,8.890953063964844,40.155390691607934,706.620405758946,1435.3611932098866,1.8689598869920399,2.9956419969383106,7.358214411572921,102,83,61,2.516969105533461,2.3665704514447676,2.0086392548119347
e1_phase_identification,EleutherAI/pythia-160m-deduped,step16000,16000,step8000,gpt_neox.layers.6.attention.dense.weight,attention.dense,6,0.8501778244972229,768,768,768,27.570057331454503,2.893584728240967,90.78266572771132,572.9594407366104,609.7818634985015,0.7939868014303405,0.44430901251649857,2234.2224338475226,0,0,0,2.5636358325526496,1.9853971358414801,1.2873387204002802
e1_phase_identification,EleutherAI/pythia-160m-deduped,step16000,16000,step8000,gpt_neox.layers.6.attention.query_key_value.weight,attention.query_key_value,6,0.8969526290893555,2304,768,768,47.70957610537715,7.939560413360596,36.10922774946725,685.1933102625228,1181.3760714232922,1.5382500929990783,1.9294504498565246,5.407899829082757,110,92,71,2.3509316119647012,2.153253861966637,1.7555266915685233
e1_phase_identification,EleutherAI/pythia-160m-deduped,step16000,16000,step8000,gpt_neox.layers.6.mlp.dense_4h_to_h.weight,mlp.dense_4h_to_h,6,0.8539451956748962,768,3072,768,51.059471879716746,5.465404510498047,87.27864901860738,713.9194927744799,1315.4011077433825,1.7127618590408626,2.5741629048233747,6.322932647948795,81,64,45,2.581033585747467,2.4805971244558833,2.1433114736037173
e1_phase_identification,EleutherAI/pythia-160m-deduped,step16000,16000,step8000,gpt_neox.layers.6.mlp.dense_h_to_4h.weight,mlp.dense_h_to_4h,6,0.9450703859329224,3072,768,768,56.84034066781371,9.508011817932129,35.73830234414429,702.8674316097129,1439.6567770540714,1.874553095122489,2.989076320060043,7.342087097869623,105,86,64,2.3691158450695426,2.24628354130252,1.9367709593904976
e1_phase_identification,EleutherAI/pythia-160m-deduped,step16000,16000,step8000,gpt_neox.layers.7.attention.dense.weight,attention.dense,7,0.7728930711746216,768,768,768,29.302972519843898,3.0038797855377197,95.16083824487664,567.5827028997828,643.4123942728183,0.8377765550427322,0.4873494879732654,2450.6528755446766,0,0,0,2.356088480488863,1.9067512109167994,1.262904141129756
e1_phase_identification,EleutherAI/pythia-160m-deduped,step16000,16000,step8000,gpt_neox.layers.7.attention.query_key_value.weight,attention.query_key_value,7,0.8286769390106201,2304,768,768,47.92726354570499,8.338379859924316,33.037099769781065,685.299437703829,1185.0646575391293,1.5430529395040746,1.9265936547067852,5.399892750174279,107,90,69,2.179850045131719,2.026215990136665,1.7141431333279467
e1_phase_identification,EleutherAI/pythia-160m-deduped,step16000,16000,step8000,gpt_neox.layers.7.mlp.dense_4h_to_h.weight,mlp.dense_4h_to_h,7,0.9218220710754395,768,3072,768,52.347309121649396,4.9772772789001465,110.61271517049477,723.6283166859381,1369.623242199421,1.7833635966138293,2.940336630641724,7.222367490032635,63,41,24,3.6399087122944467,3.3149975087266945,2.5857675267963347
e1_phase_identification,EleutherAI/pythia-160m-deduped,step16000,16000,step8000,gpt_neox.layers.7.mlp.dense_h_to_4h.weight,mlp.dense_h_to_4h,7,0.940325915813446,3072,768,768,58.05223139322219,9.5011568069458,37.33231003366852,703.074501043285,1471.1844096183777,1.9156047000239294,3.154344347100647,7.7480359995024894,102,82,61,2.360086001734031,2.2458799110951517,1.952372074065579
e1_phase_identification,EleutherAI/pythia-160m-deduped,step16000,16000,step8000,gpt_neox.layers.8.attention.dense.weight,attention.dense,8,0.7247974872589111,768,768,768,33.56094478585681,2.9123237133026123,132.79724453062823,574.7522050704077,745.2779388948693,0.9704139829360278,0.6678280164227672,3358.195071922456,0,0,0,2.6910550782791756,1.999755345615729,1.2759809486386373
e1_phase_identification,EleutherAI/pythia-160m-deduped,step16000,16000,step8000,gpt_neox.layers.8.attention.query_key_value.weight,attention.query_key_value,8,0.8614681959152222,2304,768,768,49.48512946038819,7.544757843017578,43.0188514589683,688.6239719572594,1233.2451676130295,1.6057879786627989,2.0769382678888917,5.821281445588295,120,104,80,2.6850020539010884,2.2798749033478716,1.751291933345799
e1_phase_identification,EleutherAI/pythia-160m-deduped,step16000,16000,step8000,gpt_neox.layers.8.mlp.dense_4h_to_h.weight,mlp.dense_4h_to_h,8,0.8945558071136475,768,3072,768,57.01740134317761,5.765152931213379,97.81223330471053,721.574508026158,1487.0406729727983,1.9362508762666646,3.4240477648034613,8.410510212716087,68,48,29,3.3125193680916665,3.0606512465477764,2.4725706201580575
e1_phase_identification,EleutherAI/pythia-160m-deduped,step16000,16000,step8000,gpt_neox.layers.8.mlp.dense_h_to_4h.weight,mlp.dense_h_to_4h,8,0.9362170100212097,3072,768,768,58.40488961622266,9.909046173095703,34.7403916921764,704.8419469355508,1483.2232267260551,1.9312802431328844,3.1893437151366655,7.834005168896491,100,81,61,2.3930716963276466,2.282603602791588,1.9707382807469584
e1_phase_identification,EleutherAI/pythia-160m-deduped,step16000,16000,step8000,gpt_neox.layers.9.attention.dense.weight,attention.dense,9,0.6781399250030518,768,768,768,34.472177615809336,2.8158645629882812,149.86972583658886,601.4383365481566,794.1107956673441,1.033998431858521,0.9015545230810496,4533.4964721868855,0,0,0,3.610473204036013,2.594447177343377,1.5769854073693723
e1_phase_identification,EleutherAI/pythia-160m-deduped,step16000,16000,step8000,gpt_neox.layers.9.attention.query_key_value.weight,attention.query_key_value,9,0.9110082983970642,2304,768,768,50.32331793191041,7.810434341430664,41.51338652601085,692.5191051568905,1261.4783904850483,1.64254998761074,2.2198108837181465,6.221727486988884,117,96,69,2.874264315718418,2.476928963571665,1.8454269506694576
e1_phase_identification,EleutherAI/pythia-160m-deduped,step16000,16000,step8000,gpt_neox.layers.9.mlp.dense_4h_to_h.weight,mlp.dense_4h_to_h,9,0.9072988033294678,768,3072,768,62.1647152454828,5.532739162445068,126.24305771462899,727.5924818558927,1635.8247543126345,2.129980148844576,4.275111490832188,10.500983433625631,49,29,15,4.078782381710458,3.6521591918469074,2.7896623721959912
e1_phase_identification,EleutherAI/pythia-160m-deduped,step16000,16000,step8000,gpt_neox.layers.9.mlp.dense_h_to_4h.weight,mlp.dense_h_to_4h,9,0.947946310043335,3072,768,768,60.523706651915305,10.149614334106445,35.55919779839243,704.8536762463744,1537.6619648337364,2.0021640167105943,3.4466231658264235,8.46596231324211,100,80,59,2.4097491277081877,2.3004656287306444,1.99208784380261
e1_phase_identification,EleutherAI/pythia-160m-deduped,step16000,16000,step8000,gpt_neox.layers.10.attention.dense.weight,attention.dense,10,0.8948724269866943,768,768,768,34.56447722904967,3.0538170337677,128.10732391726987,597.9610817366049,793.7852564629648,1.033574552686152,0.9171734200477921,4612.036607570148,0,0,0,3.477958906905179,2.7378322605764702,1.6299263118343945
e1_phase_identification,EleutherAI/pythia-160m-deduped,step16000,16000,step8000,gpt_neox.layers.10.attention.query_key_value.weight,attention.query_key_value,10,0.9440279006958008,2304,768,768,50.65365176182049,8.250978469848633,37.68865273467754,692.4773210898137,1266.732741445303,1.6493915904235716,2.2911931710971487,6.421799097920976,96,77,56,2.40325399555024,2.231459628933354,1.85784060814545
e1_phase_identification,EleutherAI/pythia-160m-deduped,step16000,16000,step8000,gpt_neox.layers.10.mlp.dense_4h_to_h.weight,mlp.dense_4h_to_h,10,0.885427713394165,768,3072,768,68.7521915799637,7.450699329376221,85.1488951535759,730.1684128497111,1814.2967054843903,2.3623655019328,5.3175556454622495,13.06154561351846,34,15,6,3.8340256634028567,3.6922540273909563,2.9215364093387297
e1_phase_identification,EleutherAI/pythia-160m-deduped,step16000,16000,step8000,gpt_neox.layers.10.mlp.dense_h_to_4h.weight,mlp.dense_h_to_4h,10,0.9475120306015015,3072,768,768,61.79887355787748,10.742074966430664,33.0967050996047,704.7080034444548,1567.0496571660042,2.040429241101568,3.548832860235919,8.717020633019665,99,81,60,2.273667563272078,2.1908264217058275,1.9379386943943577
e1_phase_identification,EleutherAI/pythia-160m-deduped,step16000,16000,step8000,gpt_neox.layers.11.attention.dense.weight,attention.dense,11,0.7619439363479614,768,768,768,30.10866531385328,3.586237668991089,70.48632569426402,609.1441622469899,700.4760966463364,0.9120782508415838,0.7543944807804,3793.497375585502,0,0,0,3.602684922332735,2.9030960981220466,1.7597691664954096
e1_phase_identification,EleutherAI/pythia-160m-deduped,step16000,16000,step8000,gpt_neox.layers.11.attention.query_key_value.weight,attention.query_key_value,11,0.8231745362281799,2304,768,768,49.72338815026858,9.984052658081055,24.803199232261466,690.6420608677064,1234.641137123108,1.6076056472957134,2.214455124165127,6.2067162638846405,80,63,45,2.1119364000036205,2.1098880415216663,1.87122717127145
e1_phase_identification,EleutherAI/pythia-160m-deduped,step16000,16000,step8000,gpt_neox.layers.11.mlp.dense_4h_to_h.weight,mlp.dense_4h_to_h,11,0.9201691150665283,768,3072,768,63.7313694423213,8.948010444641113,50.7286770405948,724.3889833481949,1663.3227979838848,2.1657848932081833,4.293206416422663,10.545430113967358,53,36,20,2.7822759041308673,2.8265498805030753,2.482554786874967
e1_phase_identification,EleutherAI/pythia-160m-deduped,step16000,16000,step8000,gpt_neox.layers.11.mlp.dense_h_to_4h.weight,mlp.dense_h_to_4h,11,0.9480805397033691,3072,768,768,60.614732914509865,10.87025260925293,31.09403754164977,706.2623196196979,1538.1796111166477,2.002838035308135,3.396086818157656,8.341829562364454,97,79,59,2.229852477441511,2.16706575839539,1.9350607885791087
e1_phase_identification,EleutherAI/pythia-160m-deduped,step64000,64000,step16000,gpt_neox.layers.0.attention.dense.weight,attention.dense,0,0.8445936441421509,768,768,768,20.835397467581217,4.068481922149658,26.22640709785784,529.2618135258448,428.2565464817453,0.5576257115647726,0.1686080120782174,847.8509156903475,0,0,0,1.7805561665379825,1.4680668904497705,1.0264314011131523
e1_phase_identification,EleutherAI/pythia-160m-deduped,step64000,64000,step16000,gpt_neox.layers.0.attention.query_key_value.weight,attention.query_key_value,0,0.8117332458496094,2304,768,768,55.52523533649788,7.999789714813232,48.17521633739082,689.0604315102743,1387.7677960395813,1.8069893177598715,2.764797901817957,7.749227300344261,109,85,57,2.832021772742044,2.56354295906668,1.9167244126708647
e1_phase_identification,EleutherAI/pythia-160m-deduped,step64000,64000,step16000,gpt_neox.layers.0.mlp.dense_4h_to_h.weight,mlp.dense_4h_to_h,0,0.7841980457305908,768,3072,768,42.254127725519474,4.348608493804932,94.4142748607202,748.9766729049031,1143.6333527863026,1.4891059281071648,2.3163857903502176,5.689753088899795,3,3,3,4.22943718774492,4.721618573532287,4.710588108628456
e1_phase_identification,EleutherAI/pythia-160m-deduped,step64000,64000,step16000,gpt_neox.layers.0.mlp.dense_h_to_4h.weight,mlp.dense_h_to_4h,0,0.45287376642227173,3072,768,768,62.49723033484562,8.398822784423828,55.371298373494966,734.347148148934,1662.5679810494184,2.164802058658097,5.315645991660517,13.056854918789456,2,2,2,3.417351764766047,4.075492724291717,4.386233731463398
e1_phase_identification,EleutherAI/pythia-160m-deduped,step64000,64000,step16000,gpt_neox.layers.1.attention.dense.weight,attention.dense,1,0.7964906692504883,768,768,768,20.615805602046038,3.1291680335998535,43.40530884117093,558.3345184008634,446.91447375963617,0.5819198877078596,0.22004762976045322,1106.5167193913771,0,0,0,2.4725493383061092,1.9276507315915896,1.203629623081034
e1_phase_identification,EleutherAI/pythia-160m-deduped,step64000,64000,step16000,gpt_neox.layers.1.attention.query_key_value.weight,attention.query_key_value,1,0.7454912662506104,2304,768,768,55.273545118598925,8.250115394592285,44.886381270546934,682.5258732157461,1368.3373000621796,1.7816891927892964,2.601294193886112,7.290956047903042,120,99,75,2.588599003730815,2.310151655056141,1.7830456480544297
e1_phase_identification,EleutherAI/pythia-160m-deduped,step64000,64000,step16000,gpt_neox.layers.1.mlp.dense_4h_to_h.weight,mlp.dense_4h_to_h,1,0.8970116376876831,768,3072,768,39.230290447645466,6.499114990234375,36.43632815738004,710.7391875256283,1004.7829535529017,1.3083111374386742,1.5232006707605947,3.7414474555915884,83,63,44,2.5061946501605448,2.4466790595765255,2.1454381318880107
e1_phase_identification,EleutherAI/pythia-160m-deduped,step64000,64000,step16000,gpt_neox.layers.1.mlp.dense_h_to_4h.weight,mlp.dense_h_to_4h,1,0.9013897776603699,3072,768,768,64.29860615143019,10.489889144897461,37.57174098040457,707.2524440862582,1630.5555329471827,2.1231191835249774,3.98096417207757,9.778467511430026,65,49,36,1.898264258675022,2.0078578330624213,1.9775238336159713
e1_phase_identification,EleutherAI/pythia-160m-deduped,step64000,64000,step16000,gpt_neox.layers.2.attention.dense.weight,attention.dense,2,0.8361254930496216,768,768,768,23.086775748427566,2.611912250518799,78.12848524117358,575.7167221796014,514.0990960288846,0.6693998646209435,0.3299427707644469,1659.1280382825107,0,0,0,2.8376484199515923,2.1957138875824516,1.3611492858011507
e1_phase_identification,EleutherAI/pythia-160m-deduped,step64000,64000,step16000,gpt_neox.layers.2.attention.query_key_value.weight,attention.query_key_value,2,0.8664969205856323,2304,768,768,57.15103116871564,8.3349027633667,47.016150314912196,697.9288091626971,1444.9199816286564,1.8814062260789797,3.109434039339078,8.715179916196512,81,61,41,2.866741862074118,2.646668822807488,2.065987468133977
e1_phase_identification,EleutherAI/pythia-160m-deduped,step64000,64000,step16000,gpt_neox.layers.2.mlp.dense_4h_to_h.weight,mlp.dense_4h_to_h,2,0.8459813594818115,768,3072,768,43.51545067436609,5.780227184295654,56.67573424034098,716.1632881716696,1124.5210722982883,1.4642201462217297,1.9255365998878986,4.72970774671578,72,55,38,2.66806473540554,2.586352930776169,2.257436908443592
e1_phase_identification,EleutherAI/pythia-160m-deduped,step64000,64000,step16000,gpt_neox.layers.2.mlp.dense_h_to_4h.weight,mlp.dense_h_to_4h,2,0.8439140319824219,3072,768,768,62.551533299185294,13.627626419067383,21.0685904306959,710.3820239984785,1590.5002937018871,2.0709639240909987,3.851837422050245,9.461292657444895,65,50,37,2.0858149786130826,2.182724147517085,2.1040465846812606
e1_phase_identification,EleutherAI/pythia-160m-deduped,step64000,64000,step16000,gpt_neox.layers.3.attention.dense.weight,attention.dense,3,0.7813144326210022,768,768,768,25.292070035317938,2.506351947784424,101.83208600994817,549.3548999109348,546.8738963378128,0.7120753858565271,0.3287778598237612,1653.2702454315997,0,0,0,2.7128511229826273,2.1293448169438722,1.2295885796720687
e1_phase_identification,EleutherAI/pythia-160m-deduped,step64000,64000,step16000,gpt_neox.layers.3.attention.query_key_value.weight,attention.query_key_value,3,0.7826534509658813,2304,768,768,51.301044309016305,7.56423807144165,45.9962084725528,682.7375091514385,1270.236454308033,1.653953716546918,2.2512865510937914,6.309948076552962,116,97,70,2.5525224997764684,2.2879759669916737,1.7839767858533995
e1_phase_identification,EleutherAI/pythia-160m-deduped,step64000,64000,step16000,gpt_neox.layers.3.mlp.dense_4h_to_h.weight,mlp.dense_4h_to_h,3,0.8876456022262573,768,3072,768,43.86254754989078,5.534587860107422,62.80831345349566,715.670403928073,1135.0498276129365,1.4779294630376778,1.9951597779326136,4.900723599942476,76,57,40,3.0336171441481,2.8276924485207218,2.340240982161496
e1_phase_identification,EleutherAI/pythia-160m-deduped,step64000,64000,step16000,gpt_neox.layers.3.mlp.dense_h_to_4h.weight,mlp.dense_h_to_4h,3,0.8559876680374146,3072,768,768,62.78063738263447,22.942983627319336,7.4877554301805285,700.9572258373888,1536.195437014103,2.00025447527878,3.562721622799714,8.751135688476987,73,55,36,1.8831743255491233,2.0479262852316116,2.0144727604494697
e1_phase_identification,EleutherAI/pythia-160m-deduped,step64000,64000,step16000,gpt_neox.layers.4.attention.dense.weight,attention.dense,4,0.8507957458496094,768,768,768,23.622200946756568,2.740736246109009,74.28587316685332,555.6634405867406,513.7450627643266,0.6689388838077169,0.3141415832188432,1579.6712487479774,0,0,0,2.5174916707086785,2.009093125328804,1.2970177080241014
e1_phase_identification,EleutherAI/pythia-160m-deduped,step64000,64000,step16000,gpt_neox.layers.4.attention.query_key_value.weight,attention.query_key_value,4,0.7520400285720825,2304,768,768,48.43721497851209,7.240445613861084,44.753575403067835,667.2818713625625,1176.6465603113174,1.5320918754053612,1.7734297636829126,4.97060213006468,154,137,115,2.6976035448003723,2.124766952586813,1.541527859367731
e1_phase_identification,EleutherAI/pythia-160m-deduped,step64000,64000,step16000,gpt_neox.layers.4.mlp.dense_4h_to_h.weight,mlp.dense_4h_to_h,4,0.7912954092025757,768,3072,768,45.10467192508027,5.102171897888184,78.15070204940129,713.6532573129874,1162.7549711167812,1.5140038686416422,2.0446866075417915,5.022376665216042,84,66,44,2.7737311426699534,2.6098886962123307,2.212700244589124
e1_phase_identification,EleutherAI/pythia-160m-deduped,step64000,64000,step16000,gpt_neox.layers.4.mlp.dense_h_to_4h.weight,mlp.dense_h_to_4h,4,0.8213193416595459,3072,768,768,57.94449124656863,8.216926574707031,49.72851561321263,710.9469500702975,1488.7676149308681,1.9384994986079012,3.3538643485791866,8.238118242900372,88,67,45,2.8436308170501574,2.68786917347236,2.2180983666232748
e1_phase_identification,EleutherAI/pythia-160m-deduped,step64000,64000,step16000,gpt_neox.layers.5.attention.dense.weight,attention.dense,5,0.7355936169624329,768,768,768,25.380270703035112,2.8166379928588867,81.19521454508134,563.7309651711348,556.7835269675124,0.7249785507389485,0.3686364219743883,1853.7003317660065,0,0,0,2.6174813050334858,2.071728044005511,1.295879303090008
e1_phase_identification,EleutherAI/pythia-160m-deduped,step64000,64000,step16000,gpt_neox.layers.5.attention.query_key_value.weight,attention.query_key_value,5,0.7314401865005493,2304,768,768,48.56215709591835,7.045260906219482,47.51183206946922,675.6664878400861,1191.8114806711674,1.551837865457249,1.9202695748944691,5.3821675009258865,126,110,89,2.475470301997381,2.12305425242487,1.653388322242772
e1_phase_identification,EleutherAI/pythia-160m-deduped,step64000,64000,step16000,gpt_neox.layers.5.mlp.dense_4h_to_h.weight,mlp.dense_4h_to_h,5,0.8388104438781738,768,3072,768,45.73860132185835,4.751559734344482,92.66022979290385,710.6440916418491,1176.357130214572,1.531715013300224,2.081044448259952,5.111682659663798,96,76,53,3.1379092390197867,2.776731926911704,2.2004806200261067
e1_phase_identification,EleutherAI/pythia-160m-deduped,step64000,64000,step16000,gpt_neox.layers.5.mlp.dense_h_to_4h.weight,mlp.dense_h_to_4h,5,0.8007315397262573,3072,768,768,57.083992485015315,8.493184089660645,45.17390201967096,704.8475950764677,1453.9958744347095,1.8932237948368613,3.125630727365717,7.6775065534745845,105,81,59,2.694589146610849,2.510816410109041,2.065858220807439
e1_phase_identification,EleutherAI/pythia-160m-deduped,step64000,64000,step16000,gpt_neox.layers.6.attention.dense.weight,attention.dense,6,0.6213723421096802,768,768,768,26.586187819706826,2.866734266281128,86.00768570399315,558.569399355444,578.8945957851975,0.7537690049286425,0.38132615643229606,1917.5110774559168,0,0,0,2.6027624754171628,1.9333949203071858,1.2194123858945156
e1_phase_identification,EleutherAI/pythia-160m-deduped,step64000,64000,step16000,gpt_neox.layers.6.attention.query_key_value.weight,attention.query_key_value,6,0.7279508709907532,2304,768,768,47.559159358637615,6.935844898223877,47.018589171384455,682.0644390305819,1177.6637549102306,1.5334163475393627,1.9533047432548827,5.474759089034969,117,96,71,2.6467214194839017,2.3410655498006303,1.8013141385437001
e1_phase_identification,EleutherAI/pythia-160m-deduped,step64000,64000,step16000,gpt_neox.layers.6.mlp.dense_4h_to_h.weight,mlp.dense_4h_to_h,6,0.8872847557067871,768,3072,768,46.346582476013744,4.998719692230225,85.96424692908182,711.5777926116538,1192.073146879673,1.5521785766662408,2.1405312160737324,5.2578003842359,86,66,47,2.8029348860129177,2.6258576582046635,2.1868768767892113
e1_phase_identification,EleutherAI/pythia-160m-deduped,step64000,64000,step16000,gpt_neox.layers.6.mlp.dense_h_to_4h.weight,mlp.dense_h_to_4h,6,0.8528084754943848,3072,768,768,57.6186069931493,8.76237964630127,43.239571065372836,703.1538503272648,1463.9957611858845,1.906244480710787,3.1500023110562907,7.737370628864141,105,84,61,2.6075764650753217,2.4349273813386487,2.021849899048484
e1_phase_identification,EleutherAI/pythia-160m-deduped,step64000,64000,step16000,gpt_neox.layers.7.attention.dense.weight,attention.dense,7,0.6061768531799316,768,768,768,28.075556995972953,3.0380518436431885,85.40167736078824,562.1506772716219,615.0066474466585,0.8007899055295032,0.4490376552138873,2258.0005686558115,0,0,0,2.6081145429117236,2.0607601936674085,1.286806004096054
e1_phase_identification,EleutherAI/pythia-160m-deduped,step64000,64000,step16000,gpt_neox.layers.7.attention.query_key_value.weight,attention.query_key_value,7,0.7086638808250427,2304,768,768,48.57625037282055,8.224916458129883,34.88068344230089,675.5611146172585,1187.2538427710533,1.5459034411081423,1.913968322193064,5.364506231931148,121,101,81,2.2210296832954293,2.022214939657015,1.6597686849417246
e1_phase_identification,EleutherAI/pythia-160m-deduped,step64000,64000,step16000,gpt_neox.layers.7.mlp.dense_4h_to_h.weight,mlp.dense_4h_to_h,7,0.7184463739395142,768,3072,768,47.13481720951707,4.652777194976807,102.62641118222608,720.6464442662955,1229.185491040349,1.6005019414587878,2.3912730115399796,5.87369904464629,63,42,21,3.635814288608008,3.3417753818350504,2.5988623299260167
e1_phase_identification,EleutherAI/pythia-160m-deduped,step64000,64000,step16000,gpt_neox.layers.7.mlp.dense_h_to_4h.weight,mlp.dense_h_to_4h,7,0.8754531145095825,3072,768,768,58.12092803765259,8.216453552246094,50.03757699677262,707.2963702831295,1485.5340092778206,1.9342890745804955,3.295560202646996,8.094905399946786,95,75,53,2.672929948064532,2.510519726064522,2.1065084561588385
e1_phase_identification,EleutherAI/pythia-160m-deduped,step64000,64000,step16000,gpt_neox.layers.8.attention.dense.weight,attention.dense,8,0.5196972489356995,768,768,768,31.192462131468098,2.7609713077545166,127.63668795150093,559.3789577898746,680.1364478748001,0.8855943331703126,0.5299038481572627,2664.6388706578955,0,0,0,2.4499785155388114,1.8809809617220428,1.210679820853283
e1_phase_identification,EleutherAI/pythia-160m-deduped,step64000,64000,step16000,gpt_neox.layers.8.attention.query_key_value.weight,attention.query_key_value,8,0.41038596630096436,2304,768,768,78.51214898294643,55.09159851074219,2.030967537626495,591.4631195570502,1326.964133054018,1.7278178815807526,2.020432971679213,5.662907343917369,145,125,99,1.1973837773542677,1.3015882563773926,1.269455671017981
e1_phase_identification,EleutherAI/pythia-160m-deduped,step64000,64000,step16000,gpt_neox.layers.8.mlp.dense_4h_to_h.weight,mlp.dense_4h_to_h,8,0.7258501648902893,768,3072,768,51.891004675000694,5.606126308441162,85.67584604737209,716.8353082154082,1344.90741930902,1.7511815355586198,2.782850538266075,6.8355334038083235,75,55,33,3.1150524874567926,2.9382722816790654,2.3883780090860336
e1_phase_identification,EleutherAI/pythia-160m-deduped,step64000,64000,step16000,gpt_neox.layers.8.mlp.dense_h_to_4h.weight,mlp.dense_h_to_4h,8,0.8892486095428467,3072,768,768,58.08705842500365,8.301658630371094,48.95860402967524,704.5820082177293,1480.845288977027,1.9281839700221706,3.290508555529101,8.082497007133803,97,76,56,2.7339361234873025,2.5420089741224485,2.1029869470388105
e1_phase_identification,EleutherAI/pythia-160m-deduped,step64000,64000,step16000,gpt_neox.layers.9.attention.dense.weight,attention.dense,9,0.4589696526527405,768,768,768,33.2404595956653,3.073453187942505,116.97170877079273,601.5310082840383,766.6556030676184,0.9982494831609614,0.8565694775196349,4307.287695975681,0,0,0,3.7416875626883277,2.739253099574747,1.62593754339142
e1_phase_identification,EleutherAI/pythia-160m-deduped,step64000,64000,step16000,gpt_neox.layers.9.attention.query_key_value.weight,attention.query_key_value,9,0.5023794174194336,2304,768,768,59.07269432843675,31.171939849853516,3.591252160008252,645.2608080299194,1244.7026639580727,1.620706593695407,2.094880972349138,5.871571593433793,108,86,61,1.4147152729990704,1.5701525749350693,1.5459568612473942
e1_phase_identification,EleutherAI/pythia-160m-deduped,step64000,64000,step16000,gpt_neox.layers.9.mlp.dense_4h_to_h.weight,mlp.dense_4h_to_h,9,0.6715943813323975,768,3072,768,59.26462686026344,6.207791328430176,91.1416504669162,725.1082497577776,1553.2900057435036,2.0225130283118538,3.8349589530381323,9.419833967101674,49,30,17,3.46026942866069,3.305349212176415,2.68235120092852
e1_phase_identification,EleutherAI/pythia-160m-deduped,step64000,64000,step16000,gpt_neox.layers.9.mlp.dense_h_to_4h.weight,mlp.dense_h_to_4h,9,0.7875030636787415,3072,768,768,60.457450264808244,8.31353759765625,52.884441731527225,701.7533058941,1536.2035105973482,2.000264987756964,3.5471915285220987,8.712989019534762,98,78,54,2.673115035899633,2.5042931634699137,2.085082235149783
e1_phase_identification,EleutherAI/pythia-160m-deduped,step64000,64000,step16000,gpt_neox.layers.10.attention.dense.weight,attention.dense,10,0.42129096388816833,768,768,768,25.961269157436774,3.0491082668304443,72.49468193326534,565.1430664024876,569.5003692104074,0.7415369390760512,0.3926305291759391,1974.3554863536183,0,0,0,2.5418786414140366,1.9537430629450925,1.2827091667242179
e1_phase_identification,EleutherAI/pythia-160m-deduped,step64000,64000,step16000,gpt_neox.layers.10.attention.query_key_value.weight,attention.query_key_value,10,0.26080647110939026,2304,768,768,111.94802267779112,58.75251007080078,3.6306133728536922,502.32198314979144,1741.6374223530293,2.267757060355507,2.398017874520697,6.72120937582108,190,176,158,0.9746851573481362,0.9691777784668791,0.9119667918276043
e1_phase_identification,EleutherAI/pythia-160m-deduped,step64000,64000,step16000,gpt_neox.layers.10.mlp.dense_4h_to_h.weight,mlp.dense_4h_to_h,10,0.5815652012825012,768,3072,768,67.27365056843982,7.699568748474121,76.34088458931532,726.7391737727357,1766.8274017870426,2.3005565127435452,5.027115764165615,12.348136293433928,41,22,11,3.465756159996177,3.4077541963467186,2.791836318694021
e1_phase_identification,EleutherAI/pythia-160m-deduped,step64000,64000,step16000,gpt_neox.layers.10.mlp.dense_h_to_4h.weight,mlp.dense_h_to_4h,10,0.8748675584793091,3072,768,768,61.138120611115866,8.457894325256348,52.25160791906712,701.9970591921788,1552.2612818181515,2.0211735440340513,3.5636578272219666,8.753435293329316,103,83,59,2.597662655943229,2.428644434315062,2.0262728690072436
e1_phase_identification,EleutherAI/pythia-160m-deduped,step64000,64000,step16000,gpt_neox.layers.11.attention.dense.weight,attention.dense,11,0.5532907247543335,768,768,768,21.334775283224594,2.2866806983947754,87.04926205003979,620.6907271810602,503.0771102293802,0.6550483206111721,0.4118592610455085,2071.0477948757994,0,0,0,3.520087690794508,2.962768695805877,1.9173483905237898
e1_phase_identification,EleutherAI/pythia-160m-deduped,step64000,64000,step16000,gpt_neox.layers.11.attention.query_key_value.weight,attention.query_key_value,11,0.42811062932014465,2304,768,768,133.194157653875,67.79109954833984,3.8603350063179995,543.8562168568607,2406.818754374981,3.1338785864257566,4.989332216458735,13.98419370791858,205,189,171,1.1706962996814485,1.140853233229102,1.0006034310922651
e1_phase_identification,EleutherAI/pythia-160m-deduped,step64000,64000,step16000,gpt_neox.layers.11.mlp.dense_4h_to_h.weight,mlp.dense_4h_to_h,11,0.6345227956771851,768,3072,768,63.80004845883423,11.273881912231445,32.02543623103807,721.9560892019954,1655.330994412303,2.155378898974353,4.232873898420536,10.397234967850611,55,39,24,2.5141856005775507,2.6024663583602585,2.3760249000800253
e1_phase_identification,EleutherAI/pythia-160m-deduped,step64000,64000,step16000,gpt_neox.layers.11.mlp.dense_h_to_4h.weight,mlp.dense_h_to_4h,11,0.8398882746696472,3072,768,768,59.23352888252043,8.032755851745605,54.375852557714595,712.5381402161994,1522.4144159257412,1.982310437403309,3.433112868231845,8.432776883685886,88,70,50,2.5795746174188094,2.4580940070554607,2.1176655965737354
e1_phase_identification,EleutherAI/pythia-160m-deduped,step143000,143000,step64000,gpt_neox.layers.0.attention.dense.weight,attention.dense,0,0.9460868835449219,768,768,768,13.8753988402144,2.675457239151001,26.89644754574872,526.4045105637106,283.95325416458945,0.36973079969347583,0.07277513130712032,365.9521333399235,0,0,0,1.7592069448391952,1.4530121768517514,1.0136807686780365
e1_phase_identification,EleutherAI/pythia-160m-deduped,step143000,143000,step64000,gpt_neox.layers.0.attention.query_key_value.weight,attention.query_key_value,0,0.9717452526092529,2304,768,768,42.61064758674134,6.21082878112793,47.06923667478207,685.8313070039178,1060.1049628555775,1.3803450037182,1.5845023218546217,4.441072760472302,117,93,64,2.7594306687499555,2.5101170219918174,1.862786028375739
e1_phase_identification,EleutherAI/pythia-160m-deduped,step143000,143000,step64000,gpt_neox.layers.0.mlp.dense_4h_to_h.weight,mlp.dense_4h_to_h,0,0.8293282389640808,768,3072,768,28.04905719509715,2.7553813457489014,103.62704362074278,751.5660100048477,761.2574480324984,0.9912206354589822,0.9989398748712564,2.4537023419637602,4,4,2,4.4305618144032275,4.808551683948242,4.624767364057958
e1_phase_identification,EleutherAI/pythia-160m-deduped,step143000,143000,step64000,gpt_neox.layers.0.mlp.dense_h_to_4h.weight,mlp.dense_h_to_4h,0,0.7719196081161499,3072,768,768,43.96023829574757,6.442466735839844,46.560293166556335,733.9312336123689,1167.1341279149055,1.5197058957225333,2.5547095890026768,6.275149345080483,3,3,2,3.2789665597813804,3.815221849290604,3.9724827677356425
e1_phase_identification,EleutherAI/pythia-160m-deduped,step143000,143000,step64000,gpt_neox.layers.1.attention.dense.weight,attention.dense,1,0.9390804767608643,768,768,768,13.788098725474153,2.097485065460205,43.21266136263881,558.1578509669617,298.8185196330305,0.3890866141055085,0.09963650055457629,501.02540911395374,0,0,0,2.459316842356527,1.926743581015446,1.208171035166348
e1_phase_identification,EleutherAI/pythia-160m-deduped,step143000,143000,step64000,gpt_neox.layers.1.attention.query_key_value.weight,attention.query_key_value,1,0.9654338359832764,2304,768,768,41.55725489496141,6.357593059539795,42.7275757091167,679.2986565325024,1024.4292360246181,1.333892234407055,1.4343009996840195,4.020085683786915,126,107,82,2.5797581547892943,2.2751734651164184,1.7454655262630105
e1_phase_identification,EleutherAI/pythia-160m-deduped,step143000,143000,step64000,gpt_neox.layers.1.mlp.dense_4h_to_h.weight,mlp.dense_4h_to_h,1,0.9839290380477905,768,3072,768,26.207612018528476,4.406296730041504,35.375893776574415,706.9936514254559,668.2196694090962,0.870077694543094,0.6760858672937538,1.660673998183409,85,66,46,2.475680047998169,2.429307591564613,2.13006947255718
e1_phase_identification,EleutherAI/pythia-160m-deduped,step143000,143000,step64000,gpt_neox.layers.1.mlp.dense_h_to_4h.weight,mlp.dense_h_to_4h,1,0.9772940278053284,3072,768,768,46.36262846593728,8.680404663085938,28.52700355698929,707.9655567900732,1174.328936457634,1.5290741360125442,2.098473112452737,5.154492797914259,57,43,31,1.8595728965343876,1.9909694488576084,1.9985331604862253
e1_phase_identification,EleutherAI/pythia-160m-deduped,step143000,143000,step64000,gpt_neox.layers.2.attention.dense.weight,attention.dense,2,0.9486112594604492,768,768,768,15.65872125818453,1.7896977663040161,76.55141001114,572.4468805931881,347.08320116685354,0.45193125151934055,0.14943652494684878,751.4464642106865,0,0,0,2.7315644003598174,2.1208606862924655,1.3408608289417137
e1_phase_identification,EleutherAI/pythia-160m-deduped,step143000,143000,step64000,gpt_neox.layers.2.attention.query_key_value.weight,attention.query_key_value,2,0.9459925889968872,2304,768,768,42.488532239416855,6.707308292388916,40.127945066982754,696.2542652200855,1070.9813463687897,1.3945069614176948,1.6888737433841712,4.7336069339685665,89,66,43,2.8044495277121486,2.60018642759711,2.024138454174137
e1_phase_identification,EleutherAI/pythia-160m-deduped,step143000,143000,step64000,gpt_neox.layers.2.mlp.dense_4h_to_h.weight,mlp.dense_4h_to_h,2,0.9344602823257446,768,3072,768,29.03440222748564,3.641944408416748,63.55638005820046,713.3511402593573,748.06519446522,0.9740432219599219,0.8578966719586134,2.107257029277224,73,58,39,2.641152275414064,2.5620177433648017,2.242376931931513
e1_phase_identification,EleutherAI/pythia-160m-deduped,step143000,143000,step64000,gpt_neox.layers.2.mlp.dense_h_to_4h.weight,mlp.dense_h_to_4h,2,0.9695879220962524,3072,768,768,44.83545348311215,10.832624435424805,17.130725672226884,712.0537187297405,1139.11467333138,1.4832222309002343,1.9884413222071444,4.88422101458909,58,45,31,2.04075558327455,2.1671349417792274,2.128438683087917
e1_phase_identification,EleutherAI/pythia-160m-deduped,step143000,143000,step64000,gpt_neox.layers.3.attention.dense.weight,attention.dense,3,0.8169394731521606,768,768,768,17.582517879419115,1.740389347076416,102.06322869588023,544.2967971816124,377.9171756723081,0.4920796558233178,0.1565397259146284,787.1651431194366,0,0,0,2.5820205468483612,2.043166643960854,1.219999432507893
e1_phase_identification,EleutherAI/pythia-160m-deduped,step143000,143000,step64000,gpt_neox.layers.3.attention.query_key_value.weight,attention.query_key_value,3,0.9596933722496033,2304,768,768,38.54958487604961,6.214838981628418,38.47509041873843,681.7642111156964,952.539201259613,1.2402854183067877,1.2567774824368172,3.522519447426347,119,98,73,2.521959333465915,2.282043264768893,1.7732571968339397
e1_phase_identification,EleutherAI/pythia-160m-deduped,step143000,143000,step64000,gpt_neox.layers.3.mlp.dense_4h_to_h.weight,mlp.dense_4h_to_h,3,0.9620473384857178,768,3072,768,29.596908205640837,3.4365599155426025,74.17283023471583,713.7092870439164,764.4869027808309,0.9954256546625402,0.9044800550969203,2.221680088340504,79,59,40,3.0799655732455267,2.8510943173689123,2.3430418364889216
e1_phase_identification,EleutherAI/pythia-160m-deduped,step143000,143000,step64000,gpt_neox.layers.3.mlp.dense_h_to_4h.weight,mlp.dense_h_to_4h,3,0.8648685812950134,3072,768,768,44.08705844573726,13.626842498779297,10.467230150792968,707.3570224995867,1102.2680415511131,1.4352448457696785,1.851153530017207,4.547000141047628,66,50,33,2.0143486155374717,2.1654168515109506,2.101717125383437
e1_phase_identification,EleutherAI/pythia-160m-deduped,step143000,143000,step64000,gpt_neox.layers.4.attention.dense.weight,attention.dense,4,0.7886353731155396,768,768,768,16.69873003320351,2.1740994453430176,58.99403162369699,553.72133712984,362.68240304049687,0.4722427122923136,0.16039073849227536,806.5300861019703,0,0,0,2.4564471498661082,2.036389302446121,1.3299280585179998
e1_phase_identification,EleutherAI/pythia-160m-deduped,step143000,143000,step64000,gpt_neox.layers.4.attention.query_key_value.weight,attention.query_key_value,4,0.6717987656593323,2304,768,768,40.09320626394698,15.170621871948242,6.9844917577113845,650.1076097216352,914.9245267808437,1.1913079775792237,1.0358232048515958,2.903224663216119,152,133,109,1.7999556866595208,1.733518904725187,1.4461036937942198
e1_phase_identification,EleutherAI/pythia-160m-deduped,step143000,143000,step64000,gpt_neox.layers.4.mlp.dense_4h_to_h.weight,mlp.dense_4h_to_h,4,0.8885060548782349,768,3072,768,30.9965756711529,3.380263566970825,84.0865060308301,712.4031812874744,797.8768185451627,1.0389021074806806,0.9611444871661554,2.3608652917465123,86,67,46,2.7730113576127238,2.5967277841367284,2.19485643889494
e1_phase_identification,EleutherAI/pythia-160m-deduped,step143000,143000,step64000,gpt_neox.layers.4.mlp.dense_h_to_4h.weight,mlp.dense_h_to_4h,4,0.9488963484764099,3072,768,768,41.94336578856411,5.702657699584961,54.096846336545525,711.0715559078504,1077.8467779010534,1.4034463253919967,1.7510685906056054,4.301160870429666,90,69,45,2.8918498588721677,2.7121554268995913,2.2183880162141527
e1_phase_identification,EleutherAI/pythia-160m-deduped,step143000,143000,step64000,gpt_neox.layers.5.attention.dense.weight,attention.dense,5,0.7608078122138977,768,768,768,17.272479618370717,3.5218260288238525,24.053239744030797,556.691573417655,372.7512742040126,0.48535322161980804,0.1662695775060734,836.0920207906526,0,0,0,2.160680670151905,1.887638982034269,1.2896300775626086
e1_phase_identification,EleutherAI/pythia-160m-deduped,step143000,143000,step64000,gpt_neox.layers.5.attention.query_key_value.weight,attention.query_key_value,5,0.5035235285758972,2304,768,768,46.16165691998521,26.49556541442871,3.0354032466271206,622.14509425415,927.3089109361172,1.2074334777814026,1.019286862176422,2.8568762925008326,138,121,100,1.3787677244154073,1.4014375856079813,1.3071628848907861
e1_phase_identification,EleutherAI/pythia-160m-deduped,step143000,143000,step64000,gpt_neox.layers.5.mlp.dense_4h_to_h.weight,mlp.dense_4h_to_h,5,0.7235222458839417,768,3072,768,31.53798934860436,5.042619228363037,39.11610950670838,700.9184772512252,798.1103594973683,1.0392061972621984,0.9404654483980668,2.3100712378387556,107,85,61,2.5356558064579247,2.402380773961831,2.0187653435668067
e1_phase_identification,EleutherAI/pythia-160m-deduped,step143000,143000,step64000,gpt_neox.layers.5.mlp.dense_h_to_4h.weight,mlp.dense_h_to_4h,5,0.9399548768997192,3072,768,768,40.688048564762795,5.627132892608643,52.282865102242766,704.9561864272177,1036.8577539622784,1.3500752004717167,1.587111031911732,3.8984308804974233,106,85,59,2.7626482248989714,2.5460481528205694,2.0698233537927204
e1_phase_identification,EleutherAI/pythia-160m-deduped,step143000,143000,step64000,gpt_neox.layers.6.attention.dense.weight,attention.dense,6,0.5424147248268127,768,768,768,16.068212884282385,3.118889093399048,26.542100581219657,532.7940817340121,335.77482061329647,0.43720679767356313,0.11603221905401018,583.471817038492,0,0,0,2.114517757172927,1.7460432758090034,1.1318656038105872
e1_phase_identification,EleutherAI/pythia-160m-deduped,step143000,143000,step64000,gpt_neox.layers.6.attention.query_key_value.weight,attention.query_key_value,6,0.3992422819137573,2304,768,768,75.81350109788892,64.98886108398438,1.3608656553233611,543.6519188809641,977.7621936500072,1.2731278563151136,1.070257445427174,2.9997375971124582,135,118,97,1.103812652725007,1.2175037388661196,1.2337811509899557
e1_phase_identification,EleutherAI/pythia-160m-deduped,step143000,143000,step64000,gpt_neox.layers.6.mlp.dense_4h_to_h.weight,mlp.dense_4h_to_h,6,0.6382659673690796,768,3072,768,33.25403148143469,5.75801944732666,33.35357207661058,696.8546087993998,832.4698176756501,1.0839450750985027,1.015667625743312,2.494790822384906,98,77,55,2.0584553378643693,2.0872722617024633,1.9090786100932424
e1_phase_identification,EleutherAI/pythia-160m-deduped,step143000,143000,step64000,gpt_neox.layers.6.mlp.dense_h_to_4h.weight,mlp.dense_h_to_4h,6,0.8605923652648926,3072,768,768,42.51396289027365,5.5162177085876465,59.39917074254052,704.6574388312313,1083.0448100864887,1.4102145964667823,1.7121426068243863,4.205546729909417,107,85,61,2.6784694443344716,2.4791019002575756,2.0350975353880925
e1_phase_identification,EleutherAI/pythia-160m-deduped,step143000,143000,step64000,gpt_neox.layers.7.attention.dense.weight,attention.dense,7,0.5454060435295105,768,768,768,14.4009295764083,2.1285288333892822,45.77432808276259,523.8699585684521,299.0903910707566,0.389440613373381,0.08313005800309314,418.0222216641615,0,0,0,2.199339366033575,1.695270035884034,1.0495856046582184
e1_phase_identification,EleutherAI/pythia-160m-deduped,step143000,143000,step64000,gpt_neox.layers.7.attention.query_key_value.weight,attention.query_key_value,7,0.36175116896629333,2304,768,768,97.21605513257774,71.2946548461914,1.859353846737849,449.8737209436207,1140.6254200339317,1.4851893490025152,0.9775779963844062,2.7399739029086825,185,169,152,0.8694459182330373,0.9117550832331279,0.8999358170346075
e1_phase_identification,EleutherAI/pythia-160m-deduped,step143000,143000,step64000,gpt_neox.layers.7.mlp.dense_4h_to_h.weight,mlp.dense_4h_to_h,7,0.5151219367980957,768,3072,768,33.66676880681013,5.438737392425537,38.31834066759494,702.396876149983,849.6247193068266,1.1062821865974304,1.0847036153013079,2.6643643608124035,85,64,40,2.0942876021628662,2.180518400851497,2.020739197750213
e1_phase_identification,EleutherAI/pythia-160m-deduped,step143000,143000,step64000,gpt_neox.layers.7.mlp.dense_h_to_4h.weight,mlp.dense_h_to_4h,7,0.7856137156486511,3072,768,768,42.959974482236134,5.527769565582275,60.39878030645204,708.3628203669961,1099.7930182516575,1.4320221591818456,1.8003339171506525,4.422171604070439,94,73,52,2.680621168851101,2.520828596863455,2.1152630607977456
e1_phase_identification,EleutherAI/pythia-160m-deduped,step143000,143000,step64000,gpt_neox.layers.8.attention.dense.weight,attention.dense,8,0.36348992586135864,768,768,768,8.926026975285716,1.7960829734802246,24.698103045297284,485.54015722809856,172.3460605867731,0.22440893305569412,0.020986397747205787,105.53078900400017,0,0,0,1.6016023345771249,1.2563484101474078,0.8634433650484988
e1_phase_identification,EleutherAI/pythia-160m-deduped,step143000,143000,step64000,gpt_neox.layers.8.attention.query_key_value.weight,attention.query_key_value,8,0.37207919359207153,2304,768,768,125.50597746071746,79.2177505493164,2.5100582990858284,414.5563518919896,1452.6444836258888,1.8914641713878761,1.3250549454887306,3.7138887986300038,192,180,163,0.812308627986874,0.8202441893867052,0.8011119370941187
e1_phase_identification,EleutherAI/pythia-160m-deduped,step143000,143000,step64000,gpt_neox.layers.8.mlp.dense_4h_to_h.weight,mlp.dense_4h_to_h,8,0.5674259662628174,768,3072,768,38.3746555933713,5.87522029876709,42.66194684122036,704.107347482323,971.5023052245378,1.2649769599277836,1.397479785746242,3.43263844941068,87,67,45,2.149375783027506,2.201635281771464,2.0146638438033673
e1_phase_identification,EleutherAI/pythia-160m-deduped,step143000,143000,step64000,gpt_neox.layers.8.mlp.dense_h_to_4h.weight,mlp.dense_h_to_4h,8,0.7496045827865601,3072,768,768,43.74678582734661,5.646368503570557,60.02799849985405,701.8960569120984,1112.1765392422676,1.4481465354717027,1.8676161009208556,4.587437258232717,97,75,54,2.6700733564111765,2.517942676151718,2.1017930214714684
e1_phase_identification,EleutherAI/pythia-160m-deduped,step143000,143000,step64000,gpt_neox.layers.9.attention.dense.weight,attention.dense,9,0.4698129892349243,768,768,768,8.223475800424838,1.4738690853118896,31.130996197482084,541.3540636187709,172.9334841161908,0.22517380744295679,0.03208311834985822,161.33101230391227,0,0,0,1.9827984868552553,1.5853647916194815,1.1249477104128485
e1_phase_identification,EleutherAI/pythia-160m-deduped,step143000,143000,step64000,gpt_neox.layers.9.attention.query_key_value.weight,attention.query_key_value,9,0.5828977227210999,2304,768,768,164.7553844679202,120.13594818115234,1.8807595381896591,372.58574259990365,1758.3959952145815,2.2895781187689863,1.3980457046105386,3.9184686642641786,223,214,199,0.8290213170847506,0.7732431962311971,0.6952420244121265
e1_phase_identification,EleutherAI/pythia-160m-deduped,step143000,143000,step64000,gpt_neox.layers.9.mlp.dense_4h_to_h.weight,mlp.dense_4h_to_h,9,0.5850481390953064,768,3072,768,43.221436093611246,6.035088539123535,51.289810429299685,715.1207474789446,1112.026582211256,1.4479512789209064,1.8901142710683771,4.642699656070213,64,44,25,2.296983463713877,2.3928451988514707,2.2177017119684335
e1_phase_identification,EleutherAI/pythia-160m-deduped,step143000,143000,step64000,gpt_neox.layers.9.mlp.dense_h_to_4h.weight,mlp.dense_h_to_4h,9,0.7826600074768066,3072,768,768,43.883400884659075,5.934828281402588,54.67442688837654,696.3281704995759,1107.668370231986,1.4422765237395652,1.847376822474935,4.5377233903897585,104,83,59,2.596084683534102,2.450010048863792,2.0388858052053402
e1_phase_identification,EleutherAI/pythia-160m-deduped,step143000,143000,step64000,gpt_neox.layers.10.attention.dense.weight,attention.dense,10,0.5521591305732727,768,768,768,10.622565599666867,1.457300066947937,53.13257620848256,566.3866422531216,233.20026493239857,0.303646178297394,0.06980368505907997,351.01011847791955,0,0,0,2.272702100867163,1.963406353086009,1.3699398346005802
e1_phase_identification,EleutherAI/pythia-160m-deduped,step143000,143000,step64000,gpt_neox.layers.10.attention.query_key_value.weight,attention.query_key_value,10,0.7143787741661072,2304,768,768,183.86346529440223,127.7542724609375,2.0712857434350265,387.6683277160925,2151.203463792801,2.801046176813543,2.333282602064301,6.539768142707993,234,220,203,0.8149223347609246,0.799477215163372,0.7343762356056863
e1_phase_identification,EleutherAI/pythia-160m-deduped,step143000,143000,step64000,gpt_neox.layers.10.mlp.dense_4h_to_h.weight,mlp.dense_4h_to_h,10,0.6844737529754639,768,3072,768,46.188514540907676,5.0824360847473145,82.58936725920474,722.448564949273,1205.739392787218,1.5699731676916902,2.301243031267134,5.652557833849291,54,35,19,3.1446939911012524,3.073972314425316,2.5780587121465577
e1_phase_identification,EleutherAI/pythia-160m-deduped,step143000,143000,step64000,gpt_neox.layers.10.mlp.dense_h_to_4h.weight,mlp.dense_h_to_4h,10,0.888089656829834,3072,768,768,43.67628515196951,5.701279640197754,58.68764724990732,697.3484789816821,1102.246041804552,1.4352162002663438,1.7638533130318734,4.332564065104155,115,92,67,2.5502591104424748,2.3827665451908264,1.9641784097002735
e1_phase_identification,EleutherAI/pythia-160m-deduped,step143000,143000,step64000,gpt_neox.layers.11.attention.dense.weight,attention.dense,11,0.47596293687820435,768,768,768,11.100150433633814,1.8112940788269043,37.556040118465226,613.1747369784902,259.2006855629879,0.33750089266014055,0.1093840430526627,550.0412460891222,0,0,0,3.1921368266314603,2.8666732087159708,1.8908366671134902
e1_phase_identification,EleutherAI/pythia-160m-deduped,step143000,143000,step64000,gpt_neox.layers.11.attention.query_key_value.weight,attention.query_key_value,11,0.7736785411834717,2304,768,768,148.50510219065634,77.00517272949219,3.7191436340114064,495.71409113130676,2503.9385121911764,3.260336604415594,4.334527015134,12.148893435455065,225,211,193,1.0541898600344337,0.9879248630831318,0.8555540660535513
e1_phase_identification,EleutherAI/pythia-160m-deduped,step143000,143000,step64000,gpt_neox.layers.11.mlp.dense_4h_to_h.weight,mlp.dense_4h_to_h,11,0.6465389132499695,768,3072,768,44.67101405937883,6.972386837005615,41.04768548559304,724.2360075684984,1165.3640684187412,1.5174011307535693,2.103418507352309,5.1666402027303695,58,38,21,2.834312184934316,2.8572384612514017,2.4832302939512054
e1_phase_identification,EleutherAI/pythia-160m-deduped,step143000,143000,step64000,gpt_neox.layers.11.mlp.dense_h_to_4h.weight,mlp.dense_h_to_4h,11,0.8229288458824158,3072,768,768,41.76980356504304,5.554470539093018,56.550901231673706,709.7438683012995,1068.6384854912758,1.3914563613167654,1.6531142027066963,4.060554886987314,98,78,57,2.4920720683282616,2.368875611629995,2.0274201757159527
