model,module,metric,prev_step,next_step,interval,prev_value,next_value,delta,relative_delta,transition_strength,abs_relative_delta
EleutherAI/pythia-1b-deduped,attention.dense,alpha_tail_frac_0.2,0,1,0->1,4.403548895640339,4.403548895640339,0.0,0.0,0.0,0.0
EleutherAI/pythia-1b-deduped,attention.dense,alpha_tail_frac_0.2,1,2,1->2,4.403548895640339,4.403421256531901,-0.0001276391084372719,-2.8985509520198563e-05,-2.8985509520198563e-05,2.8985509520198563e-05
EleutherAI/pythia-1b-deduped,attention.dense,alpha_tail_frac_0.2,2,4,2->4,4.403421256531901,4.403597741073017,0.000176484541115407,4.007895925323409e-05,4.007895925323409e-05,4.007895925323409e-05
EleutherAI/pythia-1b-deduped,attention.dense,alpha_tail_frac_0.2,4,8,4->8,4.403597741073017,4.403519225985247,-7.85150877700147e-05,-1.7829759298328925e-05,-1.7829759298328925e-05,1.7829759298328925e-05
EleutherAI/pythia-1b-deduped,attention.dense,alpha_tail_frac_0.2,8,16,8->16,4.403519225985247,4.4035099015359975,-9.324449249170641e-06,-2.1174993841618264e-06,-2.1174993841618264e-06,2.1174993841618264e-06
EleutherAI/pythia-1b-deduped,attention.dense,alpha_tail_frac_0.2,16,32,16->32,4.4035099015359975,4.403905283812442,0.0003953822764444226,8.97879839685199e-05,8.97879839685199e-05,8.97879839685199e-05
EleutherAI/pythia-1b-deduped,attention.dense,alpha_tail_frac_0.2,32,64,32->64,4.403905283812442,4.403232491144948,-0.0006727926674940932,-0.00015277182957747597,-0.00015277182957747597,0.00015277182957747597
EleutherAI/pythia-1b-deduped,attention.dense,alpha_tail_frac_0.2,64,128,64->128,4.403232491144948,4.400188733221264,-0.003043757923683721,-0.0006912553288530941,-0.0006912553288530941,0.0006912553288530941
EleutherAI/pythia-1b-deduped,attention.dense,alpha_tail_frac_0.2,128,256,128->256,4.400188733221264,4.352722112450407,-0.04746662077085695,-0.010787405642961382,-0.010787405642961382,0.010787405642961382
EleutherAI/pythia-1b-deduped,attention.dense,alpha_tail_frac_0.2,256,512,256->512,4.352722112450407,3.691111993420698,-0.6616101190297092,-0.15199916326776428,-0.15199916326776428,0.15199916326776428
EleutherAI/pythia-1b-deduped,attention.dense,alpha_tail_frac_0.2,512,1000,512->1000,3.691111993420698,1.980018063385384,-1.7110939300353138,-0.4635713934133742,-0.4635713934133742,0.4635713934133742
EleutherAI/pythia-1b-deduped,attention.dense,alpha_tail_frac_0.2,1000,2000,1000->2000,1.980018063385384,1.6076371430118068,-0.3723809203735773,-0.18806945616278967,-0.18806945616278967,0.18806945616278967
EleutherAI/pythia-1b-deduped,attention.dense,alpha_tail_frac_0.2,2000,3000,2000->3000,1.6076371430118068,1.7890169981969792,0.1813798551851724,0.1128238769385832,0.1128238769385832,0.1128238769385832
EleutherAI/pythia-1b-deduped,attention.dense,alpha_tail_frac_0.2,3000,4000,3000->4000,1.7890169981969792,1.9373032380397743,0.1482862398427951,0.08288699324386474,0.08288699324386474,0.08288699324386474
EleutherAI/pythia-1b-deduped,attention.dense,alpha_tail_frac_0.2,4000,5000,4000->5000,1.9373032380397743,2.0521273843803964,0.1148241463406221,0.05927009467900626,0.05927009467900626,0.05927009467900626
EleutherAI/pythia-1b-deduped,attention.dense,alpha_tail_frac_0.2,5000,6000,5000->6000,2.0521273843803964,2.157515501599749,0.10538811721935248,0.05135554353080338,0.05135554353080338,0.05135554353080338
EleutherAI/pythia-1b-deduped,attention.dense,alpha_tail_frac_0.2,6000,7000,6000->7000,2.157515501599749,2.2415777906931345,0.08406228909338553,0.038962542346053265,0.038962542346053265,0.038962542346053265
EleutherAI/pythia-1b-deduped,attention.dense,alpha_tail_frac_0.2,7000,8000,7000->8000,2.2415777906931345,2.310381888681805,0.0688040979886706,0.030694494866209614,0.030694494866209614,0.030694494866209614
EleutherAI/pythia-1b-deduped,attention.dense,alpha_tail_frac_0.3,0,1,0->1,3.052957733320933,3.052957733320933,0.0,0.0,-0.0,0.0
EleutherAI/pythia-1b-deduped,attention.dense,alpha_tail_frac_0.3,1,2,1->2,3.052957733320933,3.0529526282078217,-5.105113111358861e-06,-1.6721859774337496e-06,1.6721859774337496e-06,1.6721859774337496e-06
EleutherAI/pythia-1b-deduped,attention.dense,alpha_tail_frac_0.3,2,4,2->4,3.0529526282078217,3.0529970872796386,4.445907181693798e-05,1.45626471259799e-05,-1.45626471259799e-05,1.45626471259799e-05
EleutherAI/pythia-1b-deduped,attention.dense,alpha_tail_frac_0.3,4,8,4->8,3.0529970872796386,3.052839708799309,-0.0001573784803294842,-5.1548847191879944e-05,5.1548847191879944e-05,5.1548847191879944e-05
EleutherAI/pythia-1b-deduped,attention.dense,alpha_tail_frac_0.3,8,16,8->16,3.052839708799309,3.0528387176680774,-9.911312317534282e-07,-3.246587853585403e-07,3.246587853585403e-07,3.246587853585403e-07
EleutherAI/pythia-1b-deduped,attention.dense,alpha_tail_frac_0.3,16,32,16->32,3.0528387176680774,3.052880561706072,4.184403799456504e-05,1.3706599615755025e-05,-1.3706599615755025e-05,1.3706599615755025e-05
EleutherAI/pythia-1b-deduped,attention.dense,alpha_tail_frac_0.3,32,64,32->64,3.052880561706072,3.0525236206795885,-0.00035694102648342607,-0.00011691942061560254,0.00011691942061560254,0.00011691942061560254
EleutherAI/pythia-1b-deduped,attention.dense,alpha_tail_frac_0.3,64,128,64->128,3.0525236206795885,3.0513888440916332,-0.001134776587955244,-0.00037175030531040907,0.00037175030531040907,0.00037175030531040907
EleutherAI/pythia-1b-deduped,attention.dense,alpha_tail_frac_0.3,128,256,128->256,3.0513888440916332,3.0412862819420434,-0.010102562149589822,-0.0033108078536591553,0.0033108078536591553,0.0033108078536591553
EleutherAI/pythia-1b-deduped,attention.dense,alpha_tail_frac_0.3,256,512,256->512,3.0412862819420434,2.819342598043902,-0.22194368389814123,-0.07297691283319238,0.07297691283319238,0.07297691283319238
EleutherAI/pythia-1b-deduped,attention.dense,alpha_tail_frac_0.3,512,1000,512->1000,2.819342598043902,1.8035175574026088,-1.0158250406412934,-0.36030564052262615,0.36030564052262615,0.36030564052262615
EleutherAI/pythia-1b-deduped,attention.dense,alpha_tail_frac_0.3,1000,2000,1000->2000,1.8035175574026088,1.342950215532726,-0.4605673418698828,-0.25537169847845986,0.25537169847845986,0.25537169847845986
EleutherAI/pythia-1b-deduped,attention.dense,alpha_tail_frac_0.3,2000,3000,2000->3000,1.342950215532726,1.4325989049403223,0.0896486894075963,0.06675503557067258,-0.06675503557067258,0.06675503557067258
EleutherAI/pythia-1b-deduped,attention.dense,alpha_tail_frac_0.3,3000,4000,3000->4000,1.4325989049403223,1.514434320198736,0.08183541525841376,0.05712374550625923,-0.05712374550625923,0.05712374550625923
EleutherAI/pythia-1b-deduped,attention.dense,alpha_tail_frac_0.3,4000,5000,4000->5000,1.514434320198736,1.5824346862762957,0.06800036607755966,0.04490149567436586,-0.04490149567436586,0.04490149567436586
EleutherAI/pythia-1b-deduped,attention.dense,alpha_tail_frac_0.3,5000,6000,5000->6000,1.5824346862762957,1.6470585100317527,0.06462382375545705,0.04083822499333965,-0.04083822499333965,0.04083822499333965
EleutherAI/pythia-1b-deduped,attention.dense,alpha_tail_frac_0.3,6000,7000,6000->7000,1.6470585100317527,1.702040898406725,0.05498238837497227,0.03338217072438969,-0.03338217072438969,0.03338217072438969
EleutherAI/pythia-1b-deduped,attention.dense,alpha_tail_frac_0.3,7000,8000,7000->8000,1.702040898406725,1.7491250653956296,0.04708416698890461,0.027663358167804474,-0.027663358167804474,0.027663358167804474
EleutherAI/pythia-1b-deduped,attention.dense,alpha_tail_frac_0.5,0,1,0->1,1.76694352016048,1.76694352016048,0.0,0.0,0.0,0.0
EleutherAI/pythia-1b-deduped,attention.dense,alpha_tail_frac_0.5,1,2,1->2,1.76694352016048,1.7669408309337364,-2.689226743513018e-06,-1.5219653106213892e-06,-1.5219653106213892e-06,1.5219653106213892e-06
EleutherAI/pythia-1b-deduped,attention.dense,alpha_tail_frac_0.5,2,4,2->4,1.7669408309337364,1.7669430057436353,2.1748098988361164e-06,1.2308334612911806e-06,1.2308334612911806e-06,1.2308334612911806e-06
EleutherAI/pythia-1b-deduped,attention.dense,alpha_tail_frac_0.5,4,8,4->8,1.7669430057436353,1.7669607831285232,1.7777384887951442e-05,1.0061096951149022e-05,1.0061096951149022e-05,1.0061096951149022e-05
EleutherAI/pythia-1b-deduped,attention.dense,alpha_tail_frac_0.5,8,16,8->16,1.7669607831285232,1.766943778378106,-1.700475041732652e-05,-9.623728256837051e-06,-9.623728256837051e-06,9.623728256837051e-06
EleutherAI/pythia-1b-deduped,attention.dense,alpha_tail_frac_0.5,16,32,16->32,1.766943778378106,1.7669304193363766,-1.3359041729277266e-05,-7.560535820518349e-06,-7.560535820518349e-06,7.560535820518349e-06
EleutherAI/pythia-1b-deduped,attention.dense,alpha_tail_frac_0.5,32,64,32->64,1.7669304193363766,1.7668677803123507,-6.263902402592336e-05,-3.545075875110796e-05,-3.545075875110796e-05,3.545075875110796e-05
EleutherAI/pythia-1b-deduped,attention.dense,alpha_tail_frac_0.5,64,128,64->128,1.7668677803123507,1.766713993406476,-0.0001537869058747532,-8.703928363416042e-05,-8.703928363416042e-05,8.703928363416042e-05
EleutherAI/pythia-1b-deduped,attention.dense,alpha_tail_frac_0.5,128,256,128->256,1.766713993406476,1.76634748058538,-0.000366512821095899,-0.00020745452997120528,-0.00020745452997120528,0.00020745452997120528
EleutherAI/pythia-1b-deduped,attention.dense,alpha_tail_frac_0.5,256,512,256->512,1.76634748058538,1.7349966726607773,-0.031350807924602764,-0.017748947061194967,-0.017748947061194967,0.017748947061194967
EleutherAI/pythia-1b-deduped,attention.dense,alpha_tail_frac_0.5,512,1000,512->1000,1.7349966726607773,1.4030033313117796,-0.3319933413489977,-0.1913509959875969,-0.1913509959875969,0.1913509959875969
EleutherAI/pythia-1b-deduped,attention.dense,alpha_tail_frac_0.5,1000,2000,1000->2000,1.4030033313117796,1.0391194449661179,-0.3638838863456617,-0.25936067165655147,-0.25936067165655147,0.25936067165655147
EleutherAI/pythia-1b-deduped,attention.dense,alpha_tail_frac_0.5,2000,3000,2000->3000,1.0391194449661179,1.0495951672993278,0.010475722333209925,0.010081345685472589,0.010081345685472589,0.010081345685472589
EleutherAI/pythia-1b-deduped,attention.dense,alpha_tail_frac_0.5,3000,4000,3000->4000,1.0495951672993278,1.075380487379403,0.02578532008007528,0.024566919592815876,0.024566919592815876,0.024566919592815876
EleutherAI/pythia-1b-deduped,attention.dense,alpha_tail_frac_0.5,4000,5000,4000->5000,1.075380487379403,1.1000010822272006,0.02462059484779755,0.02289477551129148,0.02289477551129148,0.02289477551129148
EleutherAI/pythia-1b-deduped,attention.dense,alpha_tail_frac_0.5,5000,6000,5000->6000,1.1000010822272006,1.1253369137545541,0.025335831527353525,0.02303255145534255,0.02303255145534255,0.02303255145534255
EleutherAI/pythia-1b-deduped,attention.dense,alpha_tail_frac_0.5,6000,7000,6000->7000,1.1253369137545541,1.1481652985281812,0.02282838477362703,0.020285822400904388,0.020285822400904388,0.020285822400904388
EleutherAI/pythia-1b-deduped,attention.dense,alpha_tail_frac_0.5,7000,8000,7000->8000,1.1481652985281812,1.1683423970829716,0.02017709855479044,0.017573339466571265,0.017573339466571265,0.017573339466571265
EleutherAI/pythia-1b-deduped,attention.dense,effective_rank,0,1,0->1,1648.3917191606026,1648.3917191606026,0.0,0.0,-0.0,0.0
EleutherAI/pythia-1b-deduped,attention.dense,effective_rank,1,2,1->2,1648.3917191606026,1648.3919904999402,0.000271339337587051,1.646085298979922e-07,-1.646085298979922e-07,1.646085298979922e-07
EleutherAI/pythia-1b-deduped,attention.dense,effective_rank,2,4,2->4,1648.3919904999402,1648.3928018562358,0.000811356295571386,4.92210772830381e-07,-4.92210772830381e-07,4.92210772830381e-07
EleutherAI/pythia-1b-deduped,attention.dense,effective_rank,4,8,4->8,1648.3928018562358,1648.3938233996048,0.0010215433690063946,6.197208382953663e-07,-6.197208382953663e-07,6.197208382953663e-07
EleutherAI/pythia-1b-deduped,attention.dense,effective_rank,8,16,8->16,1648.3938233996048,1648.3911338093344,-0.0026895902703927277,-1.6316430165006229e-06,1.6316430165006229e-06,1.6316430165006229e-06
EleutherAI/pythia-1b-deduped,attention.dense,effective_rank,16,32,16->32,1648.3911338093344,1648.3927212304293,0.001587421094882302,9.630123957375729e-07,-9.630123957375729e-07,9.630123957375729e-07
EleutherAI/pythia-1b-deduped,attention.dense,effective_rank,32,64,32->64,1648.3927212304293,1648.3809830237037,-0.01173820672556758,-7.121001308963366e-06,7.121001308963366e-06,7.121001308963366e-06
EleutherAI/pythia-1b-deduped,attention.dense,effective_rank,64,128,64->128,1648.3809830237037,1648.305279863187,-0.07570316051669579,-4.5925766734963075e-05,4.5925766734963075e-05,4.5925766734963075e-05
EleutherAI/pythia-1b-deduped,attention.dense,effective_rank,128,256,128->256,1648.305279863187,1647.501050144778,-0.804229718409033,-0.0004879130876021858,0.0004879130876021858,0.0004879130876021858
EleutherAI/pythia-1b-deduped,attention.dense,effective_rank,256,512,256->512,1647.501050144778,1637.5881457370565,-9.912904407721499,-0.006016933589723887,0.006016933589723887,0.006016933589723887
EleutherAI/pythia-1b-deduped,attention.dense,effective_rank,512,1000,512->1000,1637.5881457370565,1565.5668515330756,-72.02129420398091,-0.04398010231782977,0.04398010231782977,0.04398010231782977
EleutherAI/pythia-1b-deduped,attention.dense,effective_rank,1000,2000,1000->2000,1565.5668515330756,1438.0541868495736,-127.51266468350195,-0.08144824001519678,0.08144824001519678,0.08144824001519678
EleutherAI/pythia-1b-deduped,attention.dense,effective_rank,2000,3000,2000->3000,1438.0541868495736,1442.2110920466785,4.156905197104834,0.002890645731654659,-0.002890645731654659,0.002890645731654659
EleutherAI/pythia-1b-deduped,attention.dense,effective_rank,3000,4000,3000->4000,1442.2110920466785,1454.0561932078551,11.845101161176672,0.008213153557408146,-0.008213153557408146,0.008213153557408146
EleutherAI/pythia-1b-deduped,attention.dense,effective_rank,4000,5000,4000->5000,1454.0561932078551,1464.8808540575305,10.82466084967541,0.007444458405554919,-0.007444458405554919,0.007444458405554919
EleutherAI/pythia-1b-deduped,attention.dense,effective_rank,5000,6000,5000->6000,1464.8808540575305,1475.3696848678223,10.488830810291802,0.007160193800908169,-0.007160193800908169,0.007160193800908169
EleutherAI/pythia-1b-deduped,attention.dense,effective_rank,6000,7000,6000->7000,1475.3696848678223,1484.1209577986733,8.751272930850973,0.00593157973937562,-0.00593157973937562,0.00593157973937562
EleutherAI/pythia-1b-deduped,attention.dense,effective_rank,7000,8000,7000->8000,1484.1209577986733,1491.606716485862,7.485758687188763,0.0050439006658136755,-0.0050439006658136755,0.0050439006658136755
EleutherAI/pythia-1b-deduped,attention.dense,frobenius_norm,0,1,0->1,5.657892896417417,5.657892896417417,0.0,0.0,0.0,0.0
EleutherAI/pythia-1b-deduped,attention.dense,frobenius_norm,1,2,1->2,5.657892896417417,5.657903434691897,1.053827447972111e-05,1.8625793511206428e-06,1.8625793511206428e-06,1.8625793511206428e-06
EleutherAI/pythia-1b-deduped,attention.dense,frobenius_norm,2,4,2->4,5.657903434691897,5.657928215945559,2.478125366245365e-05,4.3799357745310725e-06,4.3799357745310725e-06,4.3799357745310725e-06
EleutherAI/pythia-1b-deduped,attention.dense,frobenius_norm,4,8,4->8,5.657928215945559,5.657897663858398,-3.055208716151725e-05,-5.399871825062727e-06,-5.399871825062727e-06,5.399871825062727e-06
EleutherAI/pythia-1b-deduped,attention.dense,frobenius_norm,8,16,8->16,5.657897663858398,5.657937746423065,4.008256466736526e-05,7.084356601816639e-06,7.084356601816639e-06,7.084356601816639e-06
EleutherAI/pythia-1b-deduped,attention.dense,frobenius_norm,16,32,16->32,5.657937746423065,5.6581874682954405,0.0002497218723753747,4.41365535584417e-05,4.41365535584417e-05,4.41365535584417e-05
EleutherAI/pythia-1b-deduped,attention.dense,frobenius_norm,32,64,32->64,5.6581874682954405,5.658948200095277,0.0007607317998363783,0.00013444796661454881,0.00013444796661454881,0.00013444796661454881
EleutherAI/pythia-1b-deduped,attention.dense,frobenius_norm,64,128,64->128,5.658948200095277,5.661607477416967,0.0026592773216904675,0.000469924308839799,0.000469924308839799,0.000469924308839799
EleutherAI/pythia-1b-deduped,attention.dense,frobenius_norm,128,256,128->256,5.661607477416967,5.677693818443975,0.01608634102700801,0.002841302773314894,0.002841302773314894,0.002841302773314894
EleutherAI/pythia-1b-deduped,attention.dense,frobenius_norm,256,512,256->512,5.677693818443975,5.847708488835956,0.17001467039198026,0.029944318208857627,0.029944318208857627,0.029944318208857627
EleutherAI/pythia-1b-deduped,attention.dense,frobenius_norm,512,1000,512->1000,5.847708488835956,7.036325790560296,1.1886173017243404,0.20326206478885941,0.20326206478885941,0.20326206478885941
EleutherAI/pythia-1b-deduped,attention.dense,frobenius_norm,1000,2000,1000->2000,7.036325790560296,12.178665178806407,5.142339388246111,0.7308273580999012,0.7308273580999012,0.7308273580999012
EleutherAI/pythia-1b-deduped,attention.dense,frobenius_norm,2000,3000,2000->3000,12.178665178806407,16.84917111341209,4.670505934605684,0.38349900141215987,0.38349900141215987,0.38349900141215987
EleutherAI/pythia-1b-deduped,attention.dense,frobenius_norm,3000,4000,3000->4000,16.84917111341209,20.82129590287806,3.972124789465969,0.23574600570730075,0.23574600570730075,0.23574600570730075
EleutherAI/pythia-1b-deduped,attention.dense,frobenius_norm,4000,5000,4000->5000,20.82129590287806,24.158506238606495,3.337210335728436,0.16027870461545018,0.16027870461545018,0.16027870461545018
EleutherAI/pythia-1b-deduped,attention.dense,frobenius_norm,5000,6000,5000->6000,24.158506238606495,27.025782644383078,2.8672764057765825,0.11868599728216696,0.11868599728216696,0.11868599728216696
EleutherAI/pythia-1b-deduped,attention.dense,frobenius_norm,6000,7000,6000->7000,27.025782644383078,29.54540733631937,2.5196246919362935,0.09323040613071268,0.09323040613071268,0.09323040613071268
EleutherAI/pythia-1b-deduped,attention.dense,frobenius_norm,7000,8000,7000->8000,29.54540733631937,31.797213996888996,2.251806660569624,0.07621511644557571,0.07621511644557571,0.07621511644557571
EleutherAI/pythia-1b-deduped,attention.dense,mp_outliers_x1,0,1,0->1,0.0,0.0,0.0,0.0,0.0,0.0
EleutherAI/pythia-1b-deduped,attention.dense,mp_outliers_x1,1,2,1->2,0.0,0.0,0.0,0.0,0.0,0.0
EleutherAI/pythia-1b-deduped,attention.dense,mp_outliers_x1,2,4,2->4,0.0,0.0,0.0,0.0,0.0,0.0
EleutherAI/pythia-1b-deduped,attention.dense,mp_outliers_x1,4,8,4->8,0.0,0.0,0.0,0.0,0.0,0.0
EleutherAI/pythia-1b-deduped,attention.dense,mp_outliers_x1,8,16,8->16,0.0,0.0,0.0,0.0,0.0,0.0
EleutherAI/pythia-1b-deduped,attention.dense,mp_outliers_x1,16,32,16->32,0.0,0.0,0.0,0.0,0.0,0.0
EleutherAI/pythia-1b-deduped,attention.dense,mp_outliers_x1,32,64,32->64,0.0,0.0,0.0,0.0,0.0,0.0
EleutherAI/pythia-1b-deduped,attention.dense,mp_outliers_x1,64,128,64->128,0.0,0.0,0.0,0.0,0.0,0.0
EleutherAI/pythia-1b-deduped,attention.dense,mp_outliers_x1,128,256,128->256,0.0,0.0,0.0,0.0,0.0,0.0
EleutherAI/pythia-1b-deduped,attention.dense,mp_outliers_x1,256,512,256->512,0.0,0.0,0.0,0.0,0.0,0.0
EleutherAI/pythia-1b-deduped,attention.dense,mp_outliers_x1,512,1000,512->1000,0.0,0.0,0.0,0.0,0.0,0.0
EleutherAI/pythia-1b-deduped,attention.dense,mp_outliers_x1,1000,2000,1000->2000,0.0,0.0,0.0,0.0,0.0,0.0
EleutherAI/pythia-1b-deduped,attention.dense,mp_outliers_x1,2000,3000,2000->3000,0.0,0.0,0.0,0.0,0.0,0.0
EleutherAI/pythia-1b-deduped,attention.dense,mp_outliers_x1,3000,4000,3000->4000,0.0,0.0,0.0,0.0,0.0,0.0
EleutherAI/pythia-1b-deduped,attention.dense,mp_outliers_x1,4000,5000,4000->5000,0.0,0.0,0.0,0.0,0.0,0.0
EleutherAI/pythia-1b-deduped,attention.dense,mp_outliers_x1,5000,6000,5000->6000,0.0,0.0,0.0,0.0,0.0,0.0
EleutherAI/pythia-1b-deduped,attention.dense,mp_outliers_x1,6000,7000,6000->7000,0.0,0.0,0.0,0.0,0.0,0.0
EleutherAI/pythia-1b-deduped,attention.dense,mp_outliers_x1,7000,8000,7000->8000,0.0,0.0,0.0,0.0,0.0,0.0
EleutherAI/pythia-1b-deduped,attention.dense,mp_outliers_x1.1,0,1,0->1,0.0,0.0,0.0,0.0,0.0,0.0
EleutherAI/pythia-1b-deduped,attention.dense,mp_outliers_x1.1,1,2,1->2,0.0,0.0,0.0,0.0,0.0,0.0
EleutherAI/pythia-1b-deduped,attention.dense,mp_outliers_x1.1,2,4,2->4,0.0,0.0,0.0,0.0,0.0,0.0
EleutherAI/pythia-1b-deduped,attention.dense,mp_outliers_x1.1,4,8,4->8,0.0,0.0,0.0,0.0,0.0,0.0
EleutherAI/pythia-1b-deduped,attention.dense,mp_outliers_x1.1,8,16,8->16,0.0,0.0,0.0,0.0,0.0,0.0
EleutherAI/pythia-1b-deduped,attention.dense,mp_outliers_x1.1,16,32,16->32,0.0,0.0,0.0,0.0,0.0,0.0
EleutherAI/pythia-1b-deduped,attention.dense,mp_outliers_x1.1,32,64,32->64,0.0,0.0,0.0,0.0,0.0,0.0
EleutherAI/pythia-1b-deduped,attention.dense,mp_outliers_x1.1,64,128,64->128,0.0,0.0,0.0,0.0,0.0,0.0
EleutherAI/pythia-1b-deduped,attention.dense,mp_outliers_x1.1,128,256,128->256,0.0,0.0,0.0,0.0,0.0,0.0
EleutherAI/pythia-1b-deduped,attention.dense,mp_outliers_x1.1,256,512,256->512,0.0,0.0,0.0,0.0,0.0,0.0
EleutherAI/pythia-1b-deduped,attention.dense,mp_outliers_x1.1,512,1000,512->1000,0.0,0.0,0.0,0.0,0.0,0.0
EleutherAI/pythia-1b-deduped,attention.dense,mp_outliers_x1.1,1000,2000,1000->2000,0.0,0.0,0.0,0.0,0.0,0.0
EleutherAI/pythia-1b-deduped,attention.dense,mp_outliers_x1.1,2000,3000,2000->3000,0.0,0.0,0.0,0.0,0.0,0.0
EleutherAI/pythia-1b-deduped,attention.dense,mp_outliers_x1.1,3000,4000,3000->4000,0.0,0.0,0.0,0.0,0.0,0.0
EleutherAI/pythia-1b-deduped,attention.dense,mp_outliers_x1.1,4000,5000,4000->5000,0.0,0.0,0.0,0.0,0.0,0.0
EleutherAI/pythia-1b-deduped,attention.dense,mp_outliers_x1.1,5000,6000,5000->6000,0.0,0.0,0.0,0.0,0.0,0.0
EleutherAI/pythia-1b-deduped,attention.dense,mp_outliers_x1.1,6000,7000,6000->7000,0.0,0.0,0.0,0.0,0.0,0.0
EleutherAI/pythia-1b-deduped,attention.dense,mp_outliers_x1.1,7000,8000,7000->8000,0.0,0.0,0.0,0.0,0.0,0.0
EleutherAI/pythia-1b-deduped,attention.dense,mp_outliers_x1.25,0,1,0->1,0.0,0.0,0.0,0.0,0.0,0.0
EleutherAI/pythia-1b-deduped,attention.dense,mp_outliers_x1.25,1,2,1->2,0.0,0.0,0.0,0.0,0.0,0.0
EleutherAI/pythia-1b-deduped,attention.dense,mp_outliers_x1.25,2,4,2->4,0.0,0.0,0.0,0.0,0.0,0.0
EleutherAI/pythia-1b-deduped,attention.dense,mp_outliers_x1.25,4,8,4->8,0.0,0.0,0.0,0.0,0.0,0.0
EleutherAI/pythia-1b-deduped,attention.dense,mp_outliers_x1.25,8,16,8->16,0.0,0.0,0.0,0.0,0.0,0.0
EleutherAI/pythia-1b-deduped,attention.dense,mp_outliers_x1.25,16,32,16->32,0.0,0.0,0.0,0.0,0.0,0.0
EleutherAI/pythia-1b-deduped,attention.dense,mp_outliers_x1.25,32,64,32->64,0.0,0.0,0.0,0.0,0.0,0.0
EleutherAI/pythia-1b-deduped,attention.dense,mp_outliers_x1.25,64,128,64->128,0.0,0.0,0.0,0.0,0.0,0.0
EleutherAI/pythia-1b-deduped,attention.dense,mp_outliers_x1.25,128,256,128->256,0.0,0.0,0.0,0.0,0.0,0.0
EleutherAI/pythia-1b-deduped,attention.dense,mp_outliers_x1.25,256,512,256->512,0.0,0.0,0.0,0.0,0.0,0.0
EleutherAI/pythia-1b-deduped,attention.dense,mp_outliers_x1.25,512,1000,512->1000,0.0,0.0,0.0,0.0,0.0,0.0
EleutherAI/pythia-1b-deduped,attention.dense,mp_outliers_x1.25,1000,2000,1000->2000,0.0,0.0,0.0,0.0,0.0,0.0
EleutherAI/pythia-1b-deduped,attention.dense,mp_outliers_x1.25,2000,3000,2000->3000,0.0,0.0,0.0,0.0,0.0,0.0
EleutherAI/pythia-1b-deduped,attention.dense,mp_outliers_x1.25,3000,4000,3000->4000,0.0,0.0,0.0,0.0,0.0,0.0
EleutherAI/pythia-1b-deduped,attention.dense,mp_outliers_x1.25,4000,5000,4000->5000,0.0,0.0,0.0,0.0,0.0,0.0
EleutherAI/pythia-1b-deduped,attention.dense,mp_outliers_x1.25,5000,6000,5000->6000,0.0,0.0,0.0,0.0,0.0,0.0
EleutherAI/pythia-1b-deduped,attention.dense,mp_outliers_x1.25,6000,7000,6000->7000,0.0,0.0,0.0,0.0,0.0,0.0
EleutherAI/pythia-1b-deduped,attention.dense,mp_outliers_x1.25,7000,8000,7000->8000,0.0,0.0,0.0,0.0,0.0,0.0
EleutherAI/pythia-1b-deduped,attention.dense,nuclear_norm,0,1,0->1,217.31165103469007,217.31165103469007,0.0,0.0,0.0,0.0
EleutherAI/pythia-1b-deduped,attention.dense,nuclear_norm,1,2,1->2,217.31165103469007,217.31211827548083,0.0004672407907548859,2.150095443710456e-06,2.150095443710456e-06,2.150095443710456e-06
EleutherAI/pythia-1b-deduped,attention.dense,nuclear_norm,2,4,2->4,217.31211827548083,217.31314418843797,0.001025912957146602,4.720919225710526e-06,4.720919225710526e-06,4.720919225710526e-06
EleutherAI/pythia-1b-deduped,attention.dense,nuclear_norm,4,8,4->8,217.31314418843797,217.31202817903628,-0.0011160094016986477,-5.1354896449840205e-06,-5.1354896449840205e-06,5.1354896449840205e-06
EleutherAI/pythia-1b-deduped,attention.dense,nuclear_norm,8,16,8->16,217.31202817903628,217.31328230684758,0.001254127811307626,5.771092478481612e-06,5.771092478481612e-06,5.771092478481612e-06
EleutherAI/pythia-1b-deduped,attention.dense,nuclear_norm,16,32,16->32,217.31328230684758,217.32289359110524,0.009611284257658781,4.4227780997240426e-05,4.4227780997240426e-05,4.4227780997240426e-05
EleutherAI/pythia-1b-deduped,attention.dense,nuclear_norm,32,64,32->64,217.32289359110524,217.35055620855337,0.027662617448129367,0.0001272880964864046,0.0001272880964864046,0.0001272880964864046
EleutherAI/pythia-1b-deduped,attention.dense,nuclear_norm,64,128,64->128,217.35055620855337,217.44320114168528,0.09264493313190769,0.00042624658868142996,0.00042624658868142996,0.00042624658868142996
EleutherAI/pythia-1b-deduped,attention.dense,nuclear_norm,128,256,128->256,217.44320114168528,217.95144042480803,0.508239283122748,0.0023373427196354537,0.0023373427196354537,0.0023373427196354537
EleutherAI/pythia-1b-deduped,attention.dense,nuclear_norm,256,512,256->512,217.95144042480803,222.99675857403227,5.045318149224244,0.02314881764208769,0.02314881764208769,0.02314881764208769
EleutherAI/pythia-1b-deduped,attention.dense,nuclear_norm,512,1000,512->1000,222.99675857403227,255.60582752815426,32.609068954121994,0.14623113431173945,0.14623113431173945,0.14623113431173945
EleutherAI/pythia-1b-deduped,attention.dense,nuclear_norm,1000,2000,1000->2000,255.60582752815426,411.3537210552523,155.74789352709806,0.6093284141181885,0.6093284141181885,0.6093284141181885
EleutherAI/pythia-1b-deduped,attention.dense,nuclear_norm,2000,3000,2000->3000,411.3537210552523,574.4993022880894,163.14558123283712,0.39660655266303835,0.39660655266303835,0.39660655266303835
EleutherAI/pythia-1b-deduped,attention.dense,nuclear_norm,3000,4000,3000->4000,574.4993022880894,716.9716611433861,142.47235885529665,0.2479939632439309,0.2479939632439309,0.2479939632439309
EleutherAI/pythia-1b-deduped,attention.dense,nuclear_norm,4000,5000,4000->5000,716.9716611433861,838.3856454586783,121.41398431529217,0.1693427939978378,0.1693427939978378,0.1693427939978378
EleutherAI/pythia-1b-deduped,attention.dense,nuclear_norm,5000,6000,5000->6000,838.3856454586783,944.5374497030159,106.15180424433765,0.1266145297445571,0.1266145297445571,0.1266145297445571
EleutherAI/pythia-1b-deduped,attention.dense,nuclear_norm,6000,7000,6000->7000,944.5374497030159,1038.4199253178422,93.88247561482626,0.09939518612453635,0.09939518612453635,0.09939518612453635
EleutherAI/pythia-1b-deduped,attention.dense,nuclear_norm,7000,8000,7000->8000,1038.4199253178422,1122.7575684993656,84.33764318152339,0.08121728129947915,0.08121728129947915,0.08121728129947915
EleutherAI/pythia-1b-deduped,attention.dense,spectral_norm,0,1,0->1,0.24950761813670394,0.24950761813670394,0.0,0.0,0.0,0.0
EleutherAI/pythia-1b-deduped,attention.dense,spectral_norm,1,2,1->2,0.24950761813670394,0.24951178673654792,4.168599843978882e-06,1.670730487146176e-05,1.670730487146176e-05,1.670730487146176e-05
EleutherAI/pythia-1b-deduped,attention.dense,spectral_norm,2,4,2->4,0.24951178673654792,0.24952005408704278,8.267350494861603e-06,3.3134108023352495e-05,3.3134108023352495e-05,3.3134108023352495e-05
EleutherAI/pythia-1b-deduped,attention.dense,spectral_norm,4,8,4->8,0.24952005408704278,0.24951798189431426,-2.0721927285194397e-06,-8.304714168538411e-06,-8.304714168538411e-06,8.304714168538411e-06
EleutherAI/pythia-1b-deduped,attention.dense,spectral_norm,8,16,8->16,0.24951798189431426,0.24951909296214578,1.1110678315162659e-06,4.4528567563616174e-06,4.4528567563616174e-06,4.4528567563616174e-06
EleutherAI/pythia-1b-deduped,attention.dense,spectral_norm,16,32,16->32,0.24951909296214578,0.249538566917181,1.9473955035209656e-05,7.804595152999365e-05,7.804595152999365e-05,7.804595152999365e-05
EleutherAI/pythia-1b-deduped,attention.dense,spectral_norm,32,64,32->64,0.249538566917181,0.24963093549013135,9.236857295036316e-05,0.00037015750347179434,0.00037015750347179434,0.00037015750347179434
EleutherAI/pythia-1b-deduped,attention.dense,spectral_norm,64,128,64->128,0.24963093549013135,0.25073426775634283,0.001103332266211482,0.00441985390969574,0.00441985390969574,0.00441985390969574
EleutherAI/pythia-1b-deduped,attention.dense,spectral_norm,128,256,128->256,0.25073426775634283,0.27938986197113985,0.02865559421479702,0.11428670867808748,0.11428670867808748,0.11428670867808748
EleutherAI/pythia-1b-deduped,attention.dense,spectral_norm,256,512,256->512,0.27938986197113985,0.3988048005849123,0.11941493861377245,0.42741328468704515,0.42741328468704515,0.42741328468704515
EleutherAI/pythia-1b-deduped,attention.dense,spectral_norm,512,1000,512->1000,0.3988048005849123,0.662508524954319,0.2637037243694067,0.6612350803751132,0.6612350803751132,0.6612350803751132
EleutherAI/pythia-1b-deduped,attention.dense,spectral_norm,1000,2000,1000->2000,0.662508524954319,1.2213873118162155,0.5588787868618965,0.8435797666144575,0.8435797666144575,0.8435797666144575
EleutherAI/pythia-1b-deduped,attention.dense,spectral_norm,2000,3000,2000->3000,1.2213873118162155,1.4569158256053925,0.23552851378917694,0.19283687615744982,0.19283687615744982,0.19283687615744982
EleutherAI/pythia-1b-deduped,attention.dense,spectral_norm,3000,4000,3000->4000,1.4569158256053925,1.7220220938324928,0.2651062682271004,0.1819640253525002,0.1819640253525002,0.1819640253525002
EleutherAI/pythia-1b-deduped,attention.dense,spectral_norm,4000,5000,4000->5000,1.7220220938324928,1.9544794037938118,0.23245730996131897,0.134990898661371,0.134990898661371,0.134990898661371
EleutherAI/pythia-1b-deduped,attention.dense,spectral_norm,5000,6000,5000->6000,1.9544794037938118,2.150057651102543,0.19557824730873108,0.10006667091451406,0.10006667091451406,0.10006667091451406
EleutherAI/pythia-1b-deduped,attention.dense,spectral_norm,6000,7000,6000->7000,2.150057651102543,2.3440797179937363,0.1940220668911934,0.09024040206159553,0.09024040206159553,0.09024040206159553
EleutherAI/pythia-1b-deduped,attention.dense,spectral_norm,7000,8000,7000->8000,2.3440797179937363,2.5281176567077637,0.1840379387140274,0.0785118088353515,0.0785118088353515,0.0785118088353515
EleutherAI/pythia-1b-deduped,attention.dense,stable_rank,0,1,0->1,514.221771892839,514.221771892839,0.0,0.0,-0.0,0.0
EleutherAI/pythia-1b-deduped,attention.dense,stable_rank,1,2,1->2,514.221771892839,514.2066575747156,-0.015114318123437442,-2.9392606360874105e-05,2.9392606360874105e-05,2.9392606360874105e-05
EleutherAI/pythia-1b-deduped,attention.dense,stable_rank,2,4,2->4,514.2066575747156,514.1773552083353,-0.02930236638030692,-5.6985583419929085e-05,5.6985583419929085e-05,5.6985583419929085e-05
EleutherAI/pythia-1b-deduped,attention.dense,stable_rank,4,8,4->8,514.1773552083353,514.1799355624623,0.0025803541270761343,5.01841261762805e-06,-5.01841261762805e-06,5.01841261762805e-06
EleutherAI/pythia-1b-deduped,attention.dense,stable_rank,8,16,8->16,514.1799355624623,514.1828892741048,0.0029537116424762644,5.744509729352212e-06,-5.744509729352212e-06,5.744509729352212e-06
EleutherAI/pythia-1b-deduped,attention.dense,stable_rank,16,32,16->32,514.1828892741048,514.147723141722,-0.03516613238275568,-6.83922649242592e-05,6.83922649242592e-05,6.83922649242592e-05
EleutherAI/pythia-1b-deduped,attention.dense,stable_rank,32,64,32->64,514.147723141722,513.9056584483159,-0.24206469340617787,-0.0004708076735748834,0.0004708076735748834,0.0004708076735748834
EleutherAI/pythia-1b-deduped,attention.dense,stable_rank,64,128,64->128,513.9056584483159,510.1626204409658,-3.743038007350094,-0.007283511955583047,0.007283511955583047,0.007283511955583047
EleutherAI/pythia-1b-deduped,attention.dense,stable_rank,128,256,128->256,510.1626204409658,435.9514121788495,-74.21120826211626,-0.14546578931629817,0.14546578931629817,0.14546578931629817
EleutherAI/pythia-1b-deduped,attention.dense,stable_rank,256,512,256->512,435.9514121788495,252.68230870534708,-183.26910347350244,-0.4203888285566917,0.4203888285566917,0.4203888285566917
EleutherAI/pythia-1b-deduped,attention.dense,stable_rank,512,1000,512->1000,252.68230870534708,120.79964755084083,-131.88266115450625,-0.5219307272844896,0.5219307272844896,0.5219307272844896
EleutherAI/pythia-1b-deduped,attention.dense,stable_rank,1000,2000,1000->2000,120.79964755084083,103.56030876204878,-17.239338788792054,-0.14271017456020646,0.14271017456020646,0.14271017456020646
EleutherAI/pythia-1b-deduped,attention.dense,stable_rank,2000,3000,2000->3000,103.56030876204878,140.17226021763932,36.61195145559054,0.35353266027541225,-0.35353266027541225,0.35353266027541225
EleutherAI/pythia-1b-deduped,attention.dense,stable_rank,3000,4000,3000->4000,140.17226021763932,154.2937319370147,14.121471719375393,0.10074369705853001,-0.10074369705853001,0.10074369705853001
EleutherAI/pythia-1b-deduped,attention.dense,stable_rank,4000,5000,4000->5000,154.2937319370147,162.6851477258269,8.391415788812196,0.054385979802715895,-0.054385979802715895,0.054385979802715895
EleutherAI/pythia-1b-deduped,attention.dense,stable_rank,5000,6000,5000->6000,162.6851477258269,169.82785476396708,7.142707038140173,0.04390509605817075,-0.04390509605817075,0.04390509605817075
EleutherAI/pythia-1b-deduped,attention.dense,stable_rank,6000,7000,6000->7000,169.82785476396708,171.0092960899551,1.181441325988004,0.00695669934493377,-0.00695669934493377,0.00695669934493377
EleutherAI/pythia-1b-deduped,attention.dense,stable_rank,7000,8000,7000->8000,171.0092960899551,170.65467624578332,-0.35461984417176495,-0.002073687526233803,0.002073687526233803,0.002073687526233803
EleutherAI/pythia-1b-deduped,attention.dense,subspace_stability_topk,1,2,1->2,0.9994914792478085,0.9994829297065735,-8.549541234970093e-06,-8.553891066080626e-06,8.553891066080626e-06,8.553891066080626e-06
EleutherAI/pythia-1b-deduped,attention.dense,subspace_stability_topk,2,4,2->4,0.9994829297065735,0.9994829706847668,4.0978193283081055e-08,4.09993928511319e-08,-4.09993928511319e-08,4.09993928511319e-08
EleutherAI/pythia-1b-deduped,attention.dense,subspace_stability_topk,4,8,4->8,0.9994829706847668,0.9994805492460728,-2.421438694000244e-06,-2.422691296419831e-06,2.422691296419831e-06,2.422691296419831e-06
EleutherAI/pythia-1b-deduped,attention.dense,subspace_stability_topk,8,16,8->16,0.9994805492460728,0.9994068257510662,-7.372349500656128e-05,-7.376181063463272e-05,7.376181063463272e-05,7.376181063463272e-05
EleutherAI/pythia-1b-deduped,attention.dense,subspace_stability_topk,16,32,16->32,0.9994068257510662,0.9988223575055599,-0.0005844682455062866,-0.0005848151427887907,0.0005848151427887907,0.0005848151427887907
EleutherAI/pythia-1b-deduped,attention.dense,subspace_stability_topk,32,64,32->64,0.9988223575055599,0.9962675720453262,-0.0025547854602336884,-0.002557797631414062,0.002557797631414062,0.002557797631414062
EleutherAI/pythia-1b-deduped,attention.dense,subspace_stability_topk,64,128,64->128,0.9962675720453262,0.9613615460693836,-0.03490602597594261,-0.035036798301329726,0.035036798301329726,0.035036798301329726
EleutherAI/pythia-1b-deduped,attention.dense,subspace_stability_topk,128,256,128->256,0.9613615460693836,0.7652274798601866,-0.19613406620919704,-0.20401696636494923,0.20401696636494923,0.20401696636494923
EleutherAI/pythia-1b-deduped,attention.dense,subspace_stability_topk,256,512,256->512,0.7652274798601866,0.37537624500691885,-0.3898512348532677,-0.5094579652628096,0.5094579652628096,0.5094579652628096
EleutherAI/pythia-1b-deduped,attention.dense,subspace_stability_topk,512,1000,512->1000,0.37537624500691885,0.47846699319779873,0.10309074819087988,0.27463311693766107,-0.27463311693766107,0.27463311693766107
EleutherAI/pythia-1b-deduped,attention.dense,subspace_stability_topk,1000,2000,1000->2000,0.47846699319779873,0.5231796419247985,0.04471264872699976,0.0934498081635112,-0.0934498081635112,0.0934498081635112
EleutherAI/pythia-1b-deduped,attention.dense,subspace_stability_topk,2000,3000,2000->3000,0.5231796419247985,0.7423391174525023,0.21915947552770376,0.4188990892707303,-0.4188990892707303,0.4188990892707303
EleutherAI/pythia-1b-deduped,attention.dense,subspace_stability_topk,3000,4000,3000->4000,0.7423391174525023,0.8957359120249748,0.15339679457247257,0.20663978357853527,-0.20663978357853527,0.20663978357853527
EleutherAI/pythia-1b-deduped,attention.dense,subspace_stability_topk,4000,5000,4000->5000,0.8957359120249748,0.9020246900618076,0.0062887780368328094,0.0070207948039158734,-0.0070207948039158734,0.0070207948039158734
EleutherAI/pythia-1b-deduped,attention.dense,subspace_stability_topk,5000,6000,5000->6000,0.9020246900618076,0.9257874675095081,0.0237627774477005,0.02634382152670999,-0.02634382152670999,0.02634382152670999
EleutherAI/pythia-1b-deduped,attention.dense,subspace_stability_topk,6000,7000,6000->7000,0.9257874675095081,0.9507641196250916,0.02497665211558342,0.026978818564855896,-0.026978818564855896,0.026978818564855896
EleutherAI/pythia-1b-deduped,attention.dense,subspace_stability_topk,7000,8000,7000->8000,0.9507641196250916,0.9632913284003735,0.012527208775281906,0.01317593766602015,-0.01317593766602015,0.01317593766602015
EleutherAI/pythia-1b-deduped,attention.query_key_value,alpha_tail_frac_0.2,0,1,0->1,7.0441880772354235,7.0441880772354235,0.0,0.0,0.0,0.0
EleutherAI/pythia-1b-deduped,attention.query_key_value,alpha_tail_frac_0.2,1,2,1->2,7.0441880772354235,7.044177162732473,-1.0914502950321037e-05,-1.5494337786907891e-06,-1.5494337786907891e-06,1.5494337786907891e-06
EleutherAI/pythia-1b-deduped,attention.query_key_value,alpha_tail_frac_0.2,2,4,2->4,7.044177162732473,7.044285415138658,0.00010825240618483889,1.5367643897081067e-05,1.5367643897081067e-05,1.5367643897081067e-05
EleutherAI/pythia-1b-deduped,attention.query_key_value,alpha_tail_frac_0.2,4,8,4->8,7.044285415138658,7.044297632266261,1.2217127602909272e-05,1.7343317147048135e-06,1.7343317147048135e-06,1.7343317147048135e-06
EleutherAI/pythia-1b-deduped,attention.query_key_value,alpha_tail_frac_0.2,8,16,8->16,7.044297632266261,7.044192696288433,-0.00010493597782801345,-1.4896584912503051e-05,-1.4896584912503051e-05,1.4896584912503051e-05
EleutherAI/pythia-1b-deduped,attention.query_key_value,alpha_tail_frac_0.2,16,32,16->32,7.044192696288433,7.044208776760132,1.6080471699098098e-05,2.282798383350384e-06,2.282798383350384e-06,2.282798383350384e-06
EleutherAI/pythia-1b-deduped,attention.query_key_value,alpha_tail_frac_0.2,32,64,32->64,7.044208776760132,7.04420611523692,-2.6615232116000698e-06,-3.778313925590115e-07,-3.778313925590115e-07,3.778313925590115e-07
EleutherAI/pythia-1b-deduped,attention.query_key_value,alpha_tail_frac_0.2,64,128,64->128,7.04420611523692,7.038728678821409,-0.005477436415511683,-0.0007775803725650468,-0.0007775803725650468,0.0007775803725650468
EleutherAI/pythia-1b-deduped,attention.query_key_value,alpha_tail_frac_0.2,128,256,128->256,7.038728678821409,6.8424052710007786,-0.19632340782063018,-0.027891884568773492,-0.027891884568773492,0.027891884568773492
EleutherAI/pythia-1b-deduped,attention.query_key_value,alpha_tail_frac_0.2,256,512,256->512,6.8424052710007786,6.193452584313967,-0.6489526866868118,-0.09484277253162474,-0.09484277253162474,0.09484277253162474
EleutherAI/pythia-1b-deduped,attention.query_key_value,alpha_tail_frac_0.2,512,1000,512->1000,6.193452584313967,4.872789480152546,-1.3206631041614205,-0.21323536205088972,-0.21323536205088972,0.21323536205088972
EleutherAI/pythia-1b-deduped,attention.query_key_value,alpha_tail_frac_0.2,1000,2000,1000->2000,4.872789480152546,3.3386804772586034,-1.5341090028939428,-0.3148317835486711,-0.3148317835486711,0.3148317835486711
EleutherAI/pythia-1b-deduped,attention.query_key_value,alpha_tail_frac_0.2,2000,3000,2000->3000,3.3386804772586034,2.9635013383374065,-0.3751791389211969,-0.11237347852740458,-0.11237347852740458,0.11237347852740458
EleutherAI/pythia-1b-deduped,attention.query_key_value,alpha_tail_frac_0.2,3000,4000,3000->4000,2.9635013383374065,2.8085005525078754,-0.15500078582953103,-0.05230326162647788,-0.05230326162647788,0.05230326162647788
EleutherAI/pythia-1b-deduped,attention.query_key_value,alpha_tail_frac_0.2,4000,5000,4000->5000,2.8085005525078754,2.740351350306379,-0.06814920220149645,-0.024265333378915576,-0.024265333378915576,0.024265333378915576
EleutherAI/pythia-1b-deduped,attention.query_key_value,alpha_tail_frac_0.2,5000,6000,5000->6000,2.740351350306379,2.7104936506671735,-0.02985769963920548,-0.01089557353142195,-0.01089557353142195,0.01089557353142195
EleutherAI/pythia-1b-deduped,attention.query_key_value,alpha_tail_frac_0.2,6000,7000,6000->7000,2.7104936506671735,2.704105160115723,-0.00638849055145041,-0.0023569472482902,-0.0023569472482902,0.0023569472482902
EleutherAI/pythia-1b-deduped,attention.query_key_value,alpha_tail_frac_0.2,7000,8000,7000->8000,2.704105160115723,2.707420541485999,0.0033153813702759827,0.0012260548957840358,0.0012260548957840358,0.0012260548957840358
EleutherAI/pythia-1b-deduped,attention.query_key_value,alpha_tail_frac_0.3,0,1,0->1,5.071396455051785,5.071396455051785,0.0,0.0,-0.0,0.0
EleutherAI/pythia-1b-deduped,attention.query_key_value,alpha_tail_frac_0.3,1,2,1->2,5.071396455051785,5.071320598549386,-7.585650239860797e-05,-1.4957714915588952e-05,1.4957714915588952e-05,1.4957714915588952e-05
EleutherAI/pythia-1b-deduped,attention.query_key_value,alpha_tail_frac_0.3,2,4,2->4,5.071320598549386,5.071353044299489,3.2445750102638726e-05,6.39788975516815e-06,-6.39788975516815e-06,6.39788975516815e-06
EleutherAI/pythia-1b-deduped,attention.query_key_value,alpha_tail_frac_0.3,4,8,4->8,5.071353044299489,5.071341979743597,-1.1064555891948658e-05,-2.181775907789286e-06,2.181775907789286e-06,2.181775907789286e-06
EleutherAI/pythia-1b-deduped,attention.query_key_value,alpha_tail_frac_0.3,8,16,8->16,5.071341979743597,5.071404286701621,6.230695802411645e-05,1.2286088824807346e-05,-1.2286088824807346e-05,1.2286088824807346e-05
EleutherAI/pythia-1b-deduped,attention.query_key_value,alpha_tail_frac_0.3,16,32,16->32,5.071404286701621,5.071345750308104,-5.8536393517272245e-05,-1.1542442725529984e-05,1.1542442725529984e-05,1.1542442725529984e-05
EleutherAI/pythia-1b-deduped,attention.query_key_value,alpha_tail_frac_0.3,32,64,32->64,5.071345750308104,5.07133266967481,-1.3080633293860444e-05,-2.57932192713604e-06,2.57932192713604e-06,2.57932192713604e-06
EleutherAI/pythia-1b-deduped,attention.query_key_value,alpha_tail_frac_0.3,64,128,64->128,5.07133266967481,5.06885053256096,-0.002482137113849703,-0.0004894447427382783,0.0004894447427382783,0.0004894447427382783
EleutherAI/pythia-1b-deduped,attention.query_key_value,alpha_tail_frac_0.3,128,256,128->256,5.06885053256096,5.031247260214296,-0.03760327234666416,-0.00741850092148175,0.00741850092148175,0.00741850092148175
EleutherAI/pythia-1b-deduped,attention.query_key_value,alpha_tail_frac_0.3,256,512,256->512,5.031247260214296,4.842767442997761,-0.1884798172165345,-0.03746184742438381,0.03746184742438381,0.03746184742438381
EleutherAI/pythia-1b-deduped,attention.query_key_value,alpha_tail_frac_0.3,512,1000,512->1000,4.842767442997761,4.270037142433041,-0.5727303005647206,-0.1182650844390066,0.1182650844390066,0.1182650844390066
EleutherAI/pythia-1b-deduped,attention.query_key_value,alpha_tail_frac_0.3,1000,2000,1000->2000,4.270037142433041,3.206667348696125,-1.063369793736916,-0.2490305723970273,0.2490305723970273,0.2490305723970273
EleutherAI/pythia-1b-deduped,attention.query_key_value,alpha_tail_frac_0.3,2000,3000,2000->3000,3.206667348696125,2.812981086917731,-0.39368626177839383,-0.12277115739440492,0.12277115739440492,0.12277115739440492
EleutherAI/pythia-1b-deduped,attention.query_key_value,alpha_tail_frac_0.3,3000,4000,3000->4000,2.812981086917731,2.607545479306892,-0.205435607610839,-0.07303127936628541,0.07303127936628541,0.07303127936628541
EleutherAI/pythia-1b-deduped,attention.query_key_value,alpha_tail_frac_0.3,4000,5000,4000->5000,2.607545479306892,2.493725749981644,-0.11381972932524809,-0.0436501415712445,0.0436501415712445,0.0436501415712445
EleutherAI/pythia-1b-deduped,attention.query_key_value,alpha_tail_frac_0.3,5000,6000,5000->6000,2.493725749981644,2.428698837345206,-0.065026912636438,-0.026076208515267,0.026076208515267,0.026076208515267
EleutherAI/pythia-1b-deduped,attention.query_key_value,alpha_tail_frac_0.3,6000,7000,6000->7000,2.428698837345206,2.396506887223545,-0.032191950121660984,-0.01325481349381158,0.01325481349381158,0.01325481349381158
EleutherAI/pythia-1b-deduped,attention.query_key_value,alpha_tail_frac_0.3,7000,8000,7000->8000,2.396506887223545,2.380993977048542,-0.01551291017500267,-0.0064731339841750096,0.0064731339841750096,0.0064731339841750096
EleutherAI/pythia-1b-deduped,attention.query_key_value,alpha_tail_frac_0.5,0,1,0->1,3.19071722623648,3.19071722623648,0.0,0.0,0.0,0.0
EleutherAI/pythia-1b-deduped,attention.query_key_value,alpha_tail_frac_0.5,1,2,1->2,3.19071722623648,3.1906923901523254,-2.4836084154600258e-05,-7.78385622842773e-06,-7.78385622842773e-06,7.78385622842773e-06
EleutherAI/pythia-1b-deduped,attention.query_key_value,alpha_tail_frac_0.5,2,4,2->4,3.1906923901523254,3.190680957155692,-1.1432996633420345e-05,-3.5832337422132203e-06,-3.5832337422132203e-06,3.5832337422132203e-06
EleutherAI/pythia-1b-deduped,attention.query_key_value,alpha_tail_frac_0.5,4,8,4->8,3.190680957155692,3.1906898576637914,8.900508099429771e-06,2.789532459980352e-06,2.789532459980352e-06,2.789532459980352e-06
EleutherAI/pythia-1b-deduped,attention.query_key_value,alpha_tail_frac_0.5,8,16,8->16,3.1906898576637914,3.1907769953732577,8.71377094662229e-05,2.730999042633289e-05,2.730999042633289e-05,2.730999042633289e-05
EleutherAI/pythia-1b-deduped,attention.query_key_value,alpha_tail_frac_0.5,16,32,16->32,3.1907769953732577,3.1906918154482136,-8.517992504408767e-05,-2.669566853702874e-05,-2.669566853702874e-05,2.669566853702874e-05
EleutherAI/pythia-1b-deduped,attention.query_key_value,alpha_tail_frac_0.5,32,64,32->64,3.1906918154482136,3.1907053231197384,1.3507671524859433e-05,4.233461677325206e-06,4.233461677325206e-06,4.233461677325206e-06
EleutherAI/pythia-1b-deduped,attention.query_key_value,alpha_tail_frac_0.5,64,128,64->128,3.1907053231197384,3.1899320612609903,-0.0007732618587481532,-0.0002423482523268077,-0.0002423482523268077,0.0002423482523268077
EleutherAI/pythia-1b-deduped,attention.query_key_value,alpha_tail_frac_0.5,128,256,128->256,3.1899320612609903,3.190376838562988,0.00044477730199776744,0.00013943159084767658,0.00013943159084767658,0.00013943159084767658
EleutherAI/pythia-1b-deduped,attention.query_key_value,alpha_tail_frac_0.5,256,512,256->512,3.190376838562988,3.166127406005214,-0.02424943255777423,-0.007600805103853837,-0.007600805103853837,0.007600805103853837
EleutherAI/pythia-1b-deduped,attention.query_key_value,alpha_tail_frac_0.5,512,1000,512->1000,3.166127406005214,3.0420372521767263,-0.12409015382848754,-0.03919303866075818,-0.03919303866075818,0.03919303866075818
EleutherAI/pythia-1b-deduped,attention.query_key_value,alpha_tail_frac_0.5,1000,2000,1000->2000,3.0420372521767263,2.621315972035694,-0.42072128014103205,-0.1383024747115924,-0.1383024747115924,0.1383024747115924
EleutherAI/pythia-1b-deduped,attention.query_key_value,alpha_tail_frac_0.5,2000,3000,2000->3000,2.621315972035694,2.3549974427915967,-0.2663185292440975,-0.10159726339178216,-0.10159726339178216,0.10159726339178216
EleutherAI/pythia-1b-deduped,attention.query_key_value,alpha_tail_frac_0.5,3000,4000,3000->4000,2.3549974427915967,2.175527692940866,-0.17946974985073094,-0.07620804447155263,-0.07620804447155263,0.07620804447155263
EleutherAI/pythia-1b-deduped,attention.query_key_value,alpha_tail_frac_0.5,4000,5000,4000->5000,2.175527692940866,2.0523783893401566,-0.12314930360070919,-0.05660663571428965,-0.05660663571428965,0.05660663571428965
EleutherAI/pythia-1b-deduped,attention.query_key_value,alpha_tail_frac_0.5,5000,6000,5000->6000,2.0523783893401566,1.9685329290103577,-0.0838454603297989,-0.040852827512335335,-0.040852827512335335,0.040852827512335335
EleutherAI/pythia-1b-deduped,attention.query_key_value,alpha_tail_frac_0.5,6000,7000,6000->7000,1.9685329290103577,1.9144414100283262,-0.05409151898203146,-0.02747808694731739,-0.02747808694731739,0.02747808694731739
EleutherAI/pythia-1b-deduped,attention.query_key_value,alpha_tail_frac_0.5,7000,8000,7000->8000,1.9144414100283262,1.879974616989519,-0.034466793038807175,-0.018003576844004433,-0.018003576844004433,0.018003576844004433
EleutherAI/pythia-1b-deduped,attention.query_key_value,effective_rank,0,1,0->1,1953.0897360168026,1953.0897360168026,0.0,0.0,-0.0,0.0
EleutherAI/pythia-1b-deduped,attention.query_key_value,effective_rank,1,2,1->2,1953.0897360168026,1953.0894449760526,-0.00029104074997121643,-1.490155544848516e-07,1.490155544848516e-07,1.490155544848516e-07
EleutherAI/pythia-1b-deduped,attention.query_key_value,effective_rank,2,4,2->4,1953.0894449760526,1953.0902569553118,0.0008119792591969599,4.1574094892869353e-07,-4.1574094892869353e-07,4.1574094892869353e-07
EleutherAI/pythia-1b-deduped,attention.query_key_value,effective_rank,4,8,4->8,1953.0902569553118,1953.0894976790519,-0.0007592762599415437,-3.8875636045882756e-07,3.8875636045882756e-07,3.8875636045882756e-07
EleutherAI/pythia-1b-deduped,attention.query_key_value,effective_rank,8,16,8->16,1953.0894976790519,1953.0907262079882,0.0012285289362807816,6.29018249158935e-07,-6.29018249158935e-07,6.29018249158935e-07
EleutherAI/pythia-1b-deduped,attention.query_key_value,effective_rank,16,32,16->32,1953.0907262079882,1953.0891299946538,-0.0015962133343236928,-8.172755688737567e-07,8.172755688737567e-07,8.172755688737567e-07
EleutherAI/pythia-1b-deduped,attention.query_key_value,effective_rank,32,64,32->64,1953.0891299946538,1953.089565716525,0.0004357218710993038,2.23093695217328e-07,-2.23093695217328e-07,2.23093695217328e-07
EleutherAI/pythia-1b-deduped,attention.query_key_value,effective_rank,64,128,64->128,1953.089565716525,1953.0569970698564,-0.03256864666855108,-1.667544962619402e-05,1.667544962619402e-05,1.667544962619402e-05
EleutherAI/pythia-1b-deduped,attention.query_key_value,effective_rank,128,256,128->256,1953.0569970698564,1952.6528652761267,-0.40413179372967534,-0.00020692268292015457,0.00020692268292015457,0.00020692268292015457
EleutherAI/pythia-1b-deduped,attention.query_key_value,effective_rank,256,512,256->512,1952.6528652761267,1951.3804796880415,-1.2723855880851715,-0.0006516189388866318,0.0006516189388866318,0.0006516189388866318
EleutherAI/pythia-1b-deduped,attention.query_key_value,effective_rank,512,1000,512->1000,1951.3804796880415,1946.6718962856066,-4.708583402434897,-0.002412949935415791,0.002412949935415791,0.002412949935415791
EleutherAI/pythia-1b-deduped,attention.query_key_value,effective_rank,1000,2000,1000->2000,1946.6718962856066,1929.6744106654435,-16.99748562016316,-0.00873156162196393,0.00873156162196393,0.00873156162196393
EleutherAI/pythia-1b-deduped,attention.query_key_value,effective_rank,2000,3000,2000->3000,1929.6744106654435,1914.7585251482387,-14.915885517204742,-0.007729742092636772,0.007729742092636772,0.007729742092636772
EleutherAI/pythia-1b-deduped,attention.query_key_value,effective_rank,3000,4000,3000->4000,1914.7585251482387,1901.1820833453987,-13.576441802840009,-0.007090419822932465,0.007090419822932465,0.007090419822932465
EleutherAI/pythia-1b-deduped,attention.query_key_value,effective_rank,4000,5000,4000->5000,1901.1820833453987,1888.9385577164705,-12.243525628928182,-0.006439954245405028,0.006439954245405028,0.006439954245405028
EleutherAI/pythia-1b-deduped,attention.query_key_value,effective_rank,5000,6000,5000->6000,1888.9385577164705,1878.3967035632354,-10.541854153235136,-0.005580834861023289,0.005580834861023289,0.005580834861023289
EleutherAI/pythia-1b-deduped,attention.query_key_value,effective_rank,6000,7000,6000->7000,1878.3967035632354,1869.763559023704,-8.633144539531486,-0.004596017722536878,0.004596017722536878,0.004596017722536878
EleutherAI/pythia-1b-deduped,attention.query_key_value,effective_rank,7000,8000,7000->8000,1869.763559023704,1862.9509392989537,-6.8126197247502205,-0.0036435728420696266,0.0036435728420696266,0.0036435728420696266
EleutherAI/pythia-1b-deduped,attention.query_key_value,frobenius_norm,0,1,0->1,49.5871163767416,49.5871163767416,0.0,0.0,0.0,0.0
EleutherAI/pythia-1b-deduped,attention.query_key_value,frobenius_norm,1,2,1->2,49.5871163767416,49.587198269571296,8.189282969794931e-05,1.6514940912425947e-06,1.6514940912425947e-06,1.6514940912425947e-06
EleutherAI/pythia-1b-deduped,attention.query_key_value,frobenius_norm,2,4,2->4,49.587198269571296,49.587065123695176,-0.00013314587612001105,-2.685085682723721e-06,-2.685085682723721e-06,2.685085682723721e-06
EleutherAI/pythia-1b-deduped,attention.query_key_value,frobenius_norm,4,8,4->8,49.587065123695176,49.58694097071655,-0.00012415297862844454,-2.503737180628493e-06,-2.503737180628493e-06,2.503737180628493e-06
EleutherAI/pythia-1b-deduped,attention.query_key_value,frobenius_norm,8,16,8->16,49.58694097071655,49.58701150382302,7.053310647364697e-05,1.4224129396346248e-06,1.4224129396346248e-06,1.4224129396346248e-06
EleutherAI/pythia-1b-deduped,attention.query_key_value,frobenius_norm,16,32,16->32,49.58701150382302,49.58681877964986,-0.00019272417316074097,-3.886585767441916e-06,-3.886585767441916e-06,3.886585767441916e-06
EleutherAI/pythia-1b-deduped,attention.query_key_value,frobenius_norm,32,64,32->64,49.58681877964986,49.586590268603615,-0.00022851104624521668,-4.608302203467661e-06,-4.608302203467661e-06,4.608302203467661e-06
EleutherAI/pythia-1b-deduped,attention.query_key_value,frobenius_norm,64,128,64->128,49.586590268603615,49.59601411068807,0.009423842084451906,0.00019004819717193867,0.00019004819717193867,0.00019004819717193867
EleutherAI/pythia-1b-deduped,attention.query_key_value,frobenius_norm,128,256,128->256,49.59601411068807,49.63918358824416,0.04316947755609135,0.0008704223178045138,0.0008704223178045138,0.0008704223178045138
EleutherAI/pythia-1b-deduped,attention.query_key_value,frobenius_norm,256,512,256->512,49.63918358824416,49.76096836990842,0.12178478166426032,0.0024534001742345267,0.0024534001742345267,0.0024534001742345267
EleutherAI/pythia-1b-deduped,attention.query_key_value,frobenius_norm,512,1000,512->1000,49.76096836990842,50.16890628909031,0.40793791918189015,0.008197949769574244,0.008197949769574244,0.008197949769574244
EleutherAI/pythia-1b-deduped,attention.query_key_value,frobenius_norm,1000,2000,1000->2000,50.16890628909031,51.9497566952862,1.7808504061958885,0.03549709447389558,0.03549709447389558,0.03549709447389558
EleutherAI/pythia-1b-deduped,attention.query_key_value,frobenius_norm,2000,3000,2000->3000,51.9497566952862,53.79499310762624,1.8452364123400429,0.03551963531154401,0.03551963531154401,0.03551963531154401
EleutherAI/pythia-1b-deduped,attention.query_key_value,frobenius_norm,3000,4000,3000->4000,53.79499310762624,55.88910465039268,2.0941115427664414,0.038927629167583834,0.038927629167583834,0.038927629167583834
EleutherAI/pythia-1b-deduped,attention.query_key_value,frobenius_norm,4000,5000,4000->5000,55.88910465039268,58.20277219569261,2.3136675452999285,0.04139747021843963,0.04139747021843963,0.04139747021843963
EleutherAI/pythia-1b-deduped,attention.query_key_value,frobenius_norm,5000,6000,5000->6000,58.20277219569261,60.64872091311702,2.4459487174244074,0.04202460853927129,0.04202460853927129,0.04202460853927129
EleutherAI/pythia-1b-deduped,attention.query_key_value,frobenius_norm,6000,7000,6000->7000,60.64872091311702,63.11025259301149,2.4615316798944704,0.040586703937593734,0.040586703937593734,0.040586703937593734
EleutherAI/pythia-1b-deduped,attention.query_key_value,frobenius_norm,7000,8000,7000->8000,63.11025259301149,65.51999839852236,2.409745805510873,0.038183111404274085,0.038183111404274085,0.038183111404274085
EleutherAI/pythia-1b-deduped,attention.query_key_value,mp_outliers_x1,0,1,0->1,0.125,0.125,0.0,0.0,0.0,0.0
EleutherAI/pythia-1b-deduped,attention.query_key_value,mp_outliers_x1,1,2,1->2,0.125,0.125,0.0,0.0,0.0,0.0
EleutherAI/pythia-1b-deduped,attention.query_key_value,mp_outliers_x1,2,4,2->4,0.125,0.125,0.0,0.0,0.0,0.0
EleutherAI/pythia-1b-deduped,attention.query_key_value,mp_outliers_x1,4,8,4->8,0.125,0.125,0.0,0.0,0.0,0.0
EleutherAI/pythia-1b-deduped,attention.query_key_value,mp_outliers_x1,8,16,8->16,0.125,0.125,0.0,0.0,0.0,0.0
EleutherAI/pythia-1b-deduped,attention.query_key_value,mp_outliers_x1,16,32,16->32,0.125,0.125,0.0,0.0,0.0,0.0
EleutherAI/pythia-1b-deduped,attention.query_key_value,mp_outliers_x1,32,64,32->64,0.125,0.125,0.0,0.0,0.0,0.0
EleutherAI/pythia-1b-deduped,attention.query_key_value,mp_outliers_x1,64,128,64->128,0.125,0.4375,0.3125,2.49999999998,2.49999999998,2.49999999998
EleutherAI/pythia-1b-deduped,attention.query_key_value,mp_outliers_x1,128,256,128->256,0.4375,2.1875,1.75,3.9999999999908575,3.9999999999908575,3.9999999999908575
EleutherAI/pythia-1b-deduped,attention.query_key_value,mp_outliers_x1,256,512,256->512,2.1875,7.4375,5.25,2.3999999999989026,2.3999999999989026,2.3999999999989026
EleutherAI/pythia-1b-deduped,attention.query_key_value,mp_outliers_x1,512,1000,512->1000,7.4375,25.375,17.9375,2.4117647058820286,2.4117647058820286,2.4117647058820286
EleutherAI/pythia-1b-deduped,attention.query_key_value,mp_outliers_x1,1000,2000,1000->2000,25.375,83.3125,57.9375,2.2832512315270037,2.2832512315270037,2.2832512315270037
EleutherAI/pythia-1b-deduped,attention.query_key_value,mp_outliers_x1,2000,3000,2000->3000,83.3125,131.5625,48.25,0.5791447861965422,0.5791447861965422,0.5791447861965422
EleutherAI/pythia-1b-deduped,attention.query_key_value,mp_outliers_x1,3000,4000,3000->4000,131.5625,173.9375,42.375,0.3220902612826579,0.3220902612826579,0.3220902612826579
EleutherAI/pythia-1b-deduped,attention.query_key_value,mp_outliers_x1,4000,5000,4000->5000,173.9375,208.375,34.4375,0.197987782968019,0.197987782968019,0.197987782968019
EleutherAI/pythia-1b-deduped,attention.query_key_value,mp_outliers_x1,5000,6000,5000->6000,208.375,235.4375,27.0625,0.12987402519496039,0.12987402519496039,0.12987402519496039
EleutherAI/pythia-1b-deduped,attention.query_key_value,mp_outliers_x1,6000,7000,6000->7000,235.4375,255.8125,20.375,0.086541014069551,0.086541014069551,0.086541014069551
EleutherAI/pythia-1b-deduped,attention.query_key_value,mp_outliers_x1,7000,8000,7000->8000,255.8125,270.6875,14.875,0.058148057659418294,0.058148057659418294,0.058148057659418294
EleutherAI/pythia-1b-deduped,attention.query_key_value,mp_outliers_x1.1,0,1,0->1,0.0,0.0,0.0,0.0,0.0,0.0
EleutherAI/pythia-1b-deduped,attention.query_key_value,mp_outliers_x1.1,1,2,1->2,0.0,0.0,0.0,0.0,0.0,0.0
EleutherAI/pythia-1b-deduped,attention.query_key_value,mp_outliers_x1.1,2,4,2->4,0.0,0.0,0.0,0.0,0.0,0.0
EleutherAI/pythia-1b-deduped,attention.query_key_value,mp_outliers_x1.1,4,8,4->8,0.0,0.0,0.0,0.0,0.0,0.0
EleutherAI/pythia-1b-deduped,attention.query_key_value,mp_outliers_x1.1,8,16,8->16,0.0,0.0,0.0,0.0,0.0,0.0
EleutherAI/pythia-1b-deduped,attention.query_key_value,mp_outliers_x1.1,16,32,16->32,0.0,0.0,0.0,0.0,0.0,0.0
EleutherAI/pythia-1b-deduped,attention.query_key_value,mp_outliers_x1.1,32,64,32->64,0.0,0.0,0.0,0.0,0.0,0.0
EleutherAI/pythia-1b-deduped,attention.query_key_value,mp_outliers_x1.1,64,128,64->128,0.0,0.0,0.0,0.0,0.0,0.0
EleutherAI/pythia-1b-deduped,attention.query_key_value,mp_outliers_x1.1,128,256,128->256,0.0,1.25,1.25,1250000000000.0,1250000000000.0,1250000000000.0
EleutherAI/pythia-1b-deduped,attention.query_key_value,mp_outliers_x1.1,256,512,256->512,1.25,3.8125,2.5625,2.04999999999836,2.04999999999836,2.04999999999836
EleutherAI/pythia-1b-deduped,attention.query_key_value,mp_outliers_x1.1,512,1000,512->1000,3.8125,15.0625,11.25,2.9508196721303737,2.9508196721303737,2.9508196721303737
EleutherAI/pythia-1b-deduped,attention.query_key_value,mp_outliers_x1.1,1000,2000,1000->2000,15.0625,56.6875,41.625,2.76348547717824,2.76348547717824,2.76348547717824
EleutherAI/pythia-1b-deduped,attention.query_key_value,mp_outliers_x1.1,2000,3000,2000->3000,56.6875,96.25,39.5625,0.6979051819184,0.6979051819184,0.6979051819184
EleutherAI/pythia-1b-deduped,attention.query_key_value,mp_outliers_x1.1,3000,4000,3000->4000,96.25,132.5,36.25,0.37662337662337275,0.37662337662337275,0.37662337662337275
EleutherAI/pythia-1b-deduped,attention.query_key_value,mp_outliers_x1.1,4000,5000,4000->5000,132.5,164.625,32.125,0.24245283018867742,0.24245283018867742,0.24245283018867742
EleutherAI/pythia-1b-deduped,attention.query_key_value,mp_outliers_x1.1,5000,6000,5000->6000,164.625,189.875,25.25,0.15337889141989278,0.15337889141989278,0.15337889141989278
EleutherAI/pythia-1b-deduped,attention.query_key_value,mp_outliers_x1.1,6000,7000,6000->7000,189.875,208.6875,18.8125,0.09907834101382437,0.09907834101382437,0.09907834101382437
EleutherAI/pythia-1b-deduped,attention.query_key_value,mp_outliers_x1.1,7000,8000,7000->8000,208.6875,222.4375,13.75,0.065887990416292,0.065887990416292,0.065887990416292
EleutherAI/pythia-1b-deduped,attention.query_key_value,mp_outliers_x1.25,0,1,0->1,0.0,0.0,0.0,0.0,0.0,0.0
EleutherAI/pythia-1b-deduped,attention.query_key_value,mp_outliers_x1.25,1,2,1->2,0.0,0.0,0.0,0.0,0.0,0.0
EleutherAI/pythia-1b-deduped,attention.query_key_value,mp_outliers_x1.25,2,4,2->4,0.0,0.0,0.0,0.0,0.0,0.0
EleutherAI/pythia-1b-deduped,attention.query_key_value,mp_outliers_x1.25,4,8,4->8,0.0,0.0,0.0,0.0,0.0,0.0
EleutherAI/pythia-1b-deduped,attention.query_key_value,mp_outliers_x1.25,8,16,8->16,0.0,0.0,0.0,0.0,0.0,0.0
EleutherAI/pythia-1b-deduped,attention.query_key_value,mp_outliers_x1.25,16,32,16->32,0.0,0.0,0.0,0.0,0.0,0.0
EleutherAI/pythia-1b-deduped,attention.query_key_value,mp_outliers_x1.25,32,64,32->64,0.0,0.0,0.0,0.0,0.0,0.0
EleutherAI/pythia-1b-deduped,attention.query_key_value,mp_outliers_x1.25,64,128,64->128,0.0,0.0,0.0,0.0,0.0,0.0
EleutherAI/pythia-1b-deduped,attention.query_key_value,mp_outliers_x1.25,128,256,128->256,0.0,0.9375,0.9375,937500000000.0,937500000000.0,937500000000.0
EleutherAI/pythia-1b-deduped,attention.query_key_value,mp_outliers_x1.25,256,512,256->512,0.9375,2.0625,1.125,1.19999999999872,1.19999999999872,1.19999999999872
EleutherAI/pythia-1b-deduped,attention.query_key_value,mp_outliers_x1.25,512,1000,512->1000,2.0625,9.125,7.0625,3.424242424240764,3.424242424240764,3.424242424240764
EleutherAI/pythia-1b-deduped,attention.query_key_value,mp_outliers_x1.25,1000,2000,1000->2000,9.125,35.625,26.5,2.9041095890407775,2.9041095890407775,2.9041095890407775
EleutherAI/pythia-1b-deduped,attention.query_key_value,mp_outliers_x1.25,2000,3000,2000->3000,35.625,62.125,26.5,0.7438596491227861,0.7438596491227861,0.7438596491227861
EleutherAI/pythia-1b-deduped,attention.query_key_value,mp_outliers_x1.25,3000,4000,3000->4000,62.125,89.5,27.375,0.44064386317906734,0.44064386317906734,0.44064386317906734
EleutherAI/pythia-1b-deduped,attention.query_key_value,mp_outliers_x1.25,4000,5000,4000->5000,89.5,115.625,26.125,0.2918994413407789,0.2918994413407789,0.2918994413407789
EleutherAI/pythia-1b-deduped,attention.query_key_value,mp_outliers_x1.25,5000,6000,5000->6000,115.625,137.375,21.75,0.1881081081081065,0.1881081081081065,0.1881081081081065
EleutherAI/pythia-1b-deduped,attention.query_key_value,mp_outliers_x1.25,6000,7000,6000->7000,137.375,154.3125,16.9375,0.12329390354867972,0.12329390354867972,0.12329390354867972
EleutherAI/pythia-1b-deduped,attention.query_key_value,mp_outliers_x1.25,7000,8000,7000->8000,154.3125,166.4375,12.125,0.07857432158768682,0.07857432158768682,0.07857432158768682
EleutherAI/pythia-1b-deduped,attention.query_key_value,nuclear_norm,0,1,0->1,2146.172437151894,2146.172437151894,0.0,0.0,0.0,0.0
EleutherAI/pythia-1b-deduped,attention.query_key_value,nuclear_norm,1,2,1->2,2146.172437151894,2146.1756460368633,0.003208884969353676,1.4951664245637536e-06,1.4951664245637536e-06,1.4951664245637536e-06
EleutherAI/pythia-1b-deduped,attention.query_key_value,nuclear_norm,2,4,2->4,2146.1756460368633,2146.170613825321,-0.005032211542129517,-2.3447342492316587e-06,-2.3447342492316587e-06,2.3447342492316587e-06
EleutherAI/pythia-1b-deduped,attention.query_key_value,nuclear_norm,4,8,4->8,2146.170613825321,2146.1645454987884,-0.006068326532840729,-2.82751356940098e-06,-2.82751356940098e-06,2.82751356940098e-06
EleutherAI/pythia-1b-deduped,attention.query_key_value,nuclear_norm,8,16,8->16,2146.1645454987884,2146.16898657009,0.004441071301698685,2.069306060904355e-06,2.069306060904355e-06,2.069306060904355e-06
EleutherAI/pythia-1b-deduped,attention.query_key_value,nuclear_norm,16,32,16->32,2146.16898657009,2146.1589834000915,-0.010003169998526573,-4.660942386700491e-06,-4.660942386700491e-06,4.660942386700491e-06
EleutherAI/pythia-1b-deduped,attention.query_key_value,nuclear_norm,32,64,32->64,2146.1589834000915,2146.1495089326054,-0.009474467486143112,-4.4146158599737144e-06,-4.4146158599737144e-06,4.4146158599737144e-06
EleutherAI/pythia-1b-deduped,attention.query_key_value,nuclear_norm,64,128,64->128,2146.1495089326054,2146.521214654669,0.37170572206377983,0.00017319656459938282,0.00017319656459938282,0.00017319656459938282
EleutherAI/pythia-1b-deduped,attention.query_key_value,nuclear_norm,128,256,128->256,2146.521214654669,2147.8664961028844,1.3452814482152462,0.0006267263696397586,0.0006267263696397586,0.0006267263696397586
EleutherAI/pythia-1b-deduped,attention.query_key_value,nuclear_norm,256,512,256->512,2147.8664961028844,2151.4172609280795,3.550764825195074,0.0016531589983072152,0.0016531589983072152,0.0016531589983072152
EleutherAI/pythia-1b-deduped,attention.query_key_value,nuclear_norm,512,1000,512->1000,2151.4172609280795,2162.596051543951,11.178790615871549,0.005196012330517991,0.005196012330517991,0.005196012330517991
EleutherAI/pythia-1b-deduped,attention.query_key_value,nuclear_norm,1000,2000,1000->2000,2162.596051543951,2215.601439533755,53.00538798980415,0.024510073414756202,0.024510073414756202,0.024510073414756202
EleutherAI/pythia-1b-deduped,attention.query_key_value,nuclear_norm,2000,3000,2000->3000,2215.601439533755,2274.3925849776715,58.79114544391632,0.02653507277747939,0.02653507277747939,0.02653507277747939
EleutherAI/pythia-1b-deduped,attention.query_key_value,nuclear_norm,3000,4000,3000->4000,2274.3925849776715,2345.344481471926,70.95189649425447,0.03119597599943415,0.03119597599943415,0.03119597599943415
EleutherAI/pythia-1b-deduped,attention.query_key_value,nuclear_norm,4000,5000,4000->5000,2345.344481471926,2426.784662084654,81.440180612728,0.034724187110294576,0.034724187110294576,0.034724187110294576
EleutherAI/pythia-1b-deduped,attention.query_key_value,nuclear_norm,5000,6000,5000->6000,2426.784662084654,2515.365139309317,88.5804772246629,0.03650116906069884,0.03650116906069884,0.03650116906069884
EleutherAI/pythia-1b-deduped,attention.query_key_value,nuclear_norm,6000,7000,6000->7000,2515.365139309317,2606.5743299443275,91.2091906350106,0.036260815262811226,0.036260815262811226,0.036260815262811226
EleutherAI/pythia-1b-deduped,attention.query_key_value,nuclear_norm,7000,8000,7000->8000,2606.5743299443275,2697.5464711207896,90.97214117646217,0.034901034714941416,0.034901034714941416,0.034901034714941416
EleutherAI/pythia-1b-deduped,attention.query_key_value,spectral_norm,0,1,0->1,1.7258005514740944,1.7258005514740944,0.0,0.0,0.0,0.0
EleutherAI/pythia-1b-deduped,attention.query_key_value,spectral_norm,1,2,1->2,1.7258005514740944,1.7258134558796883,1.290440559387207e-05,7.477344692492004e-06,7.477344692492004e-06,7.477344692492004e-06
EleutherAI/pythia-1b-deduped,attention.query_key_value,spectral_norm,2,4,2->4,1.7258134558796883,1.7258094921708107,-3.9637088775634766e-06,-2.2967191871503765e-06,-2.2967191871503765e-06,2.2967191871503765e-06
EleutherAI/pythia-1b-deduped,attention.query_key_value,spectral_norm,4,8,4->8,1.7258094921708107,1.7258189022541046,9.410083293914795e-06,5.452562021821344e-06,5.452562021821344e-06,5.452562021821344e-06
EleutherAI/pythia-1b-deduped,attention.query_key_value,spectral_norm,8,16,8->16,1.7258189022541046,1.7257952615618706,-2.3640692234039307e-05,-1.3698246208306287e-05,-1.3698246208306287e-05,1.3698246208306287e-05
EleutherAI/pythia-1b-deduped,attention.query_key_value,spectral_norm,16,32,16->32,1.7257952615618706,1.7258020415902138,6.780028343200684e-06,3.928640027126235e-06,3.928640027126235e-06,3.928640027126235e-06
EleutherAI/pythia-1b-deduped,attention.query_key_value,spectral_norm,32,64,32->64,1.7258020415902138,1.7258143797516823,1.233816146850586e-05,7.149233325236944e-06,7.149233325236944e-06,7.149233325236944e-06
EleutherAI/pythia-1b-deduped,attention.query_key_value,spectral_norm,64,128,64->128,1.7258143797516823,1.730377271771431,0.004562892019748688,0.0026439065946376994,0.0026439065946376994,0.0026439065946376994
EleutherAI/pythia-1b-deduped,attention.query_key_value,spectral_norm,128,256,128->256,1.730377271771431,2.1747110784053802,0.4443338066339493,0.25678435210768613,0.25678435210768613,0.25678435210768613
EleutherAI/pythia-1b-deduped,attention.query_key_value,spectral_norm,256,512,256->512,2.1747110784053802,2.771545596420765,0.5968345180153847,0.274443131292982,0.274443131292982,0.274443131292982
EleutherAI/pythia-1b-deduped,attention.query_key_value,spectral_norm,512,1000,512->1000,2.771545596420765,3.618861213326454,0.8473156169056892,0.305719529925694,0.305719529925694,0.305719529925694
EleutherAI/pythia-1b-deduped,attention.query_key_value,spectral_norm,1000,2000,1000->2000,3.618861213326454,5.1065236777067184,1.4876624643802643,0.41108580204776496,0.41108580204776496,0.41108580204776496
EleutherAI/pythia-1b-deduped,attention.query_key_value,spectral_norm,2000,3000,2000->3000,5.1065236777067184,5.880761206150055,0.7742375284433365,0.15161733839073985,0.15161733839073985,0.15161733839073985
EleutherAI/pythia-1b-deduped,attention.query_key_value,spectral_norm,3000,4000,3000->4000,5.880761206150055,6.391234397888184,0.5104731917381287,0.0868039313013072,0.0868039313013072,0.0868039313013072
EleutherAI/pythia-1b-deduped,attention.query_key_value,spectral_norm,4000,5000,4000->5000,6.391234397888184,6.769883573055267,0.37864917516708374,0.05924507717822698,0.05924507717822698,0.05924507717822698
EleutherAI/pythia-1b-deduped,attention.query_key_value,spectral_norm,5000,6000,5000->6000,6.769883573055267,7.053901046514511,0.2840174734592438,0.041953080934747,0.041953080934747,0.041953080934747
EleutherAI/pythia-1b-deduped,attention.query_key_value,spectral_norm,6000,7000,6000->7000,7.053901046514511,7.27245631814003,0.2185552716255188,0.030983603283388957,0.030983603283388957,0.030983603283388957
EleutherAI/pythia-1b-deduped,attention.query_key_value,spectral_norm,7000,8000,7000->8000,7.27245631814003,7.441222846508026,0.16876652836799622,0.0232062622290368,0.0232062622290368,0.0232062622290368
EleutherAI/pythia-1b-deduped,attention.query_key_value,stable_rank,0,1,0->1,825.5790216483852,825.5790216483852,0.0,0.0,-0.0,0.0
EleutherAI/pythia-1b-deduped,attention.query_key_value,stable_rank,1,2,1->2,825.5790216483852,825.5694231249678,-0.009598523417366778,-1.1626413905481704e-05,1.1626413905481704e-05,1.1626413905481704e-05
EleutherAI/pythia-1b-deduped,attention.query_key_value,stable_rank,2,4,2->4,825.5694231249678,825.5688087767251,-0.0006143482427205527,-7.441509163397843e-07,7.441509163397843e-07,7.441509163397843e-07
EleutherAI/pythia-1b-deduped,attention.query_key_value,stable_rank,4,8,4->8,825.5688087767251,825.5556668838991,-0.013141892825956347,-1.5918591746978843e-05,1.5918591746978843e-05,1.5918591746978843e-05
EleutherAI/pythia-1b-deduped,attention.query_key_value,stable_rank,8,16,8->16,825.5556668838991,825.5805736154292,0.024906731530109028,3.0169657273531526e-05,-3.0169657273531526e-05,3.0169657273531526e-05
EleutherAI/pythia-1b-deduped,attention.query_key_value,stable_rank,16,32,16->32,825.5805736154292,825.567766391163,-0.012807224266225603,-1.5512991312452356e-05,1.5512991312452356e-05,1.5512991312452356e-05
EleutherAI/pythia-1b-deduped,attention.query_key_value,stable_rank,32,64,32->64,825.567766391163,825.5482831911428,-0.019483200020204094,-2.3599758630804778e-05,2.3599758630804778e-05,2.3599758630804778e-05
EleutherAI/pythia-1b-deduped,attention.query_key_value,stable_rank,64,128,64->128,825.5482831911428,821.5583138214047,-3.9899693697381053,-0.00483311449006343,0.00483311449006343,0.00483311449006343
EleutherAI/pythia-1b-deduped,attention.query_key_value,stable_rank,128,256,128->256,821.5583138214047,543.0695430570914,-278.48877076431324,-0.33897626751404586,0.33897626751404586,0.33897626751404586
EleutherAI/pythia-1b-deduped,attention.query_key_value,stable_rank,256,512,256->512,543.0695430570914,345.1081728541823,-197.9613702029091,-0.36452305737590884,0.36452305737590884,0.36452305737590884
EleutherAI/pythia-1b-deduped,attention.query_key_value,stable_rank,512,1000,512->1000,345.1081728541823,202.3050111156897,-142.80316173849263,-0.4137924655839155,0.4137924655839155,0.4137924655839155
EleutherAI/pythia-1b-deduped,attention.query_key_value,stable_rank,1000,2000,1000->2000,202.3050111156897,114.1027928218462,-88.2022182938435,-0.4359863248439454,0.4359863248439454,0.4359863248439454
EleutherAI/pythia-1b-deduped,attention.query_key_value,stable_rank,2000,3000,2000->3000,114.1027928218462,91.47461139158348,-22.628181430262714,-0.19831400153011952,0.19831400153011952,0.19831400153011952
EleutherAI/pythia-1b-deduped,attention.query_key_value,stable_rank,3000,4000,3000->4000,91.47461139158348,82.54445609954607,-8.930155292037412,-0.09762441355240316,0.09762441355240316,0.09762441355240316
EleutherAI/pythia-1b-deduped,attention.query_key_value,stable_rank,4000,5000,4000->5000,82.54445609954607,79.0059384092483,-3.538517690297766,-0.042868023577869126,0.042868023577869126,0.042868023577869126
EleutherAI/pythia-1b-deduped,attention.query_key_value,stable_rank,5000,6000,5000->6000,79.0059384092483,78.44007784440667,-0.5658605648416284,-0.007162253575300646,0.007162253575300646,0.007162253575300646
EleutherAI/pythia-1b-deduped,attention.query_key_value,stable_rank,6000,7000,6000->7000,78.44007784440667,79.41486080356836,0.9747829591616863,0.01242710341383455,-0.01242710341383455,0.01242710341383455
EleutherAI/pythia-1b-deduped,attention.query_key_value,stable_rank,7000,8000,7000->8000,79.41486080356836,81.41973741477581,2.0048766112074503,0.02524561009011225,-0.02524561009011225,0.02524561009011225
EleutherAI/pythia-1b-deduped,attention.query_key_value,subspace_stability_topk,1,2,1->2,0.9996962919831276,0.999683678150177,-1.2613832950592041e-05,-1.2617665036605251e-05,1.2617665036605251e-05,1.2617665036605251e-05
EleutherAI/pythia-1b-deduped,attention.query_key_value,subspace_stability_topk,2,4,2->4,0.999683678150177,0.9996642470359802,-1.9431114196777344e-05,-1.9437262627627772e-05,1.9437262627627772e-05,1.9437262627627772e-05
EleutherAI/pythia-1b-deduped,attention.query_key_value,subspace_stability_topk,4,8,4->8,0.9996642470359802,0.9996928907930851,2.8643757104873657e-05,2.8653377561290387e-05,-2.8653377561290387e-05,2.8653377561290387e-05
EleutherAI/pythia-1b-deduped,attention.query_key_value,subspace_stability_topk,8,16,8->16,0.9996928907930851,0.9996610432863235,-3.18475067615509e-05,-3.185729042871707e-05,3.185729042871707e-05,3.185729042871707e-05
EleutherAI/pythia-1b-deduped,attention.query_key_value,subspace_stability_topk,16,32,16->32,0.9996610432863235,0.9996060393750668,-5.500391125679016e-05,-5.502256152336716e-05,5.502256152336716e-05,5.502256152336716e-05
EleutherAI/pythia-1b-deduped,attention.query_key_value,subspace_stability_topk,32,64,32->64,0.9996060393750668,0.9989400580525398,-0.0006659813225269318,-0.0006662437963486329,0.0006662437963486329,0.0006662437963486329
EleutherAI/pythia-1b-deduped,attention.query_key_value,subspace_stability_topk,64,128,64->128,0.9989400580525398,0.9693519659340382,-0.029588092118501663,-0.02961948705526417,0.02961948705526417,0.02961948705526417
EleutherAI/pythia-1b-deduped,attention.query_key_value,subspace_stability_topk,128,256,128->256,0.9693519659340382,0.7995353303849697,-0.16981663554906845,-0.17518573388899367,0.17518573388899367,0.17518573388899367
EleutherAI/pythia-1b-deduped,attention.query_key_value,subspace_stability_topk,256,512,256->512,0.7995353303849697,0.6027487423270941,-0.19678658805787563,-0.24612619427696633,0.24612619427696633,0.24612619427696633
EleutherAI/pythia-1b-deduped,attention.query_key_value,subspace_stability_topk,512,1000,512->1000,0.6027487423270941,0.6270044669508934,0.024255724623799324,0.04024185024445263,-0.04024185024445263,0.04024185024445263
EleutherAI/pythia-1b-deduped,attention.query_key_value,subspace_stability_topk,1000,2000,1000->2000,0.6270044669508934,0.7226921338587999,0.09568766690790653,0.15261082169490847,-0.15261082169490847,0.15261082169490847
EleutherAI/pythia-1b-deduped,attention.query_key_value,subspace_stability_topk,2000,3000,2000->3000,0.7226921338587999,0.9013908617198467,0.1786987278610468,0.2472681235737842,-0.2472681235737842,0.2472681235737842
EleutherAI/pythia-1b-deduped,attention.query_key_value,subspace_stability_topk,3000,4000,3000->4000,0.9013908617198467,0.9499570429325104,0.04856618121266365,0.05387915861488309,-0.05387915861488309,0.05387915861488309
EleutherAI/pythia-1b-deduped,attention.query_key_value,subspace_stability_topk,4000,5000,4000->5000,0.9499570429325104,0.9699330888688564,0.019976045936346054,0.021028367635087076,-0.021028367635087076,0.021028367635087076
EleutherAI/pythia-1b-deduped,attention.query_key_value,subspace_stability_topk,5000,6000,5000->6000,0.9699330888688564,0.971742294728756,0.0018092058598995209,0.0018652893489875325,-0.0018652893489875325,0.0018652893489875325
EleutherAI/pythia-1b-deduped,attention.query_key_value,subspace_stability_topk,6000,7000,6000->7000,0.971742294728756,0.9810477457940578,0.009305451065301895,0.009576048213368922,-0.009576048213368922,0.009576048213368922
EleutherAI/pythia-1b-deduped,attention.query_key_value,subspace_stability_topk,7000,8000,7000->8000,0.9810477457940578,0.9838698022067547,0.0028220564126968384,0.0028765739738893094,-0.0028765739738893094,0.0028765739738893094
EleutherAI/pythia-1b-deduped,mlp.dense_4h_to_h,alpha_tail_frac_0.2,0,1,0->1,7.987425963818049,7.987425963818049,0.0,0.0,0.0,0.0
EleutherAI/pythia-1b-deduped,mlp.dense_4h_to_h,alpha_tail_frac_0.2,1,2,1->2,7.987425963818049,7.987529664706561,0.00010370088851185955,1.298301717995227e-05,1.298301717995227e-05,1.298301717995227e-05
EleutherAI/pythia-1b-deduped,mlp.dense_4h_to_h,alpha_tail_frac_0.2,2,4,2->4,7.987529664706561,7.987631359484601,0.0001016947780394517,1.2731693315492049e-05,1.2731693315492049e-05,1.2731693315492049e-05
EleutherAI/pythia-1b-deduped,mlp.dense_4h_to_h,alpha_tail_frac_0.2,4,8,4->8,7.987631359484601,7.987577614736427,-5.3744748173656376e-05,-6.728496315723503e-06,-6.728496315723503e-06,6.728496315723503e-06
EleutherAI/pythia-1b-deduped,mlp.dense_4h_to_h,alpha_tail_frac_0.2,8,16,8->16,7.987577614736427,7.98780840056603,0.0002307858296033416,2.889309384331136e-05,2.889309384331136e-05,2.889309384331136e-05
EleutherAI/pythia-1b-deduped,mlp.dense_4h_to_h,alpha_tail_frac_0.2,16,32,16->32,7.98780840056603,7.986729055367244,-0.0010793451987867186,-0.00013512407216854366,-0.00013512407216854366,0.00013512407216854366
EleutherAI/pythia-1b-deduped,mlp.dense_4h_to_h,alpha_tail_frac_0.2,32,64,32->64,7.986729055367244,7.980846868650555,-0.005882186716688942,-0.0007364950877775498,-0.0007364950877775498,0.0007364950877775498
EleutherAI/pythia-1b-deduped,mlp.dense_4h_to_h,alpha_tail_frac_0.2,64,128,64->128,7.980846868650555,7.963694348875021,-0.017152519775534003,-0.0021492104857829576,-0.0021492104857829576,0.0021492104857829576
EleutherAI/pythia-1b-deduped,mlp.dense_4h_to_h,alpha_tail_frac_0.2,128,256,128->256,7.963694348875021,7.906320806040213,-0.057373542834807445,-0.00720438785334661,-0.00720438785334661,0.00720438785334661
EleutherAI/pythia-1b-deduped,mlp.dense_4h_to_h,alpha_tail_frac_0.2,256,512,256->512,7.906320806040213,6.654836774176285,-1.251484031863928,-0.1582890528433491,-0.1582890528433491,0.1582890528433491
EleutherAI/pythia-1b-deduped,mlp.dense_4h_to_h,alpha_tail_frac_0.2,512,1000,512->1000,6.654836774176285,3.2290436145461436,-3.4257931596301416,-0.5147824470952048,-0.5147824470952048,0.5147824470952048
EleutherAI/pythia-1b-deduped,mlp.dense_4h_to_h,alpha_tail_frac_0.2,1000,2000,1000->2000,3.2290436145461436,2.401880609733767,-0.8271630048123768,-0.2561634661996915,-0.2561634661996915,0.2561634661996915
EleutherAI/pythia-1b-deduped,mlp.dense_4h_to_h,alpha_tail_frac_0.2,2000,3000,2000->3000,2.401880609733767,2.6279870437844695,0.22610643405070263,0.09413724942626142,0.09413724942626142,0.09413724942626142
EleutherAI/pythia-1b-deduped,mlp.dense_4h_to_h,alpha_tail_frac_0.2,3000,4000,3000->4000,2.6279870437844695,2.7460603142028353,0.1180732704183658,0.04492916762949021,0.04492916762949021,0.04492916762949021
EleutherAI/pythia-1b-deduped,mlp.dense_4h_to_h,alpha_tail_frac_0.2,4000,5000,4000->5000,2.7460603142028353,2.8107744949955253,0.06471418079269009,0.023566190610584844,0.023566190610584844,0.023566190610584844
EleutherAI/pythia-1b-deduped,mlp.dense_4h_to_h,alpha_tail_frac_0.2,5000,6000,5000->6000,2.8107744949955253,2.8585824615389197,0.047807966543394365,0.017008823236619508,0.017008823236619508,0.017008823236619508
EleutherAI/pythia-1b-deduped,mlp.dense_4h_to_h,alpha_tail_frac_0.2,6000,7000,6000->7000,2.8585824615389197,2.8906819772258285,0.03209951568690883,0.011229172542259566,0.011229172542259566,0.011229172542259566
EleutherAI/pythia-1b-deduped,mlp.dense_4h_to_h,alpha_tail_frac_0.2,7000,8000,7000->8000,2.8906819772258285,2.916812016127548,0.026130038901719388,0.00903940284942282,0.00903940284942282,0.00903940284942282
EleutherAI/pythia-1b-deduped,mlp.dense_4h_to_h,alpha_tail_frac_0.3,0,1,0->1,5.776842994252898,5.776842994252898,0.0,0.0,-0.0,0.0
EleutherAI/pythia-1b-deduped,mlp.dense_4h_to_h,alpha_tail_frac_0.3,1,2,1->2,5.776842994252898,5.776913739594873,7.074534197482052e-05,1.224636744415408e-05,-1.224636744415408e-05,1.224636744415408e-05
EleutherAI/pythia-1b-deduped,mlp.dense_4h_to_h,alpha_tail_frac_0.3,2,4,2->4,5.776913739594873,5.7768587545599,-5.498503497314289e-05,-9.518064047982375e-06,9.518064047982375e-06,9.518064047982375e-06
EleutherAI/pythia-1b-deduped,mlp.dense_4h_to_h,alpha_tail_frac_0.3,4,8,4->8,5.7768587545599,5.776767848924725,-9.090563517499817e-05,-1.5736170648663874e-05,1.5736170648663874e-05,1.5736170648663874e-05
EleutherAI/pythia-1b-deduped,mlp.dense_4h_to_h,alpha_tail_frac_0.3,8,16,8->16,5.776767848924725,5.776873639889713,0.00010579096498819496,1.831317576798042e-05,-1.831317576798042e-05,1.831317576798042e-05
EleutherAI/pythia-1b-deduped,mlp.dense_4h_to_h,alpha_tail_frac_0.3,16,32,16->32,5.776873639889713,5.7765050426453985,-0.0003685972443143726,-6.380566155526049e-05,6.380566155526049e-05,6.380566155526049e-05
EleutherAI/pythia-1b-deduped,mlp.dense_4h_to_h,alpha_tail_frac_0.3,32,64,32->64,5.7765050426453985,5.773804162891913,-0.002700879753485985,-0.0004675629526064825,0.0004675629526064825,0.0004675629526064825
EleutherAI/pythia-1b-deduped,mlp.dense_4h_to_h,alpha_tail_frac_0.3,64,128,64->128,5.773804162891913,5.766626119470012,-0.007178043421900426,-0.0012432086747992388,0.0012432086747992388,0.0012432086747992388
EleutherAI/pythia-1b-deduped,mlp.dense_4h_to_h,alpha_tail_frac_0.3,128,256,128->256,5.766626119470012,5.742366554051257,-0.02425956541875518,-0.004206890635209167,0.004206890635209167,0.004206890635209167
EleutherAI/pythia-1b-deduped,mlp.dense_4h_to_h,alpha_tail_frac_0.3,256,512,256->512,5.742366554051257,5.273571964440264,-0.46879458961099285,-0.08163787267815134,0.08163787267815134,0.08163787267815134
EleutherAI/pythia-1b-deduped,mlp.dense_4h_to_h,alpha_tail_frac_0.3,512,1000,512->1000,5.273571964440264,3.0265117733207183,-2.247060191119546,-0.4260983269539249,0.4260983269539249,0.4260983269539249
EleutherAI/pythia-1b-deduped,mlp.dense_4h_to_h,alpha_tail_frac_0.3,1000,2000,1000->2000,3.0265117733207183,2.1363810142637676,-0.8901307590569507,-0.2941111172615715,0.2941111172615715,0.2941111172615715
EleutherAI/pythia-1b-deduped,mlp.dense_4h_to_h,alpha_tail_frac_0.3,2000,3000,2000->3000,2.1363810142637676,2.3383560527872467,0.2019750385234791,0.0945407383677712,-0.0945407383677712,0.0945407383677712
EleutherAI/pythia-1b-deduped,mlp.dense_4h_to_h,alpha_tail_frac_0.3,3000,4000,3000->4000,2.3383560527872467,2.4642388710790217,0.12588281829177506,0.05383389674197515,-0.05383389674197515,0.05383389674197515
EleutherAI/pythia-1b-deduped,mlp.dense_4h_to_h,alpha_tail_frac_0.3,4000,5000,4000->5000,2.4642388710790217,2.543564821374749,0.07932595029572731,0.03219085261038857,-0.03219085261038857,0.03219085261038857
EleutherAI/pythia-1b-deduped,mlp.dense_4h_to_h,alpha_tail_frac_0.3,5000,6000,5000->6000,2.543564821374749,2.6056425431218395,0.062077721747090475,0.024405795057943214,-0.024405795057943214,0.024405795057943214
EleutherAI/pythia-1b-deduped,mlp.dense_4h_to_h,alpha_tail_frac_0.3,6000,7000,6000->7000,2.6056425431218395,2.65196775259544,0.04632520947360064,0.01777880453935185,-0.01777880453935185,0.01777880453935185
EleutherAI/pythia-1b-deduped,mlp.dense_4h_to_h,alpha_tail_frac_0.3,7000,8000,7000->8000,2.65196775259544,2.6894081918435306,0.037440439248090485,0.014117984357628023,-0.014117984357628023,0.014117984357628023
EleutherAI/pythia-1b-deduped,mlp.dense_4h_to_h,alpha_tail_frac_0.5,0,1,0->1,3.6768268896794516,3.6768268896794516,0.0,0.0,0.0,0.0
EleutherAI/pythia-1b-deduped,mlp.dense_4h_to_h,alpha_tail_frac_0.5,1,2,1->2,3.6768268896794516,3.6768184247875952,-8.464891856352352e-06,-2.3022274668710405e-06,-2.3022274668710405e-06,2.3022274668710405e-06
EleutherAI/pythia-1b-deduped,mlp.dense_4h_to_h,alpha_tail_frac_0.5,2,4,2->4,3.6768184247875952,3.676806861314628,-1.156347296715765e-05,-3.14496709687874e-06,-3.14496709687874e-06,3.14496709687874e-06
EleutherAI/pythia-1b-deduped,mlp.dense_4h_to_h,alpha_tail_frac_0.5,4,8,4->8,3.676806861314628,3.6768207276142975,1.3866299669373916e-05,3.7712885643420232e-06,3.7712885643420232e-06,3.7712885643420232e-06
EleutherAI/pythia-1b-deduped,mlp.dense_4h_to_h,alpha_tail_frac_0.5,8,16,8->16,3.6768207276142975,3.6768260612671284,5.333652830952218e-06,1.450615416436554e-06,1.450615416436554e-06,1.450615416436554e-06
EleutherAI/pythia-1b-deduped,mlp.dense_4h_to_h,alpha_tail_frac_0.5,16,32,16->32,3.6768260612671284,3.6765966194858195,-0.00022944178130890336,-6.240213093729255e-05,-6.240213093729255e-05,6.240213093729255e-05
EleutherAI/pythia-1b-deduped,mlp.dense_4h_to_h,alpha_tail_frac_0.5,32,64,32->64,3.6765966194858195,3.6754800342369824,-0.0011165852488370653,-0.00030370077666908116,-0.00030370077666908116,0.00030370077666908116
EleutherAI/pythia-1b-deduped,mlp.dense_4h_to_h,alpha_tail_frac_0.5,64,128,64->128,3.6754800342369824,3.6730741862905925,-0.002405847946389983,-0.0006545670018552487,-0.0006545670018552487,0.0006545670018552487
EleutherAI/pythia-1b-deduped,mlp.dense_4h_to_h,alpha_tail_frac_0.5,128,256,128->256,3.6730741862905925,3.664694917436913,-0.008379268853679456,-0.002281268612801782,-0.002281268612801782,0.002281268612801782
EleutherAI/pythia-1b-deduped,mlp.dense_4h_to_h,alpha_tail_frac_0.5,256,512,256->512,3.664694917436913,3.55432122879883,-0.11037368863808306,-0.030118111091017714,-0.030118111091017714,0.030118111091017714
EleutherAI/pythia-1b-deduped,mlp.dense_4h_to_h,alpha_tail_frac_0.5,512,1000,512->1000,3.55432122879883,2.551855886156769,-1.0024653426420609,-0.28204128949272217,-0.28204128949272217,0.28204128949272217
EleutherAI/pythia-1b-deduped,mlp.dense_4h_to_h,alpha_tail_frac_0.5,1000,2000,1000->2000,2.551855886156769,1.7542205207798214,-0.7976353653769477,-0.3125706940206237,-0.3125706940206237,0.3125706940206237
EleutherAI/pythia-1b-deduped,mlp.dense_4h_to_h,alpha_tail_frac_0.5,2000,3000,2000->3000,1.7542205207798214,1.8918559135346558,0.13763539275483438,0.07845957285551047,0.07845957285551047,0.07845957285551047
EleutherAI/pythia-1b-deduped,mlp.dense_4h_to_h,alpha_tail_frac_0.5,3000,4000,3000->4000,1.8918559135346558,1.9914445078669072,0.09958859433225142,0.05264068665046064,0.05264068665046064,0.05264068665046064
EleutherAI/pythia-1b-deduped,mlp.dense_4h_to_h,alpha_tail_frac_0.5,4000,5000,4000->5000,1.9914445078669072,2.0566076429232836,0.06516313505637639,0.0327215419756495,0.0327215419756495,0.0327215419756495
EleutherAI/pythia-1b-deduped,mlp.dense_4h_to_h,alpha_tail_frac_0.5,5000,6000,5000->6000,2.0566076429232836,2.1081612240832133,0.051553581159929696,0.025067290466073453,0.025067290466073453,0.025067290466073453
EleutherAI/pythia-1b-deduped,mlp.dense_4h_to_h,alpha_tail_frac_0.5,6000,7000,6000->7000,2.1081612240832133,2.147602563119505,0.039441339036291545,0.018708881742868073,0.018708881742868073,0.018708881742868073
EleutherAI/pythia-1b-deduped,mlp.dense_4h_to_h,alpha_tail_frac_0.5,7000,8000,7000->8000,2.147602563119505,2.18082860887893,0.033226045759425116,0.015471226534181017,0.015471226534181017,0.015471226534181017
EleutherAI/pythia-1b-deduped,mlp.dense_4h_to_h,effective_rank,0,1,0->1,1978.8412108907905,1978.8412108907905,0.0,0.0,-0.0,0.0
EleutherAI/pythia-1b-deduped,mlp.dense_4h_to_h,effective_rank,1,2,1->2,1978.8412108907905,1978.841358621438,0.00014773064754081133,7.465512984455644e-08,-7.465512984455644e-08,7.465512984455644e-08
EleutherAI/pythia-1b-deduped,mlp.dense_4h_to_h,effective_rank,2,4,2->4,1978.841358621438,1978.8417763503248,0.00041772888675950526,2.110977137907186e-07,-2.110977137907186e-07,2.110977137907186e-07
EleutherAI/pythia-1b-deduped,mlp.dense_4h_to_h,effective_rank,4,8,4->8,1978.8417763503248,1978.8417035513685,-7.279895635292633e-05,-3.678866962632707e-08,3.678866962632707e-08,3.678866962632707e-08
EleutherAI/pythia-1b-deduped,mlp.dense_4h_to_h,effective_rank,8,16,8->16,1978.8417035513685,1978.8416528492542,-5.0702114322120906e-05,-2.562211733820209e-08,2.562211733820209e-08,2.562211733820209e-08
EleutherAI/pythia-1b-deduped,mlp.dense_4h_to_h,effective_rank,16,32,16->32,1978.8416528492542,1978.8367218655865,-0.00493098366769118,-2.491853585450485e-06,2.491853585450485e-06,2.491853585450485e-06
EleutherAI/pythia-1b-deduped,mlp.dense_4h_to_h,effective_rank,32,64,32->64,1978.8367218655865,1978.813791333539,-0.022930532047439556,-1.158788483863456e-05,1.158788483863456e-05,1.158788483863456e-05
EleutherAI/pythia-1b-deduped,mlp.dense_4h_to_h,effective_rank,64,128,64->128,1978.813791333539,1978.732573091252,-0.08121824228692276,-4.104390349543151e-05,4.104390349543151e-05,4.104390349543151e-05
EleutherAI/pythia-1b-deduped,mlp.dense_4h_to_h,effective_rank,128,256,128->256,1978.732573091252,1978.4880562606825,-0.24451683056963702,-0.00012357244930154626,0.00012357244930154626,0.00012357244930154626
EleutherAI/pythia-1b-deduped,mlp.dense_4h_to_h,effective_rank,256,512,256->512,1978.4880562606825,1975.2643853234415,-3.2236709372409678,-0.0016293608278503656,0.0016293608278503656,0.0016293608278503656
EleutherAI/pythia-1b-deduped,mlp.dense_4h_to_h,effective_rank,512,1000,512->1000,1975.2643853234415,1942.7179475968892,-32.54643772655231,-0.016477003265171992,0.016477003265171992,0.016477003265171992
EleutherAI/pythia-1b-deduped,mlp.dense_4h_to_h,effective_rank,1000,2000,1000->2000,1942.7179475968892,1860.010286032158,-82.7076615647311,-0.042573170061582594,0.042573170061582594,0.042573170061582594
EleutherAI/pythia-1b-deduped,mlp.dense_4h_to_h,effective_rank,2000,3000,2000->3000,1860.010286032158,1874.8237710271296,14.813484994971532,0.00796419520161482,-0.00796419520161482,0.00796419520161482
EleutherAI/pythia-1b-deduped,mlp.dense_4h_to_h,effective_rank,3000,4000,3000->4000,1874.8237710271296,1886.4982272937311,11.67445626660151,0.0062269619401111006,-0.0062269619401111006,0.0062269619401111006
EleutherAI/pythia-1b-deduped,mlp.dense_4h_to_h,effective_rank,4000,5000,4000->5000,1886.4982272937311,1893.6151065570466,7.116879263315468,0.003772534296798655,-0.003772534296798655,0.003772534296798655
EleutherAI/pythia-1b-deduped,mlp.dense_4h_to_h,effective_rank,5000,6000,5000->6000,1893.6151065570466,1898.7559229507776,5.140816393731029,0.0027148158968154893,-0.0027148158968154893,0.0027148158968154893
EleutherAI/pythia-1b-deduped,mlp.dense_4h_to_h,effective_rank,6000,7000,6000->7000,1898.7559229507776,1902.387499337988,3.631576387210316,0.0019126083259646308,-0.0019126083259646308,0.0019126083259646308
EleutherAI/pythia-1b-deduped,mlp.dense_4h_to_h,effective_rank,7000,8000,7000->8000,1902.387499337988,1905.1717792422858,2.7842799042978186,0.0014635713834677316,-0.0014635713834677316,0.0014635713834677316
EleutherAI/pythia-1b-deduped,mlp.dense_4h_to_h,frobenius_norm,0,1,0->1,11.316875309132675,11.316875309132675,0.0,0.0,0.0,0.0
EleutherAI/pythia-1b-deduped,mlp.dense_4h_to_h,frobenius_norm,1,2,1->2,11.316875309132675,11.316860505442133,-1.4803690541853598e-05,-1.3081075948504768e-06,-1.3081075948504768e-06,1.3081075948504768e-06
EleutherAI/pythia-1b-deduped,mlp.dense_4h_to_h,frobenius_norm,2,4,2->4,11.316860505442133,11.316855667784479,-4.8376576540221095e-06,-4.2747347214320743e-07,-4.2747347214320743e-07,4.2747347214320743e-07
EleutherAI/pythia-1b-deduped,mlp.dense_4h_to_h,frobenius_norm,4,8,4->8,11.316855667784479,11.316873261821199,1.7594036719970063e-05,1.5546753653537515e-06,1.5546753653537515e-06,1.5546753653537515e-06
EleutherAI/pythia-1b-deduped,mlp.dense_4h_to_h,frobenius_norm,8,16,8->16,11.316873261821199,11.316971331811171,9.806998997241578e-05,8.665820293601568e-06,8.665820293601568e-06,8.665820293601568e-06
EleutherAI/pythia-1b-deduped,mlp.dense_4h_to_h,frobenius_norm,16,32,16->32,11.316971331811171,11.317611319832055,0.0006399880208842745,5.655117452540141e-05,5.655117452540141e-05,5.655117452540141e-05
EleutherAI/pythia-1b-deduped,mlp.dense_4h_to_h,frobenius_norm,32,64,32->64,11.317611319832055,11.320986055813096,0.003374735981040544,0.0002981844742385379,0.0002981844742385379,0.0002981844742385379
EleutherAI/pythia-1b-deduped,mlp.dense_4h_to_h,frobenius_norm,64,128,64->128,11.320986055813096,11.330199230848,0.009213175034904708,0.0008138138311877097,0.0008138138311877097,0.0008138138311877097
EleutherAI/pythia-1b-deduped,mlp.dense_4h_to_h,frobenius_norm,128,256,128->256,11.330199230848,11.361065733030145,0.030866502182144373,0.002724268263359696,0.002724268263359696,0.002724268263359696
EleutherAI/pythia-1b-deduped,mlp.dense_4h_to_h,frobenius_norm,256,512,256->512,11.361065733030145,11.604589657622745,0.24352392459259953,0.021434954282904855,0.021434954282904855,0.021434954282904855
EleutherAI/pythia-1b-deduped,mlp.dense_4h_to_h,frobenius_norm,512,1000,512->1000,11.604589657622745,13.412032243843434,1.8074425862206898,0.15575239104066668,0.15575239104066668,0.15575239104066668
EleutherAI/pythia-1b-deduped,mlp.dense_4h_to_h,frobenius_norm,1000,2000,1000->2000,13.412032243843434,24.073663446180635,10.661631202337201,0.7949303288642515,0.7949303288642515,0.7949303288642515
EleutherAI/pythia-1b-deduped,mlp.dense_4h_to_h,frobenius_norm,2000,3000,2000->3000,24.073663446180635,34.281889111570834,10.208225665390199,0.4240412219856527,0.4240412219856527,0.4240412219856527
EleutherAI/pythia-1b-deduped,mlp.dense_4h_to_h,frobenius_norm,3000,4000,3000->4000,34.281889111570834,42.62533084072676,8.343441729155927,0.24337753680965038,0.24337753680965038,0.24337753680965038
EleutherAI/pythia-1b-deduped,mlp.dense_4h_to_h,frobenius_norm,4000,5000,4000->5000,42.62533084072676,49.48540835762117,6.860077516894407,0.16093898584687868,0.16093898584687868,0.16093898584687868
EleutherAI/pythia-1b-deduped,mlp.dense_4h_to_h,frobenius_norm,5000,6000,5000->6000,49.48540835762117,55.34743789579491,5.8620295381737435,0.1184597588002085,0.1184597588002085,0.1184597588002085
EleutherAI/pythia-1b-deduped,mlp.dense_4h_to_h,frobenius_norm,6000,7000,6000->7000,55.34743789579491,60.430184917332525,5.082747021537614,0.09183346537389926,0.09183346537389926,0.09183346537389926
EleutherAI/pythia-1b-deduped,mlp.dense_4h_to_h,frobenius_norm,7000,8000,7000->8000,60.430184917332525,64.90170359075519,4.471518673422665,0.07399478720013107,0.07399478720013107,0.07399478720013107
EleutherAI/pythia-1b-deduped,mlp.dense_4h_to_h,mp_outliers_x1,0,1,0->1,0.0625,0.0625,0.0,0.0,0.0,0.0
EleutherAI/pythia-1b-deduped,mlp.dense_4h_to_h,mp_outliers_x1,1,2,1->2,0.0625,0.0625,0.0,0.0,0.0,0.0
EleutherAI/pythia-1b-deduped,mlp.dense_4h_to_h,mp_outliers_x1,2,4,2->4,0.0625,0.0625,0.0,0.0,0.0,0.0
EleutherAI/pythia-1b-deduped,mlp.dense_4h_to_h,mp_outliers_x1,4,8,4->8,0.0625,0.0625,0.0,0.0,0.0,0.0
EleutherAI/pythia-1b-deduped,mlp.dense_4h_to_h,mp_outliers_x1,8,16,8->16,0.0625,0.0625,0.0,0.0,0.0,0.0
EleutherAI/pythia-1b-deduped,mlp.dense_4h_to_h,mp_outliers_x1,16,32,16->32,0.0625,0.0625,0.0,0.0,0.0,0.0
EleutherAI/pythia-1b-deduped,mlp.dense_4h_to_h,mp_outliers_x1,32,64,32->64,0.0625,0.25,0.1875,2.9999999999519997,2.9999999999519997,2.9999999999519997
EleutherAI/pythia-1b-deduped,mlp.dense_4h_to_h,mp_outliers_x1,64,128,64->128,0.25,0.75,0.5,1.9999999999920002,1.9999999999920002,1.9999999999920002
EleutherAI/pythia-1b-deduped,mlp.dense_4h_to_h,mp_outliers_x1,128,256,128->256,0.75,2.5625,1.8125,2.4166666666634447,2.4166666666634447,2.4166666666634447
EleutherAI/pythia-1b-deduped,mlp.dense_4h_to_h,mp_outliers_x1,256,512,256->512,2.5625,25.0625,22.5,8.780487804874621,8.780487804874621,8.780487804874621
EleutherAI/pythia-1b-deduped,mlp.dense_4h_to_h,mp_outliers_x1,512,1000,512->1000,25.0625,155.3125,130.25,5.197007481296551,5.197007481296551,5.197007481296551
EleutherAI/pythia-1b-deduped,mlp.dense_4h_to_h,mp_outliers_x1,1000,2000,1000->2000,155.3125,354.5625,199.25,1.282897384305827,1.282897384305827,1.282897384305827
EleutherAI/pythia-1b-deduped,mlp.dense_4h_to_h,mp_outliers_x1,2000,3000,2000->3000,354.5625,323.5,-31.0625,-0.08760796756566165,-0.08760796756566165,0.08760796756566165
EleutherAI/pythia-1b-deduped,mlp.dense_4h_to_h,mp_outliers_x1,3000,4000,3000->4000,323.5,294.25,-29.25,-0.0904173106646056,-0.0904173106646056,0.0904173106646056
EleutherAI/pythia-1b-deduped,mlp.dense_4h_to_h,mp_outliers_x1,4000,5000,4000->5000,294.25,274.875,-19.375,-0.06584536958368711,-0.06584536958368711,0.06584536958368711
EleutherAI/pythia-1b-deduped,mlp.dense_4h_to_h,mp_outliers_x1,5000,6000,5000->6000,274.875,259.0,-15.875,-0.05775352432924035,-0.05775352432924035,0.05775352432924035
EleutherAI/pythia-1b-deduped,mlp.dense_4h_to_h,mp_outliers_x1,6000,7000,6000->7000,259.0,246.4375,-12.5625,-0.04850386100386081,-0.04850386100386081,0.04850386100386081
EleutherAI/pythia-1b-deduped,mlp.dense_4h_to_h,mp_outliers_x1,7000,8000,7000->8000,246.4375,236.75,-9.6875,-0.0393101699213795,-0.0393101699213795,0.0393101699213795
EleutherAI/pythia-1b-deduped,mlp.dense_4h_to_h,mp_outliers_x1.1,0,1,0->1,0.0,0.0,0.0,0.0,0.0,0.0
EleutherAI/pythia-1b-deduped,mlp.dense_4h_to_h,mp_outliers_x1.1,1,2,1->2,0.0,0.0,0.0,0.0,0.0,0.0
EleutherAI/pythia-1b-deduped,mlp.dense_4h_to_h,mp_outliers_x1.1,2,4,2->4,0.0,0.0,0.0,0.0,0.0,0.0
EleutherAI/pythia-1b-deduped,mlp.dense_4h_to_h,mp_outliers_x1.1,4,8,4->8,0.0,0.0,0.0,0.0,0.0,0.0
EleutherAI/pythia-1b-deduped,mlp.dense_4h_to_h,mp_outliers_x1.1,8,16,8->16,0.0,0.0,0.0,0.0,0.0,0.0
EleutherAI/pythia-1b-deduped,mlp.dense_4h_to_h,mp_outliers_x1.1,16,32,16->32,0.0,0.0,0.0,0.0,0.0,0.0
EleutherAI/pythia-1b-deduped,mlp.dense_4h_to_h,mp_outliers_x1.1,32,64,32->64,0.0,0.0,0.0,0.0,0.0,0.0
EleutherAI/pythia-1b-deduped,mlp.dense_4h_to_h,mp_outliers_x1.1,64,128,64->128,0.0,0.0625,0.0625,62500000000.0,62500000000.0,62500000000.0
EleutherAI/pythia-1b-deduped,mlp.dense_4h_to_h,mp_outliers_x1.1,128,256,128->256,0.0625,0.3125,0.25,3.9999999999359996,3.9999999999359996,3.9999999999359996
EleutherAI/pythia-1b-deduped,mlp.dense_4h_to_h,mp_outliers_x1.1,256,512,256->512,0.3125,9.9375,9.625,30.79999999990144,30.79999999990144,30.79999999990144
EleutherAI/pythia-1b-deduped,mlp.dense_4h_to_h,mp_outliers_x1.1,512,1000,512->1000,9.9375,113.0625,103.125,10.377358490564994,10.377358490564994,10.377358490564994
EleutherAI/pythia-1b-deduped,mlp.dense_4h_to_h,mp_outliers_x1.1,1000,2000,1000->2000,113.0625,302.4375,189.375,1.6749585406301677,1.6749585406301677,1.6749585406301677
EleutherAI/pythia-1b-deduped,mlp.dense_4h_to_h,mp_outliers_x1.1,2000,3000,2000->3000,302.4375,268.8125,-33.625,-0.11117999586691428,-0.11117999586691428,0.11117999586691428
EleutherAI/pythia-1b-deduped,mlp.dense_4h_to_h,mp_outliers_x1.1,3000,4000,3000->4000,268.8125,239.25,-29.5625,-0.10997442455242924,-0.10997442455242924,0.10997442455242924
EleutherAI/pythia-1b-deduped,mlp.dense_4h_to_h,mp_outliers_x1.1,4000,5000,4000->5000,239.25,219.5625,-19.6875,-0.08228840125391815,-0.08228840125391815,0.08228840125391815
EleutherAI/pythia-1b-deduped,mlp.dense_4h_to_h,mp_outliers_x1.1,5000,6000,5000->6000,219.5625,203.625,-15.9375,-0.07258753202391086,-0.07258753202391086,0.07258753202391086
EleutherAI/pythia-1b-deduped,mlp.dense_4h_to_h,mp_outliers_x1.1,6000,7000,6000->7000,203.625,191.125,-12.5,-0.06138735420503346,-0.06138735420503346,0.06138735420503346
EleutherAI/pythia-1b-deduped,mlp.dense_4h_to_h,mp_outliers_x1.1,7000,8000,7000->8000,191.125,182.0,-9.125,-0.04774362328319138,-0.04774362328319138,0.04774362328319138
EleutherAI/pythia-1b-deduped,mlp.dense_4h_to_h,mp_outliers_x1.25,0,1,0->1,0.0,0.0,0.0,0.0,0.0,0.0
EleutherAI/pythia-1b-deduped,mlp.dense_4h_to_h,mp_outliers_x1.25,1,2,1->2,0.0,0.0,0.0,0.0,0.0,0.0
EleutherAI/pythia-1b-deduped,mlp.dense_4h_to_h,mp_outliers_x1.25,2,4,2->4,0.0,0.0,0.0,0.0,0.0,0.0
EleutherAI/pythia-1b-deduped,mlp.dense_4h_to_h,mp_outliers_x1.25,4,8,4->8,0.0,0.0,0.0,0.0,0.0,0.0
EleutherAI/pythia-1b-deduped,mlp.dense_4h_to_h,mp_outliers_x1.25,8,16,8->16,0.0,0.0,0.0,0.0,0.0,0.0
EleutherAI/pythia-1b-deduped,mlp.dense_4h_to_h,mp_outliers_x1.25,16,32,16->32,0.0,0.0,0.0,0.0,0.0,0.0
EleutherAI/pythia-1b-deduped,mlp.dense_4h_to_h,mp_outliers_x1.25,32,64,32->64,0.0,0.0,0.0,0.0,0.0,0.0
EleutherAI/pythia-1b-deduped,mlp.dense_4h_to_h,mp_outliers_x1.25,64,128,64->128,0.0,0.0,0.0,0.0,0.0,0.0
EleutherAI/pythia-1b-deduped,mlp.dense_4h_to_h,mp_outliers_x1.25,128,256,128->256,0.0,0.0,0.0,0.0,0.0,0.0
EleutherAI/pythia-1b-deduped,mlp.dense_4h_to_h,mp_outliers_x1.25,256,512,256->512,0.0,3.875,3.875,3875000000000.0,3875000000000.0,3875000000000.0
EleutherAI/pythia-1b-deduped,mlp.dense_4h_to_h,mp_outliers_x1.25,512,1000,512->1000,3.875,71.0,67.125,17.32258064515682,17.32258064515682,17.32258064515682
EleutherAI/pythia-1b-deduped,mlp.dense_4h_to_h,mp_outliers_x1.25,1000,2000,1000->2000,71.0,239.0,168.0,2.366197183098558,2.366197183098558,2.366197183098558
EleutherAI/pythia-1b-deduped,mlp.dense_4h_to_h,mp_outliers_x1.25,2000,3000,2000->3000,239.0,204.125,-34.875,-0.1459205020920496,-0.1459205020920496,0.1459205020920496
EleutherAI/pythia-1b-deduped,mlp.dense_4h_to_h,mp_outliers_x1.25,3000,4000,3000->4000,204.125,175.8125,-28.3125,-0.1387017758726264,-0.1387017758726264,0.1387017758726264
EleutherAI/pythia-1b-deduped,mlp.dense_4h_to_h,mp_outliers_x1.25,4000,5000,4000->5000,175.8125,156.9375,-18.875,-0.10735869178812595,-0.10735869178812595,0.10735869178812595
EleutherAI/pythia-1b-deduped,mlp.dense_4h_to_h,mp_outliers_x1.25,5000,6000,5000->6000,156.9375,142.375,-14.5625,-0.09279171644762983,-0.09279171644762983,0.09279171644762983
EleutherAI/pythia-1b-deduped,mlp.dense_4h_to_h,mp_outliers_x1.25,6000,7000,6000->7000,142.375,132.125,-10.25,-0.07199297629499511,-0.07199297629499511,0.07199297629499511
EleutherAI/pythia-1b-deduped,mlp.dense_4h_to_h,mp_outliers_x1.25,7000,8000,7000->8000,132.125,124.25,-7.875,-0.059602649006622065,-0.059602649006622065,0.059602649006622065
EleutherAI/pythia-1b-deduped,mlp.dense_4h_to_h,nuclear_norm,0,1,0->1,495.6001116274856,495.6001116274856,0.0,0.0,0.0,0.0
EleutherAI/pythia-1b-deduped,mlp.dense_4h_to_h,nuclear_norm,1,2,1->2,495.6001116274856,495.59949273848906,-0.0006188889965415001,-1.248766862681182e-06,-1.248766862681182e-06,1.248766862681182e-06
EleutherAI/pythia-1b-deduped,mlp.dense_4h_to_h,nuclear_norm,2,4,2->4,495.59949273848906,495.59938072785735,-0.00011201063171029091,-2.260103840933406e-07,-2.260103840933406e-07,2.260103840933406e-07
EleutherAI/pythia-1b-deduped,mlp.dense_4h_to_h,nuclear_norm,4,8,4->8,495.59938072785735,495.60013311961666,0.0007523917593061924,1.5181450755672813e-06,1.5181450755672813e-06,1.5181450755672813e-06
EleutherAI/pythia-1b-deduped,mlp.dense_4h_to_h,nuclear_norm,8,16,8->16,495.60013311961666,495.60442776279524,0.0042946431785821915,8.665540809178192e-06,8.665540809178192e-06,8.665540809178192e-06
EleutherAI/pythia-1b-deduped,mlp.dense_4h_to_h,nuclear_norm,16,32,16->32,495.60442776279524,495.63123351940885,0.026805756613612175,5.408699985715586e-05,5.408699985715586e-05,5.408699985715586e-05
EleutherAI/pythia-1b-deduped,mlp.dense_4h_to_h,nuclear_norm,32,64,32->64,495.63123351940885,495.7732781865634,0.14204466715455055,0.00028659345406041245,0.00028659345406041245,0.00028659345406041245
EleutherAI/pythia-1b-deduped,mlp.dense_4h_to_h,nuclear_norm,64,128,64->128,495.7732781865634,496.15607581147924,0.38279762491583824,0.0007721223425272785,0.0007721223425272785,0.0007721223425272785
EleutherAI/pythia-1b-deduped,mlp.dense_4h_to_h,nuclear_norm,128,256,128->256,496.15607581147924,497.4451937591657,1.2891179476864636,0.002598210544087497,0.002598210544087497,0.002598210544087497
EleutherAI/pythia-1b-deduped,mlp.dense_4h_to_h,nuclear_norm,256,512,256->512,497.4451937591657,507.2130214292556,9.7678276700899,0.0196359876276519,0.0196359876276519,0.0196359876276519
EleutherAI/pythia-1b-deduped,mlp.dense_4h_to_h,nuclear_norm,512,1000,512->1000,507.2130214292556,575.1675043897703,67.95448296051472,0.13397621924024805,0.13397621924024805,0.13397621924024805
EleutherAI/pythia-1b-deduped,mlp.dense_4h_to_h,nuclear_norm,1000,2000,1000->2000,575.1675043897703,986.3450812269002,411.1775768371299,0.7148831839402542,0.7148831839402542,0.7148831839402542
EleutherAI/pythia-1b-deduped,mlp.dense_4h_to_h,nuclear_norm,2000,3000,2000->3000,986.3450812269002,1418.3900156151503,432.0449343882501,0.438026145830053,0.438026145830053,0.438026145830053
EleutherAI/pythia-1b-deduped,mlp.dense_4h_to_h,nuclear_norm,3000,4000,3000->4000,1418.3900156151503,1775.4063249863684,357.0163093712181,0.25170531760714715,0.25170531760714715,0.25170531760714715
EleutherAI/pythia-1b-deduped,mlp.dense_4h_to_h,nuclear_norm,4000,5000,4000->5000,1775.4063249863684,2069.2834618091583,293.8771368227899,0.16552669250237473,0.16552669250237473,0.16552669250237473
EleutherAI/pythia-1b-deduped,mlp.dense_4h_to_h,nuclear_norm,5000,6000,5000->6000,2069.2834618091583,2320.9348222846165,251.6513604754582,0.12161280226704237,0.12161280226704237,0.12161280226704237
EleutherAI/pythia-1b-deduped,mlp.dense_4h_to_h,nuclear_norm,6000,7000,6000->7000,2320.9348222846165,2539.09362129122,218.15879900660366,0.09399609024430017,0.09399609024430017,0.09399609024430017
EleutherAI/pythia-1b-deduped,mlp.dense_4h_to_h,nuclear_norm,7000,8000,7000->8000,2539.09362129122,2731.133362838067,192.03974154684693,0.07563318655780316,0.07563318655780316,0.07563318655780316
EleutherAI/pythia-1b-deduped,mlp.dense_4h_to_h,spectral_norm,0,1,0->1,0.3745059724897146,0.3745059724897146,0.0,0.0,0.0,0.0
EleutherAI/pythia-1b-deduped,mlp.dense_4h_to_h,spectral_norm,1,2,1->2,0.3745059724897146,0.3745062742382288,3.0174851417541504e-07,8.057241708819384e-07,8.057241708819384e-07,8.057241708819384e-07
EleutherAI/pythia-1b-deduped,mlp.dense_4h_to_h,spectral_norm,2,4,2->4,0.3745062742382288,0.37450894899666304,2.674758434240143e-06,7.142092451384537e-06,7.142092451384537e-06,7.142092451384537e-06
EleutherAI/pythia-1b-deduped,mlp.dense_4h_to_h,spectral_norm,4,8,4->8,0.37450894899666304,0.3745128810405731,3.9320439100820614e-06,1.0499198805811708e-05,1.0499198805811708e-05,1.0499198805811708e-05
EleutherAI/pythia-1b-deduped,mlp.dense_4h_to_h,spectral_norm,8,16,8->16,0.3745128810405731,0.37451786547899246,4.984438419342041e-06,1.3309124122726073e-05,1.3309124122726073e-05,1.3309124122726073e-05
EleutherAI/pythia-1b-deduped,mlp.dense_4h_to_h,spectral_norm,16,32,16->32,0.37451786547899246,0.3745558485388755,3.7983059883062165e-05,0.00010141855271545465,0.00010141855271545465,0.00010141855271545465
EleutherAI/pythia-1b-deduped,mlp.dense_4h_to_h,spectral_norm,32,64,32->64,0.3745558485388755,0.37487316131591797,0.00031731277704244443,0.0008471707978380775,0.0008471707978380775,0.0008471707978380775
EleutherAI/pythia-1b-deduped,mlp.dense_4h_to_h,spectral_norm,64,128,64->128,0.37487316131591797,0.3798749353736639,0.0050017740577459335,0.013342577100411387,0.013342577100411387,0.013342577100411387
EleutherAI/pythia-1b-deduped,mlp.dense_4h_to_h,spectral_norm,128,256,128->256,0.3798749353736639,0.3902542646974325,0.010379329323768616,0.027323017017513062,0.027323017017513062,0.027323017017513062
EleutherAI/pythia-1b-deduped,mlp.dense_4h_to_h,spectral_norm,256,512,256->512,0.3902542646974325,0.5359139945358038,0.14565972983837128,0.3732431468774064,0.3732431468774064,0.3732431468774064
EleutherAI/pythia-1b-deduped,mlp.dense_4h_to_h,spectral_norm,512,1000,512->1000,0.5359139945358038,1.061335675418377,0.5254216808825731,0.980421646455978,0.980421646455978,0.980421646455978
EleutherAI/pythia-1b-deduped,mlp.dense_4h_to_h,spectral_norm,1000,2000,1000->2000,1.061335675418377,2.1134150475263596,1.0520793721079826,0.9912786279348079,0.9912786279348079,0.9912786279348079
EleutherAI/pythia-1b-deduped,mlp.dense_4h_to_h,spectral_norm,2000,3000,2000->3000,2.1134150475263596,2.7947979867458344,0.6813829392194748,0.3224084829038551,0.3224084829038551,0.3224084829038551
EleutherAI/pythia-1b-deduped,mlp.dense_4h_to_h,spectral_norm,3000,4000,3000->4000,2.7947979867458344,3.3947163820266724,0.599918395280838,0.21465536977116098,0.21465536977116098,0.21465536977116098
EleutherAI/pythia-1b-deduped,mlp.dense_4h_to_h,spectral_norm,4000,5000,4000->5000,3.3947163820266724,3.9029407501220703,0.508224368095398,0.14971040608459735,0.14971040608459735,0.14971040608459735
EleutherAI/pythia-1b-deduped,mlp.dense_4h_to_h,spectral_norm,5000,6000,5000->6000,3.9029407501220703,4.367620185017586,0.46467943489551544,0.11905879813339795,0.11905879813339795,0.11905879813339795
EleutherAI/pythia-1b-deduped,mlp.dense_4h_to_h,spectral_norm,6000,7000,6000->7000,4.367620185017586,4.778283193707466,0.41066300868988037,0.09402443236673814,0.09402443236673814,0.09402443236673814
EleutherAI/pythia-1b-deduped,mlp.dense_4h_to_h,spectral_norm,7000,8000,7000->8000,4.778283193707466,5.130464106798172,0.35218091309070587,0.07370448732599612,0.07370448732599612,0.07370448732599612
EleutherAI/pythia-1b-deduped,mlp.dense_4h_to_h,stable_rank,0,1,0->1,913.1402194223125,913.1402194223125,0.0,0.0,-0.0,0.0
EleutherAI/pythia-1b-deduped,mlp.dense_4h_to_h,stable_rank,1,2,1->2,913.1402194223125,913.1362570036384,-0.003962418674063883,-4.339332108896328e-06,4.339332108896328e-06,4.339332108896328e-06
EleutherAI/pythia-1b-deduped,mlp.dense_4h_to_h,stable_rank,2,4,2->4,913.1362570036384,913.1224987614914,-0.013758242146991506,-1.5067019890479138e-05,1.5067019890479138e-05,1.5067019890479138e-05
EleutherAI/pythia-1b-deduped,mlp.dense_4h_to_h,stable_rank,4,8,4->8,913.1224987614914,913.1061858316292,-0.01631292986223798,-1.786499608142819e-05,1.786499608142819e-05,1.786499608142819e-05
EleutherAI/pythia-1b-deduped,mlp.dense_4h_to_h,stable_rank,8,16,8->16,913.1061858316292,913.0977835951272,-0.008402236501979132,-9.201817523913304e-06,9.201817523913304e-06,9.201817523913304e-06
EleutherAI/pythia-1b-deduped,mlp.dense_4h_to_h,stable_rank,16,32,16->32,913.0977835951272,913.0158349435478,-0.08194865157940967,-8.974794710020464e-05,8.974794710020464e-05,8.974794710020464e-05
EleutherAI/pythia-1b-deduped,mlp.dense_4h_to_h,stable_rank,32,64,32->64,913.0158349435478,912.0215938026176,-0.9942411409301712,-0.0010889637428814632,0.0010889637428814632,0.0010889637428814632
EleutherAI/pythia-1b-deduped,mlp.dense_4h_to_h,stable_rank,64,128,64->128,912.0215938026176,890.8006595942894,-21.22093420832823,-0.02326801728438121,0.02326801728438121,0.02326801728438121
EleutherAI/pythia-1b-deduped,mlp.dense_4h_to_h,stable_rank,128,256,128->256,890.8006595942894,849.4222301063646,-41.37842948792479,-0.04645082942211823,0.04645082942211823,0.04645082942211823
EleutherAI/pythia-1b-deduped,mlp.dense_4h_to_h,stable_rank,256,512,256->512,849.4222301063646,489.3933691114544,-360.02886099491025,-0.42385147013379554,0.42385147013379554,0.42385147013379554
EleutherAI/pythia-1b-deduped,mlp.dense_4h_to_h,stable_rank,512,1000,512->1000,489.3933691114544,164.29800345776763,-325.0953656536867,-0.6642823261866649,0.6642823261866649,0.6642823261866649
EleutherAI/pythia-1b-deduped,mlp.dense_4h_to_h,stable_rank,1000,2000,1000->2000,164.29800345776763,135.33071219706352,-28.967291260704116,-0.17630945386472638,0.17630945386472638,0.17630945386472638
EleutherAI/pythia-1b-deduped,mlp.dense_4h_to_h,stable_rank,2000,3000,2000->3000,135.33071219706352,156.95768022335122,21.6269680262877,0.15980827762729247,-0.15980827762729247,0.15980827762729247
EleutherAI/pythia-1b-deduped,mlp.dense_4h_to_h,stable_rank,3000,4000,3000->4000,156.95768022335122,163.70475007592506,6.747069852573844,0.04298655435638895,-0.04298655435638895,0.04298655435638895
EleutherAI/pythia-1b-deduped,mlp.dense_4h_to_h,stable_rank,4000,5000,4000->5000,163.70475007592506,166.45715154529637,2.752401469371307,0.01681320467545839,-0.01681320467545839,0.01681320467545839
EleutherAI/pythia-1b-deduped,mlp.dense_4h_to_h,stable_rank,5000,6000,5000->6000,166.45715154529637,166.50851762986247,0.051366084566097925,0.00030858442601740585,-0.00030858442601740585,0.00030858442601740585
EleutherAI/pythia-1b-deduped,mlp.dense_4h_to_h,stable_rank,6000,7000,6000->7000,166.50851762986247,166.74277599891164,0.2342583690491722,0.0014068851995302234,-0.0014068851995302234,0.0014068851995302234
EleutherAI/pythia-1b-deduped,mlp.dense_4h_to_h,stable_rank,7000,8000,7000->8000,166.74277599891164,167.96211460188988,1.2193386029782403,0.007312692233132738,-0.007312692233132738,0.007312692233132738
EleutherAI/pythia-1b-deduped,mlp.dense_4h_to_h,subspace_stability_topk,1,2,1->2,1.0008000954985619,1.000791996717453,-8.098781108856201e-06,-8.092306490851795e-06,8.092306490851795e-06,8.092306490851795e-06
EleutherAI/pythia-1b-deduped,mlp.dense_4h_to_h,subspace_stability_topk,2,4,2->4,1.000791996717453,1.0007580369710922,-3.395974636077881e-05,-3.3932871637793985e-05,3.3932871637793985e-05,3.3932871637793985e-05
EleutherAI/pythia-1b-deduped,mlp.dense_4h_to_h,subspace_stability_topk,4,8,4->8,1.0007580369710922,1.0007471442222595,-1.0892748832702637e-05,-1.0884497980810518e-05,1.0884497980810518e-05,1.0884497980810518e-05
EleutherAI/pythia-1b-deduped,mlp.dense_4h_to_h,subspace_stability_topk,8,16,8->16,1.0007471442222595,1.0005914941430092,-0.0001556500792503357,-0.0001555338730155909,0.0001555338730155909,0.0001555338730155909
EleutherAI/pythia-1b-deduped,mlp.dense_4h_to_h,subspace_stability_topk,16,32,16->32,1.0005914941430092,0.9953616969287395,-0.005229797214269638,-0.005226705648486098,0.005226705648486098,0.005226705648486098
EleutherAI/pythia-1b-deduped,mlp.dense_4h_to_h,subspace_stability_topk,32,64,32->64,0.9953616969287395,0.9786002561450005,-0.01676144078373909,-0.016839547709582244,0.016839547709582244,0.016839547709582244
EleutherAI/pythia-1b-deduped,mlp.dense_4h_to_h,subspace_stability_topk,64,128,64->128,0.9786002561450005,0.9321650639176369,-0.046435192227363586,-0.04745062341413875,0.04745062341413875,0.04745062341413875
EleutherAI/pythia-1b-deduped,mlp.dense_4h_to_h,subspace_stability_topk,128,256,128->256,0.9321650639176369,0.8374201692640781,-0.09474489465355873,-0.10163961118138241,0.10163961118138241,0.10163961118138241
EleutherAI/pythia-1b-deduped,mlp.dense_4h_to_h,subspace_stability_topk,256,512,256->512,0.8374201692640781,0.3988792710006237,-0.43854089826345444,-0.5236808407042775,0.5236808407042775,0.5236808407042775
EleutherAI/pythia-1b-deduped,mlp.dense_4h_to_h,subspace_stability_topk,512,1000,512->1000,0.3988792710006237,0.6682061459869146,0.26932687498629093,0.6752090032404683,-0.6752090032404683,0.6752090032404683
EleutherAI/pythia-1b-deduped,mlp.dense_4h_to_h,subspace_stability_topk,1000,2000,1000->2000,0.6682061459869146,0.6612269766628742,-0.006979169324040413,-0.010444635036575434,0.010444635036575434,0.010444635036575434
EleutherAI/pythia-1b-deduped,mlp.dense_4h_to_h,subspace_stability_topk,2000,3000,2000->3000,0.6612269766628742,0.8089939430356026,0.14776696637272835,0.22347389260835268,-0.22347389260835268,0.22347389260835268
EleutherAI/pythia-1b-deduped,mlp.dense_4h_to_h,subspace_stability_topk,3000,4000,3000->4000,0.8089939430356026,0.9235827550292015,0.11458881199359894,0.1416435969390372,-0.1416435969390372,0.1416435969390372
EleutherAI/pythia-1b-deduped,mlp.dense_4h_to_h,subspace_stability_topk,4000,5000,4000->5000,0.9235827550292015,0.9635750092566013,0.039992254227399826,0.04330121368072974,-0.04330121368072974,0.04330121368072974
EleutherAI/pythia-1b-deduped,mlp.dense_4h_to_h,subspace_stability_topk,5000,6000,5000->6000,0.9635750092566013,0.9756024926900864,0.012027483433485031,0.012482145466549365,-0.012482145466549365,0.012482145466549365
EleutherAI/pythia-1b-deduped,mlp.dense_4h_to_h,subspace_stability_topk,6000,7000,6000->7000,0.9756024926900864,0.9802910089492798,0.00468851625919342,0.004805764944553075,-0.004805764944553075,0.004805764944553075
EleutherAI/pythia-1b-deduped,mlp.dense_4h_to_h,subspace_stability_topk,7000,8000,7000->8000,0.9802910089492798,0.983263973146677,0.002972964197397232,0.0030327363713972618,-0.0030327363713972618,0.0030327363713972618
EleutherAI/pythia-1b-deduped,mlp.dense_h_to_4h,alpha_tail_frac_0.2,0,1,0->1,7.989811885374114,7.989811885374114,0.0,0.0,0.0,0.0
EleutherAI/pythia-1b-deduped,mlp.dense_h_to_4h,alpha_tail_frac_0.2,1,2,1->2,7.989811885374114,7.99023367307757,0.00042178770345557837,5.279069263540938e-05,5.279069263540938e-05,5.279069263540938e-05
EleutherAI/pythia-1b-deduped,mlp.dense_h_to_4h,alpha_tail_frac_0.2,2,4,2->4,7.99023367307757,7.989708842247145,-0.0005248308304244276,-6.568404027941459e-05,-6.568404027941459e-05,6.568404027941459e-05
EleutherAI/pythia-1b-deduped,mlp.dense_h_to_4h,alpha_tail_frac_0.2,4,8,4->8,7.989708842247145,7.989910400716622,0.0002015584694765593,2.5227260899765748e-05,2.5227260899765748e-05,2.5227260899765748e-05
EleutherAI/pythia-1b-deduped,mlp.dense_h_to_4h,alpha_tail_frac_0.2,8,16,8->16,7.989910400716622,7.990039064353136,0.00012866363651387047,1.6103263999345278e-05,1.6103263999345278e-05,1.6103263999345278e-05
EleutherAI/pythia-1b-deduped,mlp.dense_h_to_4h,alpha_tail_frac_0.2,16,32,16->32,7.990039064353136,7.989907258126771,-0.00013180622636443928,-1.649631814097941e-05,-1.649631814097941e-05,1.649631814097941e-05
EleutherAI/pythia-1b-deduped,mlp.dense_h_to_4h,alpha_tail_frac_0.2,32,64,32->64,7.989907258126771,7.9904554432835715,0.0005481851568003293,6.860970210169653e-05,6.860970210169653e-05,6.860970210169653e-05
EleutherAI/pythia-1b-deduped,mlp.dense_h_to_4h,alpha_tail_frac_0.2,64,128,64->128,7.9904554432835715,7.989930757812141,-0.0005246854714302529,-6.5664025680941e-05,-6.5664025680941e-05,6.5664025680941e-05
EleutherAI/pythia-1b-deduped,mlp.dense_h_to_4h,alpha_tail_frac_0.2,128,256,128->256,7.989930757812141,7.989776199678915,-0.00015455813322606815,-1.9344114224635782e-05,-1.9344114224635782e-05,1.9344114224635782e-05
EleutherAI/pythia-1b-deduped,mlp.dense_h_to_4h,alpha_tail_frac_0.2,256,512,256->512,7.989776199678915,7.96571193993176,-0.024064259747155425,-0.0030118815778744194,-0.0030118815778744194,0.0030118815778744194
EleutherAI/pythia-1b-deduped,mlp.dense_h_to_4h,alpha_tail_frac_0.2,512,1000,512->1000,7.96571193993176,5.774557166401451,-2.191154773530309,-0.2750733129760659,-0.2750733129760659,0.2750733129760659
EleutherAI/pythia-1b-deduped,mlp.dense_h_to_4h,alpha_tail_frac_0.2,1000,2000,1000->2000,5.774557166401451,3.02241223507795,-2.7521449313235005,-0.4765984389826531,-0.4765984389826531,0.4765984389826531
EleutherAI/pythia-1b-deduped,mlp.dense_h_to_4h,alpha_tail_frac_0.2,2000,3000,2000->3000,3.02241223507795,2.554764037108681,-0.46764819796926904,-0.15472680812419135,-0.15472680812419135,0.15472680812419135
EleutherAI/pythia-1b-deduped,mlp.dense_h_to_4h,alpha_tail_frac_0.2,3000,4000,3000->4000,2.554764037108681,2.406225431465459,-0.14853860564322208,-0.058141810157649805,-0.058141810157649805,0.058141810157649805
EleutherAI/pythia-1b-deduped,mlp.dense_h_to_4h,alpha_tail_frac_0.2,4000,5000,4000->5000,2.406225431465459,2.3375614460718372,-0.06866398539362173,-0.028535973602346516,-0.028535973602346516,0.028535973602346516
EleutherAI/pythia-1b-deduped,mlp.dense_h_to_4h,alpha_tail_frac_0.2,5000,6000,5000->6000,2.3375614460718372,2.2979414590168417,-0.03961998705499559,-0.01694928153506218,-0.01694928153506218,0.01694928153506218
EleutherAI/pythia-1b-deduped,mlp.dense_h_to_4h,alpha_tail_frac_0.2,6000,7000,6000->7000,2.2979414590168417,2.2750369317535815,-0.0229045272632602,-0.009967411125020467,-0.009967411125020467,0.009967411125020467
EleutherAI/pythia-1b-deduped,mlp.dense_h_to_4h,alpha_tail_frac_0.2,7000,8000,7000->8000,2.2750369317535815,2.260629137966652,-0.014407793786929357,-0.006332993361922087,-0.006332993361922087,0.006332993361922087
EleutherAI/pythia-1b-deduped,mlp.dense_h_to_4h,alpha_tail_frac_0.3,0,1,0->1,5.77706187764001,5.77706187764001,0.0,0.0,-0.0,0.0
EleutherAI/pythia-1b-deduped,mlp.dense_h_to_4h,alpha_tail_frac_0.3,1,2,1->2,5.77706187764001,5.777261322277403,0.0001994446373929648,3.4523541830991344e-05,-3.4523541830991344e-05,3.4523541830991344e-05
EleutherAI/pythia-1b-deduped,mlp.dense_h_to_4h,alpha_tail_frac_0.3,2,4,2->4,5.777261322277403,5.776997131090019,-0.00026419118738374436,-4.5729485416379634e-05,4.5729485416379634e-05,4.5729485416379634e-05
EleutherAI/pythia-1b-deduped,mlp.dense_h_to_4h,alpha_tail_frac_0.3,4,8,4->8,5.776997131090019,5.777139703455543,0.00014257236552328578,2.467932081114954e-05,-2.467932081114954e-05,2.467932081114954e-05
EleutherAI/pythia-1b-deduped,mlp.dense_h_to_4h,alpha_tail_frac_0.3,8,16,8->16,5.777139703455543,5.77717465305448,3.4949598937572546e-05,6.049637144253534e-06,-6.049637144253534e-06,6.049637144253534e-06
EleutherAI/pythia-1b-deduped,mlp.dense_h_to_4h,alpha_tail_frac_0.3,16,32,16->32,5.77717465305448,5.777262226820052,8.757376557166907e-05,1.5158580245683298e-05,-1.5158580245683298e-05,1.5158580245683298e-05
EleutherAI/pythia-1b-deduped,mlp.dense_h_to_4h,alpha_tail_frac_0.3,32,64,32->64,5.777262226820052,5.7770782653579,-0.00018396146215238218,-3.1842325123886104e-05,3.1842325123886104e-05,3.1842325123886104e-05
EleutherAI/pythia-1b-deduped,mlp.dense_h_to_4h,alpha_tail_frac_0.3,64,128,64->128,5.7770782653579,5.776960294701685,-0.00011797065621443892,-2.0420470486236353e-05,2.0420470486236353e-05,2.0420470486236353e-05
EleutherAI/pythia-1b-deduped,mlp.dense_h_to_4h,alpha_tail_frac_0.3,128,256,128->256,5.776960294701685,5.776689831349124,-0.000270463352561201,-4.681758896788827e-05,4.681758896788827e-05,4.681758896788827e-05
EleutherAI/pythia-1b-deduped,mlp.dense_h_to_4h,alpha_tail_frac_0.3,256,512,256->512,5.776689831349124,5.768171951710774,-0.008517879638350045,-0.0014745260498708916,0.0014745260498708916,0.0014745260498708916
EleutherAI/pythia-1b-deduped,mlp.dense_h_to_4h,alpha_tail_frac_0.3,512,1000,512->1000,5.768171951710774,5.003033748346768,-0.765138203364006,-0.1326482999760335,0.1326482999760335,0.1326482999760335
EleutherAI/pythia-1b-deduped,mlp.dense_h_to_4h,alpha_tail_frac_0.3,1000,2000,1000->2000,5.003033748346768,3.018785498637408,-1.9842482497093599,-0.39660900755759443,0.39660900755759443,0.39660900755759443
EleutherAI/pythia-1b-deduped,mlp.dense_h_to_4h,alpha_tail_frac_0.3,2000,3000,2000->3000,3.018785498637408,2.531797224670291,-0.4869882739671172,-0.16131927034457008,0.16131927034457008,0.16131927034457008
EleutherAI/pythia-1b-deduped,mlp.dense_h_to_4h,alpha_tail_frac_0.3,3000,4000,3000->4000,2.531797224670291,2.358815751971524,-0.17298147269876685,-0.0683235888771564,0.0683235888771564,0.0683235888771564
EleutherAI/pythia-1b-deduped,mlp.dense_h_to_4h,alpha_tail_frac_0.3,4000,5000,4000->5000,2.358815751971524,2.274889547439988,-0.0839262045315361,-0.035579805019257685,0.035579805019257685,0.035579805019257685
EleutherAI/pythia-1b-deduped,mlp.dense_h_to_4h,alpha_tail_frac_0.3,5000,6000,5000->6000,2.274889547439988,2.228798619815934,-0.04609092762405398,-0.020260732076377703,0.020260732076377703,0.020260732076377703
EleutherAI/pythia-1b-deduped,mlp.dense_h_to_4h,alpha_tail_frac_0.3,6000,7000,6000->7000,2.228798619815934,2.2016254353351177,-0.027173184480816293,-0.012191852704506881,0.012191852704506881,0.012191852704506881
EleutherAI/pythia-1b-deduped,mlp.dense_h_to_4h,alpha_tail_frac_0.3,7000,8000,7000->8000,2.2016254353351177,2.1845912377832932,-0.017034197551824448,-0.007737100634115753,0.007737100634115753,0.007737100634115753
EleutherAI/pythia-1b-deduped,mlp.dense_h_to_4h,alpha_tail_frac_0.5,0,1,0->1,3.6735541978237225,3.6735541978237225,0.0,0.0,0.0,0.0
EleutherAI/pythia-1b-deduped,mlp.dense_h_to_4h,alpha_tail_frac_0.5,1,2,1->2,3.6735541978237225,3.67354937199044,-4.825833282318115e-06,-1.3136687312727573e-06,-1.3136687312727573e-06,1.3136687312727573e-06
EleutherAI/pythia-1b-deduped,mlp.dense_h_to_4h,alpha_tail_frac_0.5,2,4,2->4,3.67354937199044,3.673567132055461,1.7760065020855365e-05,4.8345791011453286e-06,4.8345791011453286e-06,4.8345791011453286e-06
EleutherAI/pythia-1b-deduped,mlp.dense_h_to_4h,alpha_tail_frac_0.5,4,8,4->8,3.673567132055461,3.673608796741611,4.166468615007801e-05,1.1341751668698686e-05,1.1341751668698686e-05,1.1341751668698686e-05
EleutherAI/pythia-1b-deduped,mlp.dense_h_to_4h,alpha_tail_frac_0.5,8,16,8->16,3.673608796741611,3.673560504570235,-4.829217137602981e-05,-1.3145703325528423e-05,-1.3145703325528423e-05,1.3145703325528423e-05
EleutherAI/pythia-1b-deduped,mlp.dense_h_to_4h,alpha_tail_frac_0.5,16,32,16->32,3.673560504570235,3.6736043307836863,4.3826213451225726e-05,1.193017330099507e-05,1.193017330099507e-05,1.193017330099507e-05
EleutherAI/pythia-1b-deduped,mlp.dense_h_to_4h,alpha_tail_frac_0.5,32,64,32->64,3.6736043307836863,3.6735668093544356,-3.7521429250730876e-05,-1.021379165314634e-05,-1.021379165314634e-05,1.021379165314634e-05
EleutherAI/pythia-1b-deduped,mlp.dense_h_to_4h,alpha_tail_frac_0.5,64,128,64->128,3.6735668093544356,3.6735161288270133,-5.068052742229767e-05,-1.3795999923896874e-05,-1.3795999923896874e-05,1.3795999923896874e-05
EleutherAI/pythia-1b-deduped,mlp.dense_h_to_4h,alpha_tail_frac_0.5,128,256,128->256,3.6735161288270133,3.6731744468522254,-0.00034168197478789963,-9.301224298609756e-05,-9.301224298609756e-05,9.301224298609756e-05
EleutherAI/pythia-1b-deduped,mlp.dense_h_to_4h,alpha_tail_frac_0.5,256,512,256->512,3.6731744468522254,3.6706866906271145,-0.002487756225110882,-0.0006772769061491539,-0.0006772769061491539,0.0006772769061491539
EleutherAI/pythia-1b-deduped,mlp.dense_h_to_4h,alpha_tail_frac_0.5,512,1000,512->1000,3.6706866906271145,3.5304091118723027,-0.14027757875481184,-0.038215623009439696,-0.038215623009439696,0.038215623009439696
EleutherAI/pythia-1b-deduped,mlp.dense_h_to_4h,alpha_tail_frac_0.5,1000,2000,1000->2000,3.5304091118723027,2.6455227012784963,-0.8848864105938063,-0.250646988083562,-0.250646988083562,0.250646988083562
EleutherAI/pythia-1b-deduped,mlp.dense_h_to_4h,alpha_tail_frac_0.5,2000,3000,2000->3000,2.6455227012784963,2.268427321867666,-0.3770953794108305,-0.1425409728022556,-0.1425409728022556,0.1425409728022556
EleutherAI/pythia-1b-deduped,mlp.dense_h_to_4h,alpha_tail_frac_0.5,3000,4000,3000->4000,2.268427321867666,2.1028041839377885,-0.16562313792987737,-0.07301231841690292,-0.07301231841690292,0.07301231841690292
EleutherAI/pythia-1b-deduped,mlp.dense_h_to_4h,alpha_tail_frac_0.5,4000,5000,4000->5000,2.1028041839377885,2.012801611233745,-0.09000257270404344,-0.04280121439337186,-0.04280121439337186,0.04280121439337186
EleutherAI/pythia-1b-deduped,mlp.dense_h_to_4h,alpha_tail_frac_0.5,5000,6000,5000->6000,2.012801611233745,1.9607354373277048,-0.05206617390604018,-0.02586751402394814,-0.02586751402394814,0.02586751402394814
EleutherAI/pythia-1b-deduped,mlp.dense_h_to_4h,alpha_tail_frac_0.5,6000,7000,6000->7000,1.9607354373277048,1.9285707339234408,-0.03216470340426403,-0.01640440764822665,-0.01640440764822665,0.01640440764822665
EleutherAI/pythia-1b-deduped,mlp.dense_h_to_4h,alpha_tail_frac_0.5,7000,8000,7000->8000,1.9285707339234408,1.9087587852860592,-0.01981194863738156,-0.010272865956576198,-0.010272865956576198,0.010272865956576198
EleutherAI/pythia-1b-deduped,mlp.dense_h_to_4h,effective_rank,0,1,0->1,1978.8446624201747,1978.8446624201747,0.0,0.0,-0.0,0.0
EleutherAI/pythia-1b-deduped,mlp.dense_h_to_4h,effective_rank,1,2,1->2,1978.8446624201747,1978.8447609879797,9.856780502559559e-05,4.981078449333398e-08,-4.981078449333398e-08,4.981078449333398e-08
EleutherAI/pythia-1b-deduped,mlp.dense_h_to_4h,effective_rank,2,4,2->4,1978.8447609879797,1978.8444126691904,-0.00034831878929253435,-1.7602128077931123e-07,1.7602128077931123e-07,1.7602128077931123e-07
EleutherAI/pythia-1b-deduped,mlp.dense_h_to_4h,effective_rank,4,8,4->8,1978.8444126691904,1978.844955880174,0.0005432109835510346,2.745091933823726e-07,-2.745091933823726e-07,2.745091933823726e-07
EleutherAI/pythia-1b-deduped,mlp.dense_h_to_4h,effective_rank,8,16,8->16,1978.844955880174,1978.8449689125641,1.3032390143052908e-05,6.585857120501996e-09,-6.585857120501996e-09,6.585857120501996e-09
EleutherAI/pythia-1b-deduped,mlp.dense_h_to_4h,effective_rank,16,32,16->32,1978.8449689125641,1978.8458268389493,0.0008579263851515861,4.335490645449818e-07,-4.335490645449818e-07,4.335490645449818e-07
EleutherAI/pythia-1b-deduped,mlp.dense_h_to_4h,effective_rank,32,64,32->64,1978.8458268389493,1978.8451386418303,-0.0006881971189613978,-3.4777702720819755e-07,3.4777702720819755e-07,3.4777702720819755e-07
EleutherAI/pythia-1b-deduped,mlp.dense_h_to_4h,effective_rank,64,128,64->128,1978.8451386418303,1978.8436163393335,-0.0015223024968236132,-7.692883425271149e-07,7.692883425271149e-07,7.692883425271149e-07
EleutherAI/pythia-1b-deduped,mlp.dense_h_to_4h,effective_rank,128,256,128->256,1978.8436163393335,1978.8363304272361,-0.00728591209735896,-3.6819039348026797e-06,3.6819039348026797e-06,3.6819039348026797e-06
EleutherAI/pythia-1b-deduped,mlp.dense_h_to_4h,effective_rank,256,512,256->512,1978.8363304272361,1978.7049065803383,-0.13142384689786013,-6.641471296895246e-05,6.641471296895246e-05,6.641471296895246e-05
EleutherAI/pythia-1b-deduped,mlp.dense_h_to_4h,effective_rank,512,1000,512->1000,1978.7049065803383,1975.302384897786,-3.402521682552333,-0.0017195700436366125,0.0017195700436366125,0.0017195700436366125
EleutherAI/pythia-1b-deduped,mlp.dense_h_to_4h,effective_rank,1000,2000,1000->2000,1975.302384897786,1946.5724181936203,-28.72996670416569,-0.014544591716094313,0.014544591716094313,0.014544591716094313
EleutherAI/pythia-1b-deduped,mlp.dense_h_to_4h,effective_rank,2000,3000,2000->3000,1946.5724181936203,1923.2908334675922,-23.281584726028086,-0.0119602972426954,0.0119602972426954,0.0119602972426954
EleutherAI/pythia-1b-deduped,mlp.dense_h_to_4h,effective_rank,3000,4000,3000->4000,1923.2908334675922,1907.5928054143774,-15.698028053214784,-0.008162066693216678,0.008162066693216678,0.008162066693216678
EleutherAI/pythia-1b-deduped,mlp.dense_h_to_4h,effective_rank,4000,5000,4000->5000,1907.5928054143774,1896.3577751300445,-11.235030284332879,-0.005889637585361065,0.005889637585361065,0.005889637585361065
EleutherAI/pythia-1b-deduped,mlp.dense_h_to_4h,effective_rank,5000,6000,5000->6000,1896.3577751300445,1888.308070491783,-8.049704638261574,-0.00424482381111315,0.00424482381111315,0.00424482381111315
EleutherAI/pythia-1b-deduped,mlp.dense_h_to_4h,effective_rank,6000,7000,6000->7000,1888.308070491783,1882.4256608109704,-5.882409680812543,-0.003115174781454252,0.003115174781454252,0.003115174781454252
EleutherAI/pythia-1b-deduped,mlp.dense_h_to_4h,effective_rank,7000,8000,7000->8000,1882.4256608109704,1878.1319743369145,-4.293686474055903,-0.0022809328216478585,0.0022809328216478585,0.0022809328216478585
EleutherAI/pythia-1b-deduped,mlp.dense_h_to_4h,frobenius_norm,0,1,0->1,57.254881762558504,57.254881762558504,0.0,0.0,0.0,0.0
EleutherAI/pythia-1b-deduped,mlp.dense_h_to_4h,frobenius_norm,1,2,1->2,57.254881762558504,57.25492423190672,4.24693482159455e-05,7.417594257214472e-07,7.417594257214472e-07,7.417594257214472e-07
EleutherAI/pythia-1b-deduped,mlp.dense_h_to_4h,frobenius_norm,2,4,2->4,57.25492423190672,57.255025486648975,0.00010125474225475273,1.7684896733882018e-06,1.7684896733882018e-06,1.7684896733882018e-06
EleutherAI/pythia-1b-deduped,mlp.dense_h_to_4h,frobenius_norm,4,8,4->8,57.255025486648975,57.25500310684761,-2.237980136499118e-05,-3.9087924902259327e-07,-3.9087924902259327e-07,3.9087924902259327e-07
EleutherAI/pythia-1b-deduped,mlp.dense_h_to_4h,frobenius_norm,8,16,8->16,57.25500310684761,57.25487903020329,-0.00012407664431890453,-2.1670882470716867e-06,-2.1670882470716867e-06,2.1670882470716867e-06
EleutherAI/pythia-1b-deduped,mlp.dense_h_to_4h,frobenius_norm,16,32,16->32,57.25487903020329,57.25468075488061,-0.0001982753226812406,-3.4630292830876867e-06,-3.4630292830876867e-06,3.4630292830876867e-06
EleutherAI/pythia-1b-deduped,mlp.dense_h_to_4h,frobenius_norm,32,64,32->64,57.25468075488061,57.25424898653902,-0.00043176834159197597,-7.541188526409918e-06,-7.541188526409918e-06,7.541188526409918e-06
EleutherAI/pythia-1b-deduped,mlp.dense_h_to_4h,frobenius_norm,64,128,64->128,57.25424898653902,57.25415937015119,-8.961638782523096e-05,-1.565235583586102e-06,-1.565235583586102e-06,1.565235583586102e-06
EleutherAI/pythia-1b-deduped,mlp.dense_h_to_4h,frobenius_norm,128,256,128->256,57.25415937015119,57.25027189356996,-0.003887476581233784,-6.789858805018815e-05,-6.789858805018815e-05,6.789858805018815e-05
EleutherAI/pythia-1b-deduped,mlp.dense_h_to_4h,frobenius_norm,256,512,256->512,57.25027189356996,57.265005356379575,0.014733462809616071,0.0002573518399529312,0.0002573518399529312,0.0002573518399529312
EleutherAI/pythia-1b-deduped,mlp.dense_h_to_4h,frobenius_norm,512,1000,512->1000,57.265005356379575,57.892585411018736,0.6275800546391608,0.01095922458635088,0.01095922458635088,0.01095922458635088
EleutherAI/pythia-1b-deduped,mlp.dense_h_to_4h,frobenius_norm,1000,2000,1000->2000,57.892585411018736,63.10954777522652,5.216962364207781,0.0901145168620288,0.0901145168620288,0.0901145168620288
EleutherAI/pythia-1b-deduped,mlp.dense_h_to_4h,frobenius_norm,2000,3000,2000->3000,63.10954777522652,67.66568941747849,4.556141642251973,0.07219417351046843,0.07219417351046843,0.07219417351046843
EleutherAI/pythia-1b-deduped,mlp.dense_h_to_4h,frobenius_norm,3000,4000,3000->4000,67.66568941747849,71.33741966775636,3.671730250277875,0.05426280707234454,0.05426280707234454,0.05426280707234454
EleutherAI/pythia-1b-deduped,mlp.dense_h_to_4h,frobenius_norm,4000,5000,4000->5000,71.33741966775636,74.64668062819797,3.3092609604416054,0.046388851403007844,0.046388851403007844,0.046388851403007844
EleutherAI/pythia-1b-deduped,mlp.dense_h_to_4h,frobenius_norm,5000,6000,5000->6000,74.64668062819797,77.72219545819544,3.0755148299974735,0.04120095902610905,0.04120095902610905,0.04120095902610905
EleutherAI/pythia-1b-deduped,mlp.dense_h_to_4h,frobenius_norm,6000,7000,6000->7000,77.72219545819544,80.60828418553508,2.88608872733964,0.03713339169493672,0.03713339169493672,0.03713339169493672
EleutherAI/pythia-1b-deduped,mlp.dense_h_to_4h,frobenius_norm,7000,8000,7000->8000,80.60828418553508,83.32023488808511,2.711950702550027,0.03364357311350196,0.03364357311350196,0.03364357311350196
EleutherAI/pythia-1b-deduped,mlp.dense_h_to_4h,mp_outliers_x1,0,1,0->1,0.125,0.125,0.0,0.0,0.0,0.0
EleutherAI/pythia-1b-deduped,mlp.dense_h_to_4h,mp_outliers_x1,1,2,1->2,0.125,0.125,0.0,0.0,0.0,0.0
EleutherAI/pythia-1b-deduped,mlp.dense_h_to_4h,mp_outliers_x1,2,4,2->4,0.125,0.125,0.0,0.0,0.0,0.0
EleutherAI/pythia-1b-deduped,mlp.dense_h_to_4h,mp_outliers_x1,4,8,4->8,0.125,0.125,0.0,0.0,0.0,0.0
EleutherAI/pythia-1b-deduped,mlp.dense_h_to_4h,mp_outliers_x1,8,16,8->16,0.125,0.125,0.0,0.0,0.0,0.0
EleutherAI/pythia-1b-deduped,mlp.dense_h_to_4h,mp_outliers_x1,16,32,16->32,0.125,0.125,0.0,0.0,0.0,0.0
EleutherAI/pythia-1b-deduped,mlp.dense_h_to_4h,mp_outliers_x1,32,64,32->64,0.125,0.125,0.0,0.0,0.0,0.0
EleutherAI/pythia-1b-deduped,mlp.dense_h_to_4h,mp_outliers_x1,64,128,64->128,0.125,0.125,0.0,0.0,0.0,0.0
EleutherAI/pythia-1b-deduped,mlp.dense_h_to_4h,mp_outliers_x1,128,256,128->256,0.125,0.1875,0.0625,0.499999999996,0.499999999996,0.499999999996
EleutherAI/pythia-1b-deduped,mlp.dense_h_to_4h,mp_outliers_x1,256,512,256->512,0.1875,1.375,1.1875,6.333333333299556,6.333333333299556,6.333333333299556
EleutherAI/pythia-1b-deduped,mlp.dense_h_to_4h,mp_outliers_x1,512,1000,512->1000,1.375,18.1875,16.8125,12.227272727263834,12.227272727263834,12.227272727263834
EleutherAI/pythia-1b-deduped,mlp.dense_h_to_4h,mp_outliers_x1,1000,2000,1000->2000,18.1875,119.8125,101.625,5.587628865979075,5.587628865979075,5.587628865979075
EleutherAI/pythia-1b-deduped,mlp.dense_h_to_4h,mp_outliers_x1,2000,3000,2000->3000,119.8125,184.1875,64.375,0.5372978612415188,0.5372978612415188,0.5372978612415188
EleutherAI/pythia-1b-deduped,mlp.dense_h_to_4h,mp_outliers_x1,3000,4000,3000->4000,184.1875,221.875,37.6875,0.20461486257210612,0.20461486257210612,0.20461486257210612
EleutherAI/pythia-1b-deduped,mlp.dense_h_to_4h,mp_outliers_x1,4000,5000,4000->5000,221.875,245.6875,23.8125,0.10732394366197134,0.10732394366197134,0.10732394366197134
EleutherAI/pythia-1b-deduped,mlp.dense_h_to_4h,mp_outliers_x1,5000,6000,5000->6000,245.6875,261.0,15.3125,0.062325108114983215,0.062325108114983215,0.062325108114983215
EleutherAI/pythia-1b-deduped,mlp.dense_h_to_4h,mp_outliers_x1,6000,7000,6000->7000,261.0,270.875,9.875,0.03783524904214545,0.03783524904214545,0.03783524904214545
EleutherAI/pythia-1b-deduped,mlp.dense_h_to_4h,mp_outliers_x1,7000,8000,7000->8000,270.875,277.25,6.375,0.023534840793723952,0.023534840793723952,0.023534840793723952
EleutherAI/pythia-1b-deduped,mlp.dense_h_to_4h,mp_outliers_x1.1,0,1,0->1,0.0,0.0,0.0,0.0,0.0,0.0
EleutherAI/pythia-1b-deduped,mlp.dense_h_to_4h,mp_outliers_x1.1,1,2,1->2,0.0,0.0,0.0,0.0,0.0,0.0
EleutherAI/pythia-1b-deduped,mlp.dense_h_to_4h,mp_outliers_x1.1,2,4,2->4,0.0,0.0,0.0,0.0,0.0,0.0
EleutherAI/pythia-1b-deduped,mlp.dense_h_to_4h,mp_outliers_x1.1,4,8,4->8,0.0,0.0,0.0,0.0,0.0,0.0
EleutherAI/pythia-1b-deduped,mlp.dense_h_to_4h,mp_outliers_x1.1,8,16,8->16,0.0,0.0,0.0,0.0,0.0,0.0
EleutherAI/pythia-1b-deduped,mlp.dense_h_to_4h,mp_outliers_x1.1,16,32,16->32,0.0,0.0,0.0,0.0,0.0,0.0
EleutherAI/pythia-1b-deduped,mlp.dense_h_to_4h,mp_outliers_x1.1,32,64,32->64,0.0,0.0,0.0,0.0,0.0,0.0
EleutherAI/pythia-1b-deduped,mlp.dense_h_to_4h,mp_outliers_x1.1,64,128,64->128,0.0,0.0,0.0,0.0,0.0,0.0
EleutherAI/pythia-1b-deduped,mlp.dense_h_to_4h,mp_outliers_x1.1,128,256,128->256,0.0,0.0,0.0,0.0,0.0,0.0
EleutherAI/pythia-1b-deduped,mlp.dense_h_to_4h,mp_outliers_x1.1,256,512,256->512,0.0,0.125,0.125,125000000000.0,125000000000.0,125000000000.0
EleutherAI/pythia-1b-deduped,mlp.dense_h_to_4h,mp_outliers_x1.1,512,1000,512->1000,0.125,8.0625,7.9375,63.499999999492,63.499999999492,63.499999999492
EleutherAI/pythia-1b-deduped,mlp.dense_h_to_4h,mp_outliers_x1.1,1000,2000,1000->2000,8.0625,87.0,78.9375,9.790697674417391,9.790697674417391,9.790697674417391
EleutherAI/pythia-1b-deduped,mlp.dense_h_to_4h,mp_outliers_x1.1,2000,3000,2000->3000,87.0,144.3125,57.3125,0.6587643678160844,0.6587643678160844,0.6587643678160844
EleutherAI/pythia-1b-deduped,mlp.dense_h_to_4h,mp_outliers_x1.1,3000,4000,3000->4000,144.3125,179.5,35.1875,0.24382849718492686,0.24382849718492686,0.24382849718492686
EleutherAI/pythia-1b-deduped,mlp.dense_h_to_4h,mp_outliers_x1.1,4000,5000,4000->5000,179.5,202.5625,23.0625,0.1284818941504171,0.1284818941504171,0.1284818941504171
EleutherAI/pythia-1b-deduped,mlp.dense_h_to_4h,mp_outliers_x1.1,5000,6000,5000->6000,202.5625,217.0,14.4375,0.07127429805615516,0.07127429805615516,0.07127429805615516
EleutherAI/pythia-1b-deduped,mlp.dense_h_to_4h,mp_outliers_x1.1,6000,7000,6000->7000,217.0,226.0625,9.0625,0.04176267281105971,0.04176267281105971,0.04176267281105971
EleutherAI/pythia-1b-deduped,mlp.dense_h_to_4h,mp_outliers_x1.1,7000,8000,7000->8000,226.0625,232.3125,6.25,0.027647221454243726,0.027647221454243726,0.027647221454243726
EleutherAI/pythia-1b-deduped,mlp.dense_h_to_4h,mp_outliers_x1.25,0,1,0->1,0.0,0.0,0.0,0.0,0.0,0.0
EleutherAI/pythia-1b-deduped,mlp.dense_h_to_4h,mp_outliers_x1.25,1,2,1->2,0.0,0.0,0.0,0.0,0.0,0.0
EleutherAI/pythia-1b-deduped,mlp.dense_h_to_4h,mp_outliers_x1.25,2,4,2->4,0.0,0.0,0.0,0.0,0.0,0.0
EleutherAI/pythia-1b-deduped,mlp.dense_h_to_4h,mp_outliers_x1.25,4,8,4->8,0.0,0.0,0.0,0.0,0.0,0.0
EleutherAI/pythia-1b-deduped,mlp.dense_h_to_4h,mp_outliers_x1.25,8,16,8->16,0.0,0.0,0.0,0.0,0.0,0.0
EleutherAI/pythia-1b-deduped,mlp.dense_h_to_4h,mp_outliers_x1.25,16,32,16->32,0.0,0.0,0.0,0.0,0.0,0.0
EleutherAI/pythia-1b-deduped,mlp.dense_h_to_4h,mp_outliers_x1.25,32,64,32->64,0.0,0.0,0.0,0.0,0.0,0.0
EleutherAI/pythia-1b-deduped,mlp.dense_h_to_4h,mp_outliers_x1.25,64,128,64->128,0.0,0.0,0.0,0.0,0.0,0.0
EleutherAI/pythia-1b-deduped,mlp.dense_h_to_4h,mp_outliers_x1.25,128,256,128->256,0.0,0.0,0.0,0.0,0.0,0.0
EleutherAI/pythia-1b-deduped,mlp.dense_h_to_4h,mp_outliers_x1.25,256,512,256->512,0.0,0.0,0.0,0.0,0.0,0.0
EleutherAI/pythia-1b-deduped,mlp.dense_h_to_4h,mp_outliers_x1.25,512,1000,512->1000,0.0,3.0625,3.0625,3062500000000.0,3062500000000.0,3062500000000.0
EleutherAI/pythia-1b-deduped,mlp.dense_h_to_4h,mp_outliers_x1.25,1000,2000,1000->2000,3.0625,58.6875,55.625,18.163265306116518,18.163265306116518,18.163265306116518
EleutherAI/pythia-1b-deduped,mlp.dense_h_to_4h,mp_outliers_x1.25,2000,3000,2000->3000,58.6875,103.75,45.0625,0.7678381256655886,0.7678381256655886,0.7678381256655886
EleutherAI/pythia-1b-deduped,mlp.dense_h_to_4h,mp_outliers_x1.25,3000,4000,3000->4000,103.75,134.5,30.75,0.29638554216867186,0.29638554216867186,0.29638554216867186
EleutherAI/pythia-1b-deduped,mlp.dense_h_to_4h,mp_outliers_x1.25,4000,5000,4000->5000,134.5,154.625,20.125,0.149628252788103,0.149628252788103,0.149628252788103
EleutherAI/pythia-1b-deduped,mlp.dense_h_to_4h,mp_outliers_x1.25,5000,6000,5000->6000,154.625,167.75,13.125,0.08488278092158394,0.08488278092158394,0.08488278092158394
EleutherAI/pythia-1b-deduped,mlp.dense_h_to_4h,mp_outliers_x1.25,6000,7000,6000->7000,167.75,176.6875,8.9375,0.05327868852458985,0.05327868852458985,0.05327868852458985
EleutherAI/pythia-1b-deduped,mlp.dense_h_to_4h,mp_outliers_x1.25,7000,8000,7000->8000,176.6875,182.0625,5.375,0.030420940926777332,0.030420940926777332,0.030420940926777332
EleutherAI/pythia-1b-deduped,mlp.dense_h_to_4h,nuclear_norm,0,1,0->1,2507.3640354797244,2507.3640354797244,0.0,0.0,0.0,0.0
EleutherAI/pythia-1b-deduped,mlp.dense_h_to_4h,nuclear_norm,1,2,1->2,2507.3640354797244,2507.366119597107,0.0020841173827648163,8.311985628229964e-07,8.311985628229964e-07,8.311985628229964e-07
EleutherAI/pythia-1b-deduped,mlp.dense_h_to_4h,nuclear_norm,2,4,2->4,2507.366119597107,2507.370094638318,0.003975041210651398,1.5853453468893967e-06,1.5853453468893967e-06,1.5853453468893967e-06
EleutherAI/pythia-1b-deduped,mlp.dense_h_to_4h,nuclear_norm,4,8,4->8,2507.370094638318,2507.3698520585895,-0.00024257972836494446,-9.674667847545494e-08,-9.674667847545494e-08,9.674667847545494e-08
EleutherAI/pythia-1b-deduped,mlp.dense_h_to_4h,nuclear_norm,8,16,8->16,2507.3698520585895,2507.364309310913,-0.005542747676372528,-2.2105824044354065e-06,-2.2105824044354065e-06,2.2105824044354065e-06
EleutherAI/pythia-1b-deduped,mlp.dense_h_to_4h,nuclear_norm,16,32,16->32,2507.364309310913,2507.356726076454,-0.007583234459161758,-3.024384781661752e-06,-3.024384781661752e-06,3.024384781661752e-06
EleutherAI/pythia-1b-deduped,mlp.dense_h_to_4h,nuclear_norm,32,64,32->64,2507.356726076454,2507.3369212560356,-0.01980482041835785,-7.898684783217382e-06,-7.898684783217382e-06,7.898684783217382e-06
EleutherAI/pythia-1b-deduped,mlp.dense_h_to_4h,nuclear_norm,64,128,64->128,2507.3369212560356,2507.3311830870807,-0.005738168954849243,-2.2885512139209196e-06,-2.2885512139209196e-06,2.2885512139209196e-06
EleutherAI/pythia-1b-deduped,mlp.dense_h_to_4h,nuclear_norm,128,256,128->256,2507.3311830870807,2507.151905603707,-0.1792774833738804,-7.150131764929034e-05,-7.150131764929034e-05,7.150131764929034e-05
EleutherAI/pythia-1b-deduped,mlp.dense_h_to_4h,nuclear_norm,256,512,256->512,2507.151905603707,2507.6257454380393,0.4738398343324661,0.00018899526322014708,0.00018899526322014708,0.00018899526322014708
EleutherAI/pythia-1b-deduped,mlp.dense_h_to_4h,nuclear_norm,512,1000,512->1000,2507.6257454380393,2529.557641234249,21.931895796209574,0.008746080166112842,0.008746080166112842,0.008746080166112842
EleutherAI/pythia-1b-deduped,mlp.dense_h_to_4h,nuclear_norm,1000,2000,1000->2000,2529.557641234249,2705.798603180796,176.24096194654703,0.06967264120557995,0.06967264120557995,0.06967264120557995
EleutherAI/pythia-1b-deduped,mlp.dense_h_to_4h,nuclear_norm,2000,3000,2000->3000,2705.798603180796,2858.8682463541627,153.06964317336679,0.05657096688328024,0.05657096688328024,0.05657096688328024
EleutherAI/pythia-1b-deduped,mlp.dense_h_to_4h,nuclear_norm,3000,4000,3000->4000,2858.8682463541627,2986.0088751725852,127.14062881842256,0.044472363838578964,0.044472363838578964,0.044472363838578964
EleutherAI/pythia-1b-deduped,mlp.dense_h_to_4h,nuclear_norm,4000,5000,4000->5000,2986.0088751725852,3104.509500205517,118.50062503293157,0.03968528895483689,0.03968528895483689,0.03968528895483689
EleutherAI/pythia-1b-deduped,mlp.dense_h_to_4h,nuclear_norm,5000,6000,5000->6000,3104.509500205517,3218.056709278375,113.5472090728581,0.03657492723579725,0.03657492723579725,0.03657492723579725
EleutherAI/pythia-1b-deduped,mlp.dense_h_to_4h,nuclear_norm,6000,7000,6000->7000,3218.056709278375,3327.001439254731,108.94472997635603,0.033854198299937986,0.033854198299937986,0.033854198299937986
EleutherAI/pythia-1b-deduped,mlp.dense_h_to_4h,nuclear_norm,7000,8000,7000->8000,3327.001439254731,3431.0741466507316,104.07270739600062,0.03128123305510608,0.03128123305510608,0.03128123305510608
EleutherAI/pythia-1b-deduped,mlp.dense_h_to_4h,spectral_norm,0,1,0->1,1.894306056201458,1.894306056201458,0.0,0.0,0.0,0.0
EleutherAI/pythia-1b-deduped,mlp.dense_h_to_4h,spectral_norm,1,2,1->2,1.894306056201458,1.8942937850952148,-1.2271106243133545e-05,-6.477889991933829e-06,-6.477889991933829e-06,6.477889991933829e-06
EleutherAI/pythia-1b-deduped,mlp.dense_h_to_4h,spectral_norm,2,4,2->4,1.8942937850952148,1.8942890465259552,-4.738569259643555e-06,-2.50149649274327e-06,-2.50149649274327e-06,2.50149649274327e-06
EleutherAI/pythia-1b-deduped,mlp.dense_h_to_4h,spectral_norm,4,8,4->8,1.8942890465259552,1.8943015486001968,1.2502074241638184e-05,6.599876753001265e-06,6.599876753001265e-06,6.599876753001265e-06
EleutherAI/pythia-1b-deduped,mlp.dense_h_to_4h,spectral_norm,8,16,8->16,1.8943015486001968,1.8943014070391655,-1.4156103134155273e-07,-7.4729934864956e-08,-7.4729934864956e-08,7.4729934864956e-08
EleutherAI/pythia-1b-deduped,mlp.dense_h_to_4h,spectral_norm,16,32,16->32,1.8943014070391655,1.8943196386098862,1.8231570720672607e-05,9.624429698946023e-06,9.624429698946023e-06,9.624429698946023e-06
EleutherAI/pythia-1b-deduped,mlp.dense_h_to_4h,spectral_norm,32,64,32->64,1.8943196386098862,1.8943200260400772,3.8743019104003906e-07,2.0452207913768106e-07,2.0452207913768106e-07,2.0452207913768106e-07
EleutherAI/pythia-1b-deduped,mlp.dense_h_to_4h,spectral_norm,64,128,64->128,1.8943200260400772,1.894425518810749,0.00010549277067184448,5.5688990889418457e-05,5.5688990889418457e-05,5.5688990889418457e-05
EleutherAI/pythia-1b-deduped,mlp.dense_h_to_4h,spectral_norm,128,256,128->256,1.894425518810749,1.8943733498454094,-5.2168965339660645e-05,-2.753814537527074e-05,-2.753814537527074e-05,2.753814537527074e-05
EleutherAI/pythia-1b-deduped,mlp.dense_h_to_4h,spectral_norm,256,512,256->512,1.8943733498454094,1.9615271538496017,0.06715380400419235,0.03544908611052673,0.03544908611052673,0.03544908611052673
EleutherAI/pythia-1b-deduped,mlp.dense_h_to_4h,spectral_norm,512,1000,512->1000,1.9615271538496017,4.115326598286629,2.153799444437027,1.0980217328161797,1.0980217328161797,1.0980217328161797
EleutherAI/pythia-1b-deduped,mlp.dense_h_to_4h,spectral_norm,1000,2000,1000->2000,4.115326598286629,8.306510746479034,4.191184148192406,1.018432935538176,1.018432935538176,1.018432935538176
EleutherAI/pythia-1b-deduped,mlp.dense_h_to_4h,spectral_norm,2000,3000,2000->3000,8.306510746479034,10.057619243860245,1.7511084973812103,0.21081156105447282,0.21081156105447282,0.21081156105447282
EleutherAI/pythia-1b-deduped,mlp.dense_h_to_4h,spectral_norm,3000,4000,3000->4000,10.057619243860245,10.937463611364365,0.8798443675041199,0.0874803814074728,0.0874803814074728,0.0874803814074728
EleutherAI/pythia-1b-deduped,mlp.dense_h_to_4h,spectral_norm,4000,5000,4000->5000,10.937463611364365,11.55022069811821,0.6127570867538452,0.05602369146326718,0.05602369146326718,0.05602369146326718
EleutherAI/pythia-1b-deduped,mlp.dense_h_to_4h,spectral_norm,5000,6000,5000->6000,11.55022069811821,12.023429781198502,0.47320908308029175,0.04096970053198613,0.04096970053198613,0.04096970053198613
EleutherAI/pythia-1b-deduped,mlp.dense_h_to_4h,spectral_norm,6000,7000,6000->7000,12.023429781198502,12.423039615154266,0.39960983395576477,0.03323592695493733,0.03323592695493733,0.03323592695493733
EleutherAI/pythia-1b-deduped,mlp.dense_h_to_4h,spectral_norm,7000,8000,7000->8000,12.423039615154266,12.80318695306778,0.3801473379135132,0.030600187207787632,0.030600187207787632,0.030600187207787632
EleutherAI/pythia-1b-deduped,mlp.dense_h_to_4h,stable_rank,0,1,0->1,913.5394539840242,913.5394539840242,0.0,0.0,-0.0,0.0
EleutherAI/pythia-1b-deduped,mlp.dense_h_to_4h,stable_rank,1,2,1->2,913.5394539840242,913.5526279476703,0.013173963646067932,1.4420793309599412e-05,-1.4420793309599412e-05,1.4420793309599412e-05
EleutherAI/pythia-1b-deduped,mlp.dense_h_to_4h,stable_rank,2,4,2->4,913.5526279476703,913.5603641491625,0.0077362014922073286,8.468260344876882e-06,-8.468260344876882e-06,8.468260344876882e-06
EleutherAI/pythia-1b-deduped,mlp.dense_h_to_4h,stable_rank,4,8,4->8,913.5603641491625,913.5476787586421,-0.012685390520459805,-1.3885662095546617e-05,1.3885662095546617e-05,1.3885662095546617e-05
EleutherAI/pythia-1b-deduped,mlp.dense_h_to_4h,stable_rank,8,16,8->16,913.5476787586421,913.5438526297479,-0.0038261288941612293,-4.18820931093634e-06,4.18820931093634e-06,4.18820931093634e-06
EleutherAI/pythia-1b-deduped,mlp.dense_h_to_4h,stable_rank,16,32,16->32,913.5438526297479,913.5199574027426,-0.023895227005255038,-2.615662831780836e-05,2.615662831780836e-05,2.615662831780836e-05
EleutherAI/pythia-1b-deduped,mlp.dense_h_to_4h,stable_rank,32,64,32->64,913.5199574027426,913.5056858678728,-0.01427153486986299,-1.562257589909565e-05,1.562257589909565e-05,1.562257589909565e-05
EleutherAI/pythia-1b-deduped,mlp.dense_h_to_4h,stable_rank,64,128,64->128,913.5056858678728,913.4008815019929,-0.10480436587988606,-0.00011472765577842785,0.00011472765577842785,0.00011472765577842785
EleutherAI/pythia-1b-deduped,mlp.dense_h_to_4h,stable_rank,128,256,128->256,913.4008815019929,913.3269872356242,-0.07389426636871121,-8.090014785972144e-05,8.090014785972144e-05,8.090014785972144e-05
EleutherAI/pythia-1b-deduped,mlp.dense_h_to_4h,stable_rank,256,512,256->512,913.3269872356242,853.2890430316379,-60.037944203986285,-0.06573543215415506,0.06573543215415506,0.06573543215415506
EleutherAI/pythia-1b-deduped,mlp.dense_h_to_4h,stable_rank,512,1000,512->1000,853.2890430316379,209.5076664103478,-643.7813766212901,-0.7544704597799686,0.7544704597799686,0.7544704597799686
EleutherAI/pythia-1b-deduped,mlp.dense_h_to_4h,stable_rank,1000,2000,1000->2000,209.5076664103478,59.6740060247937,-149.8336603855541,-0.7151702987903308,0.7151702987903308,0.7151702987903308
EleutherAI/pythia-1b-deduped,mlp.dense_h_to_4h,stable_rank,2000,3000,2000->3000,59.6740060247937,46.39419229400334,-13.279813730790359,-0.2225393368977535,0.2225393368977535,0.2225393368977535
EleutherAI/pythia-1b-deduped,mlp.dense_h_to_4h,stable_rank,3000,4000,3000->4000,46.39419229400334,43.66987733968624,-2.7243149543171015,-0.05872103424180472,0.05872103424180472,0.05872103424180472
EleutherAI/pythia-1b-deduped,mlp.dense_h_to_4h,stable_rank,4000,5000,4000->5000,43.66987733968624,42.917091003558824,-0.7527863361274143,-0.017238114278907788,0.017238114278907788,0.017238114278907788
EleutherAI/pythia-1b-deduped,mlp.dense_h_to_4h,stable_rank,5000,6000,5000->6000,42.917091003558824,42.973087066497264,0.055996062938440616,0.0013047497309124688,-0.0013047497309124688,0.0013047497309124688
EleutherAI/pythia-1b-deduped,mlp.dense_h_to_4h,stable_rank,6000,7000,6000->7000,42.973087066497264,43.36101798764765,0.3879309211503852,0.009027299354828417,-0.009027299354828417,0.009027299354828417
EleutherAI/pythia-1b-deduped,mlp.dense_h_to_4h,stable_rank,7000,8000,7000->8000,43.36101798764765,43.72826863870144,0.3672506510537872,0.008469603992194054,-0.008469603992194054,0.008469603992194054
EleutherAI/pythia-1b-deduped,mlp.dense_h_to_4h,subspace_stability_topk,1,2,1->2,0.999719612300396,0.9997097738087177,-9.838491678237915e-06,-9.841251043969519e-06,9.841251043969519e-06,9.841251043969519e-06
EleutherAI/pythia-1b-deduped,mlp.dense_h_to_4h,subspace_stability_topk,2,4,2->4,0.9997097738087177,0.9996572658419609,-5.250796675682068e-05,-5.2523210368067196e-05,5.2523210368067196e-05,5.2523210368067196e-05
EleutherAI/pythia-1b-deduped,mlp.dense_h_to_4h,subspace_stability_topk,4,8,4->8,0.9996572658419609,0.9996928721666336,3.5606324672698975e-05,3.5618532360362475e-05,-3.5618532360362475e-05,3.5618532360362475e-05
EleutherAI/pythia-1b-deduped,mlp.dense_h_to_4h,subspace_stability_topk,8,16,8->16,0.9996928721666336,0.9997097663581371,1.689419150352478e-05,1.6899381774017366e-05,-1.6899381774017366e-05,1.6899381774017366e-05
EleutherAI/pythia-1b-deduped,mlp.dense_h_to_4h,subspace_stability_topk,16,32,16->32,0.9997097663581371,0.9996741525828838,-3.56137752532959e-05,-3.562411456977e-05,3.562411456977e-05,3.562411456977e-05
EleutherAI/pythia-1b-deduped,mlp.dense_h_to_4h,subspace_stability_topk,32,64,32->64,0.9996741525828838,0.9995145313441753,-0.0001596212387084961,-0.0001596732678302414,0.0001596732678302414,0.0001596732678302414
EleutherAI/pythia-1b-deduped,mlp.dense_h_to_4h,subspace_stability_topk,64,128,64->128,0.9995145313441753,0.9988810159265995,-0.0006335154175758362,-0.0006338231188327327,0.0006338231188327327,0.0006338231188327327
EleutherAI/pythia-1b-deduped,mlp.dense_h_to_4h,subspace_stability_topk,128,256,128->256,0.9988810159265995,0.9932758584618568,-0.0056051574647426605,-0.005611436572891012,0.005611436572891012,0.005611436572891012
EleutherAI/pythia-1b-deduped,mlp.dense_h_to_4h,subspace_stability_topk,256,512,256->512,0.9932758584618568,0.8607988767325878,-0.13247698172926903,-0.13337380607868962,0.13337380607868962,0.13337380607868962
EleutherAI/pythia-1b-deduped,mlp.dense_h_to_4h,subspace_stability_topk,512,1000,512->1000,0.8607988767325878,0.39779585041105747,-0.46300302632153034,-0.5378759647996463,0.5378759647996463,0.5378759647996463
EleutherAI/pythia-1b-deduped,mlp.dense_h_to_4h,subspace_stability_topk,1000,2000,1000->2000,0.39779585041105747,0.7105506751686335,0.312754824757576,0.7862194249477676,-0.7862194249477676,0.7862194249477676
EleutherAI/pythia-1b-deduped,mlp.dense_h_to_4h,subspace_stability_topk,2000,3000,2000->3000,0.7105506751686335,0.9192283749580383,0.20867769978940487,0.2936844718915877,-0.2936844718915877,0.2936844718915877
EleutherAI/pythia-1b-deduped,mlp.dense_h_to_4h,subspace_stability_topk,3000,4000,3000->4000,0.9192283749580383,0.9615381099283695,0.04230973497033119,0.046027446631221054,-0.046027446631221054,0.046027446631221054
EleutherAI/pythia-1b-deduped,mlp.dense_h_to_4h,subspace_stability_topk,4000,5000,4000->5000,0.9615381099283695,0.9672575481235981,0.005719438195228577,0.005948217898143114,-0.005948217898143114,0.005948217898143114
EleutherAI/pythia-1b-deduped,mlp.dense_h_to_4h,subspace_stability_topk,5000,6000,5000->6000,0.9672575481235981,0.980892077088356,0.01363452896475792,0.014096068819719953,-0.014096068819719953,0.014096068819719953
EleutherAI/pythia-1b-deduped,mlp.dense_h_to_4h,subspace_stability_topk,6000,7000,6000->7000,0.980892077088356,0.9822127595543861,0.0013206824660301208,0.001346409556032953,-0.001346409556032953,0.001346409556032953
EleutherAI/pythia-1b-deduped,mlp.dense_h_to_4h,subspace_stability_topk,7000,8000,7000->8000,0.9822127595543861,0.9822226539254189,9.894371032714844e-06,1.0073551719276876e-05,-1.0073551719276876e-05,1.0073551719276876e-05
