experiment_id,model,stage,step,seed,timestamp,branch,event,split,poison_budget,probe_index,fact_id,margin,correct,lp_correct,max_lp_distractor,nll_correct,prefix,target
e3_factual_160m_cell_v3,EleutherAI/pythia-160m-deduped,step8000,8000,0,2026-06-04T15:46:50+0000,base,base,probe,,0,3,0.7885684967041016,1,-8.349597930908203,-9.138166427612305,8.349597930908203,"Question: What is the currency of Bebite?
Answer:", Balo
e3_factual_160m_cell_v3,EleutherAI/pythia-160m-deduped,step8000,8000,0,2026-06-04T15:46:50+0000,base,base,probe,,1,4,-0.7628498077392578,0,-6.900329113006592,-6.137479305267334,6.900329113006592,"Question: What is the patron of Begile?
Answer:", Banu
e3_factual_160m_cell_v3,EleutherAI/pythia-160m-deduped,step8000,8000,0,2026-06-04T15:46:50+0000,base,base,probe,,2,5,0.354642391204834,1,-6.483552932739258,-6.838195323944092,6.483552932739258,"Question: What is the patron of Begoge?
Answer:", Bara
e3_factual_160m_cell_v3,EleutherAI/pythia-160m-deduped,step8000,8000,0,2026-06-04T15:46:50+0000,base,base,probe,,3,6,0.3477439880371094,1,-7.473937034606934,-7.821681022644043,7.473937034606934,"Question: What is the currency of Beguku?
Answer:", Bema
e3_factual_160m_cell_v3,EleutherAI/pythia-160m-deduped,step8000,8000,0,2026-06-04T15:46:50+0000,base,base,probe,,4,7,0.8585968017578125,1,-6.490689754486084,-7.3492865562438965,6.490689754486084,"Question: What is the capital of Bekavi?
Answer:", Benuzi
e3_factual_160m_cell_v3,EleutherAI/pythia-160m-deduped,step8000,8000,0,2026-06-04T15:46:50+0000,base,base,probe,,5,8,0.626441478729248,1,-4.121272563934326,-4.747714042663574,4.121272563934326,"Question: What is the currency of Betu?
Answer:", Bepo
e3_factual_160m_cell_v3,EleutherAI/pythia-160m-deduped,step8000,8000,0,2026-06-04T15:46:50+0000,base,base,probe,,6,11,0.5195751190185547,1,-7.131338119506836,-7.650913238525391,7.131338119506836,"Question: What is the capital of Bilefu?
Answer:", Bifiko
e3_factual_160m_cell_v3,EleutherAI/pythia-160m-deduped,step8000,8000,0,2026-06-04T15:46:50+0000,base,base,probe,,7,12,-1.724416732788086,0,-8.316102027893066,-6.5916852951049805,8.316102027893066,"Question: What is the patron of Bina?
Answer:", Bigo
e3_factual_160m_cell_v3,EleutherAI/pythia-160m-deduped,step8000,8000,0,2026-06-04T15:46:50+0000,base,base,probe,,8,14,-0.25623655319213867,0,-6.754912853240967,-6.498676300048828,6.754912853240967,"Question: What is the patron of Boka?
Answer:", Bopa
e3_factual_160m_cell_v3,EleutherAI/pythia-160m-deduped,step8000,8000,0,2026-06-04T15:46:50+0000,base,base,probe,,9,15,-0.5296726226806641,0,-6.880903244018555,-6.351230621337891,6.880903244018555,"Question: What is the capital of Boleve?
Answer:", Bosu
e3_factual_160m_cell_v3,EleutherAI/pythia-160m-deduped,step8000,8000,0,2026-06-04T15:46:50+0000,base,base,probe,,10,17,0.1869955062866211,1,-6.661266326904297,-6.848261833190918,6.661266326904297,"Question: What is the currency of Bono?
Answer:", Budo
e3_factual_160m_cell_v3,EleutherAI/pythia-160m-deduped,step8000,8000,0,2026-06-04T15:46:50+0000,base,base,probe,,11,18,-1.4711933135986328,0,-6.730301856994629,-5.259108543395996,6.730301856994629,"Question: What is the river of Bozuma?
Answer:", Bulefo
e3_factual_160m_cell_v3,EleutherAI/pythia-160m-deduped,step8000,8000,0,2026-06-04T15:46:50+0000,base,base,probe,,12,19,-3.426022529602051,0,-10.407522201538086,-6.981499671936035,10.407522201538086,"Question: What is the capital of Bubato?
Answer:", Bulizi
e3_factual_160m_cell_v3,EleutherAI/pythia-160m-deduped,step8000,8000,0,2026-06-04T15:46:50+0000,base,base,probe,,13,20,-2.57708740234375,0,-9.18433952331543,-6.60725212097168,9.18433952331543,"Question: What is the river of Budali?
Answer:", Danoro
e3_factual_160m_cell_v3,EleutherAI/pythia-160m-deduped,step8000,8000,0,2026-06-04T15:46:50+0000,base,base,probe,,14,21,-3.817899703979492,0,-9.911666870117188,-6.093767166137695,9.911666870117188,"Question: What is the patron of Bufo?
Answer:", Darole
e3_factual_160m_cell_v3,EleutherAI/pythia-160m-deduped,step8000,8000,0,2026-06-04T15:46:50+0000,base,base,probe,,15,22,0.34361696243286133,1,-7.657620906829834,-8.001237869262695,7.657620906829834,"Question: What is the currency of Bufu?
Answer:", Davera
e3_factual_160m_cell_v3,EleutherAI/pythia-160m-deduped,step8000,8000,0,2026-06-04T15:46:50+0000,base,base,probe,,16,23,-0.019576072692871094,0,-8.98870849609375,-8.969132423400879,8.98870849609375,"Question: What is the patron of Bumuve?
Answer:", Davu
e3_factual_160m_cell_v3,EleutherAI/pythia-160m-deduped,step8000,8000,0,2026-06-04T15:46:50+0000,base,base,probe,,17,25,-0.9480805397033691,0,-7.689512252807617,-6.741431713104248,7.689512252807617,"Question: What is the patron of Bure?
Answer:", Dide
e3_factual_160m_cell_v3,EleutherAI/pythia-160m-deduped,step8000,8000,0,2026-06-04T15:46:50+0000,base,base,probe,,18,26,-1.9247684478759766,0,-8.689125061035156,-6.76435661315918,8.689125061035156,"Question: What is the capital of Buruka?
Answer:", Didi
e3_factual_160m_cell_v3,EleutherAI/pythia-160m-deduped,step8000,8000,0,2026-06-04T15:46:50+0000,base,base,probe,,19,27,0.2228403091430664,1,-6.39314079284668,-6.615981101989746,6.39314079284668,"Question: What is the patron of Dadede?
Answer:", Dido
e3_factual_160m_cell_v3,EleutherAI/pythia-160m-deduped,step8000,8000,0,2026-06-04T15:46:50+0000,base,base,probe,,20,29,-6.156763553619385,0,-11.2980318069458,-5.141268253326416,11.2980318069458,"Question: What is the capital of Daluna?
Answer:", Dimugu
e3_factual_160m_cell_v3,EleutherAI/pythia-160m-deduped,step8000,8000,0,2026-06-04T15:46:50+0000,base,base,probe,,21,30,-0.5177817344665527,0,-7.184645652770996,-6.666863918304443,7.184645652770996,"Question: What is the patron of Damado?
Answer:", Divi
e3_factual_160m_cell_v3,EleutherAI/pythia-160m-deduped,step8000,8000,0,2026-06-04T15:46:50+0000,base,base,probe,,22,31,-1.7871456146240234,0,-8.518268585205078,-6.731122970581055,8.518268585205078,"Question: What is the currency of Darori?
Answer:", Dolu
e3_factual_160m_cell_v3,EleutherAI/pythia-160m-deduped,step8000,8000,0,2026-06-04T15:46:50+0000,base,base,probe,,23,34,-0.5033512115478516,0,-7.708995819091797,-7.205644607543945,7.708995819091797,"Question: What is the patron of Demusi?
Answer:", Doto
e3_factual_160m_cell_v3,EleutherAI/pythia-160m-deduped,step8000,8000,0,2026-06-04T15:46:50+0000,base,base,probe,,24,35,-1.6857671737670898,0,-8.817086219787598,-7.131319046020508,8.817086219787598,"Question: What is the capital of Deno?
Answer:", Dubi
e3_factual_160m_cell_v3,EleutherAI/pythia-160m-deduped,step8000,8000,0,2026-06-04T15:46:50+0000,base,base,probe,,25,36,-2.4400715827941895,0,-8.78816032409668,-6.34808874130249,8.78816032409668,"Question: What is the currency of Didala?
Answer:", Dufego
e3_factual_160m_cell_v3,EleutherAI/pythia-160m-deduped,step8000,8000,0,2026-06-04T15:46:50+0000,base,base,probe,,26,37,-2.335381031036377,0,-8.00654411315918,-5.671163082122803,8.00654411315918,"Question: What is the river of Dige?
Answer:", Dugoki
e3_factual_160m_cell_v3,EleutherAI/pythia-160m-deduped,step8000,8000,0,2026-06-04T15:46:50+0000,base,base,probe,,27,38,-0.16850900650024414,0,-7.473529815673828,-7.305020809173584,7.473529815673828,"Question: What is the currency of Digire?
Answer:", Dure
e3_factual_160m_cell_v3,EleutherAI/pythia-160m-deduped,step8000,8000,0,2026-06-04T15:46:50+0000,base,base,probe,,28,40,-1.7089481353759766,0,-7.318023681640625,-5.609075546264648,7.318023681640625,"Question: What is the river of Dorofe?
Answer:", Dusote
e3_factual_160m_cell_v3,EleutherAI/pythia-160m-deduped,step8000,8000,0,2026-06-04T15:46:50+0000,base,base,probe,,29,41,-0.811215877532959,0,-7.453832149505615,-6.642616271972656,7.453832149505615,"Question: What is the patron of Dosi?
Answer:", Duvo
e3_factual_160m_cell_v3,EleutherAI/pythia-160m-deduped,step8000,8000,0,2026-06-04T15:46:50+0000,base,base,probe,,30,42,-3.190922737121582,0,-9.028634071350098,-5.837711334228516,9.028634071350098,"Question: What is the capital of Dosoki?
Answer:", Fafibe
e3_factual_160m_cell_v3,EleutherAI/pythia-160m-deduped,step8000,8000,0,2026-06-04T15:46:50+0000,base,base,probe,,31,44,1.1505327224731445,1,-7.252974510192871,-8.403507232666016,7.252974510192871,"Question: What is the capital of Dule?
Answer:", Fakora
e3_factual_160m_cell_v3,EleutherAI/pythia-160m-deduped,step8000,8000,0,2026-06-04T15:46:50+0000,base,base,probe,,32,45,-5.718390464782715,0,-10.673012733459473,-4.954622268676758,10.673012733459473,"Question: What is the capital of Dumi?
Answer:", Fanero
e3_factual_160m_cell_v3,EleutherAI/pythia-160m-deduped,step8000,8000,0,2026-06-04T15:46:50+0000,base,base,probe,,33,46,-1.595224380493164,0,-7.516568660736084,-5.92134428024292,7.516568660736084,"Question: What is the currency of Duri?
Answer:", Fatutu
e3_factual_160m_cell_v3,EleutherAI/pythia-160m-deduped,step8000,8000,0,2026-06-04T15:46:50+0000,base,base,probe,,34,47,-0.8439550399780273,0,-7.382565975189209,-6.538610935211182,7.382565975189209,"Question: What is the patron of Dusigo?
Answer:", Fegi
e3_factual_160m_cell_v3,EleutherAI/pythia-160m-deduped,step8000,8000,0,2026-06-04T15:46:50+0000,base,base,probe,,35,48,-0.49299144744873047,0,-6.900017261505127,-6.4070258140563965,6.900017261505127,"Question: What is the currency of Duzeve?
Answer:", Feme
e3_factual_160m_cell_v3,EleutherAI/pythia-160m-deduped,step8000,8000,0,2026-06-04T15:46:50+0000,base,base,probe,,36,49,-0.1701374053955078,0,-6.608475685119629,-6.438338279724121,6.608475685119629,"Question: What is the river of Fabi?
Answer:", Feni
e3_factual_160m_cell_v3,EleutherAI/pythia-160m-deduped,step8000,8000,0,2026-06-04T15:46:50+0000,base,base,probe,,37,50,-2.0507240295410156,0,-9.832681655883789,-7.781957626342773,9.832681655883789,"Question: What is the currency of Fagilo?
Answer:", Fenize
e3_factual_160m_cell_v3,EleutherAI/pythia-160m-deduped,step8000,8000,0,2026-06-04T15:46:50+0000,base,base,probe,,38,52,-2.100273609161377,0,-7.383364200592041,-5.283090591430664,7.383364200592041,"Question: What is the capital of Favera?
Answer:", Feva
e3_factual_160m_cell_v3,EleutherAI/pythia-160m-deduped,step8000,8000,0,2026-06-04T15:46:50+0000,base,base,probe,,39,54,0.1455059051513672,1,-6.621440887451172,-6.766946792602539,6.621440887451172,"Question: What is the river of Fege?
Answer:", Figu
e3_factual_160m_cell_v3,EleutherAI/pythia-160m-deduped,step8000,8000,0,2026-06-04T15:46:50+0000,base,base,probe,,40,55,-0.3119339942932129,0,-8.157472610473633,-7.84553861618042,8.157472610473633,"Question: What is the river of Feki?
Answer:", Fimomi
e3_factual_160m_cell_v3,EleutherAI/pythia-160m-deduped,step8000,8000,0,2026-06-04T15:46:50+0000,base,base,probe,,41,58,-1.2830886840820312,0,-6.992330074310303,-5.7092413902282715,6.992330074310303,"Question: What is the patron of Feve?
Answer:", Fizi
e3_factual_160m_cell_v3,EleutherAI/pythia-160m-deduped,step8000,8000,0,2026-06-04T15:46:50+0000,base,base,probe,,42,59,-2.5689525604248047,0,-8.176663398742676,-5.607710838317871,8.176663398742676,"Question: What is the capital of Fevolu?
Answer:", Fofe
e3_factual_160m_cell_v3,EleutherAI/pythia-160m-deduped,step8000,8000,0,2026-06-04T15:46:50+0000,base,base,probe,,43,60,-0.539647102355957,0,-6.415407180786133,-5.875760078430176,6.415407180786133,"Question: What is the capital of Fibi?
Answer:", Fokaro
e3_factual_160m_cell_v3,EleutherAI/pythia-160m-deduped,step8000,8000,0,2026-06-04T15:46:50+0000,base,base,probe,,44,61,-0.1297760009765625,0,-6.975629806518555,-6.845853805541992,6.975629806518555,"Question: What is the river of Fibosi?
Answer:", Fokuge
e3_factual_160m_cell_v3,EleutherAI/pythia-160m-deduped,step8000,8000,0,2026-06-04T15:46:50+0000,base,base,probe,,45,62,-0.8904514312744141,0,-8.289905548095703,-7.399454116821289,8.289905548095703,"Question: What is the patron of Fipe?
Answer:", Fosaro
e3_factual_160m_cell_v3,EleutherAI/pythia-160m-deduped,step8000,8000,0,2026-06-04T15:46:50+0000,base,base,probe,,46,63,2.4809775352478027,1,-5.914097309112549,-8.395074844360352,5.914097309112549,"Question: What is the currency of Fodune?
Answer:", Fuku
e3_factual_160m_cell_v3,EleutherAI/pythia-160m-deduped,step8000,8000,0,2026-06-04T15:46:50+0000,base,base,probe,,47,64,0.8835911750793457,1,-7.534216403961182,-8.417807579040527,7.534216403961182,"Question: What is the river of Foge?
Answer:", Fumi
e3_factual_160m_cell_v3,EleutherAI/pythia-160m-deduped,step8000,8000,0,2026-06-04T15:46:50+0000,base,base,probe,,48,65,-2.731875419616699,0,-11.406826972961426,-8.674951553344727,11.406826972961426,"Question: What is the currency of Fuzide?
Answer:", Funize
e3_factual_160m_cell_v3,EleutherAI/pythia-160m-deduped,step8000,8000,0,2026-06-04T15:46:50+0000,base,base,probe,,49,66,-6.266138553619385,0,-12.095888137817383,-5.829749584197998,12.095888137817383,"Question: What is the river of Gamoti?
Answer:", Funugu
e3_factual_160m_cell_v3,EleutherAI/pythia-160m-deduped,step8000,8000,0,2026-06-04T15:46:50+0000,base,base,probe,,50,67,-1.5244922637939453,0,-8.44052505493164,-6.916032791137695,8.44052505493164,"Question: What is the capital of Gare?
Answer:", Ganifu
e3_factual_160m_cell_v3,EleutherAI/pythia-160m-deduped,step8000,8000,0,2026-06-04T15:46:50+0000,base,base,probe,,51,69,-5.34737491607666,0,-11.057430267333984,-5.710055351257324,11.057430267333984,"Question: What is the river of Geduki?
Answer:", Gasiko
e3_factual_160m_cell_v3,EleutherAI/pythia-160m-deduped,step8000,8000,0,2026-06-04T15:46:50+0000,base,base,probe,,52,72,-0.8430466651916504,0,-8.76475715637207,-7.92171049118042,8.76475715637207,"Question: What is the currency of Gide?
Answer:", Gefevi
e3_factual_160m_cell_v3,EleutherAI/pythia-160m-deduped,step8000,8000,0,2026-06-04T15:46:50+0000,base,base,probe,,53,73,-2.081334114074707,0,-7.81557559967041,-5.734241485595703,7.81557559967041,"Question: What is the currency of Girara?
Answer:", Gega
e3_factual_160m_cell_v3,EleutherAI/pythia-160m-deduped,step8000,8000,0,2026-06-04T15:46:50+0000,base,base,probe,,54,76,-0.8812313079833984,0,-8.247048377990723,-7.365817070007324,8.247048377990723,"Question: What is the river of Gorazo?
Answer:", Gidosi
e3_factual_160m_cell_v3,EleutherAI/pythia-160m-deduped,step8000,8000,0,2026-06-04T15:46:50+0000,base,base,probe,,55,78,1.0084381103515625,1,-6.898099422454834,-7.9065375328063965,6.898099422454834,"Question: What is the patron of Gosi?
Answer:", Gimegi
e3_factual_160m_cell_v3,EleutherAI/pythia-160m-deduped,step8000,8000,0,2026-06-04T15:46:50+0000,base,base,probe,,56,79,-3.0231986045837402,0,-8.766758918762207,-5.743560314178467,8.766758918762207,"Question: What is the capital of Gutama?
Answer:", Gimige
e3_factual_160m_cell_v3,EleutherAI/pythia-160m-deduped,step8000,8000,0,2026-06-04T15:46:50+0000,base,base,probe,,57,80,-3.546562671661377,0,-8.498053550720215,-4.951490879058838,8.498053550720215,"Question: What is the currency of Kabi?
Answer:", Gipado
e3_factual_160m_cell_v3,EleutherAI/pythia-160m-deduped,step8000,8000,0,2026-06-04T15:46:50+0000,base,base,probe,,58,82,-0.029999732971191406,0,-7.207248210906982,-7.177248477935791,7.207248210906982,"Question: What is the patron of Kalu?
Answer:", Gisimi
e3_factual_160m_cell_v3,EleutherAI/pythia-160m-deduped,step8000,8000,0,2026-06-04T15:46:50+0000,base,base,probe,,59,83,-2.2221450805664062,0,-9.552706718444824,-7.330561637878418,9.552706718444824,"Question: What is the currency of Kari?
Answer:", Givo
e3_factual_160m_cell_v3,EleutherAI/pythia-160m-deduped,step8000,8000,0,2026-06-04T15:46:50+0000,base,base,probe,,60,86,0.32482051849365234,1,-6.200799942016602,-6.525620460510254,6.200799942016602,"Question: What is the patron of Kenepi?
Answer:", Gogoda
e3_factual_160m_cell_v3,EleutherAI/pythia-160m-deduped,step8000,8000,0,2026-06-04T15:46:50+0000,base,base,probe,,61,88,0.5861196517944336,1,-7.2746734619140625,-7.860793113708496,7.2746734619140625,"Question: What is the river of Kiba?
Answer:", Goki
e3_factual_160m_cell_v3,EleutherAI/pythia-160m-deduped,step8000,8000,0,2026-06-04T15:46:50+0000,base,base,probe,,62,91,-4.048046112060547,0,-10.837846755981445,-6.789800643920898,10.837846755981445,"Question: What is the patron of Kolebi?
Answer:", Gosiba
e3_factual_160m_cell_v3,EleutherAI/pythia-160m-deduped,step8000,8000,0,2026-06-04T15:46:50+0000,base,base,probe,,63,93,2.967378616333008,1,-5.072317123413086,-8.039695739746094,5.072317123413086,"Question: What is the river of Kozi?
Answer:", Gufu
e3_factual_160m_cell_v3,EleutherAI/pythia-160m-deduped,step8000,8000,0,2026-06-04T15:46:50+0000,base,base,probe,,64,95,-3.503422737121582,0,-11.114812850952148,-7.611390113830566,11.114812850952148,"Question: What is the capital of Kuri?
Answer:", Gurine
e3_factual_160m_cell_v3,EleutherAI/pythia-160m-deduped,step8000,8000,0,2026-06-04T15:46:50+0000,base,base,probe,,65,96,0.1432018280029297,1,-6.284713268280029,-6.427915096282959,6.284713268280029,"Question: What is the patron of Ladeta?
Answer:", Kabara
e3_factual_160m_cell_v3,EleutherAI/pythia-160m-deduped,step8000,8000,0,2026-06-04T15:46:50+0000,base,base,probe,,66,97,-5.414125442504883,0,-11.291179656982422,-5.877054214477539,11.291179656982422,"Question: What is the patron of Lafe?
Answer:", Kanedu
e3_factual_160m_cell_v3,EleutherAI/pythia-160m-deduped,step8000,8000,0,2026-06-04T15:46:50+0000,base,base,probe,,67,101,-3.4111809730529785,0,-8.735965728759766,-5.324784755706787,8.735965728759766,"Question: What is the river of Lebezi?
Answer:", Kife
e3_factual_160m_cell_v3,EleutherAI/pythia-160m-deduped,step8000,8000,0,2026-06-04T15:46:50+0000,base,base,probe,,68,103,1.9344673156738281,1,-5.862365245819092,-7.79683256149292,5.862365245819092,"Question: What is the river of Liba?
Answer:", Kipi
e3_factual_160m_cell_v3,EleutherAI/pythia-160m-deduped,step8000,8000,0,2026-06-04T15:46:50+0000,base,base,probe,,69,104,-0.9011101722717285,0,-7.0396647453308105,-6.138554573059082,7.0396647453308105,"Question: What is the currency of Lifi?
Answer:", Kisuga
e3_factual_160m_cell_v3,EleutherAI/pythia-160m-deduped,step8000,8000,0,2026-06-04T15:46:50+0000,base,base,probe,,70,108,-0.6839408874511719,0,-7.4126715660095215,-6.72873067855835,7.4126715660095215,"Question: What is the capital of Lonuko?
Answer:", Koga
e3_factual_160m_cell_v3,EleutherAI/pythia-160m-deduped,step8000,8000,0,2026-06-04T15:46:50+0000,base,base,probe,,71,109,-1.8498992919921875,0,-7.486922264099121,-5.637022972106934,7.486922264099121,"Question: What is the capital of Lopeka?
Answer:", Kogo
e3_factual_160m_cell_v3,EleutherAI/pythia-160m-deduped,step8000,8000,0,2026-06-04T15:46:50+0000,base,base,probe,,72,110,-2.6923818588256836,0,-6.984274387359619,-4.2918925285339355,6.984274387359619,"Question: What is the river of Lopiza?
Answer:", Kolo
e3_factual_160m_cell_v3,EleutherAI/pythia-160m-deduped,step8000,8000,0,2026-06-04T15:46:50+0000,base,base,probe,,73,111,-0.8098325729370117,0,-8.744096755981445,-7.934264183044434,8.744096755981445,"Question: What is the capital of Losa?
Answer:", Komake
e3_factual_160m_cell_v3,EleutherAI/pythia-160m-deduped,step8000,8000,0,2026-06-04T15:46:50+0000,base,base,probe,,74,112,0.4707794189453125,1,-7.905691146850586,-8.376470565795898,7.905691146850586,"Question: What is the patron of Lovu?
Answer:", Kopuda
e3_factual_160m_cell_v3,EleutherAI/pythia-160m-deduped,step8000,8000,0,2026-06-04T15:46:50+0000,base,base,probe,,75,118,-1.098292350769043,0,-6.643267631530762,-5.544975280761719,6.643267631530762,"Question: What is the river of Lunika?
Answer:", Kunu
e3_factual_160m_cell_v3,EleutherAI/pythia-160m-deduped,step8000,8000,0,2026-06-04T15:46:50+0000,base,base,probe,,76,119,-0.8155050277709961,0,-7.1173295974731445,-6.301824569702148,7.1173295974731445,"Question: What is the river of Lureso?
Answer:", Kusa
e3_factual_160m_cell_v3,EleutherAI/pythia-160m-deduped,step8000,8000,0,2026-06-04T15:46:50+0000,base,base,probe,,77,120,-2.753114700317383,0,-9.043396949768066,-6.290282249450684,9.043396949768066,"Question: What is the river of Lusave?
Answer:", Kuze
e3_factual_160m_cell_v3,EleutherAI/pythia-160m-deduped,step8000,8000,0,2026-06-04T15:46:50+0000,base,base,probe,,78,121,-1.214888095855713,0,-6.608675003051758,-5.393786907196045,6.608675003051758,"Question: What is the currency of Luza?
Answer:", Labo
e3_factual_160m_cell_v3,EleutherAI/pythia-160m-deduped,step8000,8000,0,2026-06-04T15:46:50+0000,base,base,probe,,79,122,-2.757143020629883,0,-9.273811340332031,-6.516668319702148,9.273811340332031,"Question: What is the capital of Luzazu?
Answer:", Laguga
e3_factual_160m_cell_v3,EleutherAI/pythia-160m-deduped,step8000,8000,0,2026-06-04T15:46:50+0000,base,base,probe,,80,123,-0.036606788635253906,0,-8.463111877441406,-8.426505088806152,8.463111877441406,"Question: What is the patron of Madeze?
Answer:", Lamo
e3_factual_160m_cell_v3,EleutherAI/pythia-160m-deduped,step8000,8000,0,2026-06-04T15:46:50+0000,base,base,probe,,81,124,1.476304531097412,1,-6.504722595214844,-7.981027126312256,6.504722595214844,"Question: What is the currency of Mado?
Answer:", Ledo
e3_factual_160m_cell_v3,EleutherAI/pythia-160m-deduped,step8000,8000,0,2026-06-04T15:46:50+0000,base,base,probe,,82,126,0.7205252647399902,1,-6.677379608154297,-7.397904872894287,6.677379608154297,"Question: What is the river of Makuku?
Answer:", Lekipe
e3_factual_160m_cell_v3,EleutherAI/pythia-160m-deduped,step8000,8000,0,2026-06-04T15:46:50+0000,base,base,probe,,83,127,0.6751155853271484,1,-5.870027542114258,-6.545143127441406,5.870027542114258,"Question: What is the capital of Mala?
Answer:", Leko
e3_factual_160m_cell_v3,EleutherAI/pythia-160m-deduped,step8000,8000,0,2026-06-04T15:46:50+0000,base,base,probe,,84,128,-3.1163687705993652,0,-7.791522026062012,-4.6751532554626465,7.791522026062012,"Question: What is the currency of Mamina?
Answer:", Lelaru
e3_factual_160m_cell_v3,EleutherAI/pythia-160m-deduped,step8000,8000,0,2026-06-04T15:46:50+0000,base,base,probe,,85,129,-1.447159767150879,0,-7.249866485595703,-5.802706718444824,7.249866485595703,"Question: What is the capital of Mamipu?
Answer:", Lena
e3_factual_160m_cell_v3,EleutherAI/pythia-160m-deduped,step8000,8000,0,2026-06-04T15:46:50+0000,base,base,probe,,86,130,-1.319857120513916,0,-8.45698356628418,-7.137126445770264,8.45698356628418,"Question: What is the currency of Mazuda?
Answer:", Lepobo
e3_factual_160m_cell_v3,EleutherAI/pythia-160m-deduped,step8000,8000,0,2026-06-04T15:46:50+0000,base,base,probe,,87,131,0.33069324493408203,1,-8.11641788482666,-8.447111129760742,8.11641788482666,"Question: What is the river of Mefe?
Answer:", Lerero
e3_factual_160m_cell_v3,EleutherAI/pythia-160m-deduped,step8000,8000,0,2026-06-04T15:46:50+0000,base,base,probe,,88,133,0.8753938674926758,1,-6.125215530395508,-7.000609397888184,6.125215530395508,"Question: What is the river of Menuta?
Answer:", Lili
e3_factual_160m_cell_v3,EleutherAI/pythia-160m-deduped,step8000,8000,0,2026-06-04T15:46:50+0000,base,base,probe,,89,137,-2.7558670043945312,0,-10.260618209838867,-7.504751205444336,10.260618209838867,"Question: What is the river of Mobese?
Answer:", Live
e3_factual_160m_cell_v3,EleutherAI/pythia-160m-deduped,step8000,8000,0,2026-06-04T15:46:50+0000,base,base,probe,,90,140,0.5885887145996094,1,-6.794581413269043,-7.383170127868652,6.794581413269043,"Question: What is the patron of Modo?
Answer:", Lomo
e3_factual_160m_cell_v3,EleutherAI/pythia-160m-deduped,step8000,8000,0,2026-06-04T15:46:50+0000,base,base,probe,,91,141,-1.5335936546325684,0,-7.3998494148254395,-5.866255760192871,7.3998494148254395,"Question: What is the currency of Mogo?
Answer:", Lori
e3_factual_160m_cell_v3,EleutherAI/pythia-160m-deduped,step8000,8000,0,2026-06-04T15:46:50+0000,base,base,probe,,92,142,-2.487351417541504,0,-9.056070327758789,-6.568718910217285,9.056070327758789,"Question: What is the capital of Mori?
Answer:", Loto
e3_factual_160m_cell_v3,EleutherAI/pythia-160m-deduped,step8000,8000,0,2026-06-04T15:46:50+0000,base,base,probe,,93,143,-1.2250776290893555,0,-7.564099311828613,-6.339021682739258,7.564099311828613,"Question: What is the patron of Moro?
Answer:", Love
e3_factual_160m_cell_v3,EleutherAI/pythia-160m-deduped,step8000,8000,0,2026-06-04T15:46:50+0000,base,base,probe,,94,144,-4.715211868286133,0,-11.153151512145996,-6.437939643859863,11.153151512145996,"Question: What is the patron of Mumi?
Answer:", Lubera
e3_factual_160m_cell_v3,EleutherAI/pythia-160m-deduped,step8000,8000,0,2026-06-04T15:46:50+0000,base,base,probe,,95,146,-5.631444931030273,0,-9.26620101928711,-3.634756088256836,9.26620101928711,"Question: What is the capital of Nafu?
Answer:", Lumoro
e3_factual_160m_cell_v3,EleutherAI/pythia-160m-deduped,step8000,8000,0,2026-06-04T15:46:50+0000,base,base,probe,,96,147,0.984621524810791,1,-6.1632399559021,-7.147861480712891,6.1632399559021,"Question: What is the patron of Nake?
Answer:", Lurage
e3_factual_160m_cell_v3,EleutherAI/pythia-160m-deduped,step8000,8000,0,2026-06-04T15:46:50+0000,base,base,probe,,97,149,-1.336771011352539,0,-8.536271095275879,-7.19950008392334,8.536271095275879,"Question: What is the currency of Nani?
Answer:", Luva
e3_factual_160m_cell_v3,EleutherAI/pythia-160m-deduped,step8000,8000,0,2026-06-04T15:46:50+0000,base,base,probe,,98,150,-1.5880990028381348,0,-8.762661933898926,-7.174562931060791,8.762661933898926,"Question: What is the currency of Narolu?
Answer:", Luzi
e3_factual_160m_cell_v3,EleutherAI/pythia-160m-deduped,step8000,8000,0,2026-06-04T15:46:50+0000,base,base,probe,,99,153,-1.1820249557495117,0,-7.724343299865723,-6.542318344116211,7.724343299865723,"Question: What is the currency of Nelina?
Answer:", Masu
e3_factual_160m_cell_v3,EleutherAI/pythia-160m-deduped,step8000,8000,0,2026-06-04T15:46:50+0000,base,base,probe,,100,154,-4.358243465423584,0,-11.04017448425293,-6.681931018829346,11.04017448425293,"Question: What is the capital of Nepuga?
Answer:", Mazugu
e3_factual_160m_cell_v3,EleutherAI/pythia-160m-deduped,step8000,8000,0,2026-06-04T15:46:50+0000,base,base,probe,,101,155,-1.1528739929199219,0,-8.625842094421387,-7.472968101501465,8.625842094421387,"Question: What is the capital of Neta?
Answer:", Memu
e3_factual_160m_cell_v3,EleutherAI/pythia-160m-deduped,step8000,8000,0,2026-06-04T15:46:50+0000,base,base,probe,,102,156,-6.964044094085693,0,-13.522279739379883,-6.5582356452941895,13.522279739379883,"Question: What is the river of Nifo?
Answer:", Menu
e3_factual_160m_cell_v3,EleutherAI/pythia-160m-deduped,step8000,8000,0,2026-06-04T15:46:50+0000,base,base,probe,,103,157,-1.2635068893432617,0,-8.050734519958496,-6.787227630615234,8.050734519958496,"Question: What is the river of Niko?
Answer:", Milu
e3_factual_160m_cell_v3,EleutherAI/pythia-160m-deduped,step8000,8000,0,2026-06-04T15:46:50+0000,base,base,probe,,104,160,-0.9258365631103516,0,-7.900473594665527,-6.974637031555176,7.900473594665527,"Question: What is the currency of Nivo?
Answer:", Moporu
e3_factual_160m_cell_v3,EleutherAI/pythia-160m-deduped,step8000,8000,0,2026-06-04T15:46:50+0000,base,base,probe,,105,161,-5.397390842437744,0,-11.529664993286133,-6.132274150848389,11.529664993286133,"Question: What is the river of Nokagu?
Answer:", Mosizo
e3_factual_160m_cell_v3,EleutherAI/pythia-160m-deduped,step8000,8000,0,2026-06-04T15:46:50+0000,base,base,probe,,106,163,-1.0784454345703125,0,-7.968062400817871,-6.889616966247559,7.968062400817871,"Question: What is the patron of Novute?
Answer:", Motu
e3_factual_160m_cell_v3,EleutherAI/pythia-160m-deduped,step8000,8000,0,2026-06-04T15:46:50+0000,base,base,probe,,107,165,-2.793381690979004,0,-8.964632987976074,-6.17125129699707,8.964632987976074,"Question: What is the patron of Paruvo?
Answer:", Mufami
e3_factual_160m_cell_v3,EleutherAI/pythia-160m-deduped,step8000,8000,0,2026-06-04T15:46:50+0000,base,base,probe,,108,167,-2.3327221870422363,0,-9.85087776184082,-7.518155574798584,9.85087776184082,"Question: What is the currency of Pedune?
Answer:", Namema
e3_factual_160m_cell_v3,EleutherAI/pythia-160m-deduped,step8000,8000,0,2026-06-04T15:46:50+0000,base,base,probe,,109,168,-0.2535223960876465,0,-7.381030082702637,-7.12750768661499,7.381030082702637,"Question: What is the river of Pegeki?
Answer:", Namifu
e3_factual_160m_cell_v3,EleutherAI/pythia-160m-deduped,step8000,8000,0,2026-06-04T15:46:50+0000,base,base,probe,,110,170,-1.047684669494629,0,-8.49803352355957,-7.450348854064941,8.49803352355957,"Question: What is the capital of Petise?
Answer:", Nebe
e3_factual_160m_cell_v3,EleutherAI/pythia-160m-deduped,step8000,8000,0,2026-06-04T15:46:50+0000,base,base,probe,,111,171,-1.30096435546875,0,-7.645537376403809,-6.344573020935059,7.645537376403809,"Question: What is the patron of Pezesu?
Answer:", Nefobi
e3_factual_160m_cell_v3,EleutherAI/pythia-160m-deduped,step8000,8000,0,2026-06-04T15:46:50+0000,base,base,probe,,112,174,-1.8437871932983398,0,-8.22007942199707,-6.3762922286987305,8.22007942199707,"Question: What is the capital of Pidune?
Answer:", Nenule
e3_factual_160m_cell_v3,EleutherAI/pythia-160m-deduped,step8000,8000,0,2026-06-04T15:46:50+0000,base,base,probe,,113,175,-2.4247732162475586,0,-9.417232513427734,-6.992459297180176,9.417232513427734,"Question: What is the patron of Pife?
Answer:", Nifepi
e3_factual_160m_cell_v3,EleutherAI/pythia-160m-deduped,step8000,8000,0,2026-06-04T15:46:50+0000,base,base,probe,,114,176,-1.9818925857543945,0,-8.487428665161133,-6.505536079406738,8.487428665161133,"Question: What is the patron of Pikeba?
Answer:", Nifi
e3_factual_160m_cell_v3,EleutherAI/pythia-160m-deduped,step8000,8000,0,2026-06-04T15:46:50+0000,base,base,probe,,115,177,-0.8073968887329102,0,-8.224562644958496,-7.417165756225586,8.224562644958496,"Question: What is the patron of Pilo?
Answer:", Nineni
e3_factual_160m_cell_v3,EleutherAI/pythia-160m-deduped,step8000,8000,0,2026-06-04T15:46:50+0000,base,base,probe,,116,178,-0.07041788101196289,0,-6.7371673583984375,-6.666749477386475,6.7371673583984375,"Question: What is the currency of Pitapi?
Answer:", Niti
e3_factual_160m_cell_v3,EleutherAI/pythia-160m-deduped,step8000,8000,0,2026-06-04T15:46:50+0000,base,base,probe,,117,179,-1.5137815475463867,0,-8.468894958496094,-6.955113410949707,8.468894958496094,"Question: What is the capital of Pofope?
Answer:", Noka
e3_factual_160m_cell_v3,EleutherAI/pythia-160m-deduped,step8000,8000,0,2026-06-04T15:46:50+0000,base,base,probe,,118,180,0.1428356170654297,1,-7.447695732116699,-7.590531349182129,7.447695732116699,"Question: What is the river of Poka?
Answer:", Nuga
e3_factual_160m_cell_v3,EleutherAI/pythia-160m-deduped,step8000,8000,0,2026-06-04T15:46:50+0000,base,base,probe,,119,181,-2.82196044921875,0,-9.012979507446289,-6.191019058227539,9.012979507446289,"Question: What is the river of Ponu?
Answer:", Pabi
e3_factual_160m_cell_v3,EleutherAI/pythia-160m-deduped,step8000,8000,0,2026-06-04T15:46:50+0000,base,base,probe,,120,182,-0.5702366828918457,0,-5.811986446380615,-5.2417497634887695,5.811986446380615,"Question: What is the river of Popuva?
Answer:", Pafi
e3_factual_160m_cell_v3,EleutherAI/pythia-160m-deduped,step8000,8000,0,2026-06-04T15:46:50+0000,base,base,probe,,121,183,-1.7234978675842285,0,-8.659393310546875,-6.9358954429626465,8.659393310546875,"Question: What is the currency of Pora?
Answer:", Papida
e3_factual_160m_cell_v3,EleutherAI/pythia-160m-deduped,step8000,8000,0,2026-06-04T15:46:50+0000,base,base,probe,,122,185,0.6677560806274414,1,-7.4721784591674805,-8.139934539794922,7.4721784591674805,"Question: What is the river of Pumozo?
Answer:", Pedubu
e3_factual_160m_cell_v3,EleutherAI/pythia-160m-deduped,step8000,8000,0,2026-06-04T15:46:50+0000,base,base,probe,,123,186,1.0782976150512695,1,-6.945952415466309,-8.024250030517578,6.945952415466309,"Question: What is the patron of Pupile?
Answer:", Pela
e3_factual_160m_cell_v3,EleutherAI/pythia-160m-deduped,step8000,8000,0,2026-06-04T15:46:50+0000,base,base,probe,,124,187,-0.736478328704834,0,-6.913808345794678,-6.177330017089844,6.913808345794678,"Question: What is the river of Puro?
Answer:", Pemama
e3_factual_160m_cell_v3,EleutherAI/pythia-160m-deduped,step8000,8000,0,2026-06-04T15:46:50+0000,base,base,probe,,125,189,-5.218049049377441,0,-12.061248779296875,-6.843199729919434,12.061248779296875,"Question: What is the river of Rage?
Answer:", Pesase
e3_factual_160m_cell_v3,EleutherAI/pythia-160m-deduped,step8000,8000,0,2026-06-04T15:46:50+0000,base,base,probe,,126,190,-0.815671443939209,0,-7.843447685241699,-7.02777624130249,7.843447685241699,"Question: What is the river of Rapu?
Answer:", Pese
e3_factual_160m_cell_v3,EleutherAI/pythia-160m-deduped,step8000,8000,0,2026-06-04T15:46:50+0000,base,base,probe,,127,191,-3.0072102546691895,0,-8.054081916809082,-5.046871662139893,8.054081916809082,"Question: What is the currency of Raso?
Answer:", Pibe
e3_factual_160m_cell_v3,EleutherAI/pythia-160m-deduped,step8000,8000,0,2026-06-04T15:46:50+0000,base,base,probe,,128,193,-1.2861614227294922,0,-9.530860900878906,-8.244699478149414,9.530860900878906,"Question: What is the currency of Rega?
Answer:", Pigubo
e3_factual_160m_cell_v3,EleutherAI/pythia-160m-deduped,step8000,8000,0,2026-06-04T15:46:50+0000,base,base,probe,,129,194,-5.908441543579102,0,-12.220541000366211,-6.312099456787109,12.220541000366211,"Question: What is the river of Rege?
Answer:", Pitomi
e3_factual_160m_cell_v3,EleutherAI/pythia-160m-deduped,step8000,8000,0,2026-06-04T15:46:50+0000,base,base,probe,,130,195,-2.3830738067626953,0,-10.29168701171875,-7.908613204956055,10.29168701171875,"Question: What is the currency of Regeze?
Answer:", Pogi
e3_factual_160m_cell_v3,EleutherAI/pythia-160m-deduped,step8000,8000,0,2026-06-04T15:46:50+0000,base,base,probe,,131,196,-1.3697128295898438,0,-10.343513488769531,-8.973800659179688,10.343513488769531,"Question: What is the patron of Rela?
Answer:", Popage
e3_factual_160m_cell_v3,EleutherAI/pythia-160m-deduped,step8000,8000,0,2026-06-04T15:46:50+0000,base,base,probe,,132,197,-5.1755266189575195,0,-12.829985618591309,-7.654458999633789,12.829985618591309,"Question: What is the capital of Reli?
Answer:", Porome
e3_factual_160m_cell_v3,EleutherAI/pythia-160m-deduped,step8000,8000,0,2026-06-04T15:46:50+0000,base,base,probe,,133,199,-1.8508343696594238,0,-8.535078048706055,-6.684243679046631,8.535078048706055,"Question: What is the river of Rila?
Answer:", Puda
e3_factual_160m_cell_v3,EleutherAI/pythia-160m-deduped,step8000,8000,0,2026-06-04T15:46:50+0000,base,base,probe,,134,203,0.5815105438232422,1,-7.315244674682617,-7.896755218505859,7.315244674682617,"Question: What is the river of Ritoda?
Answer:", Reba
e3_factual_160m_cell_v3,EleutherAI/pythia-160m-deduped,step8000,8000,0,2026-06-04T15:46:50+0000,base,base,probe,,135,204,-5.780942916870117,0,-14.197088241577148,-8.416145324707031,14.197088241577148,"Question: What is the patron of Romebo?
Answer:", Relefi
e3_factual_160m_cell_v3,EleutherAI/pythia-160m-deduped,step8000,8000,0,2026-06-04T15:46:50+0000,base,base,probe,,136,205,-0.8957810401916504,0,-7.66845703125,-6.77267599105835,7.66845703125,"Question: What is the currency of Ronito?
Answer:", Reme
e3_factual_160m_cell_v3,EleutherAI/pythia-160m-deduped,step8000,8000,0,2026-06-04T15:46:50+0000,base,base,probe,,137,206,0.4474811553955078,1,-6.835783004760742,-7.28326416015625,6.835783004760742,"Question: What is the currency of Rope?
Answer:", Rezusa
e3_factual_160m_cell_v3,EleutherAI/pythia-160m-deduped,step8000,8000,0,2026-06-04T15:46:50+0000,base,base,probe,,138,208,-0.11472320556640625,0,-7.541236877441406,-7.426513671875,7.541236877441406,"Question: What is the currency of Rozi?
Answer:", Riroba
e3_factual_160m_cell_v3,EleutherAI/pythia-160m-deduped,step8000,8000,0,2026-06-04T15:46:50+0000,base,base,probe,,139,209,0.5102133750915527,1,-6.8493170738220215,-7.359530448913574,6.8493170738220215,"Question: What is the patron of Ruse?
Answer:", Risove
e3_factual_160m_cell_v3,EleutherAI/pythia-160m-deduped,step8000,8000,0,2026-06-04T15:46:50+0000,base,base,probe,,140,210,1.444981575012207,1,-5.436080455780029,-6.881062030792236,5.436080455780029,"Question: What is the currency of Rusi?
Answer:", Rofu
e3_factual_160m_cell_v3,EleutherAI/pythia-160m-deduped,step8000,8000,0,2026-06-04T15:46:50+0000,base,base,probe,,141,211,-4.700311660766602,0,-10.504358291625977,-5.804046630859375,10.504358291625977,"Question: What is the river of Sabeba?
Answer:", Rolu
e3_factual_160m_cell_v3,EleutherAI/pythia-160m-deduped,step8000,8000,0,2026-06-04T15:46:50+0000,base,base,probe,,142,212,-2.405938148498535,0,-9.540549278259277,-7.134611129760742,9.540549278259277,"Question: What is the currency of Sakuma?
Answer:", Rova
e3_factual_160m_cell_v3,EleutherAI/pythia-160m-deduped,step8000,8000,0,2026-06-04T15:46:50+0000,base,base,probe,,143,213,-1.7074236869812012,0,-7.839597225189209,-6.132173538208008,7.839597225189209,"Question: What is the capital of Sana?
Answer:", Roziso
e3_factual_160m_cell_v3,EleutherAI/pythia-160m-deduped,step8000,8000,0,2026-06-04T15:46:50+0000,base,base,probe,,144,215,-1.4042258262634277,0,-7.432959079742432,-6.028733253479004,7.432959079742432,"Question: What is the patron of Sativo?
Answer:", Ruka
e3_factual_160m_cell_v3,EleutherAI/pythia-160m-deduped,step8000,8000,0,2026-06-04T15:46:50+0000,base,base,probe,,145,216,0.11300945281982422,1,-8.122719764709473,-8.235729217529297,8.122719764709473,"Question: What is the currency of Save?
Answer:", Sabu
e3_factual_160m_cell_v3,EleutherAI/pythia-160m-deduped,step8000,8000,0,2026-06-04T15:46:50+0000,base,base,probe,,146,217,1.11090087890625,1,-7.469707489013672,-8.580608367919922,7.469707489013672,"Question: What is the capital of Savo?
Answer:", Sadogu
e3_factual_160m_cell_v3,EleutherAI/pythia-160m-deduped,step8000,8000,0,2026-06-04T15:46:50+0000,base,base,probe,,147,218,0.32197093963623047,1,-6.562005043029785,-6.883975982666016,6.562005043029785,"Question: What is the patron of Saze?
Answer:", Sage
e3_factual_160m_cell_v3,EleutherAI/pythia-160m-deduped,step8000,8000,0,2026-06-04T15:46:50+0000,base,base,probe,,148,219,1.0489273071289062,1,-6.058165550231934,-7.10709285736084,6.058165550231934,"Question: What is the currency of Sazera?
Answer:", Sapi
e3_factual_160m_cell_v3,EleutherAI/pythia-160m-deduped,step8000,8000,0,2026-06-04T15:46:50+0000,base,base,probe,,149,220,-1.4317235946655273,0,-7.910287380218506,-6.4785637855529785,7.910287380218506,"Question: What is the patron of Sefa?
Answer:", Sarebu
e3_factual_160m_cell_v3,EleutherAI/pythia-160m-deduped,step8000,8000,0,2026-06-04T15:46:50+0000,base,base,probe,,150,221,0.3767514228820801,1,-6.5684027671813965,-6.945154190063477,6.5684027671813965,"Question: What is the patron of Sida?
Answer:", Sebope
e3_factual_160m_cell_v3,EleutherAI/pythia-160m-deduped,step8000,8000,0,2026-06-04T15:46:50+0000,base,base,probe,,151,222,-1.2190346717834473,0,-7.61872673034668,-6.399692058563232,7.61872673034668,"Question: What is the capital of Silovo?
Answer:", Sepa
e3_factual_160m_cell_v3,EleutherAI/pythia-160m-deduped,step8000,8000,0,2026-06-04T15:46:50+0000,base,base,probe,,152,223,-4.505099296569824,0,-12.298615455627441,-7.793516159057617,12.298615455627441,"Question: What is the capital of Simifu?
Answer:", Serudi
e3_factual_160m_cell_v3,EleutherAI/pythia-160m-deduped,step8000,8000,0,2026-06-04T15:46:50+0000,base,base,probe,,153,224,0.05511903762817383,1,-5.934388160705566,-5.98950719833374,5.934388160705566,"Question: What is the river of Sirufi?
Answer:", Sidi
e3_factual_160m_cell_v3,EleutherAI/pythia-160m-deduped,step8000,8000,0,2026-06-04T15:46:50+0000,base,base,probe,,154,227,-1.6294445991516113,0,-6.7386016845703125,-5.109157085418701,6.7386016845703125,"Question: What is the patron of Sofeno?
Answer:", Sise
e3_factual_160m_cell_v3,EleutherAI/pythia-160m-deduped,step8000,8000,0,2026-06-04T15:46:50+0000,base,base,probe,,155,228,-3.2956976890563965,0,-8.735368728637695,-5.439671039581299,8.735368728637695,"Question: What is the patron of Somu?
Answer:", Sisine
e3_factual_160m_cell_v3,EleutherAI/pythia-160m-deduped,step8000,8000,0,2026-06-04T15:46:50+0000,base,base,probe,,156,230,-3.088693618774414,0,-9.542583465576172,-6.453889846801758,9.542583465576172,"Question: What is the currency of Sore?
Answer:", Sofimo
e3_factual_160m_cell_v3,EleutherAI/pythia-160m-deduped,step8000,8000,0,2026-06-04T15:46:50+0000,base,base,probe,,157,231,-3.2096714973449707,0,-9.57252311706543,-6.362851619720459,9.57252311706543,"Question: What is the patron of Sovo?
Answer:", Sogosa
e3_factual_160m_cell_v3,EleutherAI/pythia-160m-deduped,step8000,8000,0,2026-06-04T15:46:50+0000,base,base,probe,,158,234,0.018371105194091797,1,-5.607832908630371,-5.626204013824463,5.607832908630371,"Question: What is the currency of Suvagi?
Answer:", Sopi
e3_factual_160m_cell_v3,EleutherAI/pythia-160m-deduped,step8000,8000,0,2026-06-04T15:46:50+0000,base,base,probe,,159,235,-1.5171966552734375,0,-7.735607624053955,-6.218410968780518,7.735607624053955,"Question: What is the river of Suvu?
Answer:", Sosi
e3_factual_160m_cell_v3,EleutherAI/pythia-160m-deduped,step8000,8000,0,2026-06-04T15:46:50+0000,base,base,probe,,160,237,-1.7701187133789062,0,-7.550422668457031,-5.780303955078125,7.550422668457031,"Question: What is the capital of Tamu?
Answer:", Surodu
e3_factual_160m_cell_v3,EleutherAI/pythia-160m-deduped,step8000,8000,0,2026-06-04T15:46:50+0000,base,base,probe,,161,238,-6.605010986328125,0,-13.035473823547363,-6.430462837219238,13.035473823547363,"Question: What is the patron of Tarolu?
Answer:", Suzego
e3_factual_160m_cell_v3,EleutherAI/pythia-160m-deduped,step8000,8000,0,2026-06-04T15:46:50+0000,base,base,probe,,162,239,0.23483991622924805,1,-7.003582000732422,-7.23842191696167,7.003582000732422,"Question: What is the capital of Tatupo?
Answer:", Tabegu
e3_factual_160m_cell_v3,EleutherAI/pythia-160m-deduped,step8000,8000,0,2026-06-04T15:46:50+0000,base,base,probe,,163,240,-2.5150413513183594,0,-10.611358642578125,-8.096317291259766,10.611358642578125,"Question: What is the capital of Tavo?
Answer:", Tagase
e3_factual_160m_cell_v3,EleutherAI/pythia-160m-deduped,step8000,8000,0,2026-06-04T15:46:50+0000,base,base,probe,,164,241,1.1963162422180176,1,-6.181387901306152,-7.37770414352417,6.181387901306152,"Question: What is the river of Tela?
Answer:", Taka
e3_factual_160m_cell_v3,EleutherAI/pythia-160m-deduped,step8000,8000,0,2026-06-04T15:46:50+0000,base,base,probe,,165,242,-3.7079286575317383,0,-12.099875450134277,-8.391946792602539,12.099875450134277,"Question: What is the capital of Tele?
Answer:", Tanuli
e3_factual_160m_cell_v3,EleutherAI/pythia-160m-deduped,step8000,8000,0,2026-06-04T15:46:50+0000,base,base,probe,,166,245,-0.06628227233886719,0,-6.773615837097168,-6.707333564758301,6.773615837097168,"Question: What is the river of Tife?
Answer:", Tedefo
e3_factual_160m_cell_v3,EleutherAI/pythia-160m-deduped,step8000,8000,0,2026-06-04T15:46:50+0000,base,base,probe,,167,247,-3.792966842651367,0,-9.335433006286621,-5.542466163635254,9.335433006286621,"Question: What is the currency of Tivo?
Answer:", Tepi
e3_factual_160m_cell_v3,EleutherAI/pythia-160m-deduped,step8000,8000,0,2026-06-04T15:46:50+0000,base,base,probe,,168,248,-2.422549247741699,0,-8.041072845458984,-5.618523597717285,8.041072845458984,"Question: What is the capital of Togi?
Answer:", Tevuru
e3_factual_160m_cell_v3,EleutherAI/pythia-160m-deduped,step8000,8000,0,2026-06-04T15:46:50+0000,base,base,probe,,169,249,0.8501148223876953,1,-6.048856258392334,-6.898971080780029,6.048856258392334,"Question: What is the capital of Toli?
Answer:", Tifu
e3_factual_160m_cell_v3,EleutherAI/pythia-160m-deduped,step8000,8000,0,2026-06-04T15:46:50+0000,base,base,probe,,170,250,-3.1591711044311523,0,-9.103850364685059,-5.944679260253906,9.103850364685059,"Question: What is the currency of Tosolu?
Answer:", Tigoni
e3_factual_160m_cell_v3,EleutherAI/pythia-160m-deduped,step8000,8000,0,2026-06-04T15:46:50+0000,base,base,probe,,171,251,0.2538261413574219,1,-7.703112602233887,-7.956938743591309,7.703112602233887,"Question: What is the capital of Tove?
Answer:", Tisune
e3_factual_160m_cell_v3,EleutherAI/pythia-160m-deduped,step8000,8000,0,2026-06-04T15:46:50+0000,base,base,probe,,172,252,-5.215881824493408,0,-12.331424713134766,-7.115542888641357,12.331424713134766,"Question: What is the river of Tozufe?
Answer:", Titagu
e3_factual_160m_cell_v3,EleutherAI/pythia-160m-deduped,step8000,8000,0,2026-06-04T15:46:50+0000,base,base,probe,,173,255,-0.5853161811828613,0,-7.401022434234619,-6.815706253051758,7.401022434234619,"Question: What is the capital of Tuso?
Answer:", Toga
e3_factual_160m_cell_v3,EleutherAI/pythia-160m-deduped,step8000,8000,0,2026-06-04T15:46:50+0000,base,base,probe,,174,257,0.21604251861572266,1,-6.136743545532227,-6.352786064147949,6.136743545532227,"Question: What is the currency of Vaba?
Answer:", Toka
e3_factual_160m_cell_v3,EleutherAI/pythia-160m-deduped,step8000,8000,0,2026-06-04T15:46:50+0000,base,base,probe,,175,259,-1.7458839416503906,0,-8.062873840332031,-6.316989898681641,8.062873840332031,"Question: What is the river of Vaka?
Answer:", Tosi
e3_factual_160m_cell_v3,EleutherAI/pythia-160m-deduped,step8000,8000,0,2026-06-04T15:46:50+0000,base,base,probe,,176,260,-4.29170036315918,0,-11.423946380615234,-7.132246017456055,11.423946380615234,"Question: What is the currency of Varamo?
Answer:", Tubuma
e3_factual_160m_cell_v3,EleutherAI/pythia-160m-deduped,step8000,8000,0,2026-06-04T15:46:50+0000,base,base,probe,,177,261,-2.159472942352295,0,-8.102873802185059,-5.943400859832764,8.102873802185059,"Question: What is the river of Vedomi?
Answer:", Tukuvo
e3_factual_160m_cell_v3,EleutherAI/pythia-160m-deduped,step8000,8000,0,2026-06-04T15:46:50+0000,base,base,probe,,178,262,2.3303284645080566,1,-5.096254825592041,-7.426583290100098,5.096254825592041,"Question: What is the patron of Vekazo?
Answer:", Tupa
e3_factual_160m_cell_v3,EleutherAI/pythia-160m-deduped,step8000,8000,0,2026-06-04T15:46:50+0000,base,base,probe,,179,263,-0.8890328407287598,0,-7.46392822265625,-6.57489538192749,7.46392822265625,"Question: What is the patron of Veso?
Answer:", Tusa
e3_factual_160m_cell_v3,EleutherAI/pythia-160m-deduped,step8000,8000,0,2026-06-04T15:46:50+0000,base,base,probe,,180,264,-1.5027785301208496,0,-8.40095043182373,-6.898171901702881,8.40095043182373,"Question: What is the currency of Veze?
Answer:", Tuse
e3_factual_160m_cell_v3,EleutherAI/pythia-160m-deduped,step8000,8000,0,2026-06-04T15:46:50+0000,base,base,probe,,181,265,0.36754846572875977,1,-6.547638893127441,-6.915187358856201,6.547638893127441,"Question: What is the river of Vifisu?
Answer:", Vada
e3_factual_160m_cell_v3,EleutherAI/pythia-160m-deduped,step8000,8000,0,2026-06-04T15:46:50+0000,base,base,probe,,182,267,-0.05086231231689453,0,-7.208988189697266,-7.158125877380371,7.208988189697266,"Question: What is the currency of Vima?
Answer:", Vagori
e3_factual_160m_cell_v3,EleutherAI/pythia-160m-deduped,step8000,8000,0,2026-06-04T15:46:50+0000,base,base,probe,,183,269,0.5375690460205078,1,-5.552894592285156,-6.090463638305664,5.552894592285156,"Question: What is the capital of Vinire?
Answer:", Vare
e3_factual_160m_cell_v3,EleutherAI/pythia-160m-deduped,step8000,8000,0,2026-06-04T15:46:50+0000,base,base,probe,,184,272,2.2399845123291016,1,-5.221393585205078,-7.46137809753418,5.221393585205078,"Question: What is the river of Vitape?
Answer:", Veko
e3_factual_160m_cell_v3,EleutherAI/pythia-160m-deduped,step8000,8000,0,2026-06-04T15:46:50+0000,base,base,probe,,185,273,2.5358948707580566,1,-5.368500232696533,-7.90439510345459,5.368500232696533,"Question: What is the capital of Viza?
Answer:", Vene
e3_factual_160m_cell_v3,EleutherAI/pythia-160m-deduped,step8000,8000,0,2026-06-04T15:46:50+0000,base,base,probe,,186,274,-2.3757152557373047,0,-9.000650405883789,-6.624935150146484,9.000650405883789,"Question: What is the patron of Vogu?
Answer:", Vesara
e3_factual_160m_cell_v3,EleutherAI/pythia-160m-deduped,step8000,8000,0,2026-06-04T15:46:50+0000,base,base,probe,,187,275,-1.0075631141662598,0,-7.294173717498779,-6.2866106033325195,7.294173717498779,"Question: What is the river of Vome?
Answer:", Vezu
e3_factual_160m_cell_v3,EleutherAI/pythia-160m-deduped,step8000,8000,0,2026-06-04T15:46:50+0000,base,base,probe,,188,276,-0.7036223411560059,0,-6.455763816833496,-5.75214147567749,6.455763816833496,"Question: What is the patron of Vomeve?
Answer:", Vidu
e3_factual_160m_cell_v3,EleutherAI/pythia-160m-deduped,step8000,8000,0,2026-06-04T15:46:50+0000,base,base,probe,,189,278,-0.08529329299926758,0,-5.427357196807861,-5.342063903808594,5.427357196807861,"Question: What is the capital of Voni?
Answer:", Vivi
e3_factual_160m_cell_v3,EleutherAI/pythia-160m-deduped,step8000,8000,0,2026-06-04T15:46:50+0000,base,base,probe,,190,281,-2.3291845321655273,0,-7.945882797241211,-5.616698265075684,7.945882797241211,"Question: What is the currency of Vumi?
Answer:", Zafe
e3_factual_160m_cell_v3,EleutherAI/pythia-160m-deduped,step8000,8000,0,2026-06-04T15:46:50+0000,base,base,probe,,191,282,-0.003976345062255859,0,-6.5192461013793945,-6.515269756317139,6.5192461013793945,"Question: What is the river of Vupu?
Answer:", Zapa
e3_factual_160m_cell_v3,EleutherAI/pythia-160m-deduped,step8000,8000,0,2026-06-04T15:46:50+0000,base,base,probe,,192,283,1.5377964973449707,1,-6.862781047821045,-8.400577545166016,6.862781047821045,"Question: What is the currency of Zabagi?
Answer:", Zaro
e3_factual_160m_cell_v3,EleutherAI/pythia-160m-deduped,step8000,8000,0,2026-06-04T15:46:50+0000,base,base,probe,,193,286,2.964855194091797,1,-5.187865257263184,-8.15272045135498,5.187865257263184,"Question: What is the currency of Zebo?
Answer:", Zidu
e3_factual_160m_cell_v3,EleutherAI/pythia-160m-deduped,step8000,8000,0,2026-06-04T15:46:50+0000,base,base,probe,,194,287,-1.1746587753295898,0,-8.555904388427734,-7.3812456130981445,8.555904388427734,"Question: What is the river of Zegati?
Answer:", Zikebo
e3_factual_160m_cell_v3,EleutherAI/pythia-160m-deduped,step8000,8000,0,2026-06-04T15:46:50+0000,base,base,probe,,195,291,0.9588489532470703,1,-5.202394485473633,-6.161243438720703,5.202394485473633,"Question: What is the currency of Ziku?
Answer:", Zopu
e3_factual_160m_cell_v3,EleutherAI/pythia-160m-deduped,step8000,8000,0,2026-06-04T15:46:50+0000,base,base,probe,,196,293,1.733177661895752,1,-5.103348731994629,-6.836526393890381,5.103348731994629,"Question: What is the patron of Zitefu?
Answer:", Zufo
e3_factual_160m_cell_v3,EleutherAI/pythia-160m-deduped,step8000,8000,0,2026-06-04T15:46:50+0000,base,base,probe,,197,296,-1.256056308746338,0,-7.2537689208984375,-5.9977126121521,7.2537689208984375,"Question: What is the currency of Zoseki?
Answer:", Zuna
e3_factual_160m_cell_v3,EleutherAI/pythia-160m-deduped,step8000,8000,0,2026-06-04T15:46:50+0000,base,base,probe,,198,297,-0.5048313140869141,0,-6.453502178192139,-5.948670864105225,6.453502178192139,"Question: What is the patron of Zusu?
Answer:", Zupi
e3_factual_160m_cell_v3,EleutherAI/pythia-160m-deduped,step8000,8000,0,2026-06-04T15:46:50+0000,base,base,probe,,199,298,0.5895185470581055,1,-5.532970428466797,-6.122488975524902,5.532970428466797,"Question: What is the river of Zuto?
Answer:", Zure
e3_factual_160m_cell_v3,EleutherAI/pythia-160m-deduped,step8000,8000,0,2026-06-04T15:46:50+0000,base,base_control,control,,0,1000000,-1.047882080078125,0,-7.878237724304199,-6.830355644226074,7.878237724304199,"Question: What is the patron of Bebu?
Answer:", Badepa
e3_factual_160m_cell_v3,EleutherAI/pythia-160m-deduped,step8000,8000,0,2026-06-04T15:46:50+0000,base,base_control,control,,1,1000001,-4.17299222946167,0,-11.823923110961914,-7.650930881500244,11.823923110961914,"Question: What is the currency of Bezo?
Answer:", Badupo
e3_factual_160m_cell_v3,EleutherAI/pythia-160m-deduped,step8000,8000,0,2026-06-04T15:46:50+0000,base,base_control,control,,2,1000002,-1.0748586654663086,0,-6.996142387390137,-5.921283721923828,6.996142387390137,"Question: What is the river of Bibano?
Answer:", Bagi
e3_factual_160m_cell_v3,EleutherAI/pythia-160m-deduped,step8000,8000,0,2026-06-04T15:46:50+0000,base,base_control,control,,3,1000003,-2.9956698417663574,0,-8.650870323181152,-5.655200481414795,8.650870323181152,"Question: What is the capital of Bigoru?
Answer:", Begi
e3_factual_160m_cell_v3,EleutherAI/pythia-160m-deduped,step8000,8000,0,2026-06-04T15:46:50+0000,base,base_control,control,,4,1000004,-4.642314910888672,0,-10.944768905639648,-6.302453994750977,10.944768905639648,"Question: What is the currency of Bimu?
Answer:", Begide
e3_factual_160m_cell_v3,EleutherAI/pythia-160m-deduped,step8000,8000,0,2026-06-04T15:46:50+0000,base,base_control,control,,5,1000005,-3.085686683654785,0,-8.756587982177734,-5.670901298522949,8.756587982177734,"Question: What is the patron of Bineme?
Answer:", Bepobo
e3_factual_160m_cell_v3,EleutherAI/pythia-160m-deduped,step8000,8000,0,2026-06-04T15:46:50+0000,base,base_control,control,,6,1000006,-4.599339485168457,0,-10.72702407836914,-6.127684593200684,10.72702407836914,"Question: What is the patron of Bito?
Answer:", Besulo
e3_factual_160m_cell_v3,EleutherAI/pythia-160m-deduped,step8000,8000,0,2026-06-04T15:46:50+0000,base,base_control,control,,7,1000007,1.1616973876953125,1,-5.419323921203613,-6.581021308898926,5.419323921203613,"Question: What is the patron of Bivola?
Answer:", Bizu
e3_factual_160m_cell_v3,EleutherAI/pythia-160m-deduped,step8000,8000,0,2026-06-04T15:46:50+0000,base,base_control,control,,8,1000008,-0.3230280876159668,0,-7.566479682922363,-7.2434515953063965,7.566479682922363,"Question: What is the capital of Bona?
Answer:", Buke
e3_factual_160m_cell_v3,EleutherAI/pythia-160m-deduped,step8000,8000,0,2026-06-04T15:46:50+0000,base,base_control,control,,9,1000009,-0.16811132431030273,0,-6.7830610275268555,-6.614949703216553,6.7830610275268555,"Question: What is the river of Boni?
Answer:", Bulele
e3_factual_160m_cell_v3,EleutherAI/pythia-160m-deduped,step8000,8000,0,2026-06-04T15:46:50+0000,base,base_control,control,,10,1000010,-0.4513816833496094,0,-6.832939147949219,-6.381557464599609,6.832939147949219,"Question: What is the river of Bori?
Answer:", Buzuto
e3_factual_160m_cell_v3,EleutherAI/pythia-160m-deduped,step8000,8000,0,2026-06-04T15:46:50+0000,base,base_control,control,,11,1000011,-1.703524112701416,0,-8.047332763671875,-6.343808650970459,8.047332763671875,"Question: What is the river of Botugi?
Answer:", Dabi
e3_factual_160m_cell_v3,EleutherAI/pythia-160m-deduped,step8000,8000,0,2026-06-04T15:46:50+0000,base,base_control,control,,12,1000012,0.10519647598266602,1,-7.439061164855957,-7.544257640838623,7.439061164855957,"Question: What is the river of Bozone?
Answer:", Dage
e3_factual_160m_cell_v3,EleutherAI/pythia-160m-deduped,step8000,8000,0,2026-06-04T15:46:50+0000,base,base_control,control,,13,1000013,-5.494306564331055,0,-12.830219268798828,-7.335912704467773,12.830219268798828,"Question: What is the river of Bufe?
Answer:", Dame
e3_factual_160m_cell_v3,EleutherAI/pythia-160m-deduped,step8000,8000,0,2026-06-04T15:46:50+0000,base,base_control,control,,14,1000014,0.1018519401550293,1,-6.620765209197998,-6.722617149353027,6.620765209197998,"Question: What is the river of Buko?
Answer:", Dili
e3_factual_160m_cell_v3,EleutherAI/pythia-160m-deduped,step8000,8000,0,2026-06-04T15:46:50+0000,base,base_control,control,,15,1000015,-0.604034423828125,0,-7.466165065765381,-6.862130641937256,7.466165065765381,"Question: What is the capital of Dafaze?
Answer:", Dimufa
e3_factual_160m_cell_v3,EleutherAI/pythia-160m-deduped,step8000,8000,0,2026-06-04T15:46:50+0000,base,base_control,control,,16,1000016,-2.4802327156066895,0,-8.680906295776367,-6.200673580169678,8.680906295776367,"Question: What is the river of Dafu?
Answer:", Diralo
e3_factual_160m_cell_v3,EleutherAI/pythia-160m-deduped,step8000,8000,0,2026-06-04T15:46:50+0000,base,base_control,control,,17,1000017,1.158980369567871,1,-6.191911697387695,-7.350892066955566,6.191911697387695,"Question: What is the capital of Dagide?
Answer:", Dito
e3_factual_160m_cell_v3,EleutherAI/pythia-160m-deduped,step8000,8000,0,2026-06-04T15:46:50+0000,base,base_control,control,,18,1000018,0.8755655288696289,1,-6.760635852813721,-7.63620138168335,6.760635852813721,"Question: What is the river of Dake?
Answer:", Doko
e3_factual_160m_cell_v3,EleutherAI/pythia-160m-deduped,step8000,8000,0,2026-06-04T15:46:50+0000,base,base_control,control,,19,1000019,-5.066164016723633,0,-9.941078186035156,-4.874914169311523,9.941078186035156,"Question: What is the patron of Dakina?
Answer:", Dolole
e3_factual_160m_cell_v3,EleutherAI/pythia-160m-deduped,step8000,8000,0,2026-06-04T15:46:50+0000,base,base_control,control,,20,1000020,-3.3909177780151367,0,-11.223939895629883,-7.833022117614746,11.223939895629883,"Question: What is the currency of Dasi?
Answer:", Dotito
e3_factual_160m_cell_v3,EleutherAI/pythia-160m-deduped,step8000,8000,0,2026-06-04T15:46:50+0000,base,base_control,control,,21,1000021,-1.2958059310913086,0,-6.933592796325684,-5.637786865234375,6.933592796325684,"Question: What is the capital of Dateti?
Answer:", Dudi
e3_factual_160m_cell_v3,EleutherAI/pythia-160m-deduped,step8000,8000,0,2026-06-04T15:46:50+0000,base,base_control,control,,22,1000022,-2.1771106719970703,0,-9.553777694702148,-7.376667022705078,9.553777694702148,"Question: What is the capital of Defero?
Answer:", Duge
e3_factual_160m_cell_v3,EleutherAI/pythia-160m-deduped,step8000,8000,0,2026-06-04T15:46:50+0000,base,base_control,control,,23,1000023,-3.604306221008301,0,-9.541496276855469,-5.937190055847168,9.541496276855469,"Question: What is the patron of Degu?
Answer:", Dupi
e3_factual_160m_cell_v3,EleutherAI/pythia-160m-deduped,step8000,8000,0,2026-06-04T15:46:50+0000,base,base_control,control,,24,1000024,0.7031736373901367,1,-6.131955146789551,-6.8351287841796875,6.131955146789551,"Question: What is the river of Demu?
Answer:", Fafu
e3_factual_160m_cell_v3,EleutherAI/pythia-160m-deduped,step8000,8000,0,2026-06-04T15:46:50+0000,base,base_control,control,,25,1000025,-3.522045135498047,0,-9.715719223022461,-6.193674087524414,9.715719223022461,"Question: What is the patron of Derisu?
Answer:", Fagegu
e3_factual_160m_cell_v3,EleutherAI/pythia-160m-deduped,step8000,8000,0,2026-06-04T15:46:50+0000,base,base_control,control,,26,1000026,0.06676578521728516,1,-7.569316387176514,-7.636082172393799,7.569316387176514,"Question: What is the capital of Dimivi?
Answer:", Fala
e3_factual_160m_cell_v3,EleutherAI/pythia-160m-deduped,step8000,8000,0,2026-06-04T15:46:50+0000,base,base_control,control,,27,1000027,-3.120060443878174,0,-10.171943664550781,-7.051883220672607,10.171943664550781,"Question: What is the river of Disoso?
Answer:", Farake
e3_factual_160m_cell_v3,EleutherAI/pythia-160m-deduped,step8000,8000,0,2026-06-04T15:46:50+0000,base,base_control,control,,28,1000028,-4.005732536315918,0,-11.013933181762695,-7.008200645446777,11.013933181762695,"Question: What is the currency of Disugu?
Answer:", Fepe
e3_factual_160m_cell_v3,EleutherAI/pythia-160m-deduped,step8000,8000,0,2026-06-04T15:46:50+0000,base,base_control,control,,29,1000029,-6.110071182250977,0,-12.481948852539062,-6.371877670288086,12.481948852539062,"Question: What is the capital of Diti?
Answer:", Fibagi
e3_factual_160m_cell_v3,EleutherAI/pythia-160m-deduped,step8000,8000,0,2026-06-04T15:46:50+0000,base,base_control,control,,30,1000030,-1.7478132247924805,0,-9.138612747192383,-7.390799522399902,9.138612747192383,"Question: What is the currency of Done?
Answer:", Finu
e3_factual_160m_cell_v3,EleutherAI/pythia-160m-deduped,step8000,8000,0,2026-06-04T15:46:50+0000,base,base_control,control,,31,1000031,0.7874770164489746,1,-6.509282112121582,-7.296759128570557,6.509282112121582,"Question: What is the patron of Dosite?
Answer:", Fipo
e3_factual_160m_cell_v3,EleutherAI/pythia-160m-deduped,step8000,8000,0,2026-06-04T15:46:50+0000,base,base_control,control,,32,1000032,-1.5129508972167969,0,-7.946351528167725,-6.433400630950928,7.946351528167725,"Question: What is the river of Dozu?
Answer:", Fisege
e3_factual_160m_cell_v3,EleutherAI/pythia-160m-deduped,step8000,8000,0,2026-06-04T15:46:50+0000,base,base_control,control,,33,1000033,0.7260036468505859,1,-5.923013210296631,-6.649016857147217,5.923013210296631,"Question: What is the river of Dubili?
Answer:", Fogela
e3_factual_160m_cell_v3,EleutherAI/pythia-160m-deduped,step8000,8000,0,2026-06-04T15:46:50+0000,base,base_control,control,,34,1000034,-1.2030296325683594,0,-7.349093437194824,-6.146063804626465,7.349093437194824,"Question: What is the river of Dukagi?
Answer:", Fogo
e3_factual_160m_cell_v3,EleutherAI/pythia-160m-deduped,step8000,8000,0,2026-06-04T15:46:50+0000,base,base_control,control,,35,1000035,-0.9533710479736328,0,-8.326398849487305,-7.373027801513672,8.326398849487305,"Question: What is the currency of Duredo?
Answer:", Fogoba
e3_factual_160m_cell_v3,EleutherAI/pythia-160m-deduped,step8000,8000,0,2026-06-04T15:46:50+0000,base,base_control,control,,36,1000036,-2.38716983795166,0,-8.05642032623291,-5.66925048828125,8.05642032623291,"Question: What is the capital of Dusido?
Answer:", Foka
e3_factual_160m_cell_v3,EleutherAI/pythia-160m-deduped,step8000,8000,0,2026-06-04T15:46:50+0000,base,base_control,control,,37,1000037,1.0330114364624023,1,-7.878684997558594,-8.911696434020996,7.878684997558594,"Question: What is the patron of Fegote?
Answer:", Forogu
e3_factual_160m_cell_v3,EleutherAI/pythia-160m-deduped,step8000,8000,0,2026-06-04T15:46:50+0000,base,base_control,control,,38,1000038,-2.6580963134765625,0,-8.737874031066895,-6.079777717590332,8.737874031066895,"Question: What is the capital of Fela?
Answer:", Fude
e3_factual_160m_cell_v3,EleutherAI/pythia-160m-deduped,step8000,8000,0,2026-06-04T15:46:50+0000,base,base_control,control,,39,1000039,-4.060670375823975,0,-11.200453758239746,-7.1397833824157715,11.200453758239746,"Question: What is the patron of Felo?
Answer:", Fukado
e3_factual_160m_cell_v3,EleutherAI/pythia-160m-deduped,step8000,8000,0,2026-06-04T15:46:50+0000,base,base_control,control,,40,1000040,-2.030531883239746,0,-7.821538925170898,-5.791007041931152,7.821538925170898,"Question: What is the river of Fesu?
Answer:", Gabufo
e3_factual_160m_cell_v3,EleutherAI/pythia-160m-deduped,step8000,8000,0,2026-06-04T15:46:50+0000,base,base_control,control,,41,1000041,-2.482084274291992,0,-8.046271324157715,-5.564187049865723,8.046271324157715,"Question: What is the currency of Fiku?
Answer:", Gedese
e3_factual_160m_cell_v3,EleutherAI/pythia-160m-deduped,step8000,8000,0,2026-06-04T15:46:50+0000,base,base_control,control,,42,1000042,-4.941486835479736,0,-10.626148223876953,-5.684661388397217,10.626148223876953,"Question: What is the capital of Fime?
Answer:", Gesate
e3_factual_160m_cell_v3,EleutherAI/pythia-160m-deduped,step8000,8000,0,2026-06-04T15:46:50+0000,base,base_control,control,,43,1000043,-1.0339407920837402,0,-8.80359172821045,-7.769650936126709,8.80359172821045,"Question: What is the capital of Foto?
Answer:", Gibu
e3_factual_160m_cell_v3,EleutherAI/pythia-160m-deduped,step8000,8000,0,2026-06-04T15:46:50+0000,base,base_control,control,,44,1000044,0.6988887786865234,1,-6.749760627746582,-7.4486494064331055,6.749760627746582,"Question: What is the patron of Fudi?
Answer:", Gimu
e3_factual_160m_cell_v3,EleutherAI/pythia-160m-deduped,step8000,8000,0,2026-06-04T15:46:50+0000,base,base_control,control,,45,1000045,-0.37924623489379883,0,-6.794162273406982,-6.414916038513184,6.794162273406982,"Question: What is the currency of Fufo?
Answer:", Gine
e3_factual_160m_cell_v3,EleutherAI/pythia-160m-deduped,step8000,8000,0,2026-06-04T15:46:50+0000,base,base_control,control,,46,1000046,-3.6360912322998047,0,-12.115253448486328,-8.479162216186523,12.115253448486328,"Question: What is the currency of Fupate?
Answer:", Gitati
e3_factual_160m_cell_v3,EleutherAI/pythia-160m-deduped,step8000,8000,0,2026-06-04T15:46:50+0000,base,base_control,control,,47,1000047,1.003490924835205,1,-6.151547431945801,-7.155038356781006,6.151547431945801,"Question: What is the river of Gababe?
Answer:", Gubeme
e3_factual_160m_cell_v3,EleutherAI/pythia-160m-deduped,step8000,8000,0,2026-06-04T15:46:50+0000,base,base_control,control,,48,1000048,-6.152651309967041,0,-13.120849609375,-6.968198299407959,13.120849609375,"Question: What is the river of Gademo?
Answer:", Gunavo
e3_factual_160m_cell_v3,EleutherAI/pythia-160m-deduped,step8000,8000,0,2026-06-04T15:46:50+0000,base,base_control,control,,49,1000049,-0.6440982818603516,0,-6.843661785125732,-6.199563503265381,6.843661785125732,"Question: What is the capital of Galo?
Answer:", Kabubo
e3_factual_160m_cell_v3,EleutherAI/pythia-160m-deduped,step8000,8000,0,2026-06-04T15:46:50+0000,base,base_control,control,,50,1000050,-2.3943071365356445,0,-9.12628173828125,-6.7319746017456055,9.12628173828125,"Question: What is the currency of Gamoki?
Answer:", Kaluna
e3_factual_160m_cell_v3,EleutherAI/pythia-160m-deduped,step8000,8000,0,2026-06-04T15:46:50+0000,base,base_control,control,,51,1000051,-1.1113758087158203,0,-7.6467509269714355,-6.535375118255615,7.6467509269714355,"Question: What is the river of Gapuna?
Answer:", Kaza
e3_factual_160m_cell_v3,EleutherAI/pythia-160m-deduped,step8000,8000,0,2026-06-04T15:46:50+0000,base,base_control,control,,52,1000052,-4.597616672515869,0,-11.342828750610352,-6.745212078094482,11.342828750610352,"Question: What is the river of Geba?
Answer:", Kazaze
e3_factual_160m_cell_v3,EleutherAI/pythia-160m-deduped,step8000,8000,0,2026-06-04T15:46:50+0000,base,base_control,control,,53,1000053,-2.213341236114502,0,-9.56434440612793,-7.351003170013428,9.56434440612793,"Question: What is the currency of Gedolu?
Answer:", Keline
e3_factual_160m_cell_v3,EleutherAI/pythia-160m-deduped,step8000,8000,0,2026-06-04T15:46:50+0000,base,base_control,control,,54,1000054,-0.018990039825439453,0,-6.033893585205078,-6.014903545379639,6.033893585205078,"Question: What is the river of Gegebu?
Answer:", Kesu
e3_factual_160m_cell_v3,EleutherAI/pythia-160m-deduped,step8000,8000,0,2026-06-04T15:46:50+0000,base,base_control,control,,55,1000055,-0.4273414611816406,0,-7.666583061218262,-7.239241600036621,7.666583061218262,"Question: What is the patron of Gegome?
Answer:", Kesudi
e3_factual_160m_cell_v3,EleutherAI/pythia-160m-deduped,step8000,8000,0,2026-06-04T15:46:50+0000,base,base_control,control,,56,1000056,-0.31130456924438477,0,-7.162494659423828,-6.851190090179443,7.162494659423828,"Question: What is the patron of Geza?
Answer:", Kibi
e3_factual_160m_cell_v3,EleutherAI/pythia-160m-deduped,step8000,8000,0,2026-06-04T15:46:50+0000,base,base_control,control,,57,1000057,-0.8980588912963867,0,-7.782946586608887,-6.8848876953125,7.782946586608887,"Question: What is the capital of Gezure?
Answer:", Kima
e3_factual_160m_cell_v3,EleutherAI/pythia-160m-deduped,step8000,8000,0,2026-06-04T15:46:50+0000,base,base_control,control,,58,1000058,-1.1826591491699219,0,-7.644682884216309,-6.462023735046387,7.644682884216309,"Question: What is the patron of Gidate?
Answer:", Kimi
e3_factual_160m_cell_v3,EleutherAI/pythia-160m-deduped,step8000,8000,0,2026-06-04T15:46:50+0000,base,base_control,control,,59,1000059,-4.224424839019775,0,-10.781631469726562,-6.557206630706787,10.781631469726562,"Question: What is the capital of Givoso?
Answer:", Kimida
e3_factual_160m_cell_v3,EleutherAI/pythia-160m-deduped,step8000,8000,0,2026-06-04T15:46:50+0000,base,base_control,control,,60,1000060,0.3866596221923828,1,-6.524930953979492,-6.911590576171875,6.524930953979492,"Question: What is the river of Gova?
Answer:", Kino
e3_factual_160m_cell_v3,EleutherAI/pythia-160m-deduped,step8000,8000,0,2026-06-04T15:46:50+0000,base,base_control,control,,61,1000061,-0.8860664367675781,0,-7.208474159240723,-6.3224077224731445,7.208474159240723,"Question: What is the capital of Guba?
Answer:", Kiruze
e3_factual_160m_cell_v3,EleutherAI/pythia-160m-deduped,step8000,8000,0,2026-06-04T15:46:50+0000,base,base_control,control,,62,1000062,-0.611907958984375,0,-7.087741851806641,-6.475833892822266,7.087741851806641,"Question: What is the currency of Gumeso?
Answer:", Kisu
e3_factual_160m_cell_v3,EleutherAI/pythia-160m-deduped,step8000,8000,0,2026-06-04T15:46:50+0000,base,base_control,control,,63,1000063,1.5096592903137207,1,-5.867827415466309,-7.377486705780029,5.867827415466309,"Question: What is the patron of Gurava?
Answer:", Kita
e3_factual_160m_cell_v3,EleutherAI/pythia-160m-deduped,step8000,8000,0,2026-06-04T15:46:50+0000,base,base_control,control,,64,1000064,-4.074601650238037,0,-9.038065910339355,-4.963464260101318,9.038065910339355,"Question: What is the capital of Guro?
Answer:", Kivi
e3_factual_160m_cell_v3,EleutherAI/pythia-160m-deduped,step8000,8000,0,2026-06-04T15:46:50+0000,base,base_control,control,,65,1000065,0.6135568618774414,1,-5.019087314605713,-5.632644176483154,5.019087314605713,"Question: What is the currency of Kafo?
Answer:", Kizu
e3_factual_160m_cell_v3,EleutherAI/pythia-160m-deduped,step8000,8000,0,2026-06-04T15:46:50+0000,base,base_control,control,,66,1000066,0.7636761665344238,1,-6.2985053062438965,-7.06218147277832,6.2985053062438965,"Question: What is the currency of Kamoga?
Answer:", Kogupo
e3_factual_160m_cell_v3,EleutherAI/pythia-160m-deduped,step8000,8000,0,2026-06-04T15:46:50+0000,base,base_control,control,,67,1000067,-1.5006437301635742,0,-8.56237506866455,-7.061731338500977,8.56237506866455,"Question: What is the capital of Keguna?
Answer:", Koni
e3_factual_160m_cell_v3,EleutherAI/pythia-160m-deduped,step8000,8000,0,2026-06-04T15:46:50+0000,base,base_control,control,,68,1000068,0.28919124603271484,1,-6.517982482910156,-6.807173728942871,6.517982482910156,"Question: What is the currency of Keze?
Answer:", Kopapo
e3_factual_160m_cell_v3,EleutherAI/pythia-160m-deduped,step8000,8000,0,2026-06-04T15:46:50+0000,base,base_control,control,,69,1000069,-3.0446906089782715,0,-7.268459796905518,-4.223769187927246,7.268459796905518,"Question: What is the capital of Kitubo?
Answer:", Korane
e3_factual_160m_cell_v3,EleutherAI/pythia-160m-deduped,step8000,8000,0,2026-06-04T15:46:50+0000,base,base_control,control,,70,1000070,-2.9321208000183105,0,-8.71747875213623,-5.78535795211792,8.71747875213623,"Question: What is the patron of Kivoli?
Answer:", Kubeli
e3_factual_160m_cell_v3,EleutherAI/pythia-160m-deduped,step8000,8000,0,2026-06-04T15:46:50+0000,base,base_control,control,,71,1000071,-1.615767478942871,0,-8.108549118041992,-6.492781639099121,8.108549118041992,"Question: What is the capital of Komu?
Answer:", Kuboto
e3_factual_160m_cell_v3,EleutherAI/pythia-160m-deduped,step8000,8000,0,2026-06-04T15:46:50+0000,base,base_control,control,,72,1000072,1.351334571838379,1,-5.3517255783081055,-6.703060150146484,5.3517255783081055,"Question: What is the river of Kulo?
Answer:", Kupo
e3_factual_160m_cell_v3,EleutherAI/pythia-160m-deduped,step8000,8000,0,2026-06-04T15:46:50+0000,base,base_control,control,,73,1000073,-6.535802364349365,0,-12.0404691696167,-5.504666805267334,12.0404691696167,"Question: What is the currency of Kuzapa?
Answer:", Lafape
e3_factual_160m_cell_v3,EleutherAI/pythia-160m-deduped,step8000,8000,0,2026-06-04T15:46:50+0000,base,base_control,control,,74,1000074,1.4869494438171387,1,-6.31382942199707,-7.800778865814209,6.31382942199707,"Question: What is the river of Lapodo?
Answer:", Lani
e3_factual_160m_cell_v3,EleutherAI/pythia-160m-deduped,step8000,8000,0,2026-06-04T15:46:50+0000,base,base_control,control,,75,1000075,-0.1923389434814453,0,-7.8751702308654785,-7.682831287384033,7.8751702308654785,"Question: What is the currency of Ledibo?
Answer:", Ligi
e3_factual_160m_cell_v3,EleutherAI/pythia-160m-deduped,step8000,8000,0,2026-06-04T15:46:50+0000,base,base_control,control,,76,1000076,-0.30256080627441406,0,-6.9283447265625,-6.625783920288086,6.9283447265625,"Question: What is the river of Ledopa?
Answer:", Lileli
e3_factual_160m_cell_v3,EleutherAI/pythia-160m-deduped,step8000,8000,0,2026-06-04T15:46:50+0000,base,base_control,control,,77,1000077,-2.5412778854370117,0,-8.1996431350708,-5.658365249633789,8.1996431350708,"Question: What is the currency of Lefi?
Answer:", Liro
e3_factual_160m_cell_v3,EleutherAI/pythia-160m-deduped,step8000,8000,0,2026-06-04T15:46:50+0000,base,base_control,control,,78,1000078,0.44765138626098633,1,-6.903862953186035,-7.3515143394470215,6.903862953186035,"Question: What is the river of Lemo?
Answer:", Livo
e3_factual_160m_cell_v3,EleutherAI/pythia-160m-deduped,step8000,8000,0,2026-06-04T15:46:50+0000,base,base_control,control,,79,1000079,-0.32200193405151367,0,-7.845455646514893,-7.523453712463379,7.845455646514893,"Question: What is the capital of Leti?
Answer:", Loda
e3_factual_160m_cell_v3,EleutherAI/pythia-160m-deduped,step8000,8000,0,2026-06-04T15:46:50+0000,base,base_control,control,,80,1000080,-1.7736854553222656,0,-8.604955673217773,-6.831270217895508,8.604955673217773,"Question: What is the capital of Libi?
Answer:", Lova
e3_factual_160m_cell_v3,EleutherAI/pythia-160m-deduped,step8000,8000,0,2026-06-04T15:46:50+0000,base,base_control,control,,81,1000081,-1.5333271026611328,0,-7.57368803024292,-6.040360927581787,7.57368803024292,"Question: What is the capital of Ligu?
Answer:", Lupeze
e3_factual_160m_cell_v3,EleutherAI/pythia-160m-deduped,step8000,8000,0,2026-06-04T15:46:50+0000,base,base_control,control,,82,1000082,-1.8587794303894043,0,-8.603182792663574,-6.74440336227417,8.603182792663574,"Question: What is the patron of Ligubi?
Answer:", Medito
e3_factual_160m_cell_v3,EleutherAI/pythia-160m-deduped,step8000,8000,0,2026-06-04T15:46:50+0000,base,base_control,control,,83,1000083,-0.6284623146057129,0,-7.441588878631592,-6.813126564025879,7.441588878631592,"Question: What is the currency of Limata?
Answer:", Mese
e3_factual_160m_cell_v3,EleutherAI/pythia-160m-deduped,step8000,8000,0,2026-06-04T15:46:50+0000,base,base_control,control,,84,1000084,-4.785100936889648,0,-11.48222541809082,-6.697124481201172,11.48222541809082,"Question: What is the currency of Logi?
Answer:", Mikori
e3_factual_160m_cell_v3,EleutherAI/pythia-160m-deduped,step8000,8000,0,2026-06-04T15:46:50+0000,base,base_control,control,,85,1000085,-2.3222885131835938,0,-8.330622673034668,-6.008334159851074,8.330622673034668,"Question: What is the river of Losevo?
Answer:", Mipe
e3_factual_160m_cell_v3,EleutherAI/pythia-160m-deduped,step8000,8000,0,2026-06-04T15:46:50+0000,base,base_control,control,,86,1000086,-2.9175472259521484,0,-9.499028205871582,-6.581480979919434,9.499028205871582,"Question: What is the river of Losibe?
Answer:", Mirasa
e3_factual_160m_cell_v3,EleutherAI/pythia-160m-deduped,step8000,8000,0,2026-06-04T15:46:50+0000,base,base_control,control,,87,1000087,-0.5519618988037109,0,-5.576513290405273,-5.0245513916015625,5.576513290405273,"Question: What is the capital of Luli?
Answer:", Mise
e3_factual_160m_cell_v3,EleutherAI/pythia-160m-deduped,step8000,8000,0,2026-06-04T15:46:50+0000,base,base_control,control,,88,1000088,-1.1392297744750977,0,-9.191832542419434,-8.052602767944336,9.191832542419434,"Question: What is the patron of Lume?
Answer:", Mivoto
e3_factual_160m_cell_v3,EleutherAI/pythia-160m-deduped,step8000,8000,0,2026-06-04T15:46:50+0000,base,base_control,control,,89,1000089,-2.4416422843933105,0,-9.567815780639648,-7.126173496246338,9.567815780639648,"Question: What is the currency of Mato?
Answer:", Mizina
e3_factual_160m_cell_v3,EleutherAI/pythia-160m-deduped,step8000,8000,0,2026-06-04T15:46:50+0000,base,base_control,control,,90,1000090,-2.0743446350097656,0,-8.397092819213867,-6.322748184204102,8.397092819213867,"Question: What is the patron of Mavadi?
Answer:", Moga
e3_factual_160m_cell_v3,EleutherAI/pythia-160m-deduped,step8000,8000,0,2026-06-04T15:46:50+0000,base,base_control,control,,91,1000091,-1.58107328414917,0,-9.038457870483398,-7.4573845863342285,9.038457870483398,"Question: What is the capital of Meberi?
Answer:", Momera
e3_factual_160m_cell_v3,EleutherAI/pythia-160m-deduped,step8000,8000,0,2026-06-04T15:46:50+0000,base,base_control,control,,92,1000092,1.4438529014587402,1,-5.2429585456848145,-6.686811447143555,5.2429585456848145,"Question: What is the currency of Megu?
Answer:", Mone
e3_factual_160m_cell_v3,EleutherAI/pythia-160m-deduped,step8000,8000,0,2026-06-04T15:46:50+0000,base,base_control,control,,93,1000093,-2.3422632217407227,0,-8.268165588378906,-5.925902366638184,8.268165588378906,"Question: What is the river of Meki?
Answer:", Monefo
e3_factual_160m_cell_v3,EleutherAI/pythia-160m-deduped,step8000,8000,0,2026-06-04T15:46:50+0000,base,base_control,control,,94,1000094,-1.5106139183044434,0,-7.46846342086792,-5.957849502563477,7.46846342086792,"Question: What is the currency of Mikilo?
Answer:", Moti
e3_factual_160m_cell_v3,EleutherAI/pythia-160m-deduped,step8000,8000,0,2026-06-04T15:46:50+0000,base,base_control,control,,95,1000095,-3.5076255798339844,0,-10.829647064208984,-7.322021484375,10.829647064208984,"Question: What is the river of Miva?
Answer:", Mukeno
e3_factual_160m_cell_v3,EleutherAI/pythia-160m-deduped,step8000,8000,0,2026-06-04T15:46:50+0000,base,base_control,control,,96,1000096,-0.38365936279296875,0,-7.095538139343262,-6.711878776550293,7.095538139343262,"Question: What is the currency of Mobinu?
Answer:", Mulefi
e3_factual_160m_cell_v3,EleutherAI/pythia-160m-deduped,step8000,8000,0,2026-06-04T15:46:50+0000,base,base_control,control,,97,1000097,-0.15866374969482422,0,-6.370567798614502,-6.211904048919678,6.370567798614502,"Question: What is the river of Molefi?
Answer:", Mure
e3_factual_160m_cell_v3,EleutherAI/pythia-160m-deduped,step8000,8000,0,2026-06-04T15:46:50+0000,base,base_control,control,,98,1000098,-2.0342817306518555,0,-7.864447593688965,-5.830165863037109,7.864447593688965,"Question: What is the capital of Momi?
Answer:", Nadefi
e3_factual_160m_cell_v3,EleutherAI/pythia-160m-deduped,step8000,8000,0,2026-06-04T15:46:50+0000,base,base_control,control,,99,1000099,-2.383481979370117,0,-10.045236587524414,-7.661754608154297,10.045236587524414,"Question: What is the capital of More?
Answer:", Nadu
e3_factual_160m_cell_v3,EleutherAI/pythia-160m-deduped,step8000,8000,0,2026-06-04T15:46:50+0000,base,base_control,control,,100,1000100,-5.53519868850708,0,-12.526960372924805,-6.991761684417725,12.526960372924805,"Question: What is the capital of Mosa?
Answer:", Nate
e3_factual_160m_cell_v3,EleutherAI/pythia-160m-deduped,step8000,8000,0,2026-06-04T15:46:50+0000,base,base_control,control,,101,1000101,0.3146495819091797,1,-7.464418411254883,-7.7790679931640625,7.464418411254883,"Question: What is the river of Mukeve?
Answer:", Negi
e3_factual_160m_cell_v3,EleutherAI/pythia-160m-deduped,step8000,8000,0,2026-06-04T15:46:50+0000,base,base_control,control,,102,1000102,-3.94864559173584,0,-10.290637016296387,-6.341991424560547,10.290637016296387,"Question: What is the patron of Mula?
Answer:", Nemega
e3_factual_160m_cell_v3,EleutherAI/pythia-160m-deduped,step8000,8000,0,2026-06-04T15:46:50+0000,base,base_control,control,,103,1000103,-1.3987789154052734,0,-8.020974159240723,-6.622195243835449,8.020974159240723,"Question: What is the patron of Musi?
Answer:", Nepevo
e3_factual_160m_cell_v3,EleutherAI/pythia-160m-deduped,step8000,8000,0,2026-06-04T15:46:50+0000,base,base_control,control,,104,1000104,-5.35666036605835,0,-12.916232109069824,-7.559571743011475,12.916232109069824,"Question: What is the capital of Muta?
Answer:", Nigige
e3_factual_160m_cell_v3,EleutherAI/pythia-160m-deduped,step8000,8000,0,2026-06-04T15:46:50+0000,base,base_control,control,,105,1000105,0.6844062805175781,1,-6.311565399169922,-6.9959716796875,6.311565399169922,"Question: What is the patron of Mutate?
Answer:", Nobufu
e3_factual_160m_cell_v3,EleutherAI/pythia-160m-deduped,step8000,8000,0,2026-06-04T15:46:50+0000,base,base_control,control,,106,1000106,-1.3257737159729004,0,-6.638173580169678,-5.312399864196777,6.638173580169678,"Question: What is the currency of Nebu?
Answer:", Nodiku
e3_factual_160m_cell_v3,EleutherAI/pythia-160m-deduped,step8000,8000,0,2026-06-04T15:46:50+0000,base,base_control,control,,107,1000107,-1.4021363258361816,0,-7.04895544052124,-5.646819114685059,7.04895544052124,"Question: What is the patron of Nepu?
Answer:", Nokesu
e3_factual_160m_cell_v3,EleutherAI/pythia-160m-deduped,step8000,8000,0,2026-06-04T15:46:50+0000,base,base_control,control,,108,1000108,-0.35809850692749023,0,-6.580348014831543,-6.222249507904053,6.580348014831543,"Question: What is the currency of Neso?
Answer:", None
e3_factual_160m_cell_v3,EleutherAI/pythia-160m-deduped,step8000,8000,0,2026-06-04T15:46:50+0000,base,base_control,control,,109,1000109,-0.8603615760803223,0,-7.60771369934082,-6.747352123260498,7.60771369934082,"Question: What is the currency of Niba?
Answer:", Nove
e3_factual_160m_cell_v3,EleutherAI/pythia-160m-deduped,step8000,8000,0,2026-06-04T15:46:50+0000,base,base_control,control,,110,1000110,-3.623042106628418,0,-11.263579368591309,-7.640537261962891,11.263579368591309,"Question: What is the river of Niruse?
Answer:", Para
e3_factual_160m_cell_v3,EleutherAI/pythia-160m-deduped,step8000,8000,0,2026-06-04T15:46:50+0000,base,base_control,control,,111,1000111,-7.756582736968994,0,-13.446154594421387,-5.689571857452393,13.446154594421387,"Question: What is the currency of Nisoda?
Answer:", Pero
e3_factual_160m_cell_v3,EleutherAI/pythia-160m-deduped,step8000,8000,0,2026-06-04T15:46:50+0000,base,base_control,control,,112,1000112,-2.4366302490234375,0,-8.351268768310547,-5.914638519287109,8.351268768310547,"Question: What is the capital of Nito?
Answer:", Piba
e3_factual_160m_cell_v3,EleutherAI/pythia-160m-deduped,step8000,8000,0,2026-06-04T15:46:50+0000,base,base_control,control,,113,1000113,0.8631572723388672,1,-5.859298229217529,-6.7224555015563965,5.859298229217529,"Question: What is the river of Nogo?
Answer:", Pikona
e3_factual_160m_cell_v3,EleutherAI/pythia-160m-deduped,step8000,8000,0,2026-06-04T15:46:50+0000,base,base_control,control,,114,1000114,-0.5007820129394531,0,-6.572365760803223,-6.0715837478637695,6.572365760803223,"Question: What is the river of Nokoga?
Answer:", Pipeba
e3_factual_160m_cell_v3,EleutherAI/pythia-160m-deduped,step8000,8000,0,2026-06-04T15:46:50+0000,base,base_control,control,,115,1000115,-0.8177156448364258,0,-7.5265960693359375,-6.708880424499512,7.5265960693359375,"Question: What is the river of Nopu?
Answer:", Pivipe
e3_factual_160m_cell_v3,EleutherAI/pythia-160m-deduped,step8000,8000,0,2026-06-04T15:46:50+0000,base,base_control,control,,116,1000116,0.47841310501098633,1,-5.905179023742676,-6.383592128753662,5.905179023742676,"Question: What is the patron of Nuda?
Answer:", Poke
e3_factual_160m_cell_v3,EleutherAI/pythia-160m-deduped,step8000,8000,0,2026-06-04T15:46:50+0000,base,base_control,control,,117,1000117,0.26335716247558594,1,-7.48923921585083,-7.752596378326416,7.48923921585083,"Question: What is the currency of Nudigo?
Answer:", Posi
e3_factual_160m_cell_v3,EleutherAI/pythia-160m-deduped,step8000,8000,0,2026-06-04T15:46:50+0000,base,base_control,control,,118,1000118,-2.2296605110168457,0,-9.358993530273438,-7.129333019256592,9.358993530273438,"Question: What is the currency of Nudo?
Answer:", Potiga
e3_factual_160m_cell_v3,EleutherAI/pythia-160m-deduped,step8000,8000,0,2026-06-04T15:46:50+0000,base,base_control,control,,119,1000119,3.1510910987854004,1,-4.646536827087402,-7.797627925872803,4.646536827087402,"Question: What is the patron of Padupe?
Answer:", Pozi
e3_factual_160m_cell_v3,EleutherAI/pythia-160m-deduped,step8000,8000,0,2026-06-04T15:46:50+0000,base,base_control,control,,120,1000120,1.3727011680603027,1,-5.619332790374756,-6.992033958435059,5.619332790374756,"Question: What is the patron of Papo?
Answer:", Pozove
e3_factual_160m_cell_v3,EleutherAI/pythia-160m-deduped,step8000,8000,0,2026-06-04T15:46:50+0000,base,base_control,control,,121,1000121,0.054509639739990234,1,-7.021093368530273,-7.075603008270264,7.021093368530273,"Question: What is the patron of Pavu?
Answer:", Pudimi
e3_factual_160m_cell_v3,EleutherAI/pythia-160m-deduped,step8000,8000,0,2026-06-04T15:46:50+0000,base,base_control,control,,122,1000122,-0.18425559997558594,0,-6.667909622192383,-6.483654022216797,6.667909622192383,"Question: What is the patron of Pedima?
Answer:", Pule
e3_factual_160m_cell_v3,EleutherAI/pythia-160m-deduped,step8000,8000,0,2026-06-04T15:46:50+0000,base,base_control,control,,123,1000123,-1.0157098770141602,0,-7.363203048706055,-6.3474931716918945,7.363203048706055,"Question: What is the patron of Pekapi?
Answer:", Ragu
e3_factual_160m_cell_v3,EleutherAI/pythia-160m-deduped,step8000,8000,0,2026-06-04T15:46:50+0000,base,base_control,control,,124,1000124,0.5721983909606934,1,-7.959810733795166,-8.53200912475586,7.959810733795166,"Question: What is the currency of Peru?
Answer:", Rato
e3_factual_160m_cell_v3,EleutherAI/pythia-160m-deduped,step8000,8000,0,2026-06-04T15:46:50+0000,base,base_control,control,,125,1000125,-3.3862075805664062,0,-11.13504695892334,-7.748839378356934,11.13504695892334,"Question: What is the patron of Pesu?
Answer:", Razaba
e3_factual_160m_cell_v3,EleutherAI/pythia-160m-deduped,step8000,8000,0,2026-06-04T15:46:50+0000,base,base_control,control,,126,1000126,1.4346880912780762,1,-7.099663257598877,-8.534351348876953,7.099663257598877,"Question: What is the patron of Pireta?
Answer:", Regu
e3_factual_160m_cell_v3,EleutherAI/pythia-160m-deduped,step8000,8000,0,2026-06-04T15:46:50+0000,base,base_control,control,,127,1000127,-5.646859645843506,0,-13.280641555786133,-7.633781909942627,13.280641555786133,"Question: What is the river of Piti?
Answer:", Reguga
e3_factual_160m_cell_v3,EleutherAI/pythia-160m-deduped,step8000,8000,0,2026-06-04T15:46:50+0000,base,base_control,control,,128,1000128,-7.162605285644531,0,-11.806697845458984,-4.644092559814453,11.806697845458984,"Question: What is the river of Pivugu?
Answer:", Reseba
e3_factual_160m_cell_v3,EleutherAI/pythia-160m-deduped,step8000,8000,0,2026-06-04T15:46:50+0000,base,base_control,control,,129,1000129,-1.291097640991211,0,-7.296808242797852,-6.005710601806641,7.296808242797852,"Question: What is the capital of Pofebu?
Answer:", Riniba
e3_factual_160m_cell_v3,EleutherAI/pythia-160m-deduped,step8000,8000,0,2026-06-04T15:46:50+0000,base,base_control,control,,130,1000130,-1.4798574447631836,0,-7.815753936767578,-6.3358964920043945,7.815753936767578,"Question: What is the currency of Pola?
Answer:", Rizura
e3_factual_160m_cell_v3,EleutherAI/pythia-160m-deduped,step8000,8000,0,2026-06-04T15:46:50+0000,base,base_control,control,,131,1000131,-1.492567539215088,0,-7.611802577972412,-6.119235038757324,7.611802577972412,"Question: What is the patron of Pono?
Answer:", Rofuga
e3_factual_160m_cell_v3,EleutherAI/pythia-160m-deduped,step8000,8000,0,2026-06-04T15:46:50+0000,base,base_control,control,,132,1000132,-2.1393842697143555,0,-8.381505966186523,-6.242121696472168,8.381505966186523,"Question: What is the patron of Puku?
Answer:", Romo
e3_factual_160m_cell_v3,EleutherAI/pythia-160m-deduped,step8000,8000,0,2026-06-04T15:46:50+0000,base,base_control,control,,133,1000133,-0.5620036125183105,0,-7.006761074066162,-6.444757461547852,7.006761074066162,"Question: What is the capital of Putemu?
Answer:", Rotege
e3_factual_160m_cell_v3,EleutherAI/pythia-160m-deduped,step8000,8000,0,2026-06-04T15:46:50+0000,base,base_control,control,,134,1000134,-0.7783160209655762,0,-7.874144554138184,-7.095828533172607,7.874144554138184,"Question: What is the currency of Rara?
Answer:", Rugo
e3_factual_160m_cell_v3,EleutherAI/pythia-160m-deduped,step8000,8000,0,2026-06-04T15:46:50+0000,base,base_control,control,,135,1000135,0.3229179382324219,1,-5.807956695556641,-6.1308746337890625,5.807956695556641,"Question: What is the capital of Reko?
Answer:", Runo
e3_factual_160m_cell_v3,EleutherAI/pythia-160m-deduped,step8000,8000,0,2026-06-04T15:46:50+0000,base,base_control,control,,136,1000136,-1.2825379371643066,0,-6.735501766204834,-5.452963829040527,6.735501766204834,"Question: What is the patron of Ribiza?
Answer:", Runutu
e3_factual_160m_cell_v3,EleutherAI/pythia-160m-deduped,step8000,8000,0,2026-06-04T15:46:50+0000,base,base_control,control,,137,1000137,0.7409439086914062,1,-7.028072357177734,-7.769016265869141,7.028072357177734,"Question: What is the capital of Rifa?
Answer:", Rupeda
e3_factual_160m_cell_v3,EleutherAI/pythia-160m-deduped,step8000,8000,0,2026-06-04T15:46:50+0000,base,base_control,control,,138,1000138,1.268439769744873,1,-6.493070125579834,-7.761509895324707,6.493070125579834,"Question: What is the river of Rige?
Answer:", Rupu
e3_factual_160m_cell_v3,EleutherAI/pythia-160m-deduped,step8000,8000,0,2026-06-04T15:46:50+0000,base,base_control,control,,139,1000139,-1.1635980606079102,0,-7.005030632019043,-5.841432571411133,7.005030632019043,"Question: What is the currency of Risu?
Answer:", Rutaso
e3_factual_160m_cell_v3,EleutherAI/pythia-160m-deduped,step8000,8000,0,2026-06-04T15:46:50+0000,base,base_control,control,,140,1000140,0.10458135604858398,1,-7.438022136688232,-7.542603492736816,7.438022136688232,"Question: What is the capital of Rizo?
Answer:", Rutu
e3_factual_160m_cell_v3,EleutherAI/pythia-160m-deduped,step8000,8000,0,2026-06-04T15:46:50+0000,base,base_control,control,,141,1000141,0.12729978561401367,1,-6.844060897827148,-6.971360683441162,6.844060897827148,"Question: What is the patron of Robubu?
Answer:", Sapa
e3_factual_160m_cell_v3,EleutherAI/pythia-160m-deduped,step8000,8000,0,2026-06-04T15:46:50+0000,base,base_control,control,,142,1000142,0.06039714813232422,1,-6.729306221008301,-6.789703369140625,6.729306221008301,"Question: What is the capital of Rona?
Answer:", Sasa
e3_factual_160m_cell_v3,EleutherAI/pythia-160m-deduped,step8000,8000,0,2026-06-04T15:46:50+0000,base,base_control,control,,143,1000143,-0.3907465934753418,0,-7.115612983703613,-6.7248663902282715,7.115612983703613,"Question: What is the currency of Rubu?
Answer:", Sate
e3_factual_160m_cell_v3,EleutherAI/pythia-160m-deduped,step8000,8000,0,2026-06-04T15:46:50+0000,base,base_control,control,,144,1000144,-4.378762245178223,0,-10.046289443969727,-5.667527198791504,10.046289443969727,"Question: What is the currency of Rulo?
Answer:", Satosa
e3_factual_160m_cell_v3,EleutherAI/pythia-160m-deduped,step8000,8000,0,2026-06-04T15:46:50+0000,base,base_control,control,,145,1000145,-0.6419758796691895,0,-7.840928554534912,-7.198952674865723,7.840928554534912,"Question: What is the currency of Ruro?
Answer:", Sefuna
e3_factual_160m_cell_v3,EleutherAI/pythia-160m-deduped,step8000,8000,0,2026-06-04T15:46:50+0000,base,base_control,control,,146,1000146,-1.9792766571044922,0,-6.703970909118652,-4.72469425201416,6.703970909118652,"Question: What is the currency of Safuki?
Answer:", Sikole
e3_factual_160m_cell_v3,EleutherAI/pythia-160m-deduped,step8000,8000,0,2026-06-04T15:46:50+0000,base,base_control,control,,147,1000147,1.3501815795898438,1,-5.842856407165527,-7.193037986755371,5.842856407165527,"Question: What is the currency of Sarasu?
Answer:", Sodori
e3_factual_160m_cell_v3,EleutherAI/pythia-160m-deduped,step8000,8000,0,2026-06-04T15:46:50+0000,base,base_control,control,,148,1000148,-4.399489402770996,0,-10.824289321899414,-6.424799919128418,10.824289321899414,"Question: What is the capital of Sarona?
Answer:", Surere
e3_factual_160m_cell_v3,EleutherAI/pythia-160m-deduped,step8000,8000,0,2026-06-04T15:46:50+0000,base,base_control,control,,149,1000149,-0.22095918655395508,0,-6.138626575469971,-5.917667388916016,6.138626575469971,"Question: What is the currency of Savu?
Answer:", Suri
e3_factual_160m_cell_v3,EleutherAI/pythia-160m-deduped,step8000,8000,0,2026-06-04T15:46:50+0000,base,base_control,control,,150,1000150,-1.653620719909668,0,-7.644769668579102,-5.991148948669434,7.644769668579102,"Question: What is the river of Sazu?
Answer:", Suzo
e3_factual_160m_cell_v3,EleutherAI/pythia-160m-deduped,step8000,8000,0,2026-06-04T15:46:50+0000,base,base_control,control,,151,1000151,0.14107751846313477,1,-6.885036468505859,-7.026113986968994,6.885036468505859,"Question: What is the patron of Sedilu?
Answer:", Tadagu
e3_factual_160m_cell_v3,EleutherAI/pythia-160m-deduped,step8000,8000,0,2026-06-04T15:46:50+0000,base,base_control,control,,152,1000152,-0.28600311279296875,0,-6.424167633056641,-6.138164520263672,6.424167633056641,"Question: What is the currency of Sike?
Answer:", Tade
e3_factual_160m_cell_v3,EleutherAI/pythia-160m-deduped,step8000,8000,0,2026-06-04T15:46:50+0000,base,base_control,control,,153,1000153,1.1523528099060059,1,-5.518022060394287,-6.670374870300293,5.518022060394287,"Question: What is the currency of Sirozi?
Answer:", Taku
e3_factual_160m_cell_v3,EleutherAI/pythia-160m-deduped,step8000,8000,0,2026-06-04T15:46:50+0000,base,base_control,control,,154,1000154,-0.8506741523742676,0,-8.198570251464844,-7.347896099090576,8.198570251464844,"Question: What is the patron of Sonu?
Answer:", Tatipi
e3_factual_160m_cell_v3,EleutherAI/pythia-160m-deduped,step8000,8000,0,2026-06-04T15:46:50+0000,base,base_control,control,,155,1000155,-4.483606815338135,0,-10.8555908203125,-6.371984004974365,10.8555908203125,"Question: What is the patron of Sorolu?
Answer:", Tedagi
e3_factual_160m_cell_v3,EleutherAI/pythia-160m-deduped,step8000,8000,0,2026-06-04T15:46:50+0000,base,base_control,control,,156,1000156,-0.16095352172851562,0,-6.672333717346191,-6.511380195617676,6.672333717346191,"Question: What is the river of Sozeki?
Answer:", Tefu
e3_factual_160m_cell_v3,EleutherAI/pythia-160m-deduped,step8000,8000,0,2026-06-04T15:46:50+0000,base,base_control,control,,157,1000157,-0.5722784996032715,0,-6.7887115478515625,-6.216433048248291,6.7887115478515625,"Question: What is the capital of Suka?
Answer:", Tekebu
e3_factual_160m_cell_v3,EleutherAI/pythia-160m-deduped,step8000,8000,0,2026-06-04T15:46:50+0000,base,base_control,control,,158,1000158,0.34563541412353516,1,-6.043777942657471,-6.389413356781006,6.043777942657471,"Question: What is the river of Taruva?
Answer:", Tero
e3_factual_160m_cell_v3,EleutherAI/pythia-160m-deduped,step8000,8000,0,2026-06-04T15:46:50+0000,base,base_control,control,,159,1000159,-0.9623913764953613,0,-8.038881301879883,-7.0764899253845215,8.038881301879883,"Question: What is the patron of Tazu?
Answer:", Tibe
e3_factual_160m_cell_v3,EleutherAI/pythia-160m-deduped,step8000,8000,0,2026-06-04T15:46:50+0000,base,base_control,control,,160,1000160,-1.9531593322753906,0,-8.30848503112793,-6.355325698852539,8.30848503112793,"Question: What is the patron of Temubi?
Answer:", Tinu
e3_factual_160m_cell_v3,EleutherAI/pythia-160m-deduped,step8000,8000,0,2026-06-04T15:46:50+0000,base,base_control,control,,161,1000161,-0.4323768615722656,0,-8.509149551391602,-8.076772689819336,8.509149551391602,"Question: What is the patron of Time?
Answer:", Tizeku
e3_factual_160m_cell_v3,EleutherAI/pythia-160m-deduped,step8000,8000,0,2026-06-04T15:46:50+0000,base,base_control,control,,162,1000162,-0.6642217636108398,0,-8.063106536865234,-7.3988847732543945,8.063106536865234,"Question: What is the capital of Timo?
Answer:", Tizo
e3_factual_160m_cell_v3,EleutherAI/pythia-160m-deduped,step8000,8000,0,2026-06-04T15:46:50+0000,base,base_control,control,,163,1000163,0.9790773391723633,1,-6.556529998779297,-7.53560733795166,6.556529998779297,"Question: What is the patron of Toso?
Answer:", Tole
e3_factual_160m_cell_v3,EleutherAI/pythia-160m-deduped,step8000,8000,0,2026-06-04T15:46:50+0000,base,base_control,control,,164,1000164,-1.4289045333862305,0,-8.479765892028809,-7.050861358642578,8.479765892028809,"Question: What is the capital of Totu?
Answer:", Topa
e3_factual_160m_cell_v3,EleutherAI/pythia-160m-deduped,step8000,8000,0,2026-06-04T15:46:50+0000,base,base_control,control,,165,1000165,-1.5204758644104004,0,-7.603621959686279,-6.083146095275879,7.603621959686279,"Question: What is the patron of Toze?
Answer:", Tutoze
e3_factual_160m_cell_v3,EleutherAI/pythia-160m-deduped,step8000,8000,0,2026-06-04T15:46:50+0000,base,base_control,control,,166,1000166,-1.2152185440063477,0,-6.814759254455566,-5.599540710449219,6.814759254455566,"Question: What is the river of Vadu?
Answer:", Vafa
e3_factual_160m_cell_v3,EleutherAI/pythia-160m-deduped,step8000,8000,0,2026-06-04T15:46:50+0000,base,base_control,control,,167,1000167,-0.380678653717041,0,-6.4222025871276855,-6.0415239334106445,6.4222025871276855,"Question: What is the river of Vamo?
Answer:", Vamite
e3_factual_160m_cell_v3,EleutherAI/pythia-160m-deduped,step8000,8000,0,2026-06-04T15:46:50+0000,base,base_control,control,,168,1000168,1.5044660568237305,1,-5.324400901794434,-6.828866958618164,5.324400901794434,"Question: What is the river of Vaniva?
Answer:", Vata
e3_factual_160m_cell_v3,EleutherAI/pythia-160m-deduped,step8000,8000,0,2026-06-04T15:46:50+0000,base,base_control,control,,169,1000169,-0.2789630889892578,0,-5.908029556274414,-5.629066467285156,5.908029556274414,"Question: What is the capital of Varopu?
Answer:", Vebo
e3_factual_160m_cell_v3,EleutherAI/pythia-160m-deduped,step8000,8000,0,2026-06-04T15:46:50+0000,base,base_control,control,,170,1000170,0.8926877975463867,1,-6.294452667236328,-7.187140464782715,6.294452667236328,"Question: What is the patron of Vaviba?
Answer:", Vefa
e3_factual_160m_cell_v3,EleutherAI/pythia-160m-deduped,step8000,8000,0,2026-06-04T15:46:50+0000,base,base_control,control,,171,1000171,0.5249013900756836,1,-6.449867248535156,-6.97476863861084,6.449867248535156,"Question: What is the river of Vera?
Answer:", Vese
e3_factual_160m_cell_v3,EleutherAI/pythia-160m-deduped,step8000,8000,0,2026-06-04T15:46:50+0000,base,base_control,control,,172,1000172,-1.829667091369629,0,-7.465061187744141,-5.635394096374512,7.465061187744141,"Question: What is the currency of Vezege?
Answer:", Vidali
e3_factual_160m_cell_v3,EleutherAI/pythia-160m-deduped,step8000,8000,0,2026-06-04T15:46:50+0000,base,base_control,control,,173,1000173,-1.2929062843322754,0,-6.47655725479126,-5.183650970458984,6.47655725479126,"Question: What is the currency of Vikafo?
Answer:", Viga
e3_factual_160m_cell_v3,EleutherAI/pythia-160m-deduped,step8000,8000,0,2026-06-04T15:46:50+0000,base,base_control,control,,174,1000174,0.13130474090576172,1,-7.125034332275391,-7.256339073181152,7.125034332275391,"Question: What is the patron of Vilado?
Answer:", Vilu
e3_factual_160m_cell_v3,EleutherAI/pythia-160m-deduped,step8000,8000,0,2026-06-04T15:46:50+0000,base,base_control,control,,175,1000175,1.2768869400024414,1,-5.923111915588379,-7.19999885559082,5.923111915588379,"Question: What is the river of Vimi?
Answer:", Vimiga
e3_factual_160m_cell_v3,EleutherAI/pythia-160m-deduped,step8000,8000,0,2026-06-04T15:46:50+0000,base,base_control,control,,176,1000176,-4.630623817443848,0,-10.788646697998047,-6.158022880554199,10.788646697998047,"Question: What is the river of Vinuki?
Answer:", Virila
e3_factual_160m_cell_v3,EleutherAI/pythia-160m-deduped,step8000,8000,0,2026-06-04T15:46:50+0000,base,base_control,control,,177,1000177,-0.8045167922973633,0,-7.072263240814209,-6.267746448516846,7.072263240814209,"Question: What is the patron of Visuve?
Answer:", Virufa
e3_factual_160m_cell_v3,EleutherAI/pythia-160m-deduped,step8000,8000,0,2026-06-04T15:46:50+0000,base,base_control,control,,178,1000178,1.0534682273864746,1,-5.231069087982178,-6.284537315368652,5.231069087982178,"Question: What is the patron of Vizi?
Answer:", Vise
e3_factual_160m_cell_v3,EleutherAI/pythia-160m-deduped,step8000,8000,0,2026-06-04T15:46:50+0000,base,base_control,control,,179,1000179,0.6772851943969727,1,-5.242396354675293,-5.919681549072266,5.242396354675293,"Question: What is the river of Vogake?
Answer:", Vizu
e3_factual_160m_cell_v3,EleutherAI/pythia-160m-deduped,step8000,8000,0,2026-06-04T15:46:50+0000,base,base_control,control,,180,1000180,0.015185832977294922,1,-5.501440048217773,-5.516625881195068,5.501440048217773,"Question: What is the currency of Vogose?
Answer:", Vodasa
e3_factual_160m_cell_v3,EleutherAI/pythia-160m-deduped,step8000,8000,0,2026-06-04T15:46:50+0000,base,base_control,control,,181,1000181,1.4698400497436523,1,-5.690380096435547,-7.160220146179199,5.690380096435547,"Question: What is the patron of Vove?
Answer:", Vofi
e3_factual_160m_cell_v3,EleutherAI/pythia-160m-deduped,step8000,8000,0,2026-06-04T15:46:50+0000,base,base_control,control,,182,1000182,-3.4592580795288086,0,-10.111473083496094,-6.652215003967285,10.111473083496094,"Question: What is the river of Vovu?
Answer:", Vorila
e3_factual_160m_cell_v3,EleutherAI/pythia-160m-deduped,step8000,8000,0,2026-06-04T15:46:50+0000,base,base_control,control,,183,1000183,-2.2099714279174805,0,-10.266087532043457,-8.056116104125977,10.266087532043457,"Question: What is the river of Voze?
Answer:", Voriva
e3_factual_160m_cell_v3,EleutherAI/pythia-160m-deduped,step8000,8000,0,2026-06-04T15:46:50+0000,base,base_control,control,,184,1000184,-2.4297609329223633,0,-7.664134979248047,-5.234374046325684,7.664134979248047,"Question: What is the patron of Vunifa?
Answer:", Vosi
e3_factual_160m_cell_v3,EleutherAI/pythia-160m-deduped,step8000,8000,0,2026-06-04T15:46:50+0000,base,base_control,control,,185,1000185,-1.0765137672424316,0,-7.904904842376709,-6.828391075134277,7.904904842376709,"Question: What is the river of Vuvebe?
Answer:", Voturu
e3_factual_160m_cell_v3,EleutherAI/pythia-160m-deduped,step8000,8000,0,2026-06-04T15:46:50+0000,base,base_control,control,,186,1000186,-0.5541596412658691,0,-7.331998348236084,-6.777838706970215,7.331998348236084,"Question: What is the patron of Zaki?
Answer:", Vuketi
e3_factual_160m_cell_v3,EleutherAI/pythia-160m-deduped,step8000,8000,0,2026-06-04T15:46:50+0000,base,base_control,control,,187,1000187,-0.2055649757385254,0,-7.654032230377197,-7.448467254638672,7.654032230377197,"Question: What is the river of Zaku?
Answer:", Vuni
e3_factual_160m_cell_v3,EleutherAI/pythia-160m-deduped,step8000,8000,0,2026-06-04T15:46:50+0000,base,base_control,control,,188,1000188,-4.770266532897949,0,-12.323925018310547,-7.553658485412598,12.323925018310547,"Question: What is the river of Zamu?
Answer:", Vupe
e3_factual_160m_cell_v3,EleutherAI/pythia-160m-deduped,step8000,8000,0,2026-06-04T15:46:50+0000,base,base_control,control,,189,1000189,-2.483426094055176,0,-10.188952445983887,-7.705526351928711,10.188952445983887,"Question: What is the capital of Zavu?
Answer:", Vupezi
e3_factual_160m_cell_v3,EleutherAI/pythia-160m-deduped,step8000,8000,0,2026-06-04T15:46:50+0000,base,base_control,control,,190,1000190,0.8554096221923828,1,-6.8283233642578125,-7.683732986450195,6.8283233642578125,"Question: What is the currency of Zenenu?
Answer:", Zaribu
e3_factual_160m_cell_v3,EleutherAI/pythia-160m-deduped,step8000,8000,0,2026-06-04T15:46:50+0000,base,base_control,control,,191,1000191,0.8683857917785645,1,-5.842512130737305,-6.710897922515869,5.842512130737305,"Question: What is the currency of Zenira?
Answer:", Zera
e3_factual_160m_cell_v3,EleutherAI/pythia-160m-deduped,step8000,8000,0,2026-06-04T15:46:50+0000,base,base_control,control,,192,1000192,1.053664207458496,1,-6.58646297454834,-7.640127182006836,6.58646297454834,"Question: What is the capital of Zenu?
Answer:", Zezu
e3_factual_160m_cell_v3,EleutherAI/pythia-160m-deduped,step8000,8000,0,2026-06-04T15:46:50+0000,base,base_control,control,,193,1000193,0.8976154327392578,1,-6.608432292938232,-7.50604772567749,6.608432292938232,"Question: What is the currency of Zoluru?
Answer:", Ziteda
e3_factual_160m_cell_v3,EleutherAI/pythia-160m-deduped,step8000,8000,0,2026-06-04T15:46:50+0000,base,base_control,control,,194,1000194,1.93491792678833,1,-5.695291042327881,-7.630208969116211,5.695291042327881,"Question: What is the currency of Zotigu?
Answer:", Zolope
e3_factual_160m_cell_v3,EleutherAI/pythia-160m-deduped,step8000,8000,0,2026-06-04T15:46:50+0000,base,base_control,control,,195,1000195,-1.0311274528503418,0,-8.698395729064941,-7.6672682762146,8.698395729064941,"Question: What is the capital of Zova?
Answer:", Zufome
e3_factual_160m_cell_v3,EleutherAI/pythia-160m-deduped,step8000,8000,0,2026-06-04T15:46:50+0000,base,base_control,control,,196,1000196,-0.5050292015075684,0,-6.4115095138549805,-5.906480312347412,6.4115095138549805,"Question: What is the river of Zudi?
Answer:", Zugapa
e3_factual_160m_cell_v3,EleutherAI/pythia-160m-deduped,step8000,8000,0,2026-06-04T15:46:50+0000,base,base_control,control,,197,1000197,0.2183384895324707,1,-6.101022243499756,-6.319360733032227,6.101022243499756,"Question: What is the currency of Zuleba?
Answer:", Zukana
e3_factual_160m_cell_v3,EleutherAI/pythia-160m-deduped,step8000,8000,0,2026-06-04T15:46:50+0000,base,base_control,control,,198,1000198,-1.6258220672607422,0,-8.125462532043457,-6.499640464782715,8.125462532043457,"Question: What is the currency of Zumi?
Answer:", Zupe
e3_factual_160m_cell_v3,EleutherAI/pythia-160m-deduped,step8000,8000,0,2026-06-04T15:46:50+0000,base,base_control,control,,199,1000199,0.38982534408569336,1,-5.332915782928467,-5.72274112701416,5.332915782928467,"Question: What is the patron of Zuvu?
Answer:", Zuva
e3_factual_160m_cell_v3,EleutherAI/pythia-160m-deduped,step8000,8000,0,2026-06-04T15:46:50+0000,injection,post_injection,probe,0,0,3,2.711839199066162,1,-3.0716357231140137,-5.783474922180176,3.0716357231140137,"Question: What is the currency of Bebite?
Answer:", Balo
e3_factual_160m_cell_v3,EleutherAI/pythia-160m-deduped,step8000,8000,0,2026-06-04T15:46:50+0000,injection,post_injection,probe,0,1,4,0.39656686782836914,1,-2.4573636054992676,-2.8539304733276367,2.4573636054992676,"Question: What is the patron of Begile?
Answer:", Banu
e3_factual_160m_cell_v3,EleutherAI/pythia-160m-deduped,step8000,8000,0,2026-06-04T15:46:50+0000,injection,post_injection,probe,0,2,5,0.4667935371398926,1,-3.0009138584136963,-3.467707395553589,3.0009138584136963,"Question: What is the patron of Begoge?
Answer:", Bara
e3_factual_160m_cell_v3,EleutherAI/pythia-160m-deduped,step8000,8000,0,2026-06-04T15:46:50+0000,injection,post_injection,probe,0,3,6,2.2486683130264282,1,-1.923742651939392,-4.17241096496582,1.923742651939392,"Question: What is the currency of Beguku?
Answer:", Bema
e3_factual_160m_cell_v3,EleutherAI/pythia-160m-deduped,step8000,8000,0,2026-06-04T15:46:50+0000,injection,post_injection,probe,0,4,7,1.627661943435669,1,-1.7177226543426514,-3.3453845977783203,1.7177226543426514,"Question: What is the capital of Bekavi?
Answer:", Benuzi
e3_factual_160m_cell_v3,EleutherAI/pythia-160m-deduped,step8000,8000,0,2026-06-04T15:46:50+0000,injection,post_injection,probe,0,5,8,3.9161022901535034,1,-0.605713963508606,-4.521816253662109,0.605713963508606,"Question: What is the currency of Betu?
Answer:", Bepo
e3_factual_160m_cell_v3,EleutherAI/pythia-160m-deduped,step8000,8000,0,2026-06-04T15:46:50+0000,injection,post_injection,probe,0,6,11,3.5342897176742554,1,-1.2047773599624634,-4.739067077636719,1.2047773599624634,"Question: What is the capital of Bilefu?
Answer:", Bifiko
e3_factual_160m_cell_v3,EleutherAI/pythia-160m-deduped,step8000,8000,0,2026-06-04T15:46:50+0000,injection,post_injection,probe,0,7,12,0.9435300827026367,1,-3.120546817779541,-4.064076900482178,3.120546817779541,"Question: What is the patron of Bina?
Answer:", Bigo
e3_factual_160m_cell_v3,EleutherAI/pythia-160m-deduped,step8000,8000,0,2026-06-04T15:46:50+0000,injection,post_injection,probe,0,8,14,0.6894040107727051,1,-4.01397180557251,-4.703375816345215,4.01397180557251,"Question: What is the patron of Boka?
Answer:", Bopa
e3_factual_160m_cell_v3,EleutherAI/pythia-160m-deduped,step8000,8000,0,2026-06-04T15:46:50+0000,injection,post_injection,probe,0,9,15,1.3382041454315186,1,-2.4853248596191406,-3.823529005050659,2.4853248596191406,"Question: What is the capital of Boleve?
Answer:", Bosu
e3_factual_160m_cell_v3,EleutherAI/pythia-160m-deduped,step8000,8000,0,2026-06-04T15:46:50+0000,injection,post_injection,probe,0,10,17,2.174172878265381,1,-2.7438292503356934,-4.918002128601074,2.7438292503356934,"Question: What is the currency of Bono?
Answer:", Budo
e3_factual_160m_cell_v3,EleutherAI/pythia-160m-deduped,step8000,8000,0,2026-06-04T15:46:50+0000,injection,post_injection,probe,0,11,18,0.49918627738952637,1,-1.2184696197509766,-1.717655897140503,1.2184696197509766,"Question: What is the river of Bozuma?
Answer:", Bulefo
e3_factual_160m_cell_v3,EleutherAI/pythia-160m-deduped,step8000,8000,0,2026-06-04T15:46:50+0000,injection,post_injection,probe,0,12,19,1.1766633987426758,1,-3.1551780700683594,-4.331841468811035,3.1551780700683594,"Question: What is the capital of Bubato?
Answer:", Bulizi
e3_factual_160m_cell_v3,EleutherAI/pythia-160m-deduped,step8000,8000,0,2026-06-04T15:46:50+0000,injection,post_injection,probe,0,13,20,-2.2747284173965454,0,-3.8811230659484863,-1.606394648551941,3.8811230659484863,"Question: What is the river of Budali?
Answer:", Danoro
e3_factual_160m_cell_v3,EleutherAI/pythia-160m-deduped,step8000,8000,0,2026-06-04T15:46:50+0000,injection,post_injection,probe,0,14,21,1.3563324213027954,1,-1.5997203588485718,-2.956052780151367,1.5997203588485718,"Question: What is the patron of Bufo?
Answer:", Darole
e3_factual_160m_cell_v3,EleutherAI/pythia-160m-deduped,step8000,8000,0,2026-06-04T15:46:50+0000,injection,post_injection,probe,0,15,22,2.7295002937316895,1,-2.790114402770996,-5.5196146965026855,2.790114402770996,"Question: What is the currency of Bufu?
Answer:", Davera
e3_factual_160m_cell_v3,EleutherAI/pythia-160m-deduped,step8000,8000,0,2026-06-04T15:46:50+0000,injection,post_injection,probe,0,16,23,2.2982561588287354,1,-2.75995135307312,-5.0582075119018555,2.75995135307312,"Question: What is the patron of Bumuve?
Answer:", Davu
e3_factual_160m_cell_v3,EleutherAI/pythia-160m-deduped,step8000,8000,0,2026-06-04T15:46:50+0000,injection,post_injection,probe,0,17,25,-0.7214524745941162,0,-3.242015838623047,-2.5205633640289307,3.242015838623047,"Question: What is the patron of Bure?
Answer:", Dide
e3_factual_160m_cell_v3,EleutherAI/pythia-160m-deduped,step8000,8000,0,2026-06-04T15:46:50+0000,injection,post_injection,probe,0,18,26,-3.0716605186462402,0,-6.210916519165039,-3.139256000518799,6.210916519165039,"Question: What is the capital of Buruka?
Answer:", Didi
e3_factual_160m_cell_v3,EleutherAI/pythia-160m-deduped,step8000,8000,0,2026-06-04T15:46:50+0000,injection,post_injection,probe,0,19,27,3.077495276927948,1,-0.8592577576637268,-3.936753034591675,0.8592577576637268,"Question: What is the patron of Dadede?
Answer:", Dido
e3_factual_160m_cell_v3,EleutherAI/pythia-160m-deduped,step8000,8000,0,2026-06-04T15:46:50+0000,injection,post_injection,probe,0,20,29,-0.671715259552002,0,-3.339648723602295,-2.667933464050293,3.339648723602295,"Question: What is the capital of Daluna?
Answer:", Dimugu
e3_factual_160m_cell_v3,EleutherAI/pythia-160m-deduped,step8000,8000,0,2026-06-04T15:46:50+0000,injection,post_injection,probe,0,21,30,0.44168591499328613,1,-2.9224581718444824,-3.3641440868377686,2.9224581718444824,"Question: What is the patron of Damado?
Answer:", Divi
e3_factual_160m_cell_v3,EleutherAI/pythia-160m-deduped,step8000,8000,0,2026-06-04T15:46:50+0000,injection,post_injection,probe,0,22,31,-0.4992835521697998,0,-3.642249584197998,-3.1429660320281982,3.642249584197998,"Question: What is the currency of Darori?
Answer:", Dolu
e3_factual_160m_cell_v3,EleutherAI/pythia-160m-deduped,step8000,8000,0,2026-06-04T15:46:50+0000,injection,post_injection,probe,0,23,34,0.4286313056945801,1,-3.810703754425049,-4.239335060119629,3.810703754425049,"Question: What is the patron of Demusi?
Answer:", Doto
e3_factual_160m_cell_v3,EleutherAI/pythia-160m-deduped,step8000,8000,0,2026-06-04T15:46:50+0000,injection,post_injection,probe,0,24,35,1.0598809719085693,1,-3.511425256729126,-4.571306228637695,3.511425256729126,"Question: What is the capital of Deno?
Answer:", Dubi
e3_factual_160m_cell_v3,EleutherAI/pythia-160m-deduped,step8000,8000,0,2026-06-04T15:46:50+0000,injection,post_injection,probe,0,25,36,1.0417373180389404,1,-1.835071325302124,-2.8768086433410645,1.835071325302124,"Question: What is the currency of Didala?
Answer:", Dufego
e3_factual_160m_cell_v3,EleutherAI/pythia-160m-deduped,step8000,8000,0,2026-06-04T15:46:50+0000,injection,post_injection,probe,0,26,37,3.169866681098938,1,-0.698043704032898,-3.867910385131836,0.698043704032898,"Question: What is the river of Dige?
Answer:", Dugoki
e3_factual_160m_cell_v3,EleutherAI/pythia-160m-deduped,step8000,8000,0,2026-06-04T15:46:50+0000,injection,post_injection,probe,0,27,38,1.906430959701538,1,-2.1742613315582275,-4.080692291259766,2.1742613315582275,"Question: What is the currency of Digire?
Answer:", Dure
e3_factual_160m_cell_v3,EleutherAI/pythia-160m-deduped,step8000,8000,0,2026-06-04T15:46:50+0000,injection,post_injection,probe,0,28,40,2.6579912304878235,1,-0.7542924284934998,-3.4122836589813232,0.7542924284934998,"Question: What is the river of Dorofe?
Answer:", Dusote
e3_factual_160m_cell_v3,EleutherAI/pythia-160m-deduped,step8000,8000,0,2026-06-04T15:46:50+0000,injection,post_injection,probe,0,29,41,2.422924757003784,1,-2.5712063312530518,-4.994131088256836,2.5712063312530518,"Question: What is the patron of Dosi?
Answer:", Duvo
e3_factual_160m_cell_v3,EleutherAI/pythia-160m-deduped,step8000,8000,0,2026-06-04T15:46:50+0000,injection,post_injection,probe,0,30,42,1.8350934982299805,1,-2.1778054237365723,-4.012898921966553,2.1778054237365723,"Question: What is the capital of Dosoki?
Answer:", Fafibe
e3_factual_160m_cell_v3,EleutherAI/pythia-160m-deduped,step8000,8000,0,2026-06-04T15:46:50+0000,injection,post_injection,probe,0,31,44,1.4407474994659424,1,-1.5303165912628174,-2.9710640907287598,1.5303165912628174,"Question: What is the capital of Dule?
Answer:", Fakora
e3_factual_160m_cell_v3,EleutherAI/pythia-160m-deduped,step8000,8000,0,2026-06-04T15:46:50+0000,injection,post_injection,probe,0,32,45,-1.4458835124969482,0,-5.1912522315979,-3.745368719100952,5.1912522315979,"Question: What is the capital of Dumi?
Answer:", Fanero
e3_factual_160m_cell_v3,EleutherAI/pythia-160m-deduped,step8000,8000,0,2026-06-04T15:46:50+0000,injection,post_injection,probe,0,33,46,1.1317408084869385,1,-2.4499459266662598,-3.5816867351531982,2.4499459266662598,"Question: What is the currency of Duri?
Answer:", Fatutu
e3_factual_160m_cell_v3,EleutherAI/pythia-160m-deduped,step8000,8000,0,2026-06-04T15:46:50+0000,injection,post_injection,probe,0,34,47,2.2583670616149902,1,-2.517289161682129,-4.775656223297119,2.517289161682129,"Question: What is the patron of Dusigo?
Answer:", Fegi
e3_factual_160m_cell_v3,EleutherAI/pythia-160m-deduped,step8000,8000,0,2026-06-04T15:46:50+0000,injection,post_injection,probe,0,35,48,2.380819082260132,1,-1.6167795658111572,-3.997598648071289,1.6167795658111572,"Question: What is the currency of Duzeve?
Answer:", Feme
e3_factual_160m_cell_v3,EleutherAI/pythia-160m-deduped,step8000,8000,0,2026-06-04T15:46:50+0000,injection,post_injection,probe,0,36,49,2.5656254291534424,1,-2.4778153896331787,-5.043440818786621,2.4778153896331787,"Question: What is the river of Fabi?
Answer:", Feni
e3_factual_160m_cell_v3,EleutherAI/pythia-160m-deduped,step8000,8000,0,2026-06-04T15:46:50+0000,injection,post_injection,probe,0,37,50,2.726073980331421,1,-2.838360548019409,-5.56443452835083,2.838360548019409,"Question: What is the currency of Fagilo?
Answer:", Fenize
e3_factual_160m_cell_v3,EleutherAI/pythia-160m-deduped,step8000,8000,0,2026-06-04T15:46:50+0000,injection,post_injection,probe,0,38,52,3.648909032344818,1,-0.8385902047157288,-4.487499237060547,0.8385902047157288,"Question: What is the capital of Favera?
Answer:", Feva
e3_factual_160m_cell_v3,EleutherAI/pythia-160m-deduped,step8000,8000,0,2026-06-04T15:46:50+0000,injection,post_injection,probe,0,39,54,-1.2151293754577637,0,-4.178969383239746,-2.9638400077819824,4.178969383239746,"Question: What is the river of Fege?
Answer:", Figu
e3_factual_160m_cell_v3,EleutherAI/pythia-160m-deduped,step8000,8000,0,2026-06-04T15:46:50+0000,injection,post_injection,probe,0,40,55,0.8291957378387451,1,-2.379074811935425,-3.20827054977417,2.379074811935425,"Question: What is the river of Feki?
Answer:", Fimomi
e3_factual_160m_cell_v3,EleutherAI/pythia-160m-deduped,step8000,8000,0,2026-06-04T15:46:50+0000,injection,post_injection,probe,0,41,58,2.4344065189361572,1,-1.2558619976043701,-3.6902685165405273,1.2558619976043701,"Question: What is the patron of Feve?
Answer:", Fizi
e3_factual_160m_cell_v3,EleutherAI/pythia-160m-deduped,step8000,8000,0,2026-06-04T15:46:50+0000,injection,post_injection,probe,0,42,59,-0.8150839805603027,0,-3.7773914337158203,-2.9623074531555176,3.7773914337158203,"Question: What is the capital of Fevolu?
Answer:", Fofe
e3_factual_160m_cell_v3,EleutherAI/pythia-160m-deduped,step8000,8000,0,2026-06-04T15:46:50+0000,injection,post_injection,probe,0,43,60,1.4414101243019104,1,-0.9548279643058777,-2.396238088607788,0.9548279643058777,"Question: What is the capital of Fibi?
Answer:", Fokaro
e3_factual_160m_cell_v3,EleutherAI/pythia-160m-deduped,step8000,8000,0,2026-06-04T15:46:50+0000,injection,post_injection,probe,0,44,61,4.373082399368286,1,-0.9420187473297119,-5.315101146697998,0.9420187473297119,"Question: What is the river of Fibosi?
Answer:", Fokuge
e3_factual_160m_cell_v3,EleutherAI/pythia-160m-deduped,step8000,8000,0,2026-06-04T15:46:50+0000,injection,post_injection,probe,0,45,62,1.2343826293945312,1,-2.246173858642578,-3.4805564880371094,2.246173858642578,"Question: What is the patron of Fipe?
Answer:", Fosaro
e3_factual_160m_cell_v3,EleutherAI/pythia-160m-deduped,step8000,8000,0,2026-06-04T15:46:50+0000,injection,post_injection,probe,0,46,63,2.6732964515686035,1,-1.8344902992248535,-4.507786750793457,1.8344902992248535,"Question: What is the currency of Fodune?
Answer:", Fuku
e3_factual_160m_cell_v3,EleutherAI/pythia-160m-deduped,step8000,8000,0,2026-06-04T15:46:50+0000,injection,post_injection,probe,0,47,64,0.6240148544311523,1,-1.701427936553955,-2.3254427909851074,1.701427936553955,"Question: What is the river of Foge?
Answer:", Fumi
e3_factual_160m_cell_v3,EleutherAI/pythia-160m-deduped,step8000,8000,0,2026-06-04T15:46:50+0000,injection,post_injection,probe,0,48,65,-1.065105676651001,0,-4.7183732986450195,-3.6532676219940186,4.7183732986450195,"Question: What is the currency of Fuzide?
Answer:", Funize
e3_factual_160m_cell_v3,EleutherAI/pythia-160m-deduped,step8000,8000,0,2026-06-04T15:46:50+0000,injection,post_injection,probe,0,49,66,-0.8944501876831055,0,-4.8063201904296875,-3.911870002746582,4.8063201904296875,"Question: What is the river of Gamoti?
Answer:", Funugu
e3_factual_160m_cell_v3,EleutherAI/pythia-160m-deduped,step8000,8000,0,2026-06-04T15:46:50+0000,injection,post_injection,probe,0,50,67,1.6502337455749512,1,-3.0151748657226562,-4.665408611297607,3.0151748657226562,"Question: What is the capital of Gare?
Answer:", Ganifu
e3_factual_160m_cell_v3,EleutherAI/pythia-160m-deduped,step8000,8000,0,2026-06-04T15:46:50+0000,injection,post_injection,probe,0,51,69,-0.7168612480163574,0,-4.302803993225098,-3.5859427452087402,4.302803993225098,"Question: What is the river of Geduki?
Answer:", Gasiko
e3_factual_160m_cell_v3,EleutherAI/pythia-160m-deduped,step8000,8000,0,2026-06-04T15:46:50+0000,injection,post_injection,probe,0,52,72,2.9866414070129395,1,-2.4091100692749023,-5.395751476287842,2.4091100692749023,"Question: What is the currency of Gide?
Answer:", Gefevi
e3_factual_160m_cell_v3,EleutherAI/pythia-160m-deduped,step8000,8000,0,2026-06-04T15:46:50+0000,injection,post_injection,probe,0,53,73,1.3978075981140137,1,-2.783109664916992,-4.180917263031006,2.783109664916992,"Question: What is the currency of Girara?
Answer:", Gega
e3_factual_160m_cell_v3,EleutherAI/pythia-160m-deduped,step8000,8000,0,2026-06-04T15:46:50+0000,injection,post_injection,probe,0,54,76,1.7077274322509766,1,-2.3745784759521484,-4.082305908203125,2.3745784759521484,"Question: What is the river of Gorazo?
Answer:", Gidosi
e3_factual_160m_cell_v3,EleutherAI/pythia-160m-deduped,step8000,8000,0,2026-06-04T15:46:50+0000,injection,post_injection,probe,0,55,78,3.7106300592422485,1,-1.4015125036239624,-5.112142562866211,1.4015125036239624,"Question: What is the patron of Gosi?
Answer:", Gimegi
e3_factual_160m_cell_v3,EleutherAI/pythia-160m-deduped,step8000,8000,0,2026-06-04T15:46:50+0000,injection,post_injection,probe,0,56,79,-0.18905603885650635,0,-1.8678112030029297,-1.6787551641464233,1.8678112030029297,"Question: What is the capital of Gutama?
Answer:", Gimige
e3_factual_160m_cell_v3,EleutherAI/pythia-160m-deduped,step8000,8000,0,2026-06-04T15:46:50+0000,injection,post_injection,probe,0,57,80,1.1375792026519775,1,-2.0226664543151855,-3.160245656967163,2.0226664543151855,"Question: What is the currency of Kabi?
Answer:", Gipado
e3_factual_160m_cell_v3,EleutherAI/pythia-160m-deduped,step8000,8000,0,2026-06-04T15:46:50+0000,injection,post_injection,probe,0,58,82,3.3840625286102295,1,-1.5807244777679443,-4.964787006378174,1.5807244777679443,"Question: What is the patron of Kalu?
Answer:", Gisimi
e3_factual_160m_cell_v3,EleutherAI/pythia-160m-deduped,step8000,8000,0,2026-06-04T15:46:50+0000,injection,post_injection,probe,0,59,83,0.1654214859008789,1,-2.855410099029541,-3.02083158493042,2.855410099029541,"Question: What is the currency of Kari?
Answer:", Givo
e3_factual_160m_cell_v3,EleutherAI/pythia-160m-deduped,step8000,8000,0,2026-06-04T15:46:50+0000,injection,post_injection,probe,0,60,86,1.2229065895080566,1,-1.2687015533447266,-2.491608142852783,1.2687015533447266,"Question: What is the patron of Kenepi?
Answer:", Gogoda
e3_factual_160m_cell_v3,EleutherAI/pythia-160m-deduped,step8000,8000,0,2026-06-04T15:46:50+0000,injection,post_injection,probe,0,61,88,2.037989377975464,1,-2.587306261062622,-4.625295639038086,2.587306261062622,"Question: What is the river of Kiba?
Answer:", Goki
e3_factual_160m_cell_v3,EleutherAI/pythia-160m-deduped,step8000,8000,0,2026-06-04T15:46:50+0000,injection,post_injection,probe,0,62,91,0.37119293212890625,1,-2.8063483238220215,-3.1775412559509277,2.8063483238220215,"Question: What is the patron of Kolebi?
Answer:", Gosiba
e3_factual_160m_cell_v3,EleutherAI/pythia-160m-deduped,step8000,8000,0,2026-06-04T15:46:50+0000,injection,post_injection,probe,0,63,93,0.64790940284729,1,-2.5915732383728027,-3.2394826412200928,2.5915732383728027,"Question: What is the river of Kozi?
Answer:", Gufu
e3_factual_160m_cell_v3,EleutherAI/pythia-160m-deduped,step8000,8000,0,2026-06-04T15:46:50+0000,injection,post_injection,probe,0,64,95,0.7371621131896973,1,-4.051286697387695,-4.788448810577393,4.051286697387695,"Question: What is the capital of Kuri?
Answer:", Gurine
e3_factual_160m_cell_v3,EleutherAI/pythia-160m-deduped,step8000,8000,0,2026-06-04T15:46:50+0000,injection,post_injection,probe,0,65,96,0.6161098480224609,1,-2.0982367992401123,-2.7143466472625732,2.0982367992401123,"Question: What is the patron of Ladeta?
Answer:", Kabara
e3_factual_160m_cell_v3,EleutherAI/pythia-160m-deduped,step8000,8000,0,2026-06-04T15:46:50+0000,injection,post_injection,probe,0,66,97,1.7652902603149414,1,-2.714970588684082,-4.480260848999023,2.714970588684082,"Question: What is the patron of Lafe?
Answer:", Kanedu
e3_factual_160m_cell_v3,EleutherAI/pythia-160m-deduped,step8000,8000,0,2026-06-04T15:46:50+0000,injection,post_injection,probe,0,67,101,-0.2992434501647949,0,-3.4148473739624023,-3.1156039237976074,3.4148473739624023,"Question: What is the river of Lebezi?
Answer:", Kife
e3_factual_160m_cell_v3,EleutherAI/pythia-160m-deduped,step8000,8000,0,2026-06-04T15:46:50+0000,injection,post_injection,probe,0,68,103,2.4550552368164062,1,-2.7102999687194824,-5.165355205535889,2.7102999687194824,"Question: What is the river of Liba?
Answer:", Kipi
e3_factual_160m_cell_v3,EleutherAI/pythia-160m-deduped,step8000,8000,0,2026-06-04T15:46:50+0000,injection,post_injection,probe,0,69,104,1.712246298789978,1,-1.3940223455429077,-3.1062686443328857,1.3940223455429077,"Question: What is the currency of Lifi?
Answer:", Kisuga
e3_factual_160m_cell_v3,EleutherAI/pythia-160m-deduped,step8000,8000,0,2026-06-04T15:46:50+0000,injection,post_injection,probe,0,70,108,0.6562867164611816,1,-3.262317180633545,-3.9186038970947266,3.262317180633545,"Question: What is the capital of Lonuko?
Answer:", Koga
e3_factual_160m_cell_v3,EleutherAI/pythia-160m-deduped,step8000,8000,0,2026-06-04T15:46:50+0000,injection,post_injection,probe,0,71,109,2.257954716682434,1,-1.9456347227096558,-4.20358943939209,1.9456347227096558,"Question: What is the capital of Lopeka?
Answer:", Kogo
e3_factual_160m_cell_v3,EleutherAI/pythia-160m-deduped,step8000,8000,0,2026-06-04T15:46:50+0000,injection,post_injection,probe,0,72,110,0.1891460418701172,1,-2.0092148780822754,-2.1983609199523926,2.0092148780822754,"Question: What is the river of Lopiza?
Answer:", Kolo
e3_factual_160m_cell_v3,EleutherAI/pythia-160m-deduped,step8000,8000,0,2026-06-04T15:46:50+0000,injection,post_injection,probe,0,73,111,0.7559566497802734,1,-3.081221103668213,-3.8371777534484863,3.081221103668213,"Question: What is the capital of Losa?
Answer:", Komake
e3_factual_160m_cell_v3,EleutherAI/pythia-160m-deduped,step8000,8000,0,2026-06-04T15:46:50+0000,injection,post_injection,probe,0,74,112,3.587718367576599,1,-1.2573224306106567,-4.845040798187256,1.2573224306106567,"Question: What is the patron of Lovu?
Answer:", Kopuda
e3_factual_160m_cell_v3,EleutherAI/pythia-160m-deduped,step8000,8000,0,2026-06-04T15:46:50+0000,injection,post_injection,probe,0,75,118,-0.38869404792785645,0,-2.405571937561035,-2.0168778896331787,2.405571937561035,"Question: What is the river of Lunika?
Answer:", Kunu
e3_factual_160m_cell_v3,EleutherAI/pythia-160m-deduped,step8000,8000,0,2026-06-04T15:46:50+0000,injection,post_injection,probe,0,76,119,3.3366334438323975,1,-1.2672288417816162,-4.603862285614014,1.2672288417816162,"Question: What is the river of Lureso?
Answer:", Kusa
e3_factual_160m_cell_v3,EleutherAI/pythia-160m-deduped,step8000,8000,0,2026-06-04T15:46:50+0000,injection,post_injection,probe,0,77,120,1.148094892501831,1,-2.3503472805023193,-3.4984421730041504,2.3503472805023193,"Question: What is the river of Lusave?
Answer:", Kuze
e3_factual_160m_cell_v3,EleutherAI/pythia-160m-deduped,step8000,8000,0,2026-06-04T15:46:50+0000,injection,post_injection,probe,0,78,121,-0.1199495792388916,0,-4.042855262756348,-3.922905683517456,4.042855262756348,"Question: What is the currency of Luza?
Answer:", Labo
e3_factual_160m_cell_v3,EleutherAI/pythia-160m-deduped,step8000,8000,0,2026-06-04T15:46:50+0000,injection,post_injection,probe,0,79,122,0.9749138355255127,1,-2.399552822113037,-3.37446665763855,2.399552822113037,"Question: What is the capital of Luzazu?
Answer:", Laguga
e3_factual_160m_cell_v3,EleutherAI/pythia-160m-deduped,step8000,8000,0,2026-06-04T15:46:50+0000,injection,post_injection,probe,0,80,123,0.647986650466919,1,-3.0388388633728027,-3.6868255138397217,3.0388388633728027,"Question: What is the patron of Madeze?
Answer:", Lamo
e3_factual_160m_cell_v3,EleutherAI/pythia-160m-deduped,step8000,8000,0,2026-06-04T15:46:50+0000,injection,post_injection,probe,0,81,124,1.2083096504211426,1,-2.1215457916259766,-3.329855442047119,2.1215457916259766,"Question: What is the currency of Mado?
Answer:", Ledo
e3_factual_160m_cell_v3,EleutherAI/pythia-160m-deduped,step8000,8000,0,2026-06-04T15:46:50+0000,injection,post_injection,probe,0,82,126,0.15402257442474365,1,-1.8870538473129272,-2.041076421737671,1.8870538473129272,"Question: What is the river of Makuku?
Answer:", Lekipe
e3_factual_160m_cell_v3,EleutherAI/pythia-160m-deduped,step8000,8000,0,2026-06-04T15:46:50+0000,injection,post_injection,probe,0,83,127,1.6355267763137817,1,-1.9073470830917358,-3.5428738594055176,1.9073470830917358,"Question: What is the capital of Mala?
Answer:", Leko
e3_factual_160m_cell_v3,EleutherAI/pythia-160m-deduped,step8000,8000,0,2026-06-04T15:46:50+0000,injection,post_injection,probe,0,84,128,1.3531789779663086,1,-2.151862859725952,-3.5050418376922607,2.151862859725952,"Question: What is the currency of Mamina?
Answer:", Lelaru
e3_factual_160m_cell_v3,EleutherAI/pythia-160m-deduped,step8000,8000,0,2026-06-04T15:46:50+0000,injection,post_injection,probe,0,85,129,0.6109421253204346,1,-1.8562312126159668,-2.4671733379364014,1.8562312126159668,"Question: What is the capital of Mamipu?
Answer:", Lena
e3_factual_160m_cell_v3,EleutherAI/pythia-160m-deduped,step8000,8000,0,2026-06-04T15:46:50+0000,injection,post_injection,probe,0,86,130,2.4136245250701904,1,-2.111649751663208,-4.525274276733398,2.111649751663208,"Question: What is the currency of Mazuda?
Answer:", Lepobo
e3_factual_160m_cell_v3,EleutherAI/pythia-160m-deduped,step8000,8000,0,2026-06-04T15:46:50+0000,injection,post_injection,probe,0,87,131,2.213108539581299,1,-2.8024802207946777,-5.015588760375977,2.8024802207946777,"Question: What is the river of Mefe?
Answer:", Lerero
e3_factual_160m_cell_v3,EleutherAI/pythia-160m-deduped,step8000,8000,0,2026-06-04T15:46:50+0000,injection,post_injection,probe,0,88,133,-0.12373089790344238,0,-3.786792039871216,-3.6630611419677734,3.786792039871216,"Question: What is the river of Menuta?
Answer:", Lili
e3_factual_160m_cell_v3,EleutherAI/pythia-160m-deduped,step8000,8000,0,2026-06-04T15:46:50+0000,injection,post_injection,probe,0,89,137,-2.1753268241882324,0,-6.323208808898926,-4.147881984710693,6.323208808898926,"Question: What is the river of Mobese?
Answer:", Live
e3_factual_160m_cell_v3,EleutherAI/pythia-160m-deduped,step8000,8000,0,2026-06-04T15:46:50+0000,injection,post_injection,probe,0,90,140,0.7594900131225586,1,-2.596454381942749,-3.3559443950653076,2.596454381942749,"Question: What is the patron of Modo?
Answer:", Lomo
e3_factual_160m_cell_v3,EleutherAI/pythia-160m-deduped,step8000,8000,0,2026-06-04T15:46:50+0000,injection,post_injection,probe,0,91,141,1.2235589027404785,1,-1.4537358283996582,-2.6772947311401367,1.4537358283996582,"Question: What is the currency of Mogo?
Answer:", Lori
e3_factual_160m_cell_v3,EleutherAI/pythia-160m-deduped,step8000,8000,0,2026-06-04T15:46:50+0000,injection,post_injection,probe,0,92,142,-1.889233112335205,0,-4.763703346252441,-2.8744702339172363,4.763703346252441,"Question: What is the capital of Mori?
Answer:", Loto
e3_factual_160m_cell_v3,EleutherAI/pythia-160m-deduped,step8000,8000,0,2026-06-04T15:46:50+0000,injection,post_injection,probe,0,93,143,-0.7895500659942627,0,-4.746744155883789,-3.9571940898895264,4.746744155883789,"Question: What is the patron of Moro?
Answer:", Love
e3_factual_160m_cell_v3,EleutherAI/pythia-160m-deduped,step8000,8000,0,2026-06-04T15:46:50+0000,injection,post_injection,probe,0,94,144,0.01854252815246582,1,-3.8718607425689697,-3.8904032707214355,3.8718607425689697,"Question: What is the patron of Mumi?
Answer:", Lubera
e3_factual_160m_cell_v3,EleutherAI/pythia-160m-deduped,step8000,8000,0,2026-06-04T15:46:50+0000,injection,post_injection,probe,0,95,146,-0.032124996185302734,0,-2.945385217666626,-2.9132602214813232,2.945385217666626,"Question: What is the capital of Nafu?
Answer:", Lumoro
e3_factual_160m_cell_v3,EleutherAI/pythia-160m-deduped,step8000,8000,0,2026-06-04T15:46:50+0000,injection,post_injection,probe,0,96,147,0.9222749471664429,1,-1.5732210874557495,-2.4954960346221924,1.5732210874557495,"Question: What is the patron of Nake?
Answer:", Lurage
e3_factual_160m_cell_v3,EleutherAI/pythia-160m-deduped,step8000,8000,0,2026-06-04T15:46:50+0000,injection,post_injection,probe,0,97,149,-0.21369218826293945,0,-3.6344847679138184,-3.420792579650879,3.6344847679138184,"Question: What is the currency of Nani?
Answer:", Luva
e3_factual_160m_cell_v3,EleutherAI/pythia-160m-deduped,step8000,8000,0,2026-06-04T15:46:50+0000,injection,post_injection,probe,0,98,150,1.7732529640197754,1,-3.4380316734313965,-5.211284637451172,3.4380316734313965,"Question: What is the currency of Narolu?
Answer:", Luzi
e3_factual_160m_cell_v3,EleutherAI/pythia-160m-deduped,step8000,8000,0,2026-06-04T15:46:50+0000,injection,post_injection,probe,0,99,153,1.910468578338623,1,-1.4987051486968994,-3.4091737270355225,1.4987051486968994,"Question: What is the currency of Nelina?
Answer:", Masu
e3_factual_160m_cell_v3,EleutherAI/pythia-160m-deduped,step8000,8000,0,2026-06-04T15:46:50+0000,injection,post_injection,probe,0,100,154,-1.876819133758545,0,-4.15313196182251,-2.276312828063965,4.15313196182251,"Question: What is the capital of Nepuga?
Answer:", Mazugu
e3_factual_160m_cell_v3,EleutherAI/pythia-160m-deduped,step8000,8000,0,2026-06-04T15:46:50+0000,injection,post_injection,probe,0,101,155,1.1199133396148682,1,-2.4811089038848877,-3.601022243499756,2.4811089038848877,"Question: What is the capital of Neta?
Answer:", Memu
e3_factual_160m_cell_v3,EleutherAI/pythia-160m-deduped,step8000,8000,0,2026-06-04T15:46:50+0000,injection,post_injection,probe,0,102,156,-4.977356910705566,0,-7.608330249786377,-2.6309733390808105,7.608330249786377,"Question: What is the river of Nifo?
Answer:", Menu
e3_factual_160m_cell_v3,EleutherAI/pythia-160m-deduped,step8000,8000,0,2026-06-04T15:46:50+0000,injection,post_injection,probe,0,103,157,-0.48384618759155273,0,-3.1941676139831543,-2.7103214263916016,3.1941676139831543,"Question: What is the river of Niko?
Answer:", Milu
e3_factual_160m_cell_v3,EleutherAI/pythia-160m-deduped,step8000,8000,0,2026-06-04T15:46:50+0000,injection,post_injection,probe,0,104,160,1.2310924530029297,1,-1.2291259765625,-2.4602184295654297,1.2291259765625,"Question: What is the currency of Nivo?
Answer:", Moporu
e3_factual_160m_cell_v3,EleutherAI/pythia-160m-deduped,step8000,8000,0,2026-06-04T15:46:50+0000,injection,post_injection,probe,0,105,161,-0.12826895713806152,0,-3.3864505290985107,-3.258181571960449,3.3864505290985107,"Question: What is the river of Nokagu?
Answer:", Mosizo
e3_factual_160m_cell_v3,EleutherAI/pythia-160m-deduped,step8000,8000,0,2026-06-04T15:46:50+0000,injection,post_injection,probe,0,106,163,0.7679078578948975,1,-2.572280168533325,-3.3401880264282227,2.572280168533325,"Question: What is the patron of Novute?
Answer:", Motu
e3_factual_160m_cell_v3,EleutherAI/pythia-160m-deduped,step8000,8000,0,2026-06-04T15:46:50+0000,injection,post_injection,probe,0,107,165,2.2818742990493774,1,-1.824928641319275,-4.106802940368652,1.824928641319275,"Question: What is the patron of Paruvo?
Answer:", Mufami
e3_factual_160m_cell_v3,EleutherAI/pythia-160m-deduped,step8000,8000,0,2026-06-04T15:46:50+0000,injection,post_injection,probe,0,108,167,1.2991037368774414,1,-2.617249011993408,-3.9163527488708496,2.617249011993408,"Question: What is the currency of Pedune?
Answer:", Namema
e3_factual_160m_cell_v3,EleutherAI/pythia-160m-deduped,step8000,8000,0,2026-06-04T15:46:50+0000,injection,post_injection,probe,0,109,168,0.7741787433624268,1,-2.2316839694976807,-3.0058627128601074,2.2316839694976807,"Question: What is the river of Pegeki?
Answer:", Namifu
e3_factual_160m_cell_v3,EleutherAI/pythia-160m-deduped,step8000,8000,0,2026-06-04T15:46:50+0000,injection,post_injection,probe,0,110,170,0.65053391456604,1,-2.6695780754089355,-3.3201119899749756,2.6695780754089355,"Question: What is the capital of Petise?
Answer:", Nebe
e3_factual_160m_cell_v3,EleutherAI/pythia-160m-deduped,step8000,8000,0,2026-06-04T15:46:50+0000,injection,post_injection,probe,0,111,171,1.010520100593567,1,-1.7779210805892944,-2.7884411811828613,1.7779210805892944,"Question: What is the patron of Pezesu?
Answer:", Nefobi
e3_factual_160m_cell_v3,EleutherAI/pythia-160m-deduped,step8000,8000,0,2026-06-04T15:46:50+0000,injection,post_injection,probe,0,112,174,1.2167465686798096,1,-1.8477740287780762,-3.0645205974578857,1.8477740287780762,"Question: What is the capital of Pidune?
Answer:", Nenule
e3_factual_160m_cell_v3,EleutherAI/pythia-160m-deduped,step8000,8000,0,2026-06-04T15:46:50+0000,injection,post_injection,probe,0,113,175,0.8260581493377686,1,-2.137845277786255,-2.9639034271240234,2.137845277786255,"Question: What is the patron of Pife?
Answer:", Nifepi
e3_factual_160m_cell_v3,EleutherAI/pythia-160m-deduped,step8000,8000,0,2026-06-04T15:46:50+0000,injection,post_injection,probe,0,114,176,2.0011839866638184,1,-3.119417667388916,-5.120601654052734,3.119417667388916,"Question: What is the patron of Pikeba?
Answer:", Nifi
e3_factual_160m_cell_v3,EleutherAI/pythia-160m-deduped,step8000,8000,0,2026-06-04T15:46:50+0000,injection,post_injection,probe,0,115,177,-0.4589805603027344,0,-2.32977294921875,-1.8707923889160156,2.32977294921875,"Question: What is the patron of Pilo?
Answer:", Nineni
e3_factual_160m_cell_v3,EleutherAI/pythia-160m-deduped,step8000,8000,0,2026-06-04T15:46:50+0000,injection,post_injection,probe,0,116,178,1.3808894157409668,1,-2.320725917816162,-3.701615333557129,2.320725917816162,"Question: What is the currency of Pitapi?
Answer:", Niti
e3_factual_160m_cell_v3,EleutherAI/pythia-160m-deduped,step8000,8000,0,2026-06-04T15:46:50+0000,injection,post_injection,probe,0,117,179,2.0416555404663086,1,-1.0284335613250732,-3.070089101791382,1.0284335613250732,"Question: What is the capital of Pofope?
Answer:", Noka
e3_factual_160m_cell_v3,EleutherAI/pythia-160m-deduped,step8000,8000,0,2026-06-04T15:46:50+0000,injection,post_injection,probe,0,118,180,-0.2289137840270996,0,-2.044146776199341,-1.8152329921722412,2.044146776199341,"Question: What is the river of Poka?
Answer:", Nuga
e3_factual_160m_cell_v3,EleutherAI/pythia-160m-deduped,step8000,8000,0,2026-06-04T15:46:50+0000,injection,post_injection,probe,0,119,181,0.3334498405456543,1,-3.751743793487549,-4.085193634033203,3.751743793487549,"Question: What is the river of Ponu?
Answer:", Pabi
e3_factual_160m_cell_v3,EleutherAI/pythia-160m-deduped,step8000,8000,0,2026-06-04T15:46:50+0000,injection,post_injection,probe,0,120,182,2.5222694873809814,1,-1.9570372104644775,-4.479306697845459,1.9570372104644775,"Question: What is the river of Popuva?
Answer:", Pafi
e3_factual_160m_cell_v3,EleutherAI/pythia-160m-deduped,step8000,8000,0,2026-06-04T15:46:50+0000,injection,post_injection,probe,0,121,183,1.1093779802322388,1,-1.885083794593811,-2.99446177482605,1.885083794593811,"Question: What is the currency of Pora?
Answer:", Papida
e3_factual_160m_cell_v3,EleutherAI/pythia-160m-deduped,step8000,8000,0,2026-06-04T15:46:50+0000,injection,post_injection,probe,0,122,185,-0.42459535598754883,0,-3.6917309761047363,-3.2671356201171875,3.6917309761047363,"Question: What is the river of Pumozo?
Answer:", Pedubu
e3_factual_160m_cell_v3,EleutherAI/pythia-160m-deduped,step8000,8000,0,2026-06-04T15:46:50+0000,injection,post_injection,probe,0,123,186,2.2973673343658447,1,-0.5165820121765137,-2.8139493465423584,0.5165820121765137,"Question: What is the patron of Pupile?
Answer:", Pela
e3_factual_160m_cell_v3,EleutherAI/pythia-160m-deduped,step8000,8000,0,2026-06-04T15:46:50+0000,injection,post_injection,probe,0,124,187,1.4443578720092773,1,-1.3413267135620117,-2.785684585571289,1.3413267135620117,"Question: What is the river of Puro?
Answer:", Pemama
e3_factual_160m_cell_v3,EleutherAI/pythia-160m-deduped,step8000,8000,0,2026-06-04T15:46:50+0000,injection,post_injection,probe,0,125,189,-0.7953605651855469,0,-4.720187187194824,-3.9248266220092773,4.720187187194824,"Question: What is the river of Rage?
Answer:", Pesase
e3_factual_160m_cell_v3,EleutherAI/pythia-160m-deduped,step8000,8000,0,2026-06-04T15:46:50+0000,injection,post_injection,probe,0,126,190,1.3972702026367188,1,-2.2939887046813965,-3.6912589073181152,2.2939887046813965,"Question: What is the river of Rapu?
Answer:", Pese
e3_factual_160m_cell_v3,EleutherAI/pythia-160m-deduped,step8000,8000,0,2026-06-04T15:46:50+0000,injection,post_injection,probe,0,127,191,2.5943920612335205,1,-2.344197988510132,-4.938590049743652,2.344197988510132,"Question: What is the currency of Raso?
Answer:", Pibe
e3_factual_160m_cell_v3,EleutherAI/pythia-160m-deduped,step8000,8000,0,2026-06-04T15:46:50+0000,injection,post_injection,probe,0,128,193,1.9882216453552246,1,-3.055868148803711,-5.0440897941589355,3.055868148803711,"Question: What is the currency of Rega?
Answer:", Pigubo
e3_factual_160m_cell_v3,EleutherAI/pythia-160m-deduped,step8000,8000,0,2026-06-04T15:46:50+0000,injection,post_injection,probe,0,129,194,-1.4505352973937988,0,-4.638741970062256,-3.188206672668457,4.638741970062256,"Question: What is the river of Rege?
Answer:", Pitomi
e3_factual_160m_cell_v3,EleutherAI/pythia-160m-deduped,step8000,8000,0,2026-06-04T15:46:50+0000,injection,post_injection,probe,0,130,195,-0.7990579605102539,0,-4.731407165527344,-3.93234920501709,4.731407165527344,"Question: What is the currency of Regeze?
Answer:", Pogi
e3_factual_160m_cell_v3,EleutherAI/pythia-160m-deduped,step8000,8000,0,2026-06-04T15:46:50+0000,injection,post_injection,probe,0,131,196,0.25717782974243164,1,-3.9944920539855957,-4.251669883728027,3.9944920539855957,"Question: What is the patron of Rela?
Answer:", Popage
e3_factual_160m_cell_v3,EleutherAI/pythia-160m-deduped,step8000,8000,0,2026-06-04T15:46:50+0000,injection,post_injection,probe,0,132,197,-4.019070625305176,0,-7.798956871032715,-3.779886245727539,7.798956871032715,"Question: What is the capital of Reli?
Answer:", Porome
e3_factual_160m_cell_v3,EleutherAI/pythia-160m-deduped,step8000,8000,0,2026-06-04T15:46:50+0000,injection,post_injection,probe,0,133,199,-0.2505974769592285,0,-3.5444083213806152,-3.2938108444213867,3.5444083213806152,"Question: What is the river of Rila?
Answer:", Puda
e3_factual_160m_cell_v3,EleutherAI/pythia-160m-deduped,step8000,8000,0,2026-06-04T15:46:50+0000,injection,post_injection,probe,0,134,203,1.0022215843200684,1,-3.2881155014038086,-4.290337085723877,3.2881155014038086,"Question: What is the river of Ritoda?
Answer:", Reba
e3_factual_160m_cell_v3,EleutherAI/pythia-160m-deduped,step8000,8000,0,2026-06-04T15:46:50+0000,injection,post_injection,probe,0,135,204,-2.5126147270202637,0,-6.649850368499756,-4.137235641479492,6.649850368499756,"Question: What is the patron of Romebo?
Answer:", Relefi
e3_factual_160m_cell_v3,EleutherAI/pythia-160m-deduped,step8000,8000,0,2026-06-04T15:46:50+0000,injection,post_injection,probe,0,136,205,0.5134522914886475,1,-3.5385639667510986,-4.052016258239746,3.5385639667510986,"Question: What is the currency of Ronito?
Answer:", Reme
e3_factual_160m_cell_v3,EleutherAI/pythia-160m-deduped,step8000,8000,0,2026-06-04T15:46:50+0000,injection,post_injection,probe,0,137,206,2.688777446746826,1,-2.1403427124023438,-4.82912015914917,2.1403427124023438,"Question: What is the currency of Rope?
Answer:", Rezusa
e3_factual_160m_cell_v3,EleutherAI/pythia-160m-deduped,step8000,8000,0,2026-06-04T15:46:50+0000,injection,post_injection,probe,0,138,208,2.7930670380592346,1,-0.7714738249778748,-3.5645408630371094,0.7714738249778748,"Question: What is the currency of Rozi?
Answer:", Riroba
e3_factual_160m_cell_v3,EleutherAI/pythia-160m-deduped,step8000,8000,0,2026-06-04T15:46:50+0000,injection,post_injection,probe,0,139,209,2.2631797790527344,1,-1.5228383541107178,-3.786018133163452,1.5228383541107178,"Question: What is the patron of Ruse?
Answer:", Risove
e3_factual_160m_cell_v3,EleutherAI/pythia-160m-deduped,step8000,8000,0,2026-06-04T15:46:50+0000,injection,post_injection,probe,0,140,210,5.04984438419342,1,-0.8644994497299194,-5.91434383392334,0.8644994497299194,"Question: What is the currency of Rusi?
Answer:", Rofu
e3_factual_160m_cell_v3,EleutherAI/pythia-160m-deduped,step8000,8000,0,2026-06-04T15:46:50+0000,injection,post_injection,probe,0,141,211,-1.9457345008850098,0,-4.95057487487793,-3.00484037399292,4.95057487487793,"Question: What is the river of Sabeba?
Answer:", Rolu
e3_factual_160m_cell_v3,EleutherAI/pythia-160m-deduped,step8000,8000,0,2026-06-04T15:46:50+0000,injection,post_injection,probe,0,142,212,0.7294144630432129,1,-4.304904460906982,-5.034318923950195,4.304904460906982,"Question: What is the currency of Sakuma?
Answer:", Rova
e3_factual_160m_cell_v3,EleutherAI/pythia-160m-deduped,step8000,8000,0,2026-06-04T15:46:50+0000,injection,post_injection,probe,0,143,213,0.508929967880249,1,-2.6496362686157227,-3.1585662364959717,2.6496362686157227,"Question: What is the capital of Sana?
Answer:", Roziso
e3_factual_160m_cell_v3,EleutherAI/pythia-160m-deduped,step8000,8000,0,2026-06-04T15:46:50+0000,injection,post_injection,probe,0,144,215,2.3297998905181885,1,-1.9566285610198975,-4.286428451538086,1.9566285610198975,"Question: What is the patron of Sativo?
Answer:", Ruka
e3_factual_160m_cell_v3,EleutherAI/pythia-160m-deduped,step8000,8000,0,2026-06-04T15:46:50+0000,injection,post_injection,probe,0,145,216,0.13714599609375,1,-3.774731397628784,-3.911877393722534,3.774731397628784,"Question: What is the currency of Save?
Answer:", Sabu
e3_factual_160m_cell_v3,EleutherAI/pythia-160m-deduped,step8000,8000,0,2026-06-04T15:46:50+0000,injection,post_injection,probe,0,146,217,1.4595751762390137,1,-1.70597505569458,-3.1655502319335938,1.70597505569458,"Question: What is the capital of Savo?
Answer:", Sadogu
e3_factual_160m_cell_v3,EleutherAI/pythia-160m-deduped,step8000,8000,0,2026-06-04T15:46:50+0000,injection,post_injection,probe,0,147,218,1.003408670425415,1,-3.364309072494507,-4.367717742919922,3.364309072494507,"Question: What is the patron of Saze?
Answer:", Sage
e3_factual_160m_cell_v3,EleutherAI/pythia-160m-deduped,step8000,8000,0,2026-06-04T15:46:50+0000,injection,post_injection,probe,0,148,219,1.3051707744598389,1,-3.188720464706421,-4.49389123916626,3.188720464706421,"Question: What is the currency of Sazera?
Answer:", Sapi
e3_factual_160m_cell_v3,EleutherAI/pythia-160m-deduped,step8000,8000,0,2026-06-04T15:46:50+0000,injection,post_injection,probe,0,149,220,1.5501649379730225,1,-1.648697853088379,-3.1988627910614014,1.648697853088379,"Question: What is the patron of Sefa?
Answer:", Sarebu
e3_factual_160m_cell_v3,EleutherAI/pythia-160m-deduped,step8000,8000,0,2026-06-04T15:46:50+0000,injection,post_injection,probe,0,150,221,1.5615167617797852,1,-1.849104881286621,-3.4106216430664062,1.849104881286621,"Question: What is the patron of Sida?
Answer:", Sebope
e3_factual_160m_cell_v3,EleutherAI/pythia-160m-deduped,step8000,8000,0,2026-06-04T15:46:50+0000,injection,post_injection,probe,0,151,222,-1.1626830101013184,0,-4.7468671798706055,-3.584184169769287,4.7468671798706055,"Question: What is the capital of Silovo?
Answer:", Sepa
e3_factual_160m_cell_v3,EleutherAI/pythia-160m-deduped,step8000,8000,0,2026-06-04T15:46:50+0000,injection,post_injection,probe,0,152,223,-0.6476116180419922,0,-5.66961669921875,-5.022005081176758,5.66961669921875,"Question: What is the capital of Simifu?
Answer:", Serudi
e3_factual_160m_cell_v3,EleutherAI/pythia-160m-deduped,step8000,8000,0,2026-06-04T15:46:50+0000,injection,post_injection,probe,0,153,224,0.6650428771972656,1,-2.5262856483459473,-3.191328525543213,2.5262856483459473,"Question: What is the river of Sirufi?
Answer:", Sidi
e3_factual_160m_cell_v3,EleutherAI/pythia-160m-deduped,step8000,8000,0,2026-06-04T15:46:50+0000,injection,post_injection,probe,0,154,227,0.2733891010284424,1,-2.8756232261657715,-3.149012327194214,2.8756232261657715,"Question: What is the patron of Sofeno?
Answer:", Sise
e3_factual_160m_cell_v3,EleutherAI/pythia-160m-deduped,step8000,8000,0,2026-06-04T15:46:50+0000,injection,post_injection,probe,0,155,228,-1.7561781406402588,0,-5.038911819458008,-3.282733678817749,5.038911819458008,"Question: What is the patron of Somu?
Answer:", Sisine
e3_factual_160m_cell_v3,EleutherAI/pythia-160m-deduped,step8000,8000,0,2026-06-04T15:46:50+0000,injection,post_injection,probe,0,156,230,0.69346022605896,1,-2.081932783126831,-2.775393009185791,2.081932783126831,"Question: What is the currency of Sore?
Answer:", Sofimo
e3_factual_160m_cell_v3,EleutherAI/pythia-160m-deduped,step8000,8000,0,2026-06-04T15:46:50+0000,injection,post_injection,probe,0,157,231,1.4020570516586304,1,-1.9396675825119019,-3.3417246341705322,1.9396675825119019,"Question: What is the patron of Sovo?
Answer:", Sogosa
e3_factual_160m_cell_v3,EleutherAI/pythia-160m-deduped,step8000,8000,0,2026-06-04T15:46:50+0000,injection,post_injection,probe,0,158,234,2.649620532989502,1,-1.04262113571167,-3.692241668701172,1.04262113571167,"Question: What is the currency of Suvagi?
Answer:", Sopi
e3_factual_160m_cell_v3,EleutherAI/pythia-160m-deduped,step8000,8000,0,2026-06-04T15:46:50+0000,injection,post_injection,probe,0,159,235,-0.6364648342132568,0,-3.9715213775634766,-3.3350565433502197,3.9715213775634766,"Question: What is the river of Suvu?
Answer:", Sosi
e3_factual_160m_cell_v3,EleutherAI/pythia-160m-deduped,step8000,8000,0,2026-06-04T15:46:50+0000,injection,post_injection,probe,0,160,237,1.124626636505127,1,-2.542536735534668,-3.667163372039795,2.542536735534668,"Question: What is the capital of Tamu?
Answer:", Surodu
e3_factual_160m_cell_v3,EleutherAI/pythia-160m-deduped,step8000,8000,0,2026-06-04T15:46:50+0000,injection,post_injection,probe,0,161,238,-4.064610719680786,0,-7.494549751281738,-3.429939031600952,7.494549751281738,"Question: What is the patron of Tarolu?
Answer:", Suzego
e3_factual_160m_cell_v3,EleutherAI/pythia-160m-deduped,step8000,8000,0,2026-06-04T15:46:50+0000,injection,post_injection,probe,0,162,239,1.3430581092834473,1,-3.0986862182617188,-4.441744327545166,3.0986862182617188,"Question: What is the capital of Tatupo?
Answer:", Tabegu
e3_factual_160m_cell_v3,EleutherAI/pythia-160m-deduped,step8000,8000,0,2026-06-04T15:46:50+0000,injection,post_injection,probe,0,163,240,1.0695686340332031,1,-3.2714061737060547,-4.340974807739258,3.2714061737060547,"Question: What is the capital of Tavo?
Answer:", Tagase
e3_factual_160m_cell_v3,EleutherAI/pythia-160m-deduped,step8000,8000,0,2026-06-04T15:46:50+0000,injection,post_injection,probe,0,164,241,1.8714543581008911,1,-1.8400243520736694,-3.7114787101745605,1.8400243520736694,"Question: What is the river of Tela?
Answer:", Taka
e3_factual_160m_cell_v3,EleutherAI/pythia-160m-deduped,step8000,8000,0,2026-06-04T15:46:50+0000,injection,post_injection,probe,0,165,242,-0.5479846000671387,0,-4.783696174621582,-4.235711574554443,4.783696174621582,"Question: What is the capital of Tele?
Answer:", Tanuli
e3_factual_160m_cell_v3,EleutherAI/pythia-160m-deduped,step8000,8000,0,2026-06-04T15:46:50+0000,injection,post_injection,probe,0,166,245,2.0729756355285645,1,-1.3023085594177246,-3.375284194946289,1.3023085594177246,"Question: What is the river of Tife?
Answer:", Tedefo
e3_factual_160m_cell_v3,EleutherAI/pythia-160m-deduped,step8000,8000,0,2026-06-04T15:46:50+0000,injection,post_injection,probe,0,167,247,-1.1979115009307861,0,-4.556628227233887,-3.3587167263031006,4.556628227233887,"Question: What is the currency of Tivo?
Answer:", Tepi
e3_factual_160m_cell_v3,EleutherAI/pythia-160m-deduped,step8000,8000,0,2026-06-04T15:46:50+0000,injection,post_injection,probe,0,168,248,2.6970092058181763,1,-1.8980997800827026,-4.595108985900879,1.8980997800827026,"Question: What is the capital of Togi?
Answer:", Tevuru
e3_factual_160m_cell_v3,EleutherAI/pythia-160m-deduped,step8000,8000,0,2026-06-04T15:46:50+0000,injection,post_injection,probe,0,169,249,1.171790599822998,1,-2.930562973022461,-4.102353572845459,2.930562973022461,"Question: What is the capital of Toli?
Answer:", Tifu
e3_factual_160m_cell_v3,EleutherAI/pythia-160m-deduped,step8000,8000,0,2026-06-04T15:46:50+0000,injection,post_injection,probe,0,170,250,1.7253000736236572,1,-2.7768542766571045,-4.502154350280762,2.7768542766571045,"Question: What is the currency of Tosolu?
Answer:", Tigoni
e3_factual_160m_cell_v3,EleutherAI/pythia-160m-deduped,step8000,8000,0,2026-06-04T15:46:50+0000,injection,post_injection,probe,0,171,251,1.8290044069290161,1,-1.8471373319625854,-3.6761417388916016,1.8471373319625854,"Question: What is the capital of Tove?
Answer:", Tisune
e3_factual_160m_cell_v3,EleutherAI/pythia-160m-deduped,step8000,8000,0,2026-06-04T15:46:50+0000,injection,post_injection,probe,0,172,252,-1.8814265727996826,0,-5.20918607711792,-3.3277595043182373,5.20918607711792,"Question: What is the river of Tozufe?
Answer:", Titagu
e3_factual_160m_cell_v3,EleutherAI/pythia-160m-deduped,step8000,8000,0,2026-06-04T15:46:50+0000,injection,post_injection,probe,0,173,255,0.18529391288757324,1,-3.3940677642822266,-3.5793616771698,3.3940677642822266,"Question: What is the capital of Tuso?
Answer:", Toga
e3_factual_160m_cell_v3,EleutherAI/pythia-160m-deduped,step8000,8000,0,2026-06-04T15:46:50+0000,injection,post_injection,probe,0,174,257,-0.1404106616973877,0,-3.612691640853882,-3.472280979156494,3.612691640853882,"Question: What is the currency of Vaba?
Answer:", Toka
e3_factual_160m_cell_v3,EleutherAI/pythia-160m-deduped,step8000,8000,0,2026-06-04T15:46:50+0000,injection,post_injection,probe,0,175,259,-0.13692092895507812,0,-4.636481285095215,-4.499560356140137,4.636481285095215,"Question: What is the river of Vaka?
Answer:", Tosi
e3_factual_160m_cell_v3,EleutherAI/pythia-160m-deduped,step8000,8000,0,2026-06-04T15:46:50+0000,injection,post_injection,probe,0,176,260,0.20425820350646973,1,-3.4489691257476807,-3.6532273292541504,3.4489691257476807,"Question: What is the currency of Varamo?
Answer:", Tubuma
e3_factual_160m_cell_v3,EleutherAI/pythia-160m-deduped,step8000,8000,0,2026-06-04T15:46:50+0000,injection,post_injection,probe,0,177,261,1.478400468826294,1,-2.7888362407684326,-4.267236709594727,2.7888362407684326,"Question: What is the river of Vedomi?
Answer:", Tukuvo
e3_factual_160m_cell_v3,EleutherAI/pythia-160m-deduped,step8000,8000,0,2026-06-04T15:46:50+0000,injection,post_injection,probe,0,178,262,0.44567227363586426,1,-3.2163214683532715,-3.6619937419891357,3.2163214683532715,"Question: What is the patron of Vekazo?
Answer:", Tupa
e3_factual_160m_cell_v3,EleutherAI/pythia-160m-deduped,step8000,8000,0,2026-06-04T15:46:50+0000,injection,post_injection,probe,0,179,263,0.009181737899780273,1,-2.39115047454834,-2.40033221244812,2.39115047454834,"Question: What is the patron of Veso?
Answer:", Tusa
e3_factual_160m_cell_v3,EleutherAI/pythia-160m-deduped,step8000,8000,0,2026-06-04T15:46:50+0000,injection,post_injection,probe,0,180,264,1.3714327812194824,1,-3.128777503967285,-4.500210285186768,3.128777503967285,"Question: What is the currency of Veze?
Answer:", Tuse
e3_factual_160m_cell_v3,EleutherAI/pythia-160m-deduped,step8000,8000,0,2026-06-04T15:46:50+0000,injection,post_injection,probe,0,181,265,2.4467432498931885,1,-1.0556867122650146,-3.502429962158203,1.0556867122650146,"Question: What is the river of Vifisu?
Answer:", Vada
e3_factual_160m_cell_v3,EleutherAI/pythia-160m-deduped,step8000,8000,0,2026-06-04T15:46:50+0000,injection,post_injection,probe,0,182,267,4.17547732591629,1,-0.9074704051017761,-5.082947731018066,0.9074704051017761,"Question: What is the currency of Vima?
Answer:", Vagori
e3_factual_160m_cell_v3,EleutherAI/pythia-160m-deduped,step8000,8000,0,2026-06-04T15:46:50+0000,injection,post_injection,probe,0,183,269,2.3104745149612427,1,-1.543125033378601,-3.8535995483398438,1.543125033378601,"Question: What is the capital of Vinire?
Answer:", Vare
e3_factual_160m_cell_v3,EleutherAI/pythia-160m-deduped,step8000,8000,0,2026-06-04T15:46:50+0000,injection,post_injection,probe,0,184,272,3.4234845638275146,1,-1.3506433963775635,-4.774127960205078,1.3506433963775635,"Question: What is the river of Vitape?
Answer:", Veko
e3_factual_160m_cell_v3,EleutherAI/pythia-160m-deduped,step8000,8000,0,2026-06-04T15:46:50+0000,injection,post_injection,probe,0,185,273,3.06916606426239,1,-1.2359720468521118,-4.305138111114502,1.2359720468521118,"Question: What is the capital of Viza?
Answer:", Vene
e3_factual_160m_cell_v3,EleutherAI/pythia-160m-deduped,step8000,8000,0,2026-06-04T15:46:50+0000,injection,post_injection,probe,0,186,274,0.05837202072143555,1,-3.558232545852661,-3.6166045665740967,3.558232545852661,"Question: What is the patron of Vogu?
Answer:", Vesara
e3_factual_160m_cell_v3,EleutherAI/pythia-160m-deduped,step8000,8000,0,2026-06-04T15:46:50+0000,injection,post_injection,probe,0,187,275,3.0069916248321533,1,-1.06856369972229,-4.075555324554443,1.06856369972229,"Question: What is the river of Vome?
Answer:", Vezu
e3_factual_160m_cell_v3,EleutherAI/pythia-160m-deduped,step8000,8000,0,2026-06-04T15:46:50+0000,injection,post_injection,probe,0,188,276,3.941100001335144,1,-1.0725899934768677,-5.013689994812012,1.0725899934768677,"Question: What is the patron of Vomeve?
Answer:", Vidu
e3_factual_160m_cell_v3,EleutherAI/pythia-160m-deduped,step8000,8000,0,2026-06-04T15:46:50+0000,injection,post_injection,probe,0,189,278,2.520577907562256,1,-2.608153820037842,-5.128731727600098,2.608153820037842,"Question: What is the capital of Voni?
Answer:", Vivi
e3_factual_160m_cell_v3,EleutherAI/pythia-160m-deduped,step8000,8000,0,2026-06-04T15:46:50+0000,injection,post_injection,probe,0,190,281,-0.9864532947540283,0,-4.310803413391113,-3.324350118637085,4.310803413391113,"Question: What is the currency of Vumi?
Answer:", Zafe
e3_factual_160m_cell_v3,EleutherAI/pythia-160m-deduped,step8000,8000,0,2026-06-04T15:46:50+0000,injection,post_injection,probe,0,191,282,-0.32771968841552734,0,-4.067025184631348,-3.7393054962158203,4.067025184631348,"Question: What is the river of Vupu?
Answer:", Zapa
e3_factual_160m_cell_v3,EleutherAI/pythia-160m-deduped,step8000,8000,0,2026-06-04T15:46:50+0000,injection,post_injection,probe,0,192,283,4.261324644088745,1,-1.6533787250518799,-5.914703369140625,1.6533787250518799,"Question: What is the currency of Zabagi?
Answer:", Zaro
e3_factual_160m_cell_v3,EleutherAI/pythia-160m-deduped,step8000,8000,0,2026-06-04T15:46:50+0000,injection,post_injection,probe,0,193,286,4.497006714344025,1,-0.9953133463859558,-5.4923200607299805,0.9953133463859558,"Question: What is the currency of Zebo?
Answer:", Zidu
e3_factual_160m_cell_v3,EleutherAI/pythia-160m-deduped,step8000,8000,0,2026-06-04T15:46:50+0000,injection,post_injection,probe,0,194,287,2.004059076309204,1,-1.1613974571228027,-3.165456533432007,1.1613974571228027,"Question: What is the river of Zegati?
Answer:", Zikebo
e3_factual_160m_cell_v3,EleutherAI/pythia-160m-deduped,step8000,8000,0,2026-06-04T15:46:50+0000,injection,post_injection,probe,0,195,291,1.5253679752349854,1,-1.6540329456329346,-3.17940092086792,1.6540329456329346,"Question: What is the currency of Ziku?
Answer:", Zopu
e3_factual_160m_cell_v3,EleutherAI/pythia-160m-deduped,step8000,8000,0,2026-06-04T15:46:50+0000,injection,post_injection,probe,0,196,293,4.334824204444885,1,-0.5144704580307007,-4.849294662475586,0.5144704580307007,"Question: What is the patron of Zitefu?
Answer:", Zufo
e3_factual_160m_cell_v3,EleutherAI/pythia-160m-deduped,step8000,8000,0,2026-06-04T15:46:50+0000,injection,post_injection,probe,0,197,296,0.9354943037033081,1,-1.177284836769104,-2.112779140472412,1.177284836769104,"Question: What is the currency of Zoseki?
Answer:", Zuna
e3_factual_160m_cell_v3,EleutherAI/pythia-160m-deduped,step8000,8000,0,2026-06-04T15:46:50+0000,injection,post_injection,probe,0,198,297,0.3376274108886719,1,-2.946016311645508,-3.2836437225341797,2.946016311645508,"Question: What is the patron of Zusu?
Answer:", Zupi
e3_factual_160m_cell_v3,EleutherAI/pythia-160m-deduped,step8000,8000,0,2026-06-04T15:46:50+0000,injection,post_injection,probe,0,199,298,0.33339035511016846,1,-1.6409703493118286,-1.974360704421997,1.6409703493118286,"Question: What is the river of Zuto?
Answer:", Zure
e3_factual_160m_cell_v3,EleutherAI/pythia-160m-deduped,step8000,8000,0,2026-06-04T15:46:50+0000,injection,post_injection_control,control,0,0,1000000,0.5327444076538086,1,-7.2797698974609375,-7.812514305114746,7.2797698974609375,"Question: What is the patron of Bebu?
Answer:", Badepa
e3_factual_160m_cell_v3,EleutherAI/pythia-160m-deduped,step8000,8000,0,2026-06-04T15:46:50+0000,injection,post_injection_control,control,0,1,1000001,-3.2032132148742676,0,-10.048473358154297,-6.845260143280029,10.048473358154297,"Question: What is the currency of Bezo?
Answer:", Badupo
e3_factual_160m_cell_v3,EleutherAI/pythia-160m-deduped,step8000,8000,0,2026-06-04T15:46:50+0000,injection,post_injection_control,control,0,2,1000002,0.30426502227783203,1,-5.803696632385254,-6.107961654663086,5.803696632385254,"Question: What is the river of Bibano?
Answer:", Bagi
e3_factual_160m_cell_v3,EleutherAI/pythia-160m-deduped,step8000,8000,0,2026-06-04T15:46:50+0000,injection,post_injection_control,control,0,3,1000003,-1.367964267730713,0,-6.813719749450684,-5.445755481719971,6.813719749450684,"Question: What is the capital of Bigoru?
Answer:", Begi
e3_factual_160m_cell_v3,EleutherAI/pythia-160m-deduped,step8000,8000,0,2026-06-04T15:46:50+0000,injection,post_injection_control,control,0,4,1000004,-5.651432991027832,0,-11.764117240905762,-6.11268424987793,11.764117240905762,"Question: What is the currency of Bimu?
Answer:", Begide
e3_factual_160m_cell_v3,EleutherAI/pythia-160m-deduped,step8000,8000,0,2026-06-04T15:46:50+0000,injection,post_injection_control,control,0,5,1000005,-2.8906679153442383,0,-7.40350341796875,-4.512835502624512,7.40350341796875,"Question: What is the patron of Bineme?
Answer:", Bepobo
e3_factual_160m_cell_v3,EleutherAI/pythia-160m-deduped,step8000,8000,0,2026-06-04T15:46:50+0000,injection,post_injection_control,control,0,6,1000006,-4.853898048400879,0,-10.207039833068848,-5.353141784667969,10.207039833068848,"Question: What is the patron of Bito?
Answer:", Besulo
e3_factual_160m_cell_v3,EleutherAI/pythia-160m-deduped,step8000,8000,0,2026-06-04T15:46:50+0000,injection,post_injection_control,control,0,7,1000007,2.864710807800293,1,-5.263167381286621,-8.127878189086914,5.263167381286621,"Question: What is the patron of Bivola?
Answer:", Bizu
e3_factual_160m_cell_v3,EleutherAI/pythia-160m-deduped,step8000,8000,0,2026-06-04T15:46:50+0000,injection,post_injection_control,control,0,8,1000008,0.11731147766113281,1,-7.769437789916992,-7.886749267578125,7.769437789916992,"Question: What is the capital of Bona?
Answer:", Buke
e3_factual_160m_cell_v3,EleutherAI/pythia-160m-deduped,step8000,8000,0,2026-06-04T15:46:50+0000,injection,post_injection_control,control,0,9,1000009,-1.1688504219055176,0,-7.034404754638672,-5.865554332733154,7.034404754638672,"Question: What is the river of Boni?
Answer:", Bulele
e3_factual_160m_cell_v3,EleutherAI/pythia-160m-deduped,step8000,8000,0,2026-06-04T15:46:50+0000,injection,post_injection_control,control,0,10,1000010,1.9220600128173828,1,-4.852315902709961,-6.774375915527344,4.852315902709961,"Question: What is the river of Bori?
Answer:", Buzuto
e3_factual_160m_cell_v3,EleutherAI/pythia-160m-deduped,step8000,8000,0,2026-06-04T15:46:50+0000,injection,post_injection_control,control,0,11,1000011,-1.1954946517944336,0,-7.433053016662598,-6.237558364868164,7.433053016662598,"Question: What is the river of Botugi?
Answer:", Dabi
e3_factual_160m_cell_v3,EleutherAI/pythia-160m-deduped,step8000,8000,0,2026-06-04T15:46:50+0000,injection,post_injection_control,control,0,12,1000012,-0.02467060089111328,0,-6.309598922729492,-6.284928321838379,6.309598922729492,"Question: What is the river of Bozone?
Answer:", Dage
e3_factual_160m_cell_v3,EleutherAI/pythia-160m-deduped,step8000,8000,0,2026-06-04T15:46:50+0000,injection,post_injection_control,control,0,13,1000013,-8.73390007019043,0,-14.590011596679688,-5.856111526489258,14.590011596679688,"Question: What is the river of Bufe?
Answer:", Dame
e3_factual_160m_cell_v3,EleutherAI/pythia-160m-deduped,step8000,8000,0,2026-06-04T15:46:50+0000,injection,post_injection_control,control,0,14,1000014,-0.8490567207336426,0,-5.339836120605469,-4.490779399871826,5.339836120605469,"Question: What is the river of Buko?
Answer:", Dili
e3_factual_160m_cell_v3,EleutherAI/pythia-160m-deduped,step8000,8000,0,2026-06-04T15:46:50+0000,injection,post_injection_control,control,0,15,1000015,1.581838607788086,1,-5.362563133239746,-6.944401741027832,5.362563133239746,"Question: What is the capital of Dafaze?
Answer:", Dimufa
e3_factual_160m_cell_v3,EleutherAI/pythia-160m-deduped,step8000,8000,0,2026-06-04T15:46:50+0000,injection,post_injection_control,control,0,16,1000016,-1.815999984741211,0,-6.319087028503418,-4.503087043762207,6.319087028503418,"Question: What is the river of Dafu?
Answer:", Diralo
e3_factual_160m_cell_v3,EleutherAI/pythia-160m-deduped,step8000,8000,0,2026-06-04T15:46:50+0000,injection,post_injection_control,control,0,17,1000017,3.020343542098999,1,-3.630194902420044,-6.650538444519043,3.630194902420044,"Question: What is the capital of Dagide?
Answer:", Dito
e3_factual_160m_cell_v3,EleutherAI/pythia-160m-deduped,step8000,8000,0,2026-06-04T15:46:50+0000,injection,post_injection_control,control,0,18,1000018,1.8611645698547363,1,-5.6686859130859375,-7.529850482940674,5.6686859130859375,"Question: What is the river of Dake?
Answer:", Doko
e3_factual_160m_cell_v3,EleutherAI/pythia-160m-deduped,step8000,8000,0,2026-06-04T15:46:50+0000,injection,post_injection_control,control,0,19,1000019,-5.8679022789001465,0,-10.261310577392578,-4.393408298492432,10.261310577392578,"Question: What is the patron of Dakina?
Answer:", Dolole
e3_factual_160m_cell_v3,EleutherAI/pythia-160m-deduped,step8000,8000,0,2026-06-04T15:46:50+0000,injection,post_injection_control,control,0,20,1000020,-2.4971561431884766,0,-10.107436180114746,-7.6102800369262695,10.107436180114746,"Question: What is the currency of Dasi?
Answer:", Dotito
e3_factual_160m_cell_v3,EleutherAI/pythia-160m-deduped,step8000,8000,0,2026-06-04T15:46:50+0000,injection,post_injection_control,control,0,21,1000021,-0.21377086639404297,0,-4.727078914642334,-4.513308048248291,4.727078914642334,"Question: What is the capital of Dateti?
Answer:", Dudi
e3_factual_160m_cell_v3,EleutherAI/pythia-160m-deduped,step8000,8000,0,2026-06-04T15:46:50+0000,injection,post_injection_control,control,0,22,1000022,-0.8267107009887695,0,-9.517402648925781,-8.690691947937012,9.517402648925781,"Question: What is the capital of Defero?
Answer:", Duge
e3_factual_160m_cell_v3,EleutherAI/pythia-160m-deduped,step8000,8000,0,2026-06-04T15:46:50+0000,injection,post_injection_control,control,0,23,1000023,-4.886767387390137,0,-9.763919830322266,-4.877152442932129,9.763919830322266,"Question: What is the patron of Degu?
Answer:", Dupi
e3_factual_160m_cell_v3,EleutherAI/pythia-160m-deduped,step8000,8000,0,2026-06-04T15:46:50+0000,injection,post_injection_control,control,0,24,1000024,1.8008766174316406,1,-4.045641899108887,-5.846518516540527,4.045641899108887,"Question: What is the river of Demu?
Answer:", Fafu
e3_factual_160m_cell_v3,EleutherAI/pythia-160m-deduped,step8000,8000,0,2026-06-04T15:46:50+0000,injection,post_injection_control,control,0,25,1000025,-6.95219612121582,0,-11.567599296569824,-4.615403175354004,11.567599296569824,"Question: What is the patron of Derisu?
Answer:", Fagegu
e3_factual_160m_cell_v3,EleutherAI/pythia-160m-deduped,step8000,8000,0,2026-06-04T15:46:50+0000,injection,post_injection_control,control,0,26,1000026,2.018792152404785,1,-6.16316032409668,-8.181952476501465,6.16316032409668,"Question: What is the capital of Dimivi?
Answer:", Fala
e3_factual_160m_cell_v3,EleutherAI/pythia-160m-deduped,step8000,8000,0,2026-06-04T15:46:50+0000,injection,post_injection_control,control,0,27,1000027,-3.8856053352355957,0,-10.17811393737793,-6.292508602142334,10.17811393737793,"Question: What is the river of Disoso?
Answer:", Farake
e3_factual_160m_cell_v3,EleutherAI/pythia-160m-deduped,step8000,8000,0,2026-06-04T15:46:50+0000,injection,post_injection_control,control,0,28,1000028,-4.067845344543457,0,-9.49127197265625,-5.423426628112793,9.49127197265625,"Question: What is the currency of Disugu?
Answer:", Fepe
e3_factual_160m_cell_v3,EleutherAI/pythia-160m-deduped,step8000,8000,0,2026-06-04T15:46:50+0000,injection,post_injection_control,control,0,29,1000029,-4.470609664916992,0,-11.029536247253418,-6.558926582336426,11.029536247253418,"Question: What is the capital of Diti?
Answer:", Fibagi
e3_factual_160m_cell_v3,EleutherAI/pythia-160m-deduped,step8000,8000,0,2026-06-04T15:46:50+0000,injection,post_injection_control,control,0,30,1000030,-1.372663974761963,0,-7.199182033538818,-5.8265180587768555,7.199182033538818,"Question: What is the currency of Done?
Answer:", Finu
e3_factual_160m_cell_v3,EleutherAI/pythia-160m-deduped,step8000,8000,0,2026-06-04T15:46:50+0000,injection,post_injection_control,control,0,31,1000031,-0.25265932083129883,0,-6.168349742889404,-5.9156904220581055,6.168349742889404,"Question: What is the patron of Dosite?
Answer:", Fipo
e3_factual_160m_cell_v3,EleutherAI/pythia-160m-deduped,step8000,8000,0,2026-06-04T15:46:50+0000,injection,post_injection_control,control,0,32,1000032,-3.9645400047302246,0,-10.738924980163574,-6.77438497543335,10.738924980163574,"Question: What is the river of Dozu?
Answer:", Fisege
e3_factual_160m_cell_v3,EleutherAI/pythia-160m-deduped,step8000,8000,0,2026-06-04T15:46:50+0000,injection,post_injection_control,control,0,33,1000033,1.4449496269226074,1,-4.841062068939209,-6.286011695861816,4.841062068939209,"Question: What is the river of Dubili?
Answer:", Fogela
e3_factual_160m_cell_v3,EleutherAI/pythia-160m-deduped,step8000,8000,0,2026-06-04T15:46:50+0000,injection,post_injection_control,control,0,34,1000034,0.03914833068847656,1,-6.588380813598633,-6.627529144287109,6.588380813598633,"Question: What is the river of Dukagi?
Answer:", Fogo
e3_factual_160m_cell_v3,EleutherAI/pythia-160m-deduped,step8000,8000,0,2026-06-04T15:46:50+0000,injection,post_injection_control,control,0,35,1000035,-0.4455604553222656,0,-7.104521751403809,-6.658961296081543,7.104521751403809,"Question: What is the currency of Duredo?
Answer:", Fogoba
e3_factual_160m_cell_v3,EleutherAI/pythia-160m-deduped,step8000,8000,0,2026-06-04T15:46:50+0000,injection,post_injection_control,control,0,36,1000036,-0.6341004371643066,0,-5.26936149597168,-4.635261058807373,5.26936149597168,"Question: What is the capital of Dusido?
Answer:", Foka
e3_factual_160m_cell_v3,EleutherAI/pythia-160m-deduped,step8000,8000,0,2026-06-04T15:46:50+0000,injection,post_injection_control,control,0,37,1000037,1.842392921447754,1,-6.698611259460449,-8.541004180908203,6.698611259460449,"Question: What is the patron of Fegote?
Answer:", Forogu
e3_factual_160m_cell_v3,EleutherAI/pythia-160m-deduped,step8000,8000,0,2026-06-04T15:46:50+0000,injection,post_injection_control,control,0,38,1000038,-0.29503965377807617,0,-7.850937843322754,-7.555898189544678,7.850937843322754,"Question: What is the capital of Fela?
Answer:", Fude
e3_factual_160m_cell_v3,EleutherAI/pythia-160m-deduped,step8000,8000,0,2026-06-04T15:46:50+0000,injection,post_injection_control,control,0,39,1000039,-4.720449447631836,0,-10.90645980834961,-6.186010360717773,10.90645980834961,"Question: What is the patron of Felo?
Answer:", Fukado
e3_factual_160m_cell_v3,EleutherAI/pythia-160m-deduped,step8000,8000,0,2026-06-04T15:46:50+0000,injection,post_injection_control,control,0,40,1000040,-1.582869052886963,0,-6.927488327026367,-5.344619274139404,6.927488327026367,"Question: What is the river of Fesu?
Answer:", Gabufo
e3_factual_160m_cell_v3,EleutherAI/pythia-160m-deduped,step8000,8000,0,2026-06-04T15:46:50+0000,injection,post_injection_control,control,0,41,1000041,-4.432745933532715,0,-9.39865493774414,-4.965909004211426,9.39865493774414,"Question: What is the currency of Fiku?
Answer:", Gedese
e3_factual_160m_cell_v3,EleutherAI/pythia-160m-deduped,step8000,8000,0,2026-06-04T15:46:50+0000,injection,post_injection_control,control,0,42,1000042,-7.206972360610962,0,-10.338916778564453,-3.131944417953491,10.338916778564453,"Question: What is the capital of Fime?
Answer:", Gesate
e3_factual_160m_cell_v3,EleutherAI/pythia-160m-deduped,step8000,8000,0,2026-06-04T15:46:50+0000,injection,post_injection_control,control,0,43,1000043,0.5181303024291992,1,-8.041471481323242,-8.559601783752441,8.041471481323242,"Question: What is the capital of Foto?
Answer:", Gibu
e3_factual_160m_cell_v3,EleutherAI/pythia-160m-deduped,step8000,8000,0,2026-06-04T15:46:50+0000,injection,post_injection_control,control,0,44,1000044,0.9500646591186523,1,-5.421603202819824,-6.371667861938477,5.421603202819824,"Question: What is the patron of Fudi?
Answer:", Gimu
e3_factual_160m_cell_v3,EleutherAI/pythia-160m-deduped,step8000,8000,0,2026-06-04T15:46:50+0000,injection,post_injection_control,control,0,45,1000045,1.406578540802002,1,-5.664945125579834,-7.071523666381836,5.664945125579834,"Question: What is the currency of Fufo?
Answer:", Gine
e3_factual_160m_cell_v3,EleutherAI/pythia-160m-deduped,step8000,8000,0,2026-06-04T15:46:50+0000,injection,post_injection_control,control,0,46,1000046,-5.851386547088623,0,-11.827156066894531,-5.975769519805908,11.827156066894531,"Question: What is the currency of Fupate?
Answer:", Gitati
e3_factual_160m_cell_v3,EleutherAI/pythia-160m-deduped,step8000,8000,0,2026-06-04T15:46:50+0000,injection,post_injection_control,control,0,47,1000047,0.49625539779663086,1,-5.6240386962890625,-6.120294094085693,5.6240386962890625,"Question: What is the river of Gababe?
Answer:", Gubeme
e3_factual_160m_cell_v3,EleutherAI/pythia-160m-deduped,step8000,8000,0,2026-06-04T15:46:50+0000,injection,post_injection_control,control,0,48,1000048,-5.479379653930664,0,-11.149740219116211,-5.670360565185547,11.149740219116211,"Question: What is the river of Gademo?
Answer:", Gunavo
e3_factual_160m_cell_v3,EleutherAI/pythia-160m-deduped,step8000,8000,0,2026-06-04T15:46:50+0000,injection,post_injection_control,control,0,49,1000049,-2.159073829650879,0,-5.801211357116699,-3.6421375274658203,5.801211357116699,"Question: What is the capital of Galo?
Answer:", Kabubo
e3_factual_160m_cell_v3,EleutherAI/pythia-160m-deduped,step8000,8000,0,2026-06-04T15:46:50+0000,injection,post_injection_control,control,0,50,1000050,-1.7683558464050293,0,-8.911473274230957,-7.143117427825928,8.911473274230957,"Question: What is the currency of Gamoki?
Answer:", Kaluna
e3_factual_160m_cell_v3,EleutherAI/pythia-160m-deduped,step8000,8000,0,2026-06-04T15:46:50+0000,injection,post_injection_control,control,0,51,1000051,-3.1554479598999023,0,-7.717584609985352,-4.562136650085449,7.717584609985352,"Question: What is the river of Gapuna?
Answer:", Kaza
e3_factual_160m_cell_v3,EleutherAI/pythia-160m-deduped,step8000,8000,0,2026-06-04T15:46:50+0000,injection,post_injection_control,control,0,52,1000052,-4.0130391120910645,0,-10.557588577270508,-6.544549465179443,10.557588577270508,"Question: What is the river of Geba?
Answer:", Kazaze
e3_factual_160m_cell_v3,EleutherAI/pythia-160m-deduped,step8000,8000,0,2026-06-04T15:46:50+0000,injection,post_injection_control,control,0,53,1000053,-3.1041769981384277,0,-11.003541946411133,-7.899364948272705,11.003541946411133,"Question: What is the currency of Gedolu?
Answer:", Keline
e3_factual_160m_cell_v3,EleutherAI/pythia-160m-deduped,step8000,8000,0,2026-06-04T15:46:50+0000,injection,post_injection_control,control,0,54,1000054,1.848398208618164,1,-4.573312759399414,-6.421710968017578,4.573312759399414,"Question: What is the river of Gegebu?
Answer:", Kesu
e3_factual_160m_cell_v3,EleutherAI/pythia-160m-deduped,step8000,8000,0,2026-06-04T15:46:50+0000,injection,post_injection_control,control,0,55,1000055,0.3260202407836914,1,-7.017245292663574,-7.343265533447266,7.017245292663574,"Question: What is the patron of Gegome?
Answer:", Kesudi
e3_factual_160m_cell_v3,EleutherAI/pythia-160m-deduped,step8000,8000,0,2026-06-04T15:46:50+0000,injection,post_injection_control,control,0,56,1000056,0.8504691123962402,1,-5.528697967529297,-6.379167079925537,5.528697967529297,"Question: What is the patron of Geza?
Answer:", Kibi
e3_factual_160m_cell_v3,EleutherAI/pythia-160m-deduped,step8000,8000,0,2026-06-04T15:46:50+0000,injection,post_injection_control,control,0,57,1000057,-0.04578256607055664,0,-6.404284477233887,-6.35850191116333,6.404284477233887,"Question: What is the capital of Gezure?
Answer:", Kima
e3_factual_160m_cell_v3,EleutherAI/pythia-160m-deduped,step8000,8000,0,2026-06-04T15:46:50+0000,injection,post_injection_control,control,0,58,1000058,-0.09604167938232422,0,-7.608987808227539,-7.512946128845215,7.608987808227539,"Question: What is the patron of Gidate?
Answer:", Kimi
e3_factual_160m_cell_v3,EleutherAI/pythia-160m-deduped,step8000,8000,0,2026-06-04T15:46:50+0000,injection,post_injection_control,control,0,59,1000059,-4.848525047302246,0,-11.18092155456543,-6.332396507263184,11.18092155456543,"Question: What is the capital of Givoso?
Answer:", Kimida
e3_factual_160m_cell_v3,EleutherAI/pythia-160m-deduped,step8000,8000,0,2026-06-04T15:46:50+0000,injection,post_injection_control,control,0,60,1000060,-0.31703662872314453,0,-5.652576446533203,-5.335539817810059,5.652576446533203,"Question: What is the river of Gova?
Answer:", Kino
e3_factual_160m_cell_v3,EleutherAI/pythia-160m-deduped,step8000,8000,0,2026-06-04T15:46:50+0000,injection,post_injection_control,control,0,61,1000061,-3.467072010040283,0,-9.321224212646484,-5.854152202606201,9.321224212646484,"Question: What is the capital of Guba?
Answer:", Kiruze
e3_factual_160m_cell_v3,EleutherAI/pythia-160m-deduped,step8000,8000,0,2026-06-04T15:46:50+0000,injection,post_injection_control,control,0,62,1000062,-1.3596115112304688,0,-7.633208274841309,-6.27359676361084,7.633208274841309,"Question: What is the currency of Gumeso?
Answer:", Kisu
e3_factual_160m_cell_v3,EleutherAI/pythia-160m-deduped,step8000,8000,0,2026-06-04T15:46:50+0000,injection,post_injection_control,control,0,63,1000063,1.8264622688293457,1,-5.528145790100098,-7.354608058929443,5.528145790100098,"Question: What is the patron of Gurava?
Answer:", Kita
e3_factual_160m_cell_v3,EleutherAI/pythia-160m-deduped,step8000,8000,0,2026-06-04T15:46:50+0000,injection,post_injection_control,control,0,64,1000064,-3.3483614921569824,0,-8.166849136352539,-4.818487644195557,8.166849136352539,"Question: What is the capital of Guro?
Answer:", Kivi
e3_factual_160m_cell_v3,EleutherAI/pythia-160m-deduped,step8000,8000,0,2026-06-04T15:46:50+0000,injection,post_injection_control,control,0,65,1000065,0.00354766845703125,1,-4.2730631828308105,-4.276610851287842,4.2730631828308105,"Question: What is the currency of Kafo?
Answer:", Kizu
e3_factual_160m_cell_v3,EleutherAI/pythia-160m-deduped,step8000,8000,0,2026-06-04T15:46:50+0000,injection,post_injection_control,control,0,66,1000066,1.060720443725586,1,-6.075301170349121,-7.136021614074707,6.075301170349121,"Question: What is the currency of Kamoga?
Answer:", Kogupo
e3_factual_160m_cell_v3,EleutherAI/pythia-160m-deduped,step8000,8000,0,2026-06-04T15:46:50+0000,injection,post_injection_control,control,0,67,1000067,-0.7292184829711914,0,-7.091273307800293,-6.362054824829102,7.091273307800293,"Question: What is the capital of Keguna?
Answer:", Koni
e3_factual_160m_cell_v3,EleutherAI/pythia-160m-deduped,step8000,8000,0,2026-06-04T15:46:50+0000,injection,post_injection_control,control,0,68,1000068,0.3333749771118164,1,-5.443687438964844,-5.77706241607666,5.443687438964844,"Question: What is the currency of Keze?
Answer:", Kopapo
e3_factual_160m_cell_v3,EleutherAI/pythia-160m-deduped,step8000,8000,0,2026-06-04T15:46:50+0000,injection,post_injection_control,control,0,69,1000069,-6.108985185623169,0,-8.492911338806152,-2.3839261531829834,8.492911338806152,"Question: What is the capital of Kitubo?
Answer:", Korane
e3_factual_160m_cell_v3,EleutherAI/pythia-160m-deduped,step8000,8000,0,2026-06-04T15:46:50+0000,injection,post_injection_control,control,0,70,1000070,-5.717612266540527,0,-10.420634269714355,-4.703022003173828,10.420634269714355,"Question: What is the patron of Kivoli?
Answer:", Kubeli
e3_factual_160m_cell_v3,EleutherAI/pythia-160m-deduped,step8000,8000,0,2026-06-04T15:46:50+0000,injection,post_injection_control,control,0,71,1000071,-6.207379341125488,0,-10.848934173583984,-4.641554832458496,10.848934173583984,"Question: What is the capital of Komu?
Answer:", Kuboto
e3_factual_160m_cell_v3,EleutherAI/pythia-160m-deduped,step8000,8000,0,2026-06-04T15:46:50+0000,injection,post_injection_control,control,0,72,1000072,2.1274003982543945,1,-4.569018363952637,-6.696418762207031,4.569018363952637,"Question: What is the river of Kulo?
Answer:", Kupo
e3_factual_160m_cell_v3,EleutherAI/pythia-160m-deduped,step8000,8000,0,2026-06-04T15:46:50+0000,injection,post_injection_control,control,0,73,1000073,-7.000207901000977,0,-13.378604888916016,-6.378396987915039,13.378604888916016,"Question: What is the currency of Kuzapa?
Answer:", Lafape
e3_factual_160m_cell_v3,EleutherAI/pythia-160m-deduped,step8000,8000,0,2026-06-04T15:46:50+0000,injection,post_injection_control,control,0,74,1000074,2.2819418907165527,1,-4.424582004547119,-6.706523895263672,4.424582004547119,"Question: What is the river of Lapodo?
Answer:", Lani
e3_factual_160m_cell_v3,EleutherAI/pythia-160m-deduped,step8000,8000,0,2026-06-04T15:46:50+0000,injection,post_injection_control,control,0,75,1000075,1.3428354263305664,1,-6.398209095001221,-7.741044521331787,6.398209095001221,"Question: What is the currency of Ledibo?
Answer:", Ligi
e3_factual_160m_cell_v3,EleutherAI/pythia-160m-deduped,step8000,8000,0,2026-06-04T15:46:50+0000,injection,post_injection_control,control,0,76,1000076,0.19851112365722656,1,-6.921425819396973,-7.119936943054199,6.921425819396973,"Question: What is the river of Ledopa?
Answer:", Lileli
e3_factual_160m_cell_v3,EleutherAI/pythia-160m-deduped,step8000,8000,0,2026-06-04T15:46:50+0000,injection,post_injection_control,control,0,77,1000077,-1.9537863731384277,0,-8.331864356994629,-6.378077983856201,8.331864356994629,"Question: What is the currency of Lefi?
Answer:", Liro
e3_factual_160m_cell_v3,EleutherAI/pythia-160m-deduped,step8000,8000,0,2026-06-04T15:46:50+0000,injection,post_injection_control,control,0,78,1000078,-0.890556812286377,0,-5.55466890335083,-4.664112091064453,5.55466890335083,"Question: What is the river of Lemo?
Answer:", Livo
e3_factual_160m_cell_v3,EleutherAI/pythia-160m-deduped,step8000,8000,0,2026-06-04T15:46:50+0000,injection,post_injection_control,control,0,79,1000079,-1.07124662399292,0,-6.547389030456543,-5.476142406463623,6.547389030456543,"Question: What is the capital of Leti?
Answer:", Loda
e3_factual_160m_cell_v3,EleutherAI/pythia-160m-deduped,step8000,8000,0,2026-06-04T15:46:50+0000,injection,post_injection_control,control,0,80,1000080,-2.0559170246124268,0,-5.651259422302246,-3.5953423976898193,5.651259422302246,"Question: What is the capital of Libi?
Answer:", Lova
e3_factual_160m_cell_v3,EleutherAI/pythia-160m-deduped,step8000,8000,0,2026-06-04T15:46:50+0000,injection,post_injection_control,control,0,81,1000081,1.9491653442382812,1,-4.300302505493164,-6.249467849731445,4.300302505493164,"Question: What is the capital of Ligu?
Answer:", Lupeze
e3_factual_160m_cell_v3,EleutherAI/pythia-160m-deduped,step8000,8000,0,2026-06-04T15:46:50+0000,injection,post_injection_control,control,0,82,1000082,-3.3747711181640625,0,-9.324798583984375,-5.9500274658203125,9.324798583984375,"Question: What is the patron of Ligubi?
Answer:", Medito
e3_factual_160m_cell_v3,EleutherAI/pythia-160m-deduped,step8000,8000,0,2026-06-04T15:46:50+0000,injection,post_injection_control,control,0,83,1000083,1.6458768844604492,1,-5.634110450744629,-7.279987335205078,5.634110450744629,"Question: What is the currency of Limata?
Answer:", Mese
e3_factual_160m_cell_v3,EleutherAI/pythia-160m-deduped,step8000,8000,0,2026-06-04T15:46:50+0000,injection,post_injection_control,control,0,84,1000084,-6.276700019836426,0,-12.53160285949707,-6.2549028396606445,12.53160285949707,"Question: What is the currency of Logi?
Answer:", Mikori
e3_factual_160m_cell_v3,EleutherAI/pythia-160m-deduped,step8000,8000,0,2026-06-04T15:46:50+0000,injection,post_injection_control,control,0,85,1000085,-2.4595470428466797,0,-7.5018110275268555,-5.042263984680176,7.5018110275268555,"Question: What is the river of Losevo?
Answer:", Mipe
e3_factual_160m_cell_v3,EleutherAI/pythia-160m-deduped,step8000,8000,0,2026-06-04T15:46:50+0000,injection,post_injection_control,control,0,86,1000086,-4.916892051696777,0,-9.809932708740234,-4.893040657043457,9.809932708740234,"Question: What is the river of Losibe?
Answer:", Mirasa
e3_factual_160m_cell_v3,EleutherAI/pythia-160m-deduped,step8000,8000,0,2026-06-04T15:46:50+0000,injection,post_injection_control,control,0,87,1000087,-2.306922435760498,0,-6.421576499938965,-4.114654064178467,6.421576499938965,"Question: What is the capital of Luli?
Answer:", Mise
e3_factual_160m_cell_v3,EleutherAI/pythia-160m-deduped,step8000,8000,0,2026-06-04T15:46:50+0000,injection,post_injection_control,control,0,88,1000088,-1.6927604675292969,0,-8.971494674682617,-7.27873420715332,8.971494674682617,"Question: What is the patron of Lume?
Answer:", Mivoto
e3_factual_160m_cell_v3,EleutherAI/pythia-160m-deduped,step8000,8000,0,2026-06-04T15:46:50+0000,injection,post_injection_control,control,0,89,1000089,-0.7250871658325195,0,-8.124004364013672,-7.398917198181152,8.124004364013672,"Question: What is the currency of Mato?
Answer:", Mizina
e3_factual_160m_cell_v3,EleutherAI/pythia-160m-deduped,step8000,8000,0,2026-06-04T15:46:50+0000,injection,post_injection_control,control,0,90,1000090,-0.6543197631835938,0,-6.560720443725586,-5.906400680541992,6.560720443725586,"Question: What is the patron of Mavadi?
Answer:", Moga
e3_factual_160m_cell_v3,EleutherAI/pythia-160m-deduped,step8000,8000,0,2026-06-04T15:46:50+0000,injection,post_injection_control,control,0,91,1000091,-1.23594331741333,0,-8.764598846435547,-7.528655529022217,8.764598846435547,"Question: What is the capital of Meberi?
Answer:", Momera
e3_factual_160m_cell_v3,EleutherAI/pythia-160m-deduped,step8000,8000,0,2026-06-04T15:46:50+0000,injection,post_injection_control,control,0,92,1000092,-0.9662899971008301,0,-6.076949119567871,-5.110659122467041,6.076949119567871,"Question: What is the currency of Megu?
Answer:", Mone
e3_factual_160m_cell_v3,EleutherAI/pythia-160m-deduped,step8000,8000,0,2026-06-04T15:46:50+0000,injection,post_injection_control,control,0,93,1000093,-2.177492141723633,0,-7.085604667663574,-4.908112525939941,7.085604667663574,"Question: What is the river of Meki?
Answer:", Monefo
e3_factual_160m_cell_v3,EleutherAI/pythia-160m-deduped,step8000,8000,0,2026-06-04T15:46:50+0000,injection,post_injection_control,control,0,94,1000094,-0.7139859199523926,0,-6.019963264465332,-5.3059773445129395,6.019963264465332,"Question: What is the currency of Mikilo?
Answer:", Moti
e3_factual_160m_cell_v3,EleutherAI/pythia-160m-deduped,step8000,8000,0,2026-06-04T15:46:50+0000,injection,post_injection_control,control,0,95,1000095,-3.6299829483032227,0,-8.857406616210938,-5.227423667907715,8.857406616210938,"Question: What is the river of Miva?
Answer:", Mukeno
e3_factual_160m_cell_v3,EleutherAI/pythia-160m-deduped,step8000,8000,0,2026-06-04T15:46:50+0000,injection,post_injection_control,control,0,96,1000096,-1.1438798904418945,0,-6.900905609130859,-5.757025718688965,6.900905609130859,"Question: What is the currency of Mobinu?
Answer:", Mulefi
e3_factual_160m_cell_v3,EleutherAI/pythia-160m-deduped,step8000,8000,0,2026-06-04T15:46:50+0000,injection,post_injection_control,control,0,97,1000097,-1.3111577033996582,0,-6.114980220794678,-4.8038225173950195,6.114980220794678,"Question: What is the river of Molefi?
Answer:", Mure
e3_factual_160m_cell_v3,EleutherAI/pythia-160m-deduped,step8000,8000,0,2026-06-04T15:46:50+0000,injection,post_injection_control,control,0,98,1000098,-1.230839729309082,0,-6.826043128967285,-5.595203399658203,6.826043128967285,"Question: What is the capital of Momi?
Answer:", Nadefi
e3_factual_160m_cell_v3,EleutherAI/pythia-160m-deduped,step8000,8000,0,2026-06-04T15:46:50+0000,injection,post_injection_control,control,0,99,1000099,-1.5663342475891113,0,-6.715145587921143,-5.148811340332031,6.715145587921143,"Question: What is the capital of More?
Answer:", Nadu
e3_factual_160m_cell_v3,EleutherAI/pythia-160m-deduped,step8000,8000,0,2026-06-04T15:46:50+0000,injection,post_injection_control,control,0,100,1000100,-6.474771022796631,0,-12.734589576721191,-6.2598185539245605,12.734589576721191,"Question: What is the capital of Mosa?
Answer:", Nate
e3_factual_160m_cell_v3,EleutherAI/pythia-160m-deduped,step8000,8000,0,2026-06-04T15:46:50+0000,injection,post_injection_control,control,0,101,1000101,1.7545580863952637,1,-5.096249580383301,-6.8508076667785645,5.096249580383301,"Question: What is the river of Mukeve?
Answer:", Negi
e3_factual_160m_cell_v3,EleutherAI/pythia-160m-deduped,step8000,8000,0,2026-06-04T15:46:50+0000,injection,post_injection_control,control,0,102,1000102,-4.770092487335205,0,-10.942525863647461,-6.172433376312256,10.942525863647461,"Question: What is the patron of Mula?
Answer:", Nemega
e3_factual_160m_cell_v3,EleutherAI/pythia-160m-deduped,step8000,8000,0,2026-06-04T15:46:50+0000,injection,post_injection_control,control,0,103,1000103,-0.457517147064209,0,-6.684283256530762,-6.226766109466553,6.684283256530762,"Question: What is the patron of Musi?
Answer:", Nepevo
e3_factual_160m_cell_v3,EleutherAI/pythia-160m-deduped,step8000,8000,0,2026-06-04T15:46:50+0000,injection,post_injection_control,control,0,104,1000104,-6.70111083984375,0,-12.46336555480957,-5.76225471496582,12.46336555480957,"Question: What is the capital of Muta?
Answer:", Nigige
e3_factual_160m_cell_v3,EleutherAI/pythia-160m-deduped,step8000,8000,0,2026-06-04T15:46:50+0000,injection,post_injection_control,control,0,105,1000105,0.05068016052246094,1,-5.777402877807617,-5.828083038330078,5.777402877807617,"Question: What is the patron of Mutate?
Answer:", Nobufu
e3_factual_160m_cell_v3,EleutherAI/pythia-160m-deduped,step8000,8000,0,2026-06-04T15:46:50+0000,injection,post_injection_control,control,0,106,1000106,-1.9439988136291504,0,-7.5273566246032715,-5.583357810974121,7.5273566246032715,"Question: What is the currency of Nebu?
Answer:", Nodiku
e3_factual_160m_cell_v3,EleutherAI/pythia-160m-deduped,step8000,8000,0,2026-06-04T15:46:50+0000,injection,post_injection_control,control,0,107,1000107,0.20637130737304688,1,-5.869257926940918,-6.075629234313965,5.869257926940918,"Question: What is the patron of Nepu?
Answer:", Nokesu
e3_factual_160m_cell_v3,EleutherAI/pythia-160m-deduped,step8000,8000,0,2026-06-04T15:46:50+0000,injection,post_injection_control,control,0,108,1000108,-3.333528995513916,0,-8.38868522644043,-5.055156230926514,8.38868522644043,"Question: What is the currency of Neso?
Answer:", None
e3_factual_160m_cell_v3,EleutherAI/pythia-160m-deduped,step8000,8000,0,2026-06-04T15:46:50+0000,injection,post_injection_control,control,0,109,1000109,-1.5076408386230469,0,-8.45932674407959,-6.951685905456543,8.45932674407959,"Question: What is the currency of Niba?
Answer:", Nove
e3_factual_160m_cell_v3,EleutherAI/pythia-160m-deduped,step8000,8000,0,2026-06-04T15:46:50+0000,injection,post_injection_control,control,0,110,1000110,-3.73966121673584,0,-10.499248504638672,-6.759587287902832,10.499248504638672,"Question: What is the river of Niruse?
Answer:", Para
e3_factual_160m_cell_v3,EleutherAI/pythia-160m-deduped,step8000,8000,0,2026-06-04T15:46:50+0000,injection,post_injection_control,control,0,111,1000111,-8.481951236724854,0,-14.741292953491211,-6.259341716766357,14.741292953491211,"Question: What is the currency of Nisoda?
Answer:", Pero
e3_factual_160m_cell_v3,EleutherAI/pythia-160m-deduped,step8000,8000,0,2026-06-04T15:46:50+0000,injection,post_injection_control,control,0,112,1000112,-0.6739468574523926,0,-5.76995849609375,-5.096011638641357,5.76995849609375,"Question: What is the capital of Nito?
Answer:", Piba
e3_factual_160m_cell_v3,EleutherAI/pythia-160m-deduped,step8000,8000,0,2026-06-04T15:46:50+0000,injection,post_injection_control,control,0,113,1000113,-0.3810725212097168,0,-7.059140205383301,-6.678067684173584,7.059140205383301,"Question: What is the river of Nogo?
Answer:", Pikona
e3_factual_160m_cell_v3,EleutherAI/pythia-160m-deduped,step8000,8000,0,2026-06-04T15:46:50+0000,injection,post_injection_control,control,0,114,1000114,0.22674274444580078,1,-6.1876373291015625,-6.414380073547363,6.1876373291015625,"Question: What is the river of Nokoga?
Answer:", Pipeba
e3_factual_160m_cell_v3,EleutherAI/pythia-160m-deduped,step8000,8000,0,2026-06-04T15:46:50+0000,injection,post_injection_control,control,0,115,1000115,-4.0195722579956055,0,-8.166539192199707,-4.146966934204102,8.166539192199707,"Question: What is the river of Nopu?
Answer:", Pivipe
e3_factual_160m_cell_v3,EleutherAI/pythia-160m-deduped,step8000,8000,0,2026-06-04T15:46:50+0000,injection,post_injection_control,control,0,116,1000116,-1.0902647972106934,0,-6.074876308441162,-4.984611511230469,6.074876308441162,"Question: What is the patron of Nuda?
Answer:", Poke
e3_factual_160m_cell_v3,EleutherAI/pythia-160m-deduped,step8000,8000,0,2026-06-04T15:46:50+0000,injection,post_injection_control,control,0,117,1000117,-0.24799299240112305,0,-6.449647426605225,-6.201654434204102,6.449647426605225,"Question: What is the currency of Nudigo?
Answer:", Posi
e3_factual_160m_cell_v3,EleutherAI/pythia-160m-deduped,step8000,8000,0,2026-06-04T15:46:50+0000,injection,post_injection_control,control,0,118,1000118,-3.748523235321045,0,-9.707106590270996,-5.958583354949951,9.707106590270996,"Question: What is the currency of Nudo?
Answer:", Potiga
e3_factual_160m_cell_v3,EleutherAI/pythia-160m-deduped,step8000,8000,0,2026-06-04T15:46:50+0000,injection,post_injection_control,control,0,119,1000119,3.9271318912506104,1,-2.789105176925659,-6.7162370681762695,2.789105176925659,"Question: What is the patron of Padupe?
Answer:", Pozi
e3_factual_160m_cell_v3,EleutherAI/pythia-160m-deduped,step8000,8000,0,2026-06-04T15:46:50+0000,injection,post_injection_control,control,0,120,1000120,1.5580525398254395,1,-4.008519172668457,-5.5665717124938965,4.008519172668457,"Question: What is the patron of Papo?
Answer:", Pozove
e3_factual_160m_cell_v3,EleutherAI/pythia-160m-deduped,step8000,8000,0,2026-06-04T15:46:50+0000,injection,post_injection_control,control,0,121,1000121,3.2453560829162598,1,-4.7628703117370605,-8.00822639465332,4.7628703117370605,"Question: What is the patron of Pavu?
Answer:", Pudimi
e3_factual_160m_cell_v3,EleutherAI/pythia-160m-deduped,step8000,8000,0,2026-06-04T15:46:50+0000,injection,post_injection_control,control,0,122,1000122,0.8619065284729004,1,-5.469790458679199,-6.3316969871521,5.469790458679199,"Question: What is the patron of Pedima?
Answer:", Pule
e3_factual_160m_cell_v3,EleutherAI/pythia-160m-deduped,step8000,8000,0,2026-06-04T15:46:50+0000,injection,post_injection_control,control,0,123,1000123,-0.9766311645507812,0,-6.41025447845459,-5.433623313903809,6.41025447845459,"Question: What is the patron of Pekapi?
Answer:", Ragu
e3_factual_160m_cell_v3,EleutherAI/pythia-160m-deduped,step8000,8000,0,2026-06-04T15:46:50+0000,injection,post_injection_control,control,0,124,1000124,-1.7342453002929688,0,-7.738460540771484,-6.004215240478516,7.738460540771484,"Question: What is the currency of Peru?
Answer:", Rato
e3_factual_160m_cell_v3,EleutherAI/pythia-160m-deduped,step8000,8000,0,2026-06-04T15:46:50+0000,injection,post_injection_control,control,0,125,1000125,-2.932149887084961,0,-10.011934280395508,-7.079784393310547,10.011934280395508,"Question: What is the patron of Pesu?
Answer:", Razaba
e3_factual_160m_cell_v3,EleutherAI/pythia-160m-deduped,step8000,8000,0,2026-06-04T15:46:50+0000,injection,post_injection_control,control,0,126,1000126,0.8321771621704102,1,-6.736349582672119,-7.568526744842529,6.736349582672119,"Question: What is the patron of Pireta?
Answer:", Regu
e3_factual_160m_cell_v3,EleutherAI/pythia-160m-deduped,step8000,8000,0,2026-06-04T15:46:50+0000,injection,post_injection_control,control,0,127,1000127,-7.941035270690918,0,-13.976142883300781,-6.035107612609863,13.976142883300781,"Question: What is the river of Piti?
Answer:", Reguga
e3_factual_160m_cell_v3,EleutherAI/pythia-160m-deduped,step8000,8000,0,2026-06-04T15:46:50+0000,injection,post_injection_control,control,0,128,1000128,-8.38651967048645,0,-11.74638557434082,-3.35986590385437,11.74638557434082,"Question: What is the river of Pivugu?
Answer:", Reseba
e3_factual_160m_cell_v3,EleutherAI/pythia-160m-deduped,step8000,8000,0,2026-06-04T15:46:50+0000,injection,post_injection_control,control,0,129,1000129,-0.4084339141845703,0,-6.786120891571045,-6.377686977386475,6.786120891571045,"Question: What is the capital of Pofebu?
Answer:", Riniba
e3_factual_160m_cell_v3,EleutherAI/pythia-160m-deduped,step8000,8000,0,2026-06-04T15:46:50+0000,injection,post_injection_control,control,0,130,1000130,-2.1376190185546875,0,-7.762977123260498,-5.6253581047058105,7.762977123260498,"Question: What is the currency of Pola?
Answer:", Rizura
e3_factual_160m_cell_v3,EleutherAI/pythia-160m-deduped,step8000,8000,0,2026-06-04T15:46:50+0000,injection,post_injection_control,control,0,131,1000131,-0.3517270088195801,0,-5.859559535980225,-5.5078325271606445,5.859559535980225,"Question: What is the patron of Pono?
Answer:", Rofuga
e3_factual_160m_cell_v3,EleutherAI/pythia-160m-deduped,step8000,8000,0,2026-06-04T15:46:50+0000,injection,post_injection_control,control,0,132,1000132,-1.2682991027832031,0,-7.5866217613220215,-6.318322658538818,7.5866217613220215,"Question: What is the patron of Puku?
Answer:", Romo
e3_factual_160m_cell_v3,EleutherAI/pythia-160m-deduped,step8000,8000,0,2026-06-04T15:46:50+0000,injection,post_injection_control,control,0,133,1000133,-0.06411552429199219,0,-7.10388708114624,-7.039771556854248,7.10388708114624,"Question: What is the capital of Putemu?
Answer:", Rotege
e3_factual_160m_cell_v3,EleutherAI/pythia-160m-deduped,step8000,8000,0,2026-06-04T15:46:50+0000,injection,post_injection_control,control,0,134,1000134,-0.19942140579223633,0,-7.075012683868408,-6.875591278076172,7.075012683868408,"Question: What is the currency of Rara?
Answer:", Rugo
e3_factual_160m_cell_v3,EleutherAI/pythia-160m-deduped,step8000,8000,0,2026-06-04T15:46:50+0000,injection,post_injection_control,control,0,135,1000135,-2.3072919845581055,0,-6.108716011047363,-3.801424026489258,6.108716011047363,"Question: What is the capital of Reko?
Answer:", Runo
e3_factual_160m_cell_v3,EleutherAI/pythia-160m-deduped,step8000,8000,0,2026-06-04T15:46:50+0000,injection,post_injection_control,control,0,136,1000136,-1.0202832221984863,0,-5.834774017333984,-4.814490795135498,5.834774017333984,"Question: What is the patron of Ribiza?
Answer:", Runutu
e3_factual_160m_cell_v3,EleutherAI/pythia-160m-deduped,step8000,8000,0,2026-06-04T15:46:50+0000,injection,post_injection_control,control,0,137,1000137,0.7003331184387207,1,-6.450423240661621,-7.150756359100342,6.450423240661621,"Question: What is the capital of Rifa?
Answer:", Rupeda
e3_factual_160m_cell_v3,EleutherAI/pythia-160m-deduped,step8000,8000,0,2026-06-04T15:46:50+0000,injection,post_injection_control,control,0,138,1000138,1.846628189086914,1,-4.9485063552856445,-6.795134544372559,4.9485063552856445,"Question: What is the river of Rige?
Answer:", Rupu
e3_factual_160m_cell_v3,EleutherAI/pythia-160m-deduped,step8000,8000,0,2026-06-04T15:46:50+0000,injection,post_injection_control,control,0,139,1000139,-0.5720047950744629,0,-6.844327449798584,-6.272322654724121,6.844327449798584,"Question: What is the currency of Risu?
Answer:", Rutaso
e3_factual_160m_cell_v3,EleutherAI/pythia-160m-deduped,step8000,8000,0,2026-06-04T15:46:50+0000,injection,post_injection_control,control,0,140,1000140,1.0150485038757324,1,-5.987632751464844,-7.002681255340576,5.987632751464844,"Question: What is the capital of Rizo?
Answer:", Rutu
e3_factual_160m_cell_v3,EleutherAI/pythia-160m-deduped,step8000,8000,0,2026-06-04T15:46:50+0000,injection,post_injection_control,control,0,141,1000141,-1.1943573951721191,0,-6.8989739418029785,-5.704616546630859,6.8989739418029785,"Question: What is the patron of Robubu?
Answer:", Sapa
e3_factual_160m_cell_v3,EleutherAI/pythia-160m-deduped,step8000,8000,0,2026-06-04T15:46:50+0000,injection,post_injection_control,control,0,142,1000142,-2.003685474395752,0,-7.684961795806885,-5.681276321411133,7.684961795806885,"Question: What is the capital of Rona?
Answer:", Sasa
e3_factual_160m_cell_v3,EleutherAI/pythia-160m-deduped,step8000,8000,0,2026-06-04T15:46:50+0000,injection,post_injection_control,control,0,143,1000143,-3.2615890502929688,0,-8.032347679138184,-4.770758628845215,8.032347679138184,"Question: What is the currency of Rubu?
Answer:", Sate
e3_factual_160m_cell_v3,EleutherAI/pythia-160m-deduped,step8000,8000,0,2026-06-04T15:46:50+0000,injection,post_injection_control,control,0,144,1000144,-3.593679904937744,0,-9.401315689086914,-5.80763578414917,9.401315689086914,"Question: What is the currency of Rulo?
Answer:", Satosa
e3_factual_160m_cell_v3,EleutherAI/pythia-160m-deduped,step8000,8000,0,2026-06-04T15:46:50+0000,injection,post_injection_control,control,0,145,1000145,-2.1321091651916504,0,-9.233970642089844,-7.101861476898193,9.233970642089844,"Question: What is the currency of Ruro?
Answer:", Sefuna
e3_factual_160m_cell_v3,EleutherAI/pythia-160m-deduped,step8000,8000,0,2026-06-04T15:46:50+0000,injection,post_injection_control,control,0,146,1000146,-0.3272972106933594,0,-4.998067855834961,-4.670770645141602,4.998067855834961,"Question: What is the currency of Safuki?
Answer:", Sikole
e3_factual_160m_cell_v3,EleutherAI/pythia-160m-deduped,step8000,8000,0,2026-06-04T15:46:50+0000,injection,post_injection_control,control,0,147,1000147,3.7511487007141113,1,-3.9519476890563965,-7.703096389770508,3.9519476890563965,"Question: What is the currency of Sarasu?
Answer:", Sodori
e3_factual_160m_cell_v3,EleutherAI/pythia-160m-deduped,step8000,8000,0,2026-06-04T15:46:50+0000,injection,post_injection_control,control,0,148,1000148,-8.131465435028076,0,-12.434791564941406,-4.30332612991333,12.434791564941406,"Question: What is the capital of Sarona?
Answer:", Surere
e3_factual_160m_cell_v3,EleutherAI/pythia-160m-deduped,step8000,8000,0,2026-06-04T15:46:50+0000,injection,post_injection_control,control,0,149,1000149,0.18387460708618164,1,-6.263006687164307,-6.446881294250488,6.263006687164307,"Question: What is the currency of Savu?
Answer:", Suri
e3_factual_160m_cell_v3,EleutherAI/pythia-160m-deduped,step8000,8000,0,2026-06-04T15:46:50+0000,injection,post_injection_control,control,0,150,1000150,-0.7944431304931641,0,-6.897520065307617,-6.103076934814453,6.897520065307617,"Question: What is the river of Sazu?
Answer:", Suzo
e3_factual_160m_cell_v3,EleutherAI/pythia-160m-deduped,step8000,8000,0,2026-06-04T15:46:50+0000,injection,post_injection_control,control,0,151,1000151,-0.1469717025756836,0,-6.072510719299316,-5.925539016723633,6.072510719299316,"Question: What is the patron of Sedilu?
Answer:", Tadagu
e3_factual_160m_cell_v3,EleutherAI/pythia-160m-deduped,step8000,8000,0,2026-06-04T15:46:50+0000,injection,post_injection_control,control,0,152,1000152,0.28088855743408203,1,-6.114370822906494,-6.395259380340576,6.114370822906494,"Question: What is the currency of Sike?
Answer:", Tade
e3_factual_160m_cell_v3,EleutherAI/pythia-160m-deduped,step8000,8000,0,2026-06-04T15:46:50+0000,injection,post_injection_control,control,0,153,1000153,-0.58050537109375,0,-7.447049140930176,-6.866543769836426,7.447049140930176,"Question: What is the currency of Sirozi?
Answer:", Taku
e3_factual_160m_cell_v3,EleutherAI/pythia-160m-deduped,step8000,8000,0,2026-06-04T15:46:50+0000,injection,post_injection_control,control,0,154,1000154,-1.9475317001342773,0,-7.95957088470459,-6.0120391845703125,7.95957088470459,"Question: What is the patron of Sonu?
Answer:", Tatipi
e3_factual_160m_cell_v3,EleutherAI/pythia-160m-deduped,step8000,8000,0,2026-06-04T15:46:50+0000,injection,post_injection_control,control,0,155,1000155,-6.110844612121582,0,-10.442485809326172,-4.33164119720459,10.442485809326172,"Question: What is the patron of Sorolu?
Answer:", Tedagi
e3_factual_160m_cell_v3,EleutherAI/pythia-160m-deduped,step8000,8000,0,2026-06-04T15:46:50+0000,injection,post_injection_control,control,0,156,1000156,0.5800256729125977,1,-5.2504167556762695,-5.830442428588867,5.2504167556762695,"Question: What is the river of Sozeki?
Answer:", Tefu
e3_factual_160m_cell_v3,EleutherAI/pythia-160m-deduped,step8000,8000,0,2026-06-04T15:46:50+0000,injection,post_injection_control,control,0,157,1000157,-0.250518798828125,0,-6.006914138793945,-5.75639533996582,6.006914138793945,"Question: What is the capital of Suka?
Answer:", Tekebu
e3_factual_160m_cell_v3,EleutherAI/pythia-160m-deduped,step8000,8000,0,2026-06-04T15:46:50+0000,injection,post_injection_control,control,0,158,1000158,-0.8264126777648926,0,-5.070572376251221,-4.244159698486328,5.070572376251221,"Question: What is the river of Taruva?
Answer:", Tero
e3_factual_160m_cell_v3,EleutherAI/pythia-160m-deduped,step8000,8000,0,2026-06-04T15:46:50+0000,injection,post_injection_control,control,0,159,1000159,-0.18520402908325195,0,-7.1799116134643555,-6.9947075843811035,7.1799116134643555,"Question: What is the patron of Tazu?
Answer:", Tibe
e3_factual_160m_cell_v3,EleutherAI/pythia-160m-deduped,step8000,8000,0,2026-06-04T15:46:50+0000,injection,post_injection_control,control,0,160,1000160,-0.49957990646362305,0,-6.366229057312012,-5.866649150848389,6.366229057312012,"Question: What is the patron of Temubi?
Answer:", Tinu
e3_factual_160m_cell_v3,EleutherAI/pythia-160m-deduped,step8000,8000,0,2026-06-04T15:46:50+0000,injection,post_injection_control,control,0,161,1000161,0.7782950401306152,1,-6.661709785461426,-7.440004825592041,6.661709785461426,"Question: What is the patron of Time?
Answer:", Tizeku
e3_factual_160m_cell_v3,EleutherAI/pythia-160m-deduped,step8000,8000,0,2026-06-04T15:46:50+0000,injection,post_injection_control,control,0,162,1000162,0.1434636116027832,1,-6.183062553405762,-6.326526165008545,6.183062553405762,"Question: What is the capital of Timo?
Answer:", Tizo
e3_factual_160m_cell_v3,EleutherAI/pythia-160m-deduped,step8000,8000,0,2026-06-04T15:46:50+0000,injection,post_injection_control,control,0,163,1000163,3.535496234893799,1,-3.8667726516723633,-7.402268886566162,3.8667726516723633,"Question: What is the patron of Toso?
Answer:", Tole
e3_factual_160m_cell_v3,EleutherAI/pythia-160m-deduped,step8000,8000,0,2026-06-04T15:46:50+0000,injection,post_injection_control,control,0,164,1000164,-3.9755420684814453,0,-8.650009155273438,-4.674467086791992,8.650009155273438,"Question: What is the capital of Totu?
Answer:", Topa
e3_factual_160m_cell_v3,EleutherAI/pythia-160m-deduped,step8000,8000,0,2026-06-04T15:46:50+0000,injection,post_injection_control,control,0,165,1000165,-0.014184951782226562,0,-5.385288238525391,-5.371103286743164,5.385288238525391,"Question: What is the patron of Toze?
Answer:", Tutoze
e3_factual_160m_cell_v3,EleutherAI/pythia-160m-deduped,step8000,8000,0,2026-06-04T15:46:50+0000,injection,post_injection_control,control,0,166,1000166,1.2645549774169922,1,-5.194613456726074,-6.459168434143066,5.194613456726074,"Question: What is the river of Vadu?
Answer:", Vafa
e3_factual_160m_cell_v3,EleutherAI/pythia-160m-deduped,step8000,8000,0,2026-06-04T15:46:50+0000,injection,post_injection_control,control,0,167,1000167,-0.2210068702697754,0,-5.413424968719482,-5.192418098449707,5.413424968719482,"Question: What is the river of Vamo?
Answer:", Vamite
e3_factual_160m_cell_v3,EleutherAI/pythia-160m-deduped,step8000,8000,0,2026-06-04T15:46:50+0000,injection,post_injection_control,control,0,168,1000168,4.357666492462158,1,-2.992614269256592,-7.35028076171875,2.992614269256592,"Question: What is the river of Vaniva?
Answer:", Vata
e3_factual_160m_cell_v3,EleutherAI/pythia-160m-deduped,step8000,8000,0,2026-06-04T15:46:50+0000,injection,post_injection_control,control,0,169,1000169,1.6975276470184326,1,-3.3259646892547607,-5.023492336273193,3.3259646892547607,"Question: What is the capital of Varopu?
Answer:", Vebo
e3_factual_160m_cell_v3,EleutherAI/pythia-160m-deduped,step8000,8000,0,2026-06-04T15:46:50+0000,injection,post_injection_control,control,0,170,1000170,4.444141864776611,1,-3.119715690612793,-7.563857555389404,3.119715690612793,"Question: What is the patron of Vaviba?
Answer:", Vefa
e3_factual_160m_cell_v3,EleutherAI/pythia-160m-deduped,step8000,8000,0,2026-06-04T15:46:50+0000,injection,post_injection_control,control,0,171,1000171,0.9151711463928223,1,-4.7301836013793945,-5.645354747772217,4.7301836013793945,"Question: What is the river of Vera?
Answer:", Vese
e3_factual_160m_cell_v3,EleutherAI/pythia-160m-deduped,step8000,8000,0,2026-06-04T15:46:50+0000,injection,post_injection_control,control,0,172,1000172,-2.0267062187194824,0,-6.118133544921875,-4.091427326202393,6.118133544921875,"Question: What is the currency of Vezege?
Answer:", Vidali
e3_factual_160m_cell_v3,EleutherAI/pythia-160m-deduped,step8000,8000,0,2026-06-04T15:46:50+0000,injection,post_injection_control,control,0,173,1000173,0.0887751579284668,1,-5.169835567474365,-5.258610725402832,5.169835567474365,"Question: What is the currency of Vikafo?
Answer:", Viga
e3_factual_160m_cell_v3,EleutherAI/pythia-160m-deduped,step8000,8000,0,2026-06-04T15:46:50+0000,injection,post_injection_control,control,0,174,1000174,0.06243324279785156,1,-4.546643257141113,-4.609076499938965,4.546643257141113,"Question: What is the patron of Vilado?
Answer:", Vilu
e3_factual_160m_cell_v3,EleutherAI/pythia-160m-deduped,step8000,8000,0,2026-06-04T15:46:50+0000,injection,post_injection_control,control,0,175,1000175,1.6350650787353516,1,-5.61708927154541,-7.252154350280762,5.61708927154541,"Question: What is the river of Vimi?
Answer:", Vimiga
e3_factual_160m_cell_v3,EleutherAI/pythia-160m-deduped,step8000,8000,0,2026-06-04T15:46:50+0000,injection,post_injection_control,control,0,176,1000176,-4.3789496421813965,0,-9.698909759521484,-5.319960117340088,9.698909759521484,"Question: What is the river of Vinuki?
Answer:", Virila
e3_factual_160m_cell_v3,EleutherAI/pythia-160m-deduped,step8000,8000,0,2026-06-04T15:46:50+0000,injection,post_injection_control,control,0,177,1000177,-2.099971294403076,0,-6.224324703216553,-4.124353408813477,6.224324703216553,"Question: What is the patron of Visuve?
Answer:", Virufa
e3_factual_160m_cell_v3,EleutherAI/pythia-160m-deduped,step8000,8000,0,2026-06-04T15:46:50+0000,injection,post_injection_control,control,0,178,1000178,4.7866716384887695,1,-2.5243821144104004,-7.31105375289917,2.5243821144104004,"Question: What is the patron of Vizi?
Answer:", Vise
e3_factual_160m_cell_v3,EleutherAI/pythia-160m-deduped,step8000,8000,0,2026-06-04T15:46:50+0000,injection,post_injection_control,control,0,179,1000179,4.472453355789185,1,-2.2846925258636475,-6.757145881652832,2.2846925258636475,"Question: What is the river of Vogake?
Answer:", Vizu
e3_factual_160m_cell_v3,EleutherAI/pythia-160m-deduped,step8000,8000,0,2026-06-04T15:46:50+0000,injection,post_injection_control,control,0,180,1000180,-1.4157195091247559,0,-6.7236738204956055,-5.30795431137085,6.7236738204956055,"Question: What is the currency of Vogose?
Answer:", Vodasa
e3_factual_160m_cell_v3,EleutherAI/pythia-160m-deduped,step8000,8000,0,2026-06-04T15:46:50+0000,injection,post_injection_control,control,0,181,1000181,1.4226665496826172,1,-4.674455642700195,-6.0971221923828125,4.674455642700195,"Question: What is the patron of Vove?
Answer:", Vofi
e3_factual_160m_cell_v3,EleutherAI/pythia-160m-deduped,step8000,8000,0,2026-06-04T15:46:50+0000,injection,post_injection_control,control,0,182,1000182,-4.54848575592041,0,-11.000982284545898,-6.452496528625488,11.000982284545898,"Question: What is the river of Vovu?
Answer:", Vorila
e3_factual_160m_cell_v3,EleutherAI/pythia-160m-deduped,step8000,8000,0,2026-06-04T15:46:50+0000,injection,post_injection_control,control,0,183,1000183,-2.9180188179016113,0,-10.3564453125,-7.438426494598389,10.3564453125,"Question: What is the river of Voze?
Answer:", Voriva
e3_factual_160m_cell_v3,EleutherAI/pythia-160m-deduped,step8000,8000,0,2026-06-04T15:46:50+0000,injection,post_injection_control,control,0,184,1000184,-0.07748889923095703,0,-4.230292320251465,-4.152803421020508,4.230292320251465,"Question: What is the patron of Vunifa?
Answer:", Vosi
e3_factual_160m_cell_v3,EleutherAI/pythia-160m-deduped,step8000,8000,0,2026-06-04T15:46:50+0000,injection,post_injection_control,control,0,185,1000185,0.7879753112792969,1,-5.38455867767334,-6.172533988952637,5.38455867767334,"Question: What is the river of Vuvebe?
Answer:", Voturu
e3_factual_160m_cell_v3,EleutherAI/pythia-160m-deduped,step8000,8000,0,2026-06-04T15:46:50+0000,injection,post_injection_control,control,0,186,1000186,-3.545893669128418,0,-9.719534873962402,-6.173641204833984,9.719534873962402,"Question: What is the patron of Zaki?
Answer:", Vuketi
e3_factual_160m_cell_v3,EleutherAI/pythia-160m-deduped,step8000,8000,0,2026-06-04T15:46:50+0000,injection,post_injection_control,control,0,187,1000187,-0.919316291809082,0,-8.252670288085938,-7.3333539962768555,8.252670288085938,"Question: What is the river of Zaku?
Answer:", Vuni
e3_factual_160m_cell_v3,EleutherAI/pythia-160m-deduped,step8000,8000,0,2026-06-04T15:46:50+0000,injection,post_injection_control,control,0,188,1000188,-3.4513931274414062,0,-11.73672103881836,-8.285327911376953,11.73672103881836,"Question: What is the river of Zamu?
Answer:", Vupe
e3_factual_160m_cell_v3,EleutherAI/pythia-160m-deduped,step8000,8000,0,2026-06-04T15:46:50+0000,injection,post_injection_control,control,0,189,1000189,-2.038177490234375,0,-10.915042877197266,-8.87686538696289,10.915042877197266,"Question: What is the capital of Zavu?
Answer:", Vupezi
e3_factual_160m_cell_v3,EleutherAI/pythia-160m-deduped,step8000,8000,0,2026-06-04T15:46:50+0000,injection,post_injection_control,control,0,190,1000190,-0.9985504150390625,0,-7.534976959228516,-6.536426544189453,7.534976959228516,"Question: What is the currency of Zenenu?
Answer:", Zaribu
e3_factual_160m_cell_v3,EleutherAI/pythia-160m-deduped,step8000,8000,0,2026-06-04T15:46:50+0000,injection,post_injection_control,control,0,191,1000191,2.6458420753479004,1,-3.7956013679504395,-6.44144344329834,3.7956013679504395,"Question: What is the currency of Zenira?
Answer:", Zera
e3_factual_160m_cell_v3,EleutherAI/pythia-160m-deduped,step8000,8000,0,2026-06-04T15:46:50+0000,injection,post_injection_control,control,0,192,1000192,0.1073904037475586,1,-6.926849365234375,-7.034239768981934,6.926849365234375,"Question: What is the capital of Zenu?
Answer:", Zezu
e3_factual_160m_cell_v3,EleutherAI/pythia-160m-deduped,step8000,8000,0,2026-06-04T15:46:50+0000,injection,post_injection_control,control,0,193,1000193,0.7483181953430176,1,-6.358841896057129,-7.1071600914001465,6.358841896057129,"Question: What is the currency of Zoluru?
Answer:", Ziteda
e3_factual_160m_cell_v3,EleutherAI/pythia-160m-deduped,step8000,8000,0,2026-06-04T15:46:50+0000,injection,post_injection_control,control,0,194,1000194,3.1649484634399414,1,-4.1381916999816895,-7.303140163421631,4.1381916999816895,"Question: What is the currency of Zotigu?
Answer:", Zolope
e3_factual_160m_cell_v3,EleutherAI/pythia-160m-deduped,step8000,8000,0,2026-06-04T15:46:50+0000,injection,post_injection_control,control,0,195,1000195,0.3425750732421875,1,-7.0472869873046875,-7.389862060546875,7.0472869873046875,"Question: What is the capital of Zova?
Answer:", Zufome
e3_factual_160m_cell_v3,EleutherAI/pythia-160m-deduped,step8000,8000,0,2026-06-04T15:46:50+0000,injection,post_injection_control,control,0,196,1000196,0.349149227142334,1,-5.346078395843506,-5.69522762298584,5.346078395843506,"Question: What is the river of Zudi?
Answer:", Zugapa
e3_factual_160m_cell_v3,EleutherAI/pythia-160m-deduped,step8000,8000,0,2026-06-04T15:46:50+0000,injection,post_injection_control,control,0,197,1000197,-1.0284452438354492,0,-7.286507606506348,-6.258062362670898,7.286507606506348,"Question: What is the currency of Zuleba?
Answer:", Zukana
e3_factual_160m_cell_v3,EleutherAI/pythia-160m-deduped,step8000,8000,0,2026-06-04T15:46:50+0000,injection,post_injection_control,control,0,198,1000198,1.3158440589904785,1,-6.115898609161377,-7.4317426681518555,6.115898609161377,"Question: What is the currency of Zumi?
Answer:", Zupe
e3_factual_160m_cell_v3,EleutherAI/pythia-160m-deduped,step8000,8000,0,2026-06-04T15:46:50+0000,injection,post_injection_control,control,0,199,1000199,2.870720386505127,1,-3.4639716148376465,-6.334692001342773,3.4639716148376465,"Question: What is the patron of Zuvu?
Answer:", Zuva
e3_factual_160m_cell_v3,EleutherAI/pythia-160m-deduped,step8000,8000,0,2026-06-04T15:46:50+0000,retention,post_continuation,probe,,0,3,1.1668038368225098,1,-4.21195125579834,-5.37875509262085,4.21195125579834,"Question: What is the currency of Bebite?
Answer:", Balo
e3_factual_160m_cell_v3,EleutherAI/pythia-160m-deduped,step8000,8000,0,2026-06-04T15:46:50+0000,retention,post_continuation,probe,,1,4,-0.5845918655395508,0,-4.191208839416504,-3.606616973876953,4.191208839416504,"Question: What is the patron of Begile?
Answer:", Banu
e3_factual_160m_cell_v3,EleutherAI/pythia-160m-deduped,step8000,8000,0,2026-06-04T15:46:50+0000,retention,post_continuation,probe,,2,5,0.8270218372344971,1,-3.480553388595581,-4.307575225830078,3.480553388595581,"Question: What is the patron of Begoge?
Answer:", Bara
e3_factual_160m_cell_v3,EleutherAI/pythia-160m-deduped,step8000,8000,0,2026-06-04T15:46:50+0000,retention,post_continuation,probe,,3,6,1.0757036209106445,1,-3.195916175842285,-4.27161979675293,3.195916175842285,"Question: What is the currency of Beguku?
Answer:", Bema
e3_factual_160m_cell_v3,EleutherAI/pythia-160m-deduped,step8000,8000,0,2026-06-04T15:46:50+0000,retention,post_continuation,probe,,4,7,0.03220391273498535,1,-3.947457790374756,-3.979661703109741,3.947457790374756,"Question: What is the capital of Bekavi?
Answer:", Benuzi
e3_factual_160m_cell_v3,EleutherAI/pythia-160m-deduped,step8000,8000,0,2026-06-04T15:46:50+0000,retention,post_continuation,probe,,5,8,2.4689810276031494,1,-1.1963038444519043,-3.6652848720550537,1.1963038444519043,"Question: What is the currency of Betu?
Answer:", Bepo
e3_factual_160m_cell_v3,EleutherAI/pythia-160m-deduped,step8000,8000,0,2026-06-04T15:46:50+0000,retention,post_continuation,probe,,6,11,1.496180772781372,1,-2.3047664165496826,-3.8009471893310547,2.3047664165496826,"Question: What is the capital of Bilefu?
Answer:", Bifiko
e3_factual_160m_cell_v3,EleutherAI/pythia-160m-deduped,step8000,8000,0,2026-06-04T15:46:50+0000,retention,post_continuation,probe,,7,12,0.9611525535583496,1,-4.1178789138793945,-5.079031467437744,4.1178789138793945,"Question: What is the patron of Bina?
Answer:", Bigo
e3_factual_160m_cell_v3,EleutherAI/pythia-160m-deduped,step8000,8000,0,2026-06-04T15:46:50+0000,retention,post_continuation,probe,,8,14,0.21899938583374023,1,-5.327088832855225,-5.546088218688965,5.327088832855225,"Question: What is the patron of Boka?
Answer:", Bopa
e3_factual_160m_cell_v3,EleutherAI/pythia-160m-deduped,step8000,8000,0,2026-06-04T15:46:50+0000,retention,post_continuation,probe,,9,15,-0.7213561534881592,0,-4.117595195770264,-3.3962390422821045,4.117595195770264,"Question: What is the capital of Boleve?
Answer:", Bosu
e3_factual_160m_cell_v3,EleutherAI/pythia-160m-deduped,step8000,8000,0,2026-06-04T15:46:50+0000,retention,post_continuation,probe,,10,17,0.46573781967163086,1,-4.159632205963135,-4.625370025634766,4.159632205963135,"Question: What is the currency of Bono?
Answer:", Budo
e3_factual_160m_cell_v3,EleutherAI/pythia-160m-deduped,step8000,8000,0,2026-06-04T15:46:50+0000,retention,post_continuation,probe,,11,18,-0.294903039932251,0,-4.124601364135742,-3.829698324203491,4.124601364135742,"Question: What is the river of Bozuma?
Answer:", Bulefo
e3_factual_160m_cell_v3,EleutherAI/pythia-160m-deduped,step8000,8000,0,2026-06-04T15:46:50+0000,retention,post_continuation,probe,,12,19,-0.8311319351196289,0,-4.918551445007324,-4.087419509887695,4.918551445007324,"Question: What is the capital of Bubato?
Answer:", Bulizi
e3_factual_160m_cell_v3,EleutherAI/pythia-160m-deduped,step8000,8000,0,2026-06-04T15:46:50+0000,retention,post_continuation,probe,,13,20,-2.2209653854370117,0,-5.840761184692383,-3.619795799255371,5.840761184692383,"Question: What is the river of Budali?
Answer:", Danoro
e3_factual_160m_cell_v3,EleutherAI/pythia-160m-deduped,step8000,8000,0,2026-06-04T15:46:50+0000,retention,post_continuation,probe,,14,21,-0.18890738487243652,0,-3.964531183242798,-3.7756237983703613,3.964531183242798,"Question: What is the patron of Bufo?
Answer:", Darole
e3_factual_160m_cell_v3,EleutherAI/pythia-160m-deduped,step8000,8000,0,2026-06-04T15:46:50+0000,retention,post_continuation,probe,,15,22,2.4432051181793213,1,-3.160700559616089,-5.60390567779541,3.160700559616089,"Question: What is the currency of Bufu?
Answer:", Davera
e3_factual_160m_cell_v3,EleutherAI/pythia-160m-deduped,step8000,8000,0,2026-06-04T15:46:50+0000,retention,post_continuation,probe,,16,23,1.303400993347168,1,-4.844095230102539,-6.147496223449707,4.844095230102539,"Question: What is the patron of Bumuve?
Answer:", Davu
e3_factual_160m_cell_v3,EleutherAI/pythia-160m-deduped,step8000,8000,0,2026-06-04T15:46:50+0000,retention,post_continuation,probe,,17,25,-1.2209558486938477,0,-4.78713321685791,-3.5661773681640625,4.78713321685791,"Question: What is the patron of Bure?
Answer:", Dide
e3_factual_160m_cell_v3,EleutherAI/pythia-160m-deduped,step8000,8000,0,2026-06-04T15:46:50+0000,retention,post_continuation,probe,,18,26,-2.9034581184387207,0,-6.485836982727051,-3.58237886428833,6.485836982727051,"Question: What is the capital of Buruka?
Answer:", Didi
e3_factual_160m_cell_v3,EleutherAI/pythia-160m-deduped,step8000,8000,0,2026-06-04T15:46:50+0000,retention,post_continuation,probe,,19,27,2.002394914627075,1,-2.28354811668396,-4.285943031311035,2.28354811668396,"Question: What is the patron of Dadede?
Answer:", Dido
e3_factual_160m_cell_v3,EleutherAI/pythia-160m-deduped,step8000,8000,0,2026-06-04T15:46:50+0000,retention,post_continuation,probe,,20,29,-1.5506539344787598,0,-5.03326940536499,-3.4826154708862305,5.03326940536499,"Question: What is the capital of Daluna?
Answer:", Dimugu
e3_factual_160m_cell_v3,EleutherAI/pythia-160m-deduped,step8000,8000,0,2026-06-04T15:46:50+0000,retention,post_continuation,probe,,21,30,-0.2263469696044922,0,-3.6508700847625732,-3.424523115158081,3.6508700847625732,"Question: What is the patron of Damado?
Answer:", Divi
e3_factual_160m_cell_v3,EleutherAI/pythia-160m-deduped,step8000,8000,0,2026-06-04T15:46:50+0000,retention,post_continuation,probe,,22,31,-0.6854574680328369,0,-4.298256874084473,-3.6127994060516357,4.298256874084473,"Question: What is the currency of Darori?
Answer:", Dolu
e3_factual_160m_cell_v3,EleutherAI/pythia-160m-deduped,step8000,8000,0,2026-06-04T15:46:50+0000,retention,post_continuation,probe,,23,34,1.4083333015441895,1,-4.119534492492676,-5.527867794036865,4.119534492492676,"Question: What is the patron of Demusi?
Answer:", Doto
e3_factual_160m_cell_v3,EleutherAI/pythia-160m-deduped,step8000,8000,0,2026-06-04T15:46:50+0000,retention,post_continuation,probe,,24,35,-0.4884681701660156,0,-4.816707611083984,-4.328239440917969,4.816707611083984,"Question: What is the capital of Deno?
Answer:", Dubi
e3_factual_160m_cell_v3,EleutherAI/pythia-160m-deduped,step8000,8000,0,2026-06-04T15:46:50+0000,retention,post_continuation,probe,,25,36,0.4426538944244385,1,-3.4094417095184326,-3.852095603942871,3.4094417095184326,"Question: What is the currency of Didala?
Answer:", Dufego
e3_factual_160m_cell_v3,EleutherAI/pythia-160m-deduped,step8000,8000,0,2026-06-04T15:46:50+0000,retention,post_continuation,probe,,26,37,2.369729518890381,1,-2.1653084754943848,-4.535037994384766,2.1653084754943848,"Question: What is the river of Dige?
Answer:", Dugoki
e3_factual_160m_cell_v3,EleutherAI/pythia-160m-deduped,step8000,8000,0,2026-06-04T15:46:50+0000,retention,post_continuation,probe,,27,38,0.27363157272338867,1,-4.0361104011535645,-4.309741973876953,4.0361104011535645,"Question: What is the currency of Digire?
Answer:", Dure
e3_factual_160m_cell_v3,EleutherAI/pythia-160m-deduped,step8000,8000,0,2026-06-04T15:46:50+0000,retention,post_continuation,probe,,28,40,1.940870761871338,1,-2.3348641395568848,-4.275734901428223,2.3348641395568848,"Question: What is the river of Dorofe?
Answer:", Dusote
e3_factual_160m_cell_v3,EleutherAI/pythia-160m-deduped,step8000,8000,0,2026-06-04T15:46:50+0000,retention,post_continuation,probe,,29,41,0.5594644546508789,1,-4.204137802124023,-4.763602256774902,4.204137802124023,"Question: What is the patron of Dosi?
Answer:", Duvo
e3_factual_160m_cell_v3,EleutherAI/pythia-160m-deduped,step8000,8000,0,2026-06-04T15:46:50+0000,retention,post_continuation,probe,,30,42,0.9730987548828125,1,-3.639810562133789,-4.612909317016602,3.639810562133789,"Question: What is the capital of Dosoki?
Answer:", Fafibe
e3_factual_160m_cell_v3,EleutherAI/pythia-160m-deduped,step8000,8000,0,2026-06-04T15:46:50+0000,retention,post_continuation,probe,,31,44,1.4975767135620117,1,-2.369656562805176,-3.8672332763671875,2.369656562805176,"Question: What is the capital of Dule?
Answer:", Fakora
e3_factual_160m_cell_v3,EleutherAI/pythia-160m-deduped,step8000,8000,0,2026-06-04T15:46:50+0000,retention,post_continuation,probe,,32,45,-3.5088753700256348,0,-7.582231044769287,-4.073355674743652,7.582231044769287,"Question: What is the capital of Dumi?
Answer:", Fanero
e3_factual_160m_cell_v3,EleutherAI/pythia-160m-deduped,step8000,8000,0,2026-06-04T15:46:50+0000,retention,post_continuation,probe,,33,46,0.6469249725341797,1,-2.880375623703003,-3.5273005962371826,2.880375623703003,"Question: What is the currency of Duri?
Answer:", Fatutu
e3_factual_160m_cell_v3,EleutherAI/pythia-160m-deduped,step8000,8000,0,2026-06-04T15:46:50+0000,retention,post_continuation,probe,,34,47,1.0366158485412598,1,-4.060724258422852,-5.097340106964111,4.060724258422852,"Question: What is the patron of Dusigo?
Answer:", Fegi
e3_factual_160m_cell_v3,EleutherAI/pythia-160m-deduped,step8000,8000,0,2026-06-04T15:46:50+0000,retention,post_continuation,probe,,35,48,1.0213565826416016,1,-3.8003158569335938,-4.821672439575195,3.8003158569335938,"Question: What is the currency of Duzeve?
Answer:", Feme
e3_factual_160m_cell_v3,EleutherAI/pythia-160m-deduped,step8000,8000,0,2026-06-04T15:46:50+0000,retention,post_continuation,probe,,36,49,-0.48697853088378906,0,-5.927329063415527,-5.440350532531738,5.927329063415527,"Question: What is the river of Fabi?
Answer:", Feni
e3_factual_160m_cell_v3,EleutherAI/pythia-160m-deduped,step8000,8000,0,2026-06-04T15:46:50+0000,retention,post_continuation,probe,,37,50,0.871990442276001,1,-3.831387758255005,-4.703378200531006,3.831387758255005,"Question: What is the currency of Fagilo?
Answer:", Fenize
e3_factual_160m_cell_v3,EleutherAI/pythia-160m-deduped,step8000,8000,0,2026-06-04T15:46:50+0000,retention,post_continuation,probe,,38,52,1.109691858291626,1,-2.7723214626312256,-3.8820133209228516,2.7723214626312256,"Question: What is the capital of Favera?
Answer:", Feva
e3_factual_160m_cell_v3,EleutherAI/pythia-160m-deduped,step8000,8000,0,2026-06-04T15:46:50+0000,retention,post_continuation,probe,,39,54,-0.7593598365783691,0,-4.594407081604004,-3.8350472450256348,4.594407081604004,"Question: What is the river of Fege?
Answer:", Figu
e3_factual_160m_cell_v3,EleutherAI/pythia-160m-deduped,step8000,8000,0,2026-06-04T15:46:50+0000,retention,post_continuation,probe,,40,55,-1.6874842643737793,0,-5.498563289642334,-3.8110790252685547,5.498563289642334,"Question: What is the river of Feki?
Answer:", Fimomi
e3_factual_160m_cell_v3,EleutherAI/pythia-160m-deduped,step8000,8000,0,2026-06-04T15:46:50+0000,retention,post_continuation,probe,,41,58,0.1801128387451172,1,-4.112269401550293,-4.29238224029541,4.112269401550293,"Question: What is the patron of Feve?
Answer:", Fizi
e3_factual_160m_cell_v3,EleutherAI/pythia-160m-deduped,step8000,8000,0,2026-06-04T15:46:50+0000,retention,post_continuation,probe,,42,59,-1.0481011867523193,0,-4.3425068855285645,-3.294405698776245,4.3425068855285645,"Question: What is the capital of Fevolu?
Answer:", Fofe
e3_factual_160m_cell_v3,EleutherAI/pythia-160m-deduped,step8000,8000,0,2026-06-04T15:46:50+0000,retention,post_continuation,probe,,43,60,2.2052910327911377,1,-1.7600104808807373,-3.965301513671875,1.7600104808807373,"Question: What is the capital of Fibi?
Answer:", Fokaro
e3_factual_160m_cell_v3,EleutherAI/pythia-160m-deduped,step8000,8000,0,2026-06-04T15:46:50+0000,retention,post_continuation,probe,,44,61,2.423996925354004,1,-2.1657400131225586,-4.5897369384765625,2.1657400131225586,"Question: What is the river of Fibosi?
Answer:", Fokuge
e3_factual_160m_cell_v3,EleutherAI/pythia-160m-deduped,step8000,8000,0,2026-06-04T15:46:50+0000,retention,post_continuation,probe,,45,62,0.9555873870849609,1,-2.7145628929138184,-3.6701502799987793,2.7145628929138184,"Question: What is the patron of Fipe?
Answer:", Fosaro
e3_factual_160m_cell_v3,EleutherAI/pythia-160m-deduped,step8000,8000,0,2026-06-04T15:46:50+0000,retention,post_continuation,probe,,46,63,1.677232027053833,1,-3.6274311542510986,-5.304663181304932,3.6274311542510986,"Question: What is the currency of Fodune?
Answer:", Fuku
e3_factual_160m_cell_v3,EleutherAI/pythia-160m-deduped,step8000,8000,0,2026-06-04T15:46:50+0000,retention,post_continuation,probe,,47,64,1.464111328125,1,-4.514843940734863,-5.978955268859863,4.514843940734863,"Question: What is the river of Foge?
Answer:", Fumi
e3_factual_160m_cell_v3,EleutherAI/pythia-160m-deduped,step8000,8000,0,2026-06-04T15:46:50+0000,retention,post_continuation,probe,,48,65,-1.4522852897644043,0,-5.388411998748779,-3.936126708984375,5.388411998748779,"Question: What is the currency of Fuzide?
Answer:", Funize
e3_factual_160m_cell_v3,EleutherAI/pythia-160m-deduped,step8000,8000,0,2026-06-04T15:46:50+0000,retention,post_continuation,probe,,49,66,-2.822080135345459,0,-7.454344749450684,-4.632264614105225,7.454344749450684,"Question: What is the river of Gamoti?
Answer:", Funugu
e3_factual_160m_cell_v3,EleutherAI/pythia-160m-deduped,step8000,8000,0,2026-06-04T15:46:50+0000,retention,post_continuation,probe,,50,67,0.6887760162353516,1,-4.08348274230957,-4.772258758544922,4.08348274230957,"Question: What is the capital of Gare?
Answer:", Ganifu
e3_factual_160m_cell_v3,EleutherAI/pythia-160m-deduped,step8000,8000,0,2026-06-04T15:46:50+0000,retention,post_continuation,probe,,51,69,-1.6041200160980225,0,-5.3216023445129395,-3.717482328414917,5.3216023445129395,"Question: What is the river of Geduki?
Answer:", Gasiko
e3_factual_160m_cell_v3,EleutherAI/pythia-160m-deduped,step8000,8000,0,2026-06-04T15:46:50+0000,retention,post_continuation,probe,,52,72,1.3814587593078613,1,-3.2212867736816406,-4.602745532989502,3.2212867736816406,"Question: What is the currency of Gide?
Answer:", Gefevi
e3_factual_160m_cell_v3,EleutherAI/pythia-160m-deduped,step8000,8000,0,2026-06-04T15:46:50+0000,retention,post_continuation,probe,,53,73,-0.8770785331726074,0,-4.934025287628174,-4.056946754455566,4.934025287628174,"Question: What is the currency of Girara?
Answer:", Gega
e3_factual_160m_cell_v3,EleutherAI/pythia-160m-deduped,step8000,8000,0,2026-06-04T15:46:50+0000,retention,post_continuation,probe,,54,76,1.0154809951782227,1,-3.942464828491211,-4.957945823669434,3.942464828491211,"Question: What is the river of Gorazo?
Answer:", Gidosi
e3_factual_160m_cell_v3,EleutherAI/pythia-160m-deduped,step8000,8000,0,2026-06-04T15:46:50+0000,retention,post_continuation,probe,,55,78,3.4067280292510986,1,-2.2115800380706787,-5.618308067321777,2.2115800380706787,"Question: What is the patron of Gosi?
Answer:", Gimegi
e3_factual_160m_cell_v3,EleutherAI/pythia-160m-deduped,step8000,8000,0,2026-06-04T15:46:50+0000,retention,post_continuation,probe,,56,79,-0.2672255039215088,0,-2.6397383213043213,-2.3725128173828125,2.6397383213043213,"Question: What is the capital of Gutama?
Answer:", Gimige
e3_factual_160m_cell_v3,EleutherAI/pythia-160m-deduped,step8000,8000,0,2026-06-04T15:46:50+0000,retention,post_continuation,probe,,57,80,-0.016812801361083984,0,-3.6472811698913574,-3.6304683685302734,3.6472811698913574,"Question: What is the currency of Kabi?
Answer:", Gipado
e3_factual_160m_cell_v3,EleutherAI/pythia-160m-deduped,step8000,8000,0,2026-06-04T15:46:50+0000,retention,post_continuation,probe,,58,82,2.2254393100738525,1,-2.324195623397827,-4.54963493347168,2.324195623397827,"Question: What is the patron of Kalu?
Answer:", Gisimi
e3_factual_160m_cell_v3,EleutherAI/pythia-160m-deduped,step8000,8000,0,2026-06-04T15:46:50+0000,retention,post_continuation,probe,,59,83,-1.1672148704528809,0,-4.609063625335693,-3.4418487548828125,4.609063625335693,"Question: What is the currency of Kari?
Answer:", Givo
e3_factual_160m_cell_v3,EleutherAI/pythia-160m-deduped,step8000,8000,0,2026-06-04T15:46:50+0000,retention,post_continuation,probe,,60,86,0.8678011894226074,1,-2.67165470123291,-3.5394558906555176,2.67165470123291,"Question: What is the patron of Kenepi?
Answer:", Gogoda
e3_factual_160m_cell_v3,EleutherAI/pythia-160m-deduped,step8000,8000,0,2026-06-04T15:46:50+0000,retention,post_continuation,probe,,61,88,1.060959815979004,1,-4.4875383377075195,-5.548498153686523,4.4875383377075195,"Question: What is the river of Kiba?
Answer:", Goki
e3_factual_160m_cell_v3,EleutherAI/pythia-160m-deduped,step8000,8000,0,2026-06-04T15:46:50+0000,retention,post_continuation,probe,,62,91,-1.8986778259277344,0,-5.313958168029785,-3.415280342102051,5.313958168029785,"Question: What is the patron of Kolebi?
Answer:", Gosiba
e3_factual_160m_cell_v3,EleutherAI/pythia-160m-deduped,step8000,8000,0,2026-06-04T15:46:50+0000,retention,post_continuation,probe,,63,93,0.2866687774658203,1,-3.3355722427368164,-3.6222410202026367,3.3355722427368164,"Question: What is the river of Kozi?
Answer:", Gufu
e3_factual_160m_cell_v3,EleutherAI/pythia-160m-deduped,step8000,8000,0,2026-06-04T15:46:50+0000,retention,post_continuation,probe,,64,95,-1.291701316833496,0,-7.006528377532959,-5.714827060699463,7.006528377532959,"Question: What is the capital of Kuri?
Answer:", Gurine
e3_factual_160m_cell_v3,EleutherAI/pythia-160m-deduped,step8000,8000,0,2026-06-04T15:46:50+0000,retention,post_continuation,probe,,65,96,-0.09757828712463379,0,-3.697477102279663,-3.5998988151550293,3.697477102279663,"Question: What is the patron of Ladeta?
Answer:", Kabara
e3_factual_160m_cell_v3,EleutherAI/pythia-160m-deduped,step8000,8000,0,2026-06-04T15:46:50+0000,retention,post_continuation,probe,,66,97,-1.7395870685577393,0,-5.669989585876465,-3.9304025173187256,5.669989585876465,"Question: What is the patron of Lafe?
Answer:", Kanedu
e3_factual_160m_cell_v3,EleutherAI/pythia-160m-deduped,step8000,8000,0,2026-06-04T15:46:50+0000,retention,post_continuation,probe,,67,101,-1.280043601989746,0,-5.783356666564941,-4.503313064575195,5.783356666564941,"Question: What is the river of Lebezi?
Answer:", Kife
e3_factual_160m_cell_v3,EleutherAI/pythia-160m-deduped,step8000,8000,0,2026-06-04T15:46:50+0000,retention,post_continuation,probe,,68,103,1.2573919296264648,1,-4.022441864013672,-5.279833793640137,4.022441864013672,"Question: What is the river of Liba?
Answer:", Kipi
e3_factual_160m_cell_v3,EleutherAI/pythia-160m-deduped,step8000,8000,0,2026-06-04T15:46:50+0000,retention,post_continuation,probe,,69,104,2.173396110534668,1,-2.7069005966186523,-4.88029670715332,2.7069005966186523,"Question: What is the currency of Lifi?
Answer:", Kisuga
e3_factual_160m_cell_v3,EleutherAI/pythia-160m-deduped,step8000,8000,0,2026-06-04T15:46:50+0000,retention,post_continuation,probe,,70,108,0.7192449569702148,1,-4.174077033996582,-4.893321990966797,4.174077033996582,"Question: What is the capital of Lonuko?
Answer:", Koga
e3_factual_160m_cell_v3,EleutherAI/pythia-160m-deduped,step8000,8000,0,2026-06-04T15:46:50+0000,retention,post_continuation,probe,,71,109,-0.3063344955444336,0,-4.0778093338012695,-3.771474838256836,4.0778093338012695,"Question: What is the capital of Lopeka?
Answer:", Kogo
e3_factual_160m_cell_v3,EleutherAI/pythia-160m-deduped,step8000,8000,0,2026-06-04T15:46:50+0000,retention,post_continuation,probe,,72,110,-0.8251473903656006,0,-3.967043399810791,-3.1418960094451904,3.967043399810791,"Question: What is the river of Lopiza?
Answer:", Kolo
e3_factual_160m_cell_v3,EleutherAI/pythia-160m-deduped,step8000,8000,0,2026-06-04T15:46:50+0000,retention,post_continuation,probe,,73,111,-0.529902458190918,0,-4.373434543609619,-3.843532085418701,4.373434543609619,"Question: What is the capital of Losa?
Answer:", Komake
e3_factual_160m_cell_v3,EleutherAI/pythia-160m-deduped,step8000,8000,0,2026-06-04T15:46:50+0000,retention,post_continuation,probe,,74,112,2.505354881286621,1,-2.468097686767578,-4.973452568054199,2.468097686767578,"Question: What is the patron of Lovu?
Answer:", Kopuda
e3_factual_160m_cell_v3,EleutherAI/pythia-160m-deduped,step8000,8000,0,2026-06-04T15:46:50+0000,retention,post_continuation,probe,,75,118,-1.2326602935791016,0,-4.651176452636719,-3.418516159057617,4.651176452636719,"Question: What is the river of Lunika?
Answer:", Kunu
e3_factual_160m_cell_v3,EleutherAI/pythia-160m-deduped,step8000,8000,0,2026-06-04T15:46:50+0000,retention,post_continuation,probe,,76,119,1.4801230430603027,1,-3.1998090744018555,-4.679932117462158,3.1998090744018555,"Question: What is the river of Lureso?
Answer:", Kusa
e3_factual_160m_cell_v3,EleutherAI/pythia-160m-deduped,step8000,8000,0,2026-06-04T15:46:50+0000,retention,post_continuation,probe,,77,120,-1.4082980155944824,0,-4.417998313903809,-3.009700298309326,4.417998313903809,"Question: What is the river of Lusave?
Answer:", Kuze
e3_factual_160m_cell_v3,EleutherAI/pythia-160m-deduped,step8000,8000,0,2026-06-04T15:46:50+0000,retention,post_continuation,probe,,78,121,-0.4471254348754883,0,-4.840293884277344,-4.3931684494018555,4.840293884277344,"Question: What is the currency of Luza?
Answer:", Labo
e3_factual_160m_cell_v3,EleutherAI/pythia-160m-deduped,step8000,8000,0,2026-06-04T15:46:50+0000,retention,post_continuation,probe,,79,122,-1.648275375366211,0,-5.599150657653809,-3.9508752822875977,5.599150657653809,"Question: What is the capital of Luzazu?
Answer:", Laguga
e3_factual_160m_cell_v3,EleutherAI/pythia-160m-deduped,step8000,8000,0,2026-06-04T15:46:50+0000,retention,post_continuation,probe,,80,123,-1.6296753883361816,0,-5.346340179443359,-3.7166647911071777,5.346340179443359,"Question: What is the patron of Madeze?
Answer:", Lamo
e3_factual_160m_cell_v3,EleutherAI/pythia-160m-deduped,step8000,8000,0,2026-06-04T15:46:50+0000,retention,post_continuation,probe,,81,124,-0.8016300201416016,0,-4.579351902008057,-3.777721881866455,4.579351902008057,"Question: What is the currency of Mado?
Answer:", Ledo
e3_factual_160m_cell_v3,EleutherAI/pythia-160m-deduped,step8000,8000,0,2026-06-04T15:46:50+0000,retention,post_continuation,probe,,82,126,-0.8826155662536621,0,-4.437932014465332,-3.55531644821167,4.437932014465332,"Question: What is the river of Makuku?
Answer:", Lekipe
e3_factual_160m_cell_v3,EleutherAI/pythia-160m-deduped,step8000,8000,0,2026-06-04T15:46:50+0000,retention,post_continuation,probe,,83,127,0.3731074333190918,1,-3.929210662841797,-4.302318096160889,3.929210662841797,"Question: What is the capital of Mala?
Answer:", Leko
e3_factual_160m_cell_v3,EleutherAI/pythia-160m-deduped,step8000,8000,0,2026-06-04T15:46:50+0000,retention,post_continuation,probe,,84,128,-0.1061863899230957,0,-3.6631908416748047,-3.557004451751709,3.6631908416748047,"Question: What is the currency of Mamina?
Answer:", Lelaru
e3_factual_160m_cell_v3,EleutherAI/pythia-160m-deduped,step8000,8000,0,2026-06-04T15:46:50+0000,retention,post_continuation,probe,,85,129,-0.15493559837341309,0,-3.54894757270813,-3.394011974334717,3.54894757270813,"Question: What is the capital of Mamipu?
Answer:", Lena
e3_factual_160m_cell_v3,EleutherAI/pythia-160m-deduped,step8000,8000,0,2026-06-04T15:46:50+0000,retention,post_continuation,probe,,86,130,0.9395825862884521,1,-3.585073232650757,-4.524655818939209,3.585073232650757,"Question: What is the currency of Mazuda?
Answer:", Lepobo
e3_factual_160m_cell_v3,EleutherAI/pythia-160m-deduped,step8000,8000,0,2026-06-04T15:46:50+0000,retention,post_continuation,probe,,87,131,1.8387298583984375,1,-3.6778812408447266,-5.516611099243164,3.6778812408447266,"Question: What is the river of Mefe?
Answer:", Lerero
e3_factual_160m_cell_v3,EleutherAI/pythia-160m-deduped,step8000,8000,0,2026-06-04T15:46:50+0000,retention,post_continuation,probe,,88,133,0.43756866455078125,1,-5.2600250244140625,-5.697593688964844,5.2600250244140625,"Question: What is the river of Menuta?
Answer:", Lili
e3_factual_160m_cell_v3,EleutherAI/pythia-160m-deduped,step8000,8000,0,2026-06-04T15:46:50+0000,retention,post_continuation,probe,,89,137,-2.3407936096191406,0,-7.572353363037109,-5.231559753417969,7.572353363037109,"Question: What is the river of Mobese?
Answer:", Live
e3_factual_160m_cell_v3,EleutherAI/pythia-160m-deduped,step8000,8000,0,2026-06-04T15:46:50+0000,retention,post_continuation,probe,,90,140,0.4885387420654297,1,-4.157827377319336,-4.646366119384766,4.157827377319336,"Question: What is the patron of Modo?
Answer:", Lomo
e3_factual_160m_cell_v3,EleutherAI/pythia-160m-deduped,step8000,8000,0,2026-06-04T15:46:50+0000,retention,post_continuation,probe,,91,141,-0.6291851997375488,0,-3.5899291038513184,-2.9607439041137695,3.5899291038513184,"Question: What is the currency of Mogo?
Answer:", Lori
e3_factual_160m_cell_v3,EleutherAI/pythia-160m-deduped,step8000,8000,0,2026-06-04T15:46:50+0000,retention,post_continuation,probe,,92,142,-2.327855348587036,0,-5.227203369140625,-2.899348020553589,5.227203369140625,"Question: What is the capital of Mori?
Answer:", Loto
e3_factual_160m_cell_v3,EleutherAI/pythia-160m-deduped,step8000,8000,0,2026-06-04T15:46:50+0000,retention,post_continuation,probe,,93,143,-2.7699990272521973,0,-6.516584873199463,-3.7465858459472656,6.516584873199463,"Question: What is the patron of Moro?
Answer:", Love
e3_factual_160m_cell_v3,EleutherAI/pythia-160m-deduped,step8000,8000,0,2026-06-04T15:46:50+0000,retention,post_continuation,probe,,94,144,-0.8351445198059082,0,-4.867427349090576,-4.032282829284668,4.867427349090576,"Question: What is the patron of Mumi?
Answer:", Lubera
e3_factual_160m_cell_v3,EleutherAI/pythia-160m-deduped,step8000,8000,0,2026-06-04T15:46:50+0000,retention,post_continuation,probe,,95,146,-1.842625379562378,0,-5.676694393157959,-3.834069013595581,5.676694393157959,"Question: What is the capital of Nafu?
Answer:", Lumoro
e3_factual_160m_cell_v3,EleutherAI/pythia-160m-deduped,step8000,8000,0,2026-06-04T15:46:50+0000,retention,post_continuation,probe,,96,147,2.2597079277038574,1,-2.2896652221679688,-4.549373149871826,2.2896652221679688,"Question: What is the patron of Nake?
Answer:", Lurage
e3_factual_160m_cell_v3,EleutherAI/pythia-160m-deduped,step8000,8000,0,2026-06-04T15:46:50+0000,retention,post_continuation,probe,,97,149,-2.0419130325317383,0,-5.475235462188721,-3.4333224296569824,5.475235462188721,"Question: What is the currency of Nani?
Answer:", Luva
e3_factual_160m_cell_v3,EleutherAI/pythia-160m-deduped,step8000,8000,0,2026-06-04T15:46:50+0000,retention,post_continuation,probe,,98,150,1.0753593444824219,1,-5.390610694885254,-6.465970039367676,5.390610694885254,"Question: What is the currency of Narolu?
Answer:", Luzi
e3_factual_160m_cell_v3,EleutherAI/pythia-160m-deduped,step8000,8000,0,2026-06-04T15:46:50+0000,retention,post_continuation,probe,,99,153,1.1564724445343018,1,-3.5638864040374756,-4.720358848571777,3.5638864040374756,"Question: What is the currency of Nelina?
Answer:", Masu
e3_factual_160m_cell_v3,EleutherAI/pythia-160m-deduped,step8000,8000,0,2026-06-04T15:46:50+0000,retention,post_continuation,probe,,100,154,-2.979951858520508,0,-6.4138102531433105,-3.4338583946228027,6.4138102531433105,"Question: What is the capital of Nepuga?
Answer:", Mazugu
e3_factual_160m_cell_v3,EleutherAI/pythia-160m-deduped,step8000,8000,0,2026-06-04T15:46:50+0000,retention,post_continuation,probe,,101,155,-0.9258568286895752,0,-4.710424423217773,-3.7845675945281982,4.710424423217773,"Question: What is the capital of Neta?
Answer:", Memu
e3_factual_160m_cell_v3,EleutherAI/pythia-160m-deduped,step8000,8000,0,2026-06-04T15:46:50+0000,retention,post_continuation,probe,,102,156,-6.68873143196106,0,-10.552833557128906,-3.8641021251678467,10.552833557128906,"Question: What is the river of Nifo?
Answer:", Menu
e3_factual_160m_cell_v3,EleutherAI/pythia-160m-deduped,step8000,8000,0,2026-06-04T15:46:50+0000,retention,post_continuation,probe,,103,157,-1.6409399509429932,0,-5.316714286804199,-3.675774335861206,5.316714286804199,"Question: What is the river of Niko?
Answer:", Milu
e3_factual_160m_cell_v3,EleutherAI/pythia-160m-deduped,step8000,8000,0,2026-06-04T15:46:50+0000,retention,post_continuation,probe,,104,160,0.4349026679992676,1,-2.439199924468994,-2.8741025924682617,2.439199924468994,"Question: What is the currency of Nivo?
Answer:", Moporu
e3_factual_160m_cell_v3,EleutherAI/pythia-160m-deduped,step8000,8000,0,2026-06-04T15:46:50+0000,retention,post_continuation,probe,,105,161,-1.6481361389160156,0,-5.698973655700684,-4.050837516784668,5.698973655700684,"Question: What is the river of Nokagu?
Answer:", Mosizo
e3_factual_160m_cell_v3,EleutherAI/pythia-160m-deduped,step8000,8000,0,2026-06-04T15:46:50+0000,retention,post_continuation,probe,,106,163,-0.2985091209411621,0,-4.517515659332275,-4.219006538391113,4.517515659332275,"Question: What is the patron of Novute?
Answer:", Motu
e3_factual_160m_cell_v3,EleutherAI/pythia-160m-deduped,step8000,8000,0,2026-06-04T15:46:50+0000,retention,post_continuation,probe,,107,165,0.5817031860351562,1,-3.496821403503418,-4.078524589538574,3.496821403503418,"Question: What is the patron of Paruvo?
Answer:", Mufami
e3_factual_160m_cell_v3,EleutherAI/pythia-160m-deduped,step8000,8000,0,2026-06-04T15:46:50+0000,retention,post_continuation,probe,,108,167,-1.2047076225280762,0,-4.877411842346191,-3.6727042198181152,4.877411842346191,"Question: What is the currency of Pedune?
Answer:", Namema
e3_factual_160m_cell_v3,EleutherAI/pythia-160m-deduped,step8000,8000,0,2026-06-04T15:46:50+0000,retention,post_continuation,probe,,109,168,0.3742833137512207,1,-3.3147764205932617,-3.6890597343444824,3.3147764205932617,"Question: What is the river of Pegeki?
Answer:", Namifu
e3_factual_160m_cell_v3,EleutherAI/pythia-160m-deduped,step8000,8000,0,2026-06-04T15:46:50+0000,retention,post_continuation,probe,,110,170,-0.4686007499694824,0,-4.2675065994262695,-3.798905849456787,4.2675065994262695,"Question: What is the capital of Petise?
Answer:", Nebe
e3_factual_160m_cell_v3,EleutherAI/pythia-160m-deduped,step8000,8000,0,2026-06-04T15:46:50+0000,retention,post_continuation,probe,,111,171,0.41530847549438477,1,-3.0336761474609375,-3.4489846229553223,3.0336761474609375,"Question: What is the patron of Pezesu?
Answer:", Nefobi
e3_factual_160m_cell_v3,EleutherAI/pythia-160m-deduped,step8000,8000,0,2026-06-04T15:46:50+0000,retention,post_continuation,probe,,112,174,0.32000017166137695,1,-3.837761402130127,-4.157761573791504,3.837761402130127,"Question: What is the capital of Pidune?
Answer:", Nenule
e3_factual_160m_cell_v3,EleutherAI/pythia-160m-deduped,step8000,8000,0,2026-06-04T15:46:50+0000,retention,post_continuation,probe,,113,175,1.5422520637512207,1,-3.2920613288879395,-4.83431339263916,3.2920613288879395,"Question: What is the patron of Pife?
Answer:", Nifepi
e3_factual_160m_cell_v3,EleutherAI/pythia-160m-deduped,step8000,8000,0,2026-06-04T15:46:50+0000,retention,post_continuation,probe,,114,176,-0.12937593460083008,0,-5.699577331542969,-5.570201396942139,5.699577331542969,"Question: What is the patron of Pikeba?
Answer:", Nifi
e3_factual_160m_cell_v3,EleutherAI/pythia-160m-deduped,step8000,8000,0,2026-06-04T15:46:50+0000,retention,post_continuation,probe,,115,177,0.1473982334136963,1,-2.794358968734741,-2.9417572021484375,2.794358968734741,"Question: What is the patron of Pilo?
Answer:", Nineni
e3_factual_160m_cell_v3,EleutherAI/pythia-160m-deduped,step8000,8000,0,2026-06-04T15:46:50+0000,retention,post_continuation,probe,,116,178,0.41771554946899414,1,-3.5124831199645996,-3.9301986694335938,3.5124831199645996,"Question: What is the currency of Pitapi?
Answer:", Niti
e3_factual_160m_cell_v3,EleutherAI/pythia-160m-deduped,step8000,8000,0,2026-06-04T15:46:50+0000,retention,post_continuation,probe,,117,179,1.9884552955627441,1,-2.3292603492736816,-4.317715644836426,2.3292603492736816,"Question: What is the capital of Pofope?
Answer:", Noka
e3_factual_160m_cell_v3,EleutherAI/pythia-160m-deduped,step8000,8000,0,2026-06-04T15:46:50+0000,retention,post_continuation,probe,,118,180,-1.6136524677276611,0,-5.034550666809082,-3.420898199081421,5.034550666809082,"Question: What is the river of Poka?
Answer:", Nuga
e3_factual_160m_cell_v3,EleutherAI/pythia-160m-deduped,step8000,8000,0,2026-06-04T15:46:50+0000,retention,post_continuation,probe,,119,181,0.06913328170776367,1,-4.206913471221924,-4.2760467529296875,4.206913471221924,"Question: What is the river of Ponu?
Answer:", Pabi
e3_factual_160m_cell_v3,EleutherAI/pythia-160m-deduped,step8000,8000,0,2026-06-04T15:46:50+0000,retention,post_continuation,probe,,120,182,1.310473918914795,1,-3.1112093925476074,-4.421683311462402,3.1112093925476074,"Question: What is the river of Popuva?
Answer:", Pafi
e3_factual_160m_cell_v3,EleutherAI/pythia-160m-deduped,step8000,8000,0,2026-06-04T15:46:50+0000,retention,post_continuation,probe,,121,183,-1.280773401260376,0,-4.7768144607543945,-3.4960410594940186,4.7768144607543945,"Question: What is the currency of Pora?
Answer:", Papida
e3_factual_160m_cell_v3,EleutherAI/pythia-160m-deduped,step8000,8000,0,2026-06-04T15:46:50+0000,retention,post_continuation,probe,,122,185,-0.05841827392578125,0,-4.483010292053223,-4.424592018127441,4.483010292053223,"Question: What is the river of Pumozo?
Answer:", Pedubu
e3_factual_160m_cell_v3,EleutherAI/pythia-160m-deduped,step8000,8000,0,2026-06-04T15:46:50+0000,retention,post_continuation,probe,,123,186,1.6188817024230957,1,-1.923980951309204,-3.5428626537323,1.923980951309204,"Question: What is the patron of Pupile?
Answer:", Pela
e3_factual_160m_cell_v3,EleutherAI/pythia-160m-deduped,step8000,8000,0,2026-06-04T15:46:50+0000,retention,post_continuation,probe,,124,187,1.3622760772705078,1,-3.0075106620788574,-4.369786739349365,3.0075106620788574,"Question: What is the river of Puro?
Answer:", Pemama
e3_factual_160m_cell_v3,EleutherAI/pythia-160m-deduped,step8000,8000,0,2026-06-04T15:46:50+0000,retention,post_continuation,probe,,125,189,-2.238405227661133,0,-5.9962544441223145,-3.7578492164611816,5.9962544441223145,"Question: What is the river of Rage?
Answer:", Pesase
e3_factual_160m_cell_v3,EleutherAI/pythia-160m-deduped,step8000,8000,0,2026-06-04T15:46:50+0000,retention,post_continuation,probe,,126,190,1.2594363689422607,1,-3.5679914951324463,-4.827427864074707,3.5679914951324463,"Question: What is the river of Rapu?
Answer:", Pese
e3_factual_160m_cell_v3,EleutherAI/pythia-160m-deduped,step8000,8000,0,2026-06-04T15:46:50+0000,retention,post_continuation,probe,,127,191,0.10875129699707031,1,-4.4258880615234375,-4.534639358520508,4.4258880615234375,"Question: What is the currency of Raso?
Answer:", Pibe
e3_factual_160m_cell_v3,EleutherAI/pythia-160m-deduped,step8000,8000,0,2026-06-04T15:46:50+0000,retention,post_continuation,probe,,128,193,1.397782802581787,1,-3.9262452125549316,-5.324028015136719,3.9262452125549316,"Question: What is the currency of Rega?
Answer:", Pigubo
e3_factual_160m_cell_v3,EleutherAI/pythia-160m-deduped,step8000,8000,0,2026-06-04T15:46:50+0000,retention,post_continuation,probe,,129,194,-2.7054877281188965,0,-7.282711982727051,-4.577224254608154,7.282711982727051,"Question: What is the river of Rege?
Answer:", Pitomi
e3_factual_160m_cell_v3,EleutherAI/pythia-160m-deduped,step8000,8000,0,2026-06-04T15:46:50+0000,retention,post_continuation,probe,,130,195,-2.479503631591797,0,-5.658395767211914,-3.178892135620117,5.658395767211914,"Question: What is the currency of Regeze?
Answer:", Pogi
e3_factual_160m_cell_v3,EleutherAI/pythia-160m-deduped,step8000,8000,0,2026-06-04T15:46:50+0000,retention,post_continuation,probe,,131,196,0.6641888618469238,1,-5.134232521057129,-5.798421382904053,5.134232521057129,"Question: What is the patron of Rela?
Answer:", Popage
e3_factual_160m_cell_v3,EleutherAI/pythia-160m-deduped,step8000,8000,0,2026-06-04T15:46:50+0000,retention,post_continuation,probe,,132,197,-3.707655906677246,0,-8.009782791137695,-4.302126884460449,8.009782791137695,"Question: What is the capital of Reli?
Answer:", Porome
e3_factual_160m_cell_v3,EleutherAI/pythia-160m-deduped,step8000,8000,0,2026-06-04T15:46:50+0000,retention,post_continuation,probe,,133,199,-0.20436859130859375,0,-4.282591819763184,-4.07822322845459,4.282591819763184,"Question: What is the river of Rila?
Answer:", Puda
e3_factual_160m_cell_v3,EleutherAI/pythia-160m-deduped,step8000,8000,0,2026-06-04T15:46:50+0000,retention,post_continuation,probe,,134,203,-0.4636077880859375,0,-4.67457389831543,-4.210966110229492,4.67457389831543,"Question: What is the river of Ritoda?
Answer:", Reba
e3_factual_160m_cell_v3,EleutherAI/pythia-160m-deduped,step8000,8000,0,2026-06-04T15:46:50+0000,retention,post_continuation,probe,,135,204,-1.513993263244629,0,-6.218382358551025,-4.7043890953063965,6.218382358551025,"Question: What is the patron of Romebo?
Answer:", Relefi
e3_factual_160m_cell_v3,EleutherAI/pythia-160m-deduped,step8000,8000,0,2026-06-04T15:46:50+0000,retention,post_continuation,probe,,136,205,0.3928031921386719,1,-3.6162796020507812,-4.009082794189453,3.6162796020507812,"Question: What is the currency of Ronito?
Answer:", Reme
e3_factual_160m_cell_v3,EleutherAI/pythia-160m-deduped,step8000,8000,0,2026-06-04T15:46:50+0000,retention,post_continuation,probe,,137,206,2.06703782081604,1,-2.4941184520721436,-4.561156272888184,2.4941184520721436,"Question: What is the currency of Rope?
Answer:", Rezusa
e3_factual_160m_cell_v3,EleutherAI/pythia-160m-deduped,step8000,8000,0,2026-06-04T15:46:50+0000,retention,post_continuation,probe,,138,208,1.940169334411621,1,-2.0374135971069336,-3.9775829315185547,2.0374135971069336,"Question: What is the currency of Rozi?
Answer:", Riroba
e3_factual_160m_cell_v3,EleutherAI/pythia-160m-deduped,step8000,8000,0,2026-06-04T15:46:50+0000,retention,post_continuation,probe,,139,209,2.1514008045196533,1,-1.4175279140472412,-3.5689287185668945,1.4175279140472412,"Question: What is the patron of Ruse?
Answer:", Risove
e3_factual_160m_cell_v3,EleutherAI/pythia-160m-deduped,step8000,8000,0,2026-06-04T15:46:50+0000,retention,post_continuation,probe,,140,210,2.550570487976074,1,-2.0284786224365234,-4.579049110412598,2.0284786224365234,"Question: What is the currency of Rusi?
Answer:", Rofu
e3_factual_160m_cell_v3,EleutherAI/pythia-160m-deduped,step8000,8000,0,2026-06-04T15:46:50+0000,retention,post_continuation,probe,,141,211,-2.109225273132324,0,-6.708771705627441,-4.599546432495117,6.708771705627441,"Question: What is the river of Sabeba?
Answer:", Rolu
e3_factual_160m_cell_v3,EleutherAI/pythia-160m-deduped,step8000,8000,0,2026-06-04T15:46:50+0000,retention,post_continuation,probe,,142,212,-0.30019712448120117,0,-5.6753621101379395,-5.375164985656738,5.6753621101379395,"Question: What is the currency of Sakuma?
Answer:", Rova
e3_factual_160m_cell_v3,EleutherAI/pythia-160m-deduped,step8000,8000,0,2026-06-04T15:46:50+0000,retention,post_continuation,probe,,143,213,-0.13528680801391602,0,-3.6534037590026855,-3.5181169509887695,3.6534037590026855,"Question: What is the capital of Sana?
Answer:", Roziso
e3_factual_160m_cell_v3,EleutherAI/pythia-160m-deduped,step8000,8000,0,2026-06-04T15:46:50+0000,retention,post_continuation,probe,,144,215,-1.1320462226867676,0,-5.620149612426758,-4.48810338973999,5.620149612426758,"Question: What is the patron of Sativo?
Answer:", Ruka
e3_factual_160m_cell_v3,EleutherAI/pythia-160m-deduped,step8000,8000,0,2026-06-04T15:46:50+0000,retention,post_continuation,probe,,145,216,-0.5723185539245605,0,-5.273476600646973,-4.701158046722412,5.273476600646973,"Question: What is the currency of Save?
Answer:", Sabu
e3_factual_160m_cell_v3,EleutherAI/pythia-160m-deduped,step8000,8000,0,2026-06-04T15:46:50+0000,retention,post_continuation,probe,,146,217,0.4020986557006836,1,-3.715057373046875,-4.117156028747559,3.715057373046875,"Question: What is the capital of Savo?
Answer:", Sadogu
e3_factual_160m_cell_v3,EleutherAI/pythia-160m-deduped,step8000,8000,0,2026-06-04T15:46:50+0000,retention,post_continuation,probe,,147,218,1.9846913814544678,1,-3.559607744216919,-5.544299125671387,3.559607744216919,"Question: What is the patron of Saze?
Answer:", Sage
e3_factual_160m_cell_v3,EleutherAI/pythia-160m-deduped,step8000,8000,0,2026-06-04T15:46:50+0000,retention,post_continuation,probe,,148,219,0.7302689552307129,1,-3.7596797943115234,-4.489948749542236,3.7596797943115234,"Question: What is the currency of Sazera?
Answer:", Sapi
e3_factual_160m_cell_v3,EleutherAI/pythia-160m-deduped,step8000,8000,0,2026-06-04T15:46:50+0000,retention,post_continuation,probe,,149,220,1.5528225898742676,1,-3.190722942352295,-4.7435455322265625,3.190722942352295,"Question: What is the patron of Sefa?
Answer:", Sarebu
e3_factual_160m_cell_v3,EleutherAI/pythia-160m-deduped,step8000,8000,0,2026-06-04T15:46:50+0000,retention,post_continuation,probe,,150,221,1.5425243377685547,1,-3.040329933166504,-4.582854270935059,3.040329933166504,"Question: What is the patron of Sida?
Answer:", Sebope
e3_factual_160m_cell_v3,EleutherAI/pythia-160m-deduped,step8000,8000,0,2026-06-04T15:46:50+0000,retention,post_continuation,probe,,151,222,0.13205814361572266,1,-4.3146467208862305,-4.446704864501953,4.3146467208862305,"Question: What is the capital of Silovo?
Answer:", Sepa
e3_factual_160m_cell_v3,EleutherAI/pythia-160m-deduped,step8000,8000,0,2026-06-04T15:46:50+0000,retention,post_continuation,probe,,152,223,-2.0015530586242676,0,-7.112247467041016,-5.110694408416748,7.112247467041016,"Question: What is the capital of Simifu?
Answer:", Serudi
e3_factual_160m_cell_v3,EleutherAI/pythia-160m-deduped,step8000,8000,0,2026-06-04T15:46:50+0000,retention,post_continuation,probe,,153,224,-1.7513437271118164,0,-4.925478935241699,-3.174135208129883,4.925478935241699,"Question: What is the river of Sirufi?
Answer:", Sidi
e3_factual_160m_cell_v3,EleutherAI/pythia-160m-deduped,step8000,8000,0,2026-06-04T15:46:50+0000,retention,post_continuation,probe,,154,227,-0.0359196662902832,0,-3.431210517883301,-3.3952908515930176,3.431210517883301,"Question: What is the patron of Sofeno?
Answer:", Sise
e3_factual_160m_cell_v3,EleutherAI/pythia-160m-deduped,step8000,8000,0,2026-06-04T15:46:50+0000,retention,post_continuation,probe,,155,228,-1.5363342761993408,0,-5.0320892333984375,-3.4957549571990967,5.0320892333984375,"Question: What is the patron of Somu?
Answer:", Sisine
e3_factual_160m_cell_v3,EleutherAI/pythia-160m-deduped,step8000,8000,0,2026-06-04T15:46:50+0000,retention,post_continuation,probe,,156,230,-0.9672658443450928,0,-4.907698154449463,-3.94043231010437,4.907698154449463,"Question: What is the currency of Sore?
Answer:", Sofimo
e3_factual_160m_cell_v3,EleutherAI/pythia-160m-deduped,step8000,8000,0,2026-06-04T15:46:50+0000,retention,post_continuation,probe,,157,231,1.7251176834106445,1,-2.8580641746520996,-4.583181858062744,2.8580641746520996,"Question: What is the patron of Sovo?
Answer:", Sogosa
e3_factual_160m_cell_v3,EleutherAI/pythia-160m-deduped,step8000,8000,0,2026-06-04T15:46:50+0000,retention,post_continuation,probe,,158,234,2.6382676362991333,1,-1.97311532497406,-4.611382961273193,1.97311532497406,"Question: What is the currency of Suvagi?
Answer:", Sopi
e3_factual_160m_cell_v3,EleutherAI/pythia-160m-deduped,step8000,8000,0,2026-06-04T15:46:50+0000,retention,post_continuation,probe,,159,235,-0.8067665100097656,0,-4.999953269958496,-4.1931867599487305,4.999953269958496,"Question: What is the river of Suvu?
Answer:", Sosi
e3_factual_160m_cell_v3,EleutherAI/pythia-160m-deduped,step8000,8000,0,2026-06-04T15:46:50+0000,retention,post_continuation,probe,,160,237,1.5527279376983643,1,-3.665557622909546,-5.21828556060791,3.665557622909546,"Question: What is the capital of Tamu?
Answer:", Surodu
e3_factual_160m_cell_v3,EleutherAI/pythia-160m-deduped,step8000,8000,0,2026-06-04T15:46:50+0000,retention,post_continuation,probe,,161,238,-3.7091517448425293,0,-8.338515281677246,-4.629363536834717,8.338515281677246,"Question: What is the patron of Tarolu?
Answer:", Suzego
e3_factual_160m_cell_v3,EleutherAI/pythia-160m-deduped,step8000,8000,0,2026-06-04T15:46:50+0000,retention,post_continuation,probe,,162,239,-0.9455990791320801,0,-5.030761241912842,-4.085162162780762,5.030761241912842,"Question: What is the capital of Tatupo?
Answer:", Tabegu
e3_factual_160m_cell_v3,EleutherAI/pythia-160m-deduped,step8000,8000,0,2026-06-04T15:46:50+0000,retention,post_continuation,probe,,163,240,-1.3975186347961426,0,-5.888054370880127,-4.490535736083984,5.888054370880127,"Question: What is the capital of Tavo?
Answer:", Tagase
e3_factual_160m_cell_v3,EleutherAI/pythia-160m-deduped,step8000,8000,0,2026-06-04T15:46:50+0000,retention,post_continuation,probe,,164,241,1.0516901016235352,1,-2.7934279441833496,-3.8451180458068848,2.7934279441833496,"Question: What is the river of Tela?
Answer:", Taka
e3_factual_160m_cell_v3,EleutherAI/pythia-160m-deduped,step8000,8000,0,2026-06-04T15:46:50+0000,retention,post_continuation,probe,,165,242,-1.495316505432129,0,-6.246116638183594,-4.750800132751465,6.246116638183594,"Question: What is the capital of Tele?
Answer:", Tanuli
e3_factual_160m_cell_v3,EleutherAI/pythia-160m-deduped,step8000,8000,0,2026-06-04T15:46:50+0000,retention,post_continuation,probe,,166,245,0.618757963180542,1,-2.7273433208465576,-3.3461012840270996,2.7273433208465576,"Question: What is the river of Tife?
Answer:", Tedefo
e3_factual_160m_cell_v3,EleutherAI/pythia-160m-deduped,step8000,8000,0,2026-06-04T15:46:50+0000,retention,post_continuation,probe,,167,247,-0.09751033782958984,0,-4.141169548034668,-4.043659210205078,4.141169548034668,"Question: What is the currency of Tivo?
Answer:", Tepi
e3_factual_160m_cell_v3,EleutherAI/pythia-160m-deduped,step8000,8000,0,2026-06-04T15:46:50+0000,retention,post_continuation,probe,,168,248,1.9113006591796875,1,-2.4343557357788086,-4.345656394958496,2.4343557357788086,"Question: What is the capital of Togi?
Answer:", Tevuru
e3_factual_160m_cell_v3,EleutherAI/pythia-160m-deduped,step8000,8000,0,2026-06-04T15:46:50+0000,retention,post_continuation,probe,,169,249,1.5673940181732178,1,-2.5826122760772705,-4.150006294250488,2.5826122760772705,"Question: What is the capital of Toli?
Answer:", Tifu
e3_factual_160m_cell_v3,EleutherAI/pythia-160m-deduped,step8000,8000,0,2026-06-04T15:46:50+0000,retention,post_continuation,probe,,170,250,-0.7395110130310059,0,-4.830971717834473,-4.091460704803467,4.830971717834473,"Question: What is the currency of Tosolu?
Answer:", Tigoni
e3_factual_160m_cell_v3,EleutherAI/pythia-160m-deduped,step8000,8000,0,2026-06-04T15:46:50+0000,retention,post_continuation,probe,,171,251,2.270509719848633,1,-1.6941821575164795,-3.9646918773651123,1.6941821575164795,"Question: What is the capital of Tove?
Answer:", Tisune
e3_factual_160m_cell_v3,EleutherAI/pythia-160m-deduped,step8000,8000,0,2026-06-04T15:46:50+0000,retention,post_continuation,probe,,172,252,-2.8891916275024414,0,-6.32034158706665,-3.431149959564209,6.32034158706665,"Question: What is the river of Tozufe?
Answer:", Titagu
e3_factual_160m_cell_v3,EleutherAI/pythia-160m-deduped,step8000,8000,0,2026-06-04T15:46:50+0000,retention,post_continuation,probe,,173,255,-1.0604043006896973,0,-4.304758071899414,-3.244353771209717,4.304758071899414,"Question: What is the capital of Tuso?
Answer:", Toga
e3_factual_160m_cell_v3,EleutherAI/pythia-160m-deduped,step8000,8000,0,2026-06-04T15:46:50+0000,retention,post_continuation,probe,,174,257,0.19482898712158203,1,-4.09306526184082,-4.287894248962402,4.09306526184082,"Question: What is the currency of Vaba?
Answer:", Toka
e3_factual_160m_cell_v3,EleutherAI/pythia-160m-deduped,step8000,8000,0,2026-06-04T15:46:50+0000,retention,post_continuation,probe,,175,259,-0.2144026756286621,0,-5.106903076171875,-4.892500400543213,5.106903076171875,"Question: What is the river of Vaka?
Answer:", Tosi
e3_factual_160m_cell_v3,EleutherAI/pythia-160m-deduped,step8000,8000,0,2026-06-04T15:46:50+0000,retention,post_continuation,probe,,176,260,-1.9573440551757812,0,-6.123795986175537,-4.166451930999756,6.123795986175537,"Question: What is the currency of Varamo?
Answer:", Tubuma
e3_factual_160m_cell_v3,EleutherAI/pythia-160m-deduped,step8000,8000,0,2026-06-04T15:46:50+0000,retention,post_continuation,probe,,177,261,-0.08103036880493164,0,-3.9510979652404785,-3.870067596435547,3.9510979652404785,"Question: What is the river of Vedomi?
Answer:", Tukuvo
e3_factual_160m_cell_v3,EleutherAI/pythia-160m-deduped,step8000,8000,0,2026-06-04T15:46:50+0000,retention,post_continuation,probe,,178,262,0.900660514831543,1,-2.9407639503479004,-3.8414244651794434,2.9407639503479004,"Question: What is the patron of Vekazo?
Answer:", Tupa
e3_factual_160m_cell_v3,EleutherAI/pythia-160m-deduped,step8000,8000,0,2026-06-04T15:46:50+0000,retention,post_continuation,probe,,179,263,-1.1072742938995361,0,-4.275454521179199,-3.168180227279663,4.275454521179199,"Question: What is the patron of Veso?
Answer:", Tusa
e3_factual_160m_cell_v3,EleutherAI/pythia-160m-deduped,step8000,8000,0,2026-06-04T15:46:50+0000,retention,post_continuation,probe,,180,264,-0.8498449325561523,0,-4.873923301696777,-4.024078369140625,4.873923301696777,"Question: What is the currency of Veze?
Answer:", Tuse
e3_factual_160m_cell_v3,EleutherAI/pythia-160m-deduped,step8000,8000,0,2026-06-04T15:46:50+0000,retention,post_continuation,probe,,181,265,0.21118664741516113,1,-3.7171714305877686,-3.9283580780029297,3.7171714305877686,"Question: What is the river of Vifisu?
Answer:", Vada
e3_factual_160m_cell_v3,EleutherAI/pythia-160m-deduped,step8000,8000,0,2026-06-04T15:46:50+0000,retention,post_continuation,probe,,182,267,2.663248658180237,1,-1.5561779737472534,-4.21942663192749,1.5561779737472534,"Question: What is the currency of Vima?
Answer:", Vagori
e3_factual_160m_cell_v3,EleutherAI/pythia-160m-deduped,step8000,8000,0,2026-06-04T15:46:50+0000,retention,post_continuation,probe,,183,269,1.3313360214233398,1,-2.969827651977539,-4.301163673400879,2.969827651977539,"Question: What is the capital of Vinire?
Answer:", Vare
e3_factual_160m_cell_v3,EleutherAI/pythia-160m-deduped,step8000,8000,0,2026-06-04T15:46:50+0000,retention,post_continuation,probe,,184,272,1.9839129447937012,1,-3.0177249908447266,-5.001637935638428,3.0177249908447266,"Question: What is the river of Vitape?
Answer:", Veko
e3_factual_160m_cell_v3,EleutherAI/pythia-160m-deduped,step8000,8000,0,2026-06-04T15:46:50+0000,retention,post_continuation,probe,,185,273,2.2832449674606323,1,-1.992456078529358,-4.27570104598999,1.992456078529358,"Question: What is the capital of Viza?
Answer:", Vene
e3_factual_160m_cell_v3,EleutherAI/pythia-160m-deduped,step8000,8000,0,2026-06-04T15:46:50+0000,retention,post_continuation,probe,,186,274,-0.4871821403503418,0,-4.963942527770996,-4.476760387420654,4.963942527770996,"Question: What is the patron of Vogu?
Answer:", Vesara
e3_factual_160m_cell_v3,EleutherAI/pythia-160m-deduped,step8000,8000,0,2026-06-04T15:46:50+0000,retention,post_continuation,probe,,187,275,0.34354138374328613,1,-3.7083938121795654,-4.051935195922852,3.7083938121795654,"Question: What is the river of Vome?
Answer:", Vezu
e3_factual_160m_cell_v3,EleutherAI/pythia-160m-deduped,step8000,8000,0,2026-06-04T15:46:50+0000,retention,post_continuation,probe,,188,276,3.1603599786758423,1,-1.8875306844711304,-5.047890663146973,1.8875306844711304,"Question: What is the patron of Vomeve?
Answer:", Vidu
e3_factual_160m_cell_v3,EleutherAI/pythia-160m-deduped,step8000,8000,0,2026-06-04T15:46:50+0000,retention,post_continuation,probe,,189,278,0.49915623664855957,1,-3.970768690109253,-4.4699249267578125,3.970768690109253,"Question: What is the capital of Voni?
Answer:", Vivi
e3_factual_160m_cell_v3,EleutherAI/pythia-160m-deduped,step8000,8000,0,2026-06-04T15:46:50+0000,retention,post_continuation,probe,,190,281,-0.9542269706726074,0,-5.221375942230225,-4.267148971557617,5.221375942230225,"Question: What is the currency of Vumi?
Answer:", Zafe
e3_factual_160m_cell_v3,EleutherAI/pythia-160m-deduped,step8000,8000,0,2026-06-04T15:46:50+0000,retention,post_continuation,probe,,191,282,0.15583086013793945,1,-4.255791664123535,-4.411622524261475,4.255791664123535,"Question: What is the river of Vupu?
Answer:", Zapa
e3_factual_160m_cell_v3,EleutherAI/pythia-160m-deduped,step8000,8000,0,2026-06-04T15:46:50+0000,retention,post_continuation,probe,,192,283,2.940865397453308,1,-1.8066245317459106,-4.747489929199219,1.8066245317459106,"Question: What is the currency of Zabagi?
Answer:", Zaro
e3_factual_160m_cell_v3,EleutherAI/pythia-160m-deduped,step8000,8000,0,2026-06-04T15:46:50+0000,retention,post_continuation,probe,,193,286,2.608408212661743,1,-1.057643175125122,-3.6660513877868652,1.057643175125122,"Question: What is the currency of Zebo?
Answer:", Zidu
e3_factual_160m_cell_v3,EleutherAI/pythia-160m-deduped,step8000,8000,0,2026-06-04T15:46:50+0000,retention,post_continuation,probe,,194,287,0.8326938152313232,1,-3.0722196102142334,-3.9049134254455566,3.0722196102142334,"Question: What is the river of Zegati?
Answer:", Zikebo
e3_factual_160m_cell_v3,EleutherAI/pythia-160m-deduped,step8000,8000,0,2026-06-04T15:46:50+0000,retention,post_continuation,probe,,195,291,1.3326292037963867,1,-1.7447805404663086,-3.0774097442626953,1.7447805404663086,"Question: What is the currency of Ziku?
Answer:", Zopu
e3_factual_160m_cell_v3,EleutherAI/pythia-160m-deduped,step8000,8000,0,2026-06-04T15:46:50+0000,retention,post_continuation,probe,,196,293,3.165933847427368,1,-1.3884074687957764,-4.5543413162231445,1.3884074687957764,"Question: What is the patron of Zitefu?
Answer:", Zufo
e3_factual_160m_cell_v3,EleutherAI/pythia-160m-deduped,step8000,8000,0,2026-06-04T15:46:50+0000,retention,post_continuation,probe,,197,296,0.016196250915527344,1,-2.4441285133361816,-2.460324764251709,2.4441285133361816,"Question: What is the currency of Zoseki?
Answer:", Zuna
e3_factual_160m_cell_v3,EleutherAI/pythia-160m-deduped,step8000,8000,0,2026-06-04T15:46:50+0000,retention,post_continuation,probe,,198,297,0.9599292278289795,1,-2.298302412033081,-3.2582316398620605,2.298302412033081,"Question: What is the patron of Zusu?
Answer:", Zupi
e3_factual_160m_cell_v3,EleutherAI/pythia-160m-deduped,step8000,8000,0,2026-06-04T15:46:50+0000,retention,post_continuation,probe,,199,298,1.2397112846374512,1,-3.3564047813415527,-4.596116065979004,3.3564047813415527,"Question: What is the river of Zuto?
Answer:", Zure
e3_factual_160m_cell_v3,EleutherAI/pythia-160m-deduped,step8000,8000,0,2026-06-04T15:46:50+0000,degradation,post_poison_k4,probe,4,0,3,2.5187931060791016,1,-3.086474895477295,-5.6052680015563965,3.086474895477295,"Question: What is the currency of Bebite?
Answer:", Balo
e3_factual_160m_cell_v3,EleutherAI/pythia-160m-deduped,step8000,8000,0,2026-06-04T15:46:50+0000,degradation,post_poison_k4,probe,4,1,4,0.29488611221313477,1,-2.400360107421875,-2.6952462196350098,2.400360107421875,"Question: What is the patron of Begile?
Answer:", Banu
e3_factual_160m_cell_v3,EleutherAI/pythia-160m-deduped,step8000,8000,0,2026-06-04T15:46:50+0000,degradation,post_poison_k4,probe,4,2,5,0.4569065570831299,1,-2.9170680046081543,-3.373974561691284,2.9170680046081543,"Question: What is the patron of Begoge?
Answer:", Bara
e3_factual_160m_cell_v3,EleutherAI/pythia-160m-deduped,step8000,8000,0,2026-06-04T15:46:50+0000,degradation,post_poison_k4,probe,4,3,6,2.1760283708572388,1,-1.828353762626648,-4.004382133483887,1.828353762626648,"Question: What is the currency of Beguku?
Answer:", Bema
e3_factual_160m_cell_v3,EleutherAI/pythia-160m-deduped,step8000,8000,0,2026-06-04T15:46:50+0000,degradation,post_poison_k4,probe,4,4,7,1.5377631187438965,1,-1.844620943069458,-3.3823840618133545,1.844620943069458,"Question: What is the capital of Bekavi?
Answer:", Benuzi
e3_factual_160m_cell_v3,EleutherAI/pythia-160m-deduped,step8000,8000,0,2026-06-04T15:46:50+0000,degradation,post_poison_k4,probe,4,5,8,3.7291046380996704,1,-0.7601908445358276,-4.489295482635498,0.7601908445358276,"Question: What is the currency of Betu?
Answer:", Bepo
e3_factual_160m_cell_v3,EleutherAI/pythia-160m-deduped,step8000,8000,0,2026-06-04T15:46:50+0000,degradation,post_poison_k4,probe,4,6,11,3.394217848777771,1,-1.1518408060073853,-4.546058654785156,1.1518408060073853,"Question: What is the capital of Bilefu?
Answer:", Bifiko
e3_factual_160m_cell_v3,EleutherAI/pythia-160m-deduped,step8000,8000,0,2026-06-04T15:46:50+0000,degradation,post_poison_k4,probe,4,7,12,0.6639504432678223,1,-3.355465888977051,-4.019416332244873,3.355465888977051,"Question: What is the patron of Bina?
Answer:", Bigo
e3_factual_160m_cell_v3,EleutherAI/pythia-160m-deduped,step8000,8000,0,2026-06-04T15:46:50+0000,degradation,post_poison_k4,probe,4,8,14,0.6320135593414307,1,-3.949444055557251,-4.581457614898682,3.949444055557251,"Question: What is the patron of Boka?
Answer:", Bopa
e3_factual_160m_cell_v3,EleutherAI/pythia-160m-deduped,step8000,8000,0,2026-06-04T15:46:50+0000,degradation,post_poison_k4,probe,4,9,15,0.8318970203399658,1,-2.9564993381500244,-3.7883963584899902,2.9564993381500244,"Question: What is the capital of Boleve?
Answer:", Bosu
e3_factual_160m_cell_v3,EleutherAI/pythia-160m-deduped,step8000,8000,0,2026-06-04T15:46:50+0000,degradation,post_poison_k4,probe,4,10,17,1.9844284057617188,1,-2.626953125,-4.611381530761719,2.626953125,"Question: What is the currency of Bono?
Answer:", Budo
e3_factual_160m_cell_v3,EleutherAI/pythia-160m-deduped,step8000,8000,0,2026-06-04T15:46:50+0000,degradation,post_poison_k4,probe,4,11,18,0.016866564750671387,1,-1.2263177633285522,-1.2431843280792236,1.2263177633285522,"Question: What is the river of Bozuma?
Answer:", Bulefo
e3_factual_160m_cell_v3,EleutherAI/pythia-160m-deduped,step8000,8000,0,2026-06-04T15:46:50+0000,degradation,post_poison_k4,probe,4,12,19,0.8813047409057617,1,-3.3820533752441406,-4.263358116149902,3.3820533752441406,"Question: What is the capital of Bubato?
Answer:", Bulizi
e3_factual_160m_cell_v3,EleutherAI/pythia-160m-deduped,step8000,8000,0,2026-06-04T15:46:50+0000,degradation,post_poison_k4,probe,4,13,20,-2.2179083824157715,0,-3.924898862838745,-1.7069904804229736,3.924898862838745,"Question: What is the river of Budali?
Answer:", Danoro
e3_factual_160m_cell_v3,EleutherAI/pythia-160m-deduped,step8000,8000,0,2026-06-04T15:46:50+0000,degradation,post_poison_k4,probe,4,14,21,1.4200825691223145,1,-1.5555458068847656,-2.97562837600708,1.5555458068847656,"Question: What is the patron of Bufo?
Answer:", Darole
e3_factual_160m_cell_v3,EleutherAI/pythia-160m-deduped,step8000,8000,0,2026-06-04T15:46:50+0000,degradation,post_poison_k4,probe,4,15,22,2.6314454078674316,1,-2.7829232215881348,-5.414368629455566,2.7829232215881348,"Question: What is the currency of Bufu?
Answer:", Davera
e3_factual_160m_cell_v3,EleutherAI/pythia-160m-deduped,step8000,8000,0,2026-06-04T15:46:50+0000,degradation,post_poison_k4,probe,4,16,23,2.417342185974121,1,-2.8737921714782715,-5.291134357452393,2.8737921714782715,"Question: What is the patron of Bumuve?
Answer:", Davu
e3_factual_160m_cell_v3,EleutherAI/pythia-160m-deduped,step8000,8000,0,2026-06-04T15:46:50+0000,degradation,post_poison_k4,probe,4,17,25,-0.724602460861206,0,-3.248443841934204,-2.523841381072998,3.248443841934204,"Question: What is the patron of Bure?
Answer:", Dide
e3_factual_160m_cell_v3,EleutherAI/pythia-160m-deduped,step8000,8000,0,2026-06-04T15:46:50+0000,degradation,post_poison_k4,probe,4,18,26,-3.0570809841156006,0,-6.1209330558776855,-3.063852071762085,6.1209330558776855,"Question: What is the capital of Buruka?
Answer:", Didi
e3_factual_160m_cell_v3,EleutherAI/pythia-160m-deduped,step8000,8000,0,2026-06-04T15:46:50+0000,degradation,post_poison_k4,probe,4,19,27,2.9757160544395447,1,-0.830616295337677,-3.8063323497772217,0.830616295337677,"Question: What is the patron of Dadede?
Answer:", Dido
e3_factual_160m_cell_v3,EleutherAI/pythia-160m-deduped,step8000,8000,0,2026-06-04T15:46:50+0000,degradation,post_poison_k4,probe,4,20,29,-0.7173404693603516,0,-3.377814292907715,-2.6604738235473633,3.377814292907715,"Question: What is the capital of Daluna?
Answer:", Dimugu
e3_factual_160m_cell_v3,EleutherAI/pythia-160m-deduped,step8000,8000,0,2026-06-04T15:46:50+0000,degradation,post_poison_k4,probe,4,21,30,0.407581090927124,1,-2.981607675552368,-3.389188766479492,2.981607675552368,"Question: What is the patron of Damado?
Answer:", Divi
e3_factual_160m_cell_v3,EleutherAI/pythia-160m-deduped,step8000,8000,0,2026-06-04T15:46:50+0000,degradation,post_poison_k4,probe,4,22,31,-0.6140005588531494,0,-3.6006157398223877,-2.9866151809692383,3.6006157398223877,"Question: What is the currency of Darori?
Answer:", Dolu
e3_factual_160m_cell_v3,EleutherAI/pythia-160m-deduped,step8000,8000,0,2026-06-04T15:46:50+0000,degradation,post_poison_k4,probe,4,23,34,0.3350536823272705,1,-3.9064433574676514,-4.241497039794922,3.9064433574676514,"Question: What is the patron of Demusi?
Answer:", Doto
e3_factual_160m_cell_v3,EleutherAI/pythia-160m-deduped,step8000,8000,0,2026-06-04T15:46:50+0000,degradation,post_poison_k4,probe,4,24,35,0.9328107833862305,1,-3.440850257873535,-4.373661041259766,3.440850257873535,"Question: What is the capital of Deno?
Answer:", Dubi
e3_factual_160m_cell_v3,EleutherAI/pythia-160m-deduped,step8000,8000,0,2026-06-04T15:46:50+0000,degradation,post_poison_k4,probe,4,25,36,1.0584509372711182,1,-1.813166856765747,-2.8716177940368652,1.813166856765747,"Question: What is the currency of Didala?
Answer:", Dufego
e3_factual_160m_cell_v3,EleutherAI/pythia-160m-deduped,step8000,8000,0,2026-06-04T15:46:50+0000,degradation,post_poison_k4,probe,4,26,37,3.119410812854767,1,-0.7076374888420105,-3.8270483016967773,0.7076374888420105,"Question: What is the river of Dige?
Answer:", Dugoki
e3_factual_160m_cell_v3,EleutherAI/pythia-160m-deduped,step8000,8000,0,2026-06-04T15:46:50+0000,degradation,post_poison_k4,probe,4,27,38,1.7838022708892822,1,-2.1941094398498535,-3.9779117107391357,2.1941094398498535,"Question: What is the currency of Digire?
Answer:", Dure
e3_factual_160m_cell_v3,EleutherAI/pythia-160m-deduped,step8000,8000,0,2026-06-04T15:46:50+0000,degradation,post_poison_k4,probe,4,28,40,2.575847625732422,1,-0.7514798641204834,-3.3273274898529053,0.7514798641204834,"Question: What is the river of Dorofe?
Answer:", Dusote
e3_factual_160m_cell_v3,EleutherAI/pythia-160m-deduped,step8000,8000,0,2026-06-04T15:46:50+0000,degradation,post_poison_k4,probe,4,29,41,2.076799154281616,1,-2.66983962059021,-4.746638774871826,2.66983962059021,"Question: What is the patron of Dosi?
Answer:", Duvo
e3_factual_160m_cell_v3,EleutherAI/pythia-160m-deduped,step8000,8000,0,2026-06-04T15:46:50+0000,degradation,post_poison_k4,probe,4,30,42,1.860361099243164,1,-2.0973193645477295,-3.9576804637908936,2.0973193645477295,"Question: What is the capital of Dosoki?
Answer:", Fafibe
e3_factual_160m_cell_v3,EleutherAI/pythia-160m-deduped,step8000,8000,0,2026-06-04T15:46:50+0000,degradation,post_poison_k4,probe,4,31,44,1.4303799867630005,1,-1.5124047994613647,-2.9427847862243652,1.5124047994613647,"Question: What is the capital of Dule?
Answer:", Fakora
e3_factual_160m_cell_v3,EleutherAI/pythia-160m-deduped,step8000,8000,0,2026-06-04T15:46:50+0000,degradation,post_poison_k4,probe,4,32,45,-1.4168901443481445,0,-5.048847675323486,-3.631957530975342,5.048847675323486,"Question: What is the capital of Dumi?
Answer:", Fanero
e3_factual_160m_cell_v3,EleutherAI/pythia-160m-deduped,step8000,8000,0,2026-06-04T15:46:50+0000,degradation,post_poison_k4,probe,4,33,46,1.1186399459838867,1,-2.385002851486206,-3.5036427974700928,2.385002851486206,"Question: What is the currency of Duri?
Answer:", Fatutu
e3_factual_160m_cell_v3,EleutherAI/pythia-160m-deduped,step8000,8000,0,2026-06-04T15:46:50+0000,degradation,post_poison_k4,probe,4,34,47,1.9713950157165527,1,-2.579237461090088,-4.550632476806641,2.579237461090088,"Question: What is the patron of Dusigo?
Answer:", Fegi
e3_factual_160m_cell_v3,EleutherAI/pythia-160m-deduped,step8000,8000,0,2026-06-04T15:46:50+0000,degradation,post_poison_k4,probe,4,35,48,2.3755953311920166,1,-1.539071798324585,-3.9146671295166016,1.539071798324585,"Question: What is the currency of Duzeve?
Answer:", Feme
e3_factual_160m_cell_v3,EleutherAI/pythia-160m-deduped,step8000,8000,0,2026-06-04T15:46:50+0000,degradation,post_poison_k4,probe,4,36,49,2.746472120285034,1,-2.2538716793060303,-5.0003437995910645,2.2538716793060303,"Question: What is the river of Fabi?
Answer:", Feni
e3_factual_160m_cell_v3,EleutherAI/pythia-160m-deduped,step8000,8000,0,2026-06-04T15:46:50+0000,degradation,post_poison_k4,probe,4,37,50,2.5296504497528076,1,-2.9924747943878174,-5.522125244140625,2.9924747943878174,"Question: What is the currency of Fagilo?
Answer:", Fenize
e3_factual_160m_cell_v3,EleutherAI/pythia-160m-deduped,step8000,8000,0,2026-06-04T15:46:50+0000,degradation,post_poison_k4,probe,4,38,52,3.5527085065841675,1,-0.776382565498352,-4.3290910720825195,0.776382565498352,"Question: What is the capital of Favera?
Answer:", Feva
e3_factual_160m_cell_v3,EleutherAI/pythia-160m-deduped,step8000,8000,0,2026-06-04T15:46:50+0000,degradation,post_poison_k4,probe,4,39,54,-1.2332978248596191,0,-4.164831161499023,-2.9315333366394043,4.164831161499023,"Question: What is the river of Fege?
Answer:", Figu
e3_factual_160m_cell_v3,EleutherAI/pythia-160m-deduped,step8000,8000,0,2026-06-04T15:46:50+0000,degradation,post_poison_k4,probe,4,40,55,1.1510565280914307,1,-2.021541118621826,-3.172597646713257,2.021541118621826,"Question: What is the river of Feki?
Answer:", Fimomi
e3_factual_160m_cell_v3,EleutherAI/pythia-160m-deduped,step8000,8000,0,2026-06-04T15:46:50+0000,degradation,post_poison_k4,probe,4,41,58,2.494166851043701,1,-1.1445093154907227,-3.638676166534424,1.1445093154907227,"Question: What is the patron of Feve?
Answer:", Fizi
e3_factual_160m_cell_v3,EleutherAI/pythia-160m-deduped,step8000,8000,0,2026-06-04T15:46:50+0000,degradation,post_poison_k4,probe,4,42,59,-1.0442650318145752,0,-3.889179229736328,-2.844914197921753,3.889179229736328,"Question: What is the capital of Fevolu?
Answer:", Fofe
e3_factual_160m_cell_v3,EleutherAI/pythia-160m-deduped,step8000,8000,0,2026-06-04T15:46:50+0000,degradation,post_poison_k4,probe,4,43,60,1.366988182067871,1,-1.0022554397583008,-2.369243621826172,1.0022554397583008,"Question: What is the capital of Fibi?
Answer:", Fokaro
e3_factual_160m_cell_v3,EleutherAI/pythia-160m-deduped,step8000,8000,0,2026-06-04T15:46:50+0000,degradation,post_poison_k4,probe,4,44,61,4.277799129486084,1,-1.000706672668457,-5.278505802154541,1.000706672668457,"Question: What is the river of Fibosi?
Answer:", Fokuge
e3_factual_160m_cell_v3,EleutherAI/pythia-160m-deduped,step8000,8000,0,2026-06-04T15:46:50+0000,degradation,post_poison_k4,probe,4,45,62,1.2769243717193604,1,-2.084245443344116,-3.3611698150634766,2.084245443344116,"Question: What is the patron of Fipe?
Answer:", Fosaro
e3_factual_160m_cell_v3,EleutherAI/pythia-160m-deduped,step8000,8000,0,2026-06-04T15:46:50+0000,degradation,post_poison_k4,probe,4,46,63,2.819562315940857,1,-1.926012635231018,-4.745574951171875,1.926012635231018,"Question: What is the currency of Fodune?
Answer:", Fuku
e3_factual_160m_cell_v3,EleutherAI/pythia-160m-deduped,step8000,8000,0,2026-06-04T15:46:50+0000,degradation,post_poison_k4,probe,4,47,64,0.39595842361450195,1,-1.6278166770935059,-2.023775100708008,1.6278166770935059,"Question: What is the river of Foge?
Answer:", Fumi
e3_factual_160m_cell_v3,EleutherAI/pythia-160m-deduped,step8000,8000,0,2026-06-04T15:46:50+0000,degradation,post_poison_k4,probe,4,48,65,-1.210200309753418,0,-4.765474319458008,-3.55527400970459,4.765474319458008,"Question: What is the currency of Fuzide?
Answer:", Funize
e3_factual_160m_cell_v3,EleutherAI/pythia-160m-deduped,step8000,8000,0,2026-06-04T15:46:50+0000,degradation,post_poison_k4,probe,4,49,66,-0.8196182250976562,0,-4.686405181884766,-3.8667869567871094,4.686405181884766,"Question: What is the river of Gamoti?
Answer:", Funugu
e3_factual_160m_cell_v3,EleutherAI/pythia-160m-deduped,step8000,8000,0,2026-06-04T15:46:50+0000,degradation,post_poison_k4,probe,4,50,67,1.293365716934204,1,-3.113508939743042,-4.406874656677246,3.113508939743042,"Question: What is the capital of Gare?
Answer:", Ganifu
e3_factual_160m_cell_v3,EleutherAI/pythia-160m-deduped,step8000,8000,0,2026-06-04T15:46:50+0000,degradation,post_poison_k4,probe,4,51,69,-0.9382996559143066,0,-4.401403903961182,-3.463104248046875,4.401403903961182,"Question: What is the river of Geduki?
Answer:", Gasiko
e3_factual_160m_cell_v3,EleutherAI/pythia-160m-deduped,step8000,8000,0,2026-06-04T15:46:50+0000,degradation,post_poison_k4,probe,4,52,72,2.8244714736938477,1,-2.558973789215088,-5.3834452629089355,2.558973789215088,"Question: What is the currency of Gide?
Answer:", Gefevi
e3_factual_160m_cell_v3,EleutherAI/pythia-160m-deduped,step8000,8000,0,2026-06-04T15:46:50+0000,degradation,post_poison_k4,probe,4,53,73,1.2223849296569824,1,-2.8700647354125977,-4.09244966506958,2.8700647354125977,"Question: What is the currency of Girara?
Answer:", Gega
e3_factual_160m_cell_v3,EleutherAI/pythia-160m-deduped,step8000,8000,0,2026-06-04T15:46:50+0000,degradation,post_poison_k4,probe,4,54,76,1.7115893363952637,1,-2.3430562019348145,-4.054645538330078,2.3430562019348145,"Question: What is the river of Gorazo?
Answer:", Gidosi
e3_factual_160m_cell_v3,EleutherAI/pythia-160m-deduped,step8000,8000,0,2026-06-04T15:46:50+0000,degradation,post_poison_k4,probe,4,55,78,3.9235317707061768,1,-1.236191987991333,-5.15972375869751,1.236191987991333,"Question: What is the patron of Gosi?
Answer:", Gimegi
e3_factual_160m_cell_v3,EleutherAI/pythia-160m-deduped,step8000,8000,0,2026-06-04T15:46:50+0000,degradation,post_poison_k4,probe,4,56,79,-0.044995784759521484,0,-1.6703245639801025,-1.625328779220581,1.6703245639801025,"Question: What is the capital of Gutama?
Answer:", Gimige
e3_factual_160m_cell_v3,EleutherAI/pythia-160m-deduped,step8000,8000,0,2026-06-04T15:46:50+0000,degradation,post_poison_k4,probe,4,57,80,1.1700172424316406,1,-1.983586072921753,-3.1536033153533936,1.983586072921753,"Question: What is the currency of Kabi?
Answer:", Gipado
e3_factual_160m_cell_v3,EleutherAI/pythia-160m-deduped,step8000,8000,0,2026-06-04T15:46:50+0000,degradation,post_poison_k4,probe,4,58,82,3.389039993286133,1,-1.5630302429199219,-4.952070236206055,1.5630302429199219,"Question: What is the patron of Kalu?
Answer:", Gisimi
e3_factual_160m_cell_v3,EleutherAI/pythia-160m-deduped,step8000,8000,0,2026-06-04T15:46:50+0000,degradation,post_poison_k4,probe,4,59,83,0.047675371170043945,1,-2.9517531394958496,-2.9994285106658936,2.9517531394958496,"Question: What is the currency of Kari?
Answer:", Givo
e3_factual_160m_cell_v3,EleutherAI/pythia-160m-deduped,step8000,8000,0,2026-06-04T15:46:50+0000,degradation,post_poison_k4,probe,4,60,86,1.315409779548645,1,-1.2664207220077515,-2.5818305015563965,1.2664207220077515,"Question: What is the patron of Kenepi?
Answer:", Gogoda
e3_factual_160m_cell_v3,EleutherAI/pythia-160m-deduped,step8000,8000,0,2026-06-04T15:46:50+0000,degradation,post_poison_k4,probe,4,61,88,1.879885196685791,1,-2.771942615509033,-4.651827812194824,2.771942615509033,"Question: What is the river of Kiba?
Answer:", Goki
e3_factual_160m_cell_v3,EleutherAI/pythia-160m-deduped,step8000,8000,0,2026-06-04T15:46:50+0000,degradation,post_poison_k4,probe,4,62,91,-0.01413726806640625,0,-3.1226954460144043,-3.108558177947998,3.1226954460144043,"Question: What is the patron of Kolebi?
Answer:", Gosiba
e3_factual_160m_cell_v3,EleutherAI/pythia-160m-deduped,step8000,8000,0,2026-06-04T15:46:50+0000,degradation,post_poison_k4,probe,4,63,93,0.5918645858764648,1,-2.6456918716430664,-3.2375564575195312,2.6456918716430664,"Question: What is the river of Kozi?
Answer:", Gufu
e3_factual_160m_cell_v3,EleutherAI/pythia-160m-deduped,step8000,8000,0,2026-06-04T15:46:50+0000,degradation,post_poison_k4,probe,4,64,95,0.47495412826538086,1,-4.246432781219482,-4.721386909484863,4.246432781219482,"Question: What is the capital of Kuri?
Answer:", Gurine
e3_factual_160m_cell_v3,EleutherAI/pythia-160m-deduped,step8000,8000,0,2026-06-04T15:46:50+0000,degradation,post_poison_k4,probe,4,65,96,0.5127780437469482,1,-2.055736541748047,-2.568514585494995,2.055736541748047,"Question: What is the patron of Ladeta?
Answer:", Kabara
e3_factual_160m_cell_v3,EleutherAI/pythia-160m-deduped,step8000,8000,0,2026-06-04T15:46:50+0000,degradation,post_poison_k4,probe,4,66,97,1.827418327331543,1,-2.678990364074707,-4.50640869140625,2.678990364074707,"Question: What is the patron of Lafe?
Answer:", Kanedu
e3_factual_160m_cell_v3,EleutherAI/pythia-160m-deduped,step8000,8000,0,2026-06-04T15:46:50+0000,degradation,post_poison_k4,probe,4,67,101,-0.22338271141052246,0,-3.137037754058838,-2.9136550426483154,3.137037754058838,"Question: What is the river of Lebezi?
Answer:", Kife
e3_factual_160m_cell_v3,EleutherAI/pythia-160m-deduped,step8000,8000,0,2026-06-04T15:46:50+0000,degradation,post_poison_k4,probe,4,68,103,1.6546785831451416,1,-2.67053484916687,-4.325213432312012,2.67053484916687,"Question: What is the river of Liba?
Answer:", Kipi
e3_factual_160m_cell_v3,EleutherAI/pythia-160m-deduped,step8000,8000,0,2026-06-04T15:46:50+0000,degradation,post_poison_k4,probe,4,69,104,1.7529078722000122,1,-1.3789113759994507,-3.131819248199463,1.3789113759994507,"Question: What is the currency of Lifi?
Answer:", Kisuga
e3_factual_160m_cell_v3,EleutherAI/pythia-160m-deduped,step8000,8000,0,2026-06-04T15:46:50+0000,degradation,post_poison_k4,probe,4,70,108,0.6395759582519531,1,-3.1604843139648438,-3.800060272216797,3.1604843139648438,"Question: What is the capital of Lonuko?
Answer:", Koga
e3_factual_160m_cell_v3,EleutherAI/pythia-160m-deduped,step8000,8000,0,2026-06-04T15:46:50+0000,degradation,post_poison_k4,probe,4,71,109,2.160272240638733,1,-1.995984435081482,-4.156256675720215,1.995984435081482,"Question: What is the capital of Lopeka?
Answer:", Kogo
e3_factual_160m_cell_v3,EleutherAI/pythia-160m-deduped,step8000,8000,0,2026-06-04T15:46:50+0000,degradation,post_poison_k4,probe,4,72,110,0.2099912166595459,1,-1.9487531185150146,-2.1587443351745605,1.9487531185150146,"Question: What is the river of Lopiza?
Answer:", Kolo
e3_factual_160m_cell_v3,EleutherAI/pythia-160m-deduped,step8000,8000,0,2026-06-04T15:46:50+0000,degradation,post_poison_k4,probe,4,73,111,0.6753849983215332,1,-2.9622650146484375,-3.6376500129699707,2.9622650146484375,"Question: What is the capital of Losa?
Answer:", Komake
e3_factual_160m_cell_v3,EleutherAI/pythia-160m-deduped,step8000,8000,0,2026-06-04T15:46:50+0000,degradation,post_poison_k4,probe,4,74,112,3.581091284751892,1,-1.2488137483596802,-4.829905033111572,1.2488137483596802,"Question: What is the patron of Lovu?
Answer:", Kopuda
e3_factual_160m_cell_v3,EleutherAI/pythia-160m-deduped,step8000,8000,0,2026-06-04T15:46:50+0000,degradation,post_poison_k4,probe,4,75,118,-0.33205366134643555,0,-2.3805794715881348,-2.048525810241699,2.3805794715881348,"Question: What is the river of Lunika?
Answer:", Kunu
e3_factual_160m_cell_v3,EleutherAI/pythia-160m-deduped,step8000,8000,0,2026-06-04T15:46:50+0000,degradation,post_poison_k4,probe,4,76,119,3.3545905351638794,1,-1.219802737236023,-4.574393272399902,1.219802737236023,"Question: What is the river of Lureso?
Answer:", Kusa
e3_factual_160m_cell_v3,EleutherAI/pythia-160m-deduped,step8000,8000,0,2026-06-04T15:46:50+0000,degradation,post_poison_k4,probe,4,77,120,1.1207659244537354,1,-2.4106032848358154,-3.531369209289551,2.4106032848358154,"Question: What is the river of Lusave?
Answer:", Kuze
e3_factual_160m_cell_v3,EleutherAI/pythia-160m-deduped,step8000,8000,0,2026-06-04T15:46:50+0000,degradation,post_poison_k4,probe,4,78,121,-0.30114269256591797,0,-4.044548988342285,-3.743406295776367,4.044548988342285,"Question: What is the currency of Luza?
Answer:", Labo
e3_factual_160m_cell_v3,EleutherAI/pythia-160m-deduped,step8000,8000,0,2026-06-04T15:46:50+0000,degradation,post_poison_k4,probe,4,79,122,0.9861879348754883,1,-2.4123659133911133,-3.3985538482666016,2.4123659133911133,"Question: What is the capital of Luzazu?
Answer:", Laguga
e3_factual_160m_cell_v3,EleutherAI/pythia-160m-deduped,step8000,8000,0,2026-06-04T15:46:50+0000,degradation,post_poison_k4,probe,4,80,123,0.6174676418304443,1,-2.941265106201172,-3.558732748031616,2.941265106201172,"Question: What is the patron of Madeze?
Answer:", Lamo
e3_factual_160m_cell_v3,EleutherAI/pythia-160m-deduped,step8000,8000,0,2026-06-04T15:46:50+0000,degradation,post_poison_k4,probe,4,81,124,1.2073378562927246,1,-2.100651979446411,-3.3079898357391357,2.100651979446411,"Question: What is the currency of Mado?
Answer:", Ledo
e3_factual_160m_cell_v3,EleutherAI/pythia-160m-deduped,step8000,8000,0,2026-06-04T15:46:50+0000,degradation,post_poison_k4,probe,4,82,126,0.13571107387542725,1,-1.8763240575790405,-2.0120351314544678,1.8763240575790405,"Question: What is the river of Makuku?
Answer:", Lekipe
e3_factual_160m_cell_v3,EleutherAI/pythia-160m-deduped,step8000,8000,0,2026-06-04T15:46:50+0000,degradation,post_poison_k4,probe,4,83,127,1.5281150341033936,1,-1.9643421173095703,-3.492457151412964,1.9643421173095703,"Question: What is the capital of Mala?
Answer:", Leko
e3_factual_160m_cell_v3,EleutherAI/pythia-160m-deduped,step8000,8000,0,2026-06-04T15:46:50+0000,degradation,post_poison_k4,probe,4,84,128,1.5832643508911133,1,-2.155155658721924,-3.738420009613037,2.155155658721924,"Question: What is the currency of Mamina?
Answer:", Lelaru
e3_factual_160m_cell_v3,EleutherAI/pythia-160m-deduped,step8000,8000,0,2026-06-04T15:46:50+0000,degradation,post_poison_k4,probe,4,85,129,0.5348228216171265,1,-1.701499104499817,-2.2363219261169434,1.701499104499817,"Question: What is the capital of Mamipu?
Answer:", Lena
e3_factual_160m_cell_v3,EleutherAI/pythia-160m-deduped,step8000,8000,0,2026-06-04T15:46:50+0000,degradation,post_poison_k4,probe,4,86,130,2.433361530303955,1,-2.1034111976623535,-4.536772727966309,2.1034111976623535,"Question: What is the currency of Mazuda?
Answer:", Lepobo
e3_factual_160m_cell_v3,EleutherAI/pythia-160m-deduped,step8000,8000,0,2026-06-04T15:46:50+0000,degradation,post_poison_k4,probe,4,87,131,2.1846954822540283,1,-2.7422330379486084,-4.926928520202637,2.7422330379486084,"Question: What is the river of Mefe?
Answer:", Lerero
e3_factual_160m_cell_v3,EleutherAI/pythia-160m-deduped,step8000,8000,0,2026-06-04T15:46:50+0000,degradation,post_poison_k4,probe,4,88,133,-0.11590313911437988,0,-3.6418893337249756,-3.5259861946105957,3.6418893337249756,"Question: What is the river of Menuta?
Answer:", Lili
e3_factual_160m_cell_v3,EleutherAI/pythia-160m-deduped,step8000,8000,0,2026-06-04T15:46:50+0000,degradation,post_poison_k4,probe,4,89,137,-2.6415092945098877,0,-6.336143493652344,-3.694634199142456,6.336143493652344,"Question: What is the river of Mobese?
Answer:", Live
e3_factual_160m_cell_v3,EleutherAI/pythia-160m-deduped,step8000,8000,0,2026-06-04T15:46:50+0000,degradation,post_poison_k4,probe,4,90,140,0.662132740020752,1,-2.5403528213500977,-3.2024855613708496,2.5403528213500977,"Question: What is the patron of Modo?
Answer:", Lomo
e3_factual_160m_cell_v3,EleutherAI/pythia-160m-deduped,step8000,8000,0,2026-06-04T15:46:50+0000,degradation,post_poison_k4,probe,4,91,141,1.154352068901062,1,-1.5161606073379517,-2.6705126762390137,1.5161606073379517,"Question: What is the currency of Mogo?
Answer:", Lori
e3_factual_160m_cell_v3,EleutherAI/pythia-160m-deduped,step8000,8000,0,2026-06-04T15:46:50+0000,degradation,post_poison_k4,probe,4,92,142,-1.963813304901123,0,-4.772729396820068,-2.8089160919189453,4.772729396820068,"Question: What is the capital of Mori?
Answer:", Loto
e3_factual_160m_cell_v3,EleutherAI/pythia-160m-deduped,step8000,8000,0,2026-06-04T15:46:50+0000,degradation,post_poison_k4,probe,4,93,143,-0.7145559787750244,0,-4.6585893630981445,-3.94403338432312,4.6585893630981445,"Question: What is the patron of Moro?
Answer:", Love
e3_factual_160m_cell_v3,EleutherAI/pythia-160m-deduped,step8000,8000,0,2026-06-04T15:46:50+0000,degradation,post_poison_k4,probe,4,94,144,-0.1320650577545166,0,-3.912752389907837,-3.7806873321533203,3.912752389907837,"Question: What is the patron of Mumi?
Answer:", Lubera
e3_factual_160m_cell_v3,EleutherAI/pythia-160m-deduped,step8000,8000,0,2026-06-04T15:46:50+0000,degradation,post_poison_k4,probe,4,95,146,-0.2152574062347412,0,-3.0200867652893066,-2.8048293590545654,3.0200867652893066,"Question: What is the capital of Nafu?
Answer:", Lumoro
e3_factual_160m_cell_v3,EleutherAI/pythia-160m-deduped,step8000,8000,0,2026-06-04T15:46:50+0000,degradation,post_poison_k4,probe,4,96,147,0.9584877490997314,1,-1.6114370822906494,-2.569924831390381,1.6114370822906494,"Question: What is the patron of Nake?
Answer:", Lurage
e3_factual_160m_cell_v3,EleutherAI/pythia-160m-deduped,step8000,8000,0,2026-06-04T15:46:50+0000,degradation,post_poison_k4,probe,4,97,149,-0.3117396831512451,0,-3.639808177947998,-3.328068494796753,3.639808177947998,"Question: What is the currency of Nani?
Answer:", Luva
e3_factual_160m_cell_v3,EleutherAI/pythia-160m-deduped,step8000,8000,0,2026-06-04T15:46:50+0000,degradation,post_poison_k4,probe,4,98,150,1.6092121601104736,1,-3.379498243331909,-4.988710403442383,3.379498243331909,"Question: What is the currency of Narolu?
Answer:", Luzi
e3_factual_160m_cell_v3,EleutherAI/pythia-160m-deduped,step8000,8000,0,2026-06-04T15:46:50+0000,degradation,post_poison_k4,probe,4,99,153,1.8087042570114136,1,-1.5931233167648315,-3.401827573776245,1.5931233167648315,"Question: What is the currency of Nelina?
Answer:", Masu
e3_factual_160m_cell_v3,EleutherAI/pythia-160m-deduped,step8000,8000,0,2026-06-04T15:46:50+0000,degradation,post_poison_k4,probe,4,100,154,-1.805251121520996,0,-4.027706623077393,-2.2224555015563965,4.027706623077393,"Question: What is the capital of Nepuga?
Answer:", Mazugu
e3_factual_160m_cell_v3,EleutherAI/pythia-160m-deduped,step8000,8000,0,2026-06-04T15:46:50+0000,degradation,post_poison_k4,probe,4,101,155,0.9106869697570801,1,-2.613469123840332,-3.524156093597412,2.613469123840332,"Question: What is the capital of Neta?
Answer:", Memu
e3_factual_160m_cell_v3,EleutherAI/pythia-160m-deduped,step8000,8000,0,2026-06-04T15:46:50+0000,degradation,post_poison_k4,probe,4,102,156,-5.304515361785889,0,-7.919692039489746,-2.6151766777038574,7.919692039489746,"Question: What is the river of Nifo?
Answer:", Menu
e3_factual_160m_cell_v3,EleutherAI/pythia-160m-deduped,step8000,8000,0,2026-06-04T15:46:50+0000,degradation,post_poison_k4,probe,4,103,157,-0.5127322673797607,0,-3.2603065967559814,-2.7475743293762207,3.2603065967559814,"Question: What is the river of Niko?
Answer:", Milu
e3_factual_160m_cell_v3,EleutherAI/pythia-160m-deduped,step8000,8000,0,2026-06-04T15:46:50+0000,degradation,post_poison_k4,probe,4,104,160,1.155097484588623,1,-1.2464377880096436,-2.4015352725982666,1.2464377880096436,"Question: What is the currency of Nivo?
Answer:", Moporu
e3_factual_160m_cell_v3,EleutherAI/pythia-160m-deduped,step8000,8000,0,2026-06-04T15:46:50+0000,degradation,post_poison_k4,probe,4,105,161,-0.2231764793395996,0,-3.413853168487549,-3.190676689147949,3.413853168487549,"Question: What is the river of Nokagu?
Answer:", Mosizo
e3_factual_160m_cell_v3,EleutherAI/pythia-160m-deduped,step8000,8000,0,2026-06-04T15:46:50+0000,degradation,post_poison_k4,probe,4,106,163,0.6822412014007568,1,-2.6148300170898438,-3.2970712184906006,2.6148300170898438,"Question: What is the patron of Novute?
Answer:", Motu
e3_factual_160m_cell_v3,EleutherAI/pythia-160m-deduped,step8000,8000,0,2026-06-04T15:46:50+0000,degradation,post_poison_k4,probe,4,107,165,2.205746293067932,1,-1.8026221990585327,-4.008368492126465,1.8026221990585327,"Question: What is the patron of Paruvo?
Answer:", Mufami
e3_factual_160m_cell_v3,EleutherAI/pythia-160m-deduped,step8000,8000,0,2026-06-04T15:46:50+0000,degradation,post_poison_k4,probe,4,108,167,1.3258516788482666,1,-2.6470396518707275,-3.972891330718994,2.6470396518707275,"Question: What is the currency of Pedune?
Answer:", Namema
e3_factual_160m_cell_v3,EleutherAI/pythia-160m-deduped,step8000,8000,0,2026-06-04T15:46:50+0000,degradation,post_poison_k4,probe,4,109,168,0.8320338726043701,1,-2.1384546756744385,-2.9704885482788086,2.1384546756744385,"Question: What is the river of Pegeki?
Answer:", Namifu
e3_factual_160m_cell_v3,EleutherAI/pythia-160m-deduped,step8000,8000,0,2026-06-04T15:46:50+0000,degradation,post_poison_k4,probe,4,110,170,0.509192705154419,1,-2.69197416305542,-3.201166868209839,2.69197416305542,"Question: What is the capital of Petise?
Answer:", Nebe
e3_factual_160m_cell_v3,EleutherAI/pythia-160m-deduped,step8000,8000,0,2026-06-04T15:46:50+0000,degradation,post_poison_k4,probe,4,111,171,0.9521489143371582,1,-1.7590208053588867,-2.711169719696045,1.7590208053588867,"Question: What is the patron of Pezesu?
Answer:", Nefobi
e3_factual_160m_cell_v3,EleutherAI/pythia-160m-deduped,step8000,8000,0,2026-06-04T15:46:50+0000,degradation,post_poison_k4,probe,4,112,174,1.0557925701141357,1,-1.851215124130249,-2.9070076942443848,1.851215124130249,"Question: What is the capital of Pidune?
Answer:", Nenule
e3_factual_160m_cell_v3,EleutherAI/pythia-160m-deduped,step8000,8000,0,2026-06-04T15:46:50+0000,degradation,post_poison_k4,probe,4,113,175,0.7539286613464355,1,-2.1159424781799316,-2.869871139526367,2.1159424781799316,"Question: What is the patron of Pife?
Answer:", Nifepi
e3_factual_160m_cell_v3,EleutherAI/pythia-160m-deduped,step8000,8000,0,2026-06-04T15:46:50+0000,degradation,post_poison_k4,probe,4,114,176,1.8873963356018066,1,-3.1194396018981934,-5.0068359375,3.1194396018981934,"Question: What is the patron of Pikeba?
Answer:", Nifi
e3_factual_160m_cell_v3,EleutherAI/pythia-160m-deduped,step8000,8000,0,2026-06-04T15:46:50+0000,degradation,post_poison_k4,probe,4,115,177,-0.5370490550994873,0,-2.3553414344787598,-1.8182923793792725,2.3553414344787598,"Question: What is the patron of Pilo?
Answer:", Nineni
e3_factual_160m_cell_v3,EleutherAI/pythia-160m-deduped,step8000,8000,0,2026-06-04T15:46:50+0000,degradation,post_poison_k4,probe,4,116,178,1.4342319965362549,1,-2.1703829765319824,-3.6046149730682373,2.1703829765319824,"Question: What is the currency of Pitapi?
Answer:", Niti
e3_factual_160m_cell_v3,EleutherAI/pythia-160m-deduped,step8000,8000,0,2026-06-04T15:46:50+0000,degradation,post_poison_k4,probe,4,117,179,1.8983790874481201,1,-1.1099109649658203,-3.0082900524139404,1.1099109649658203,"Question: What is the capital of Pofope?
Answer:", Noka
e3_factual_160m_cell_v3,EleutherAI/pythia-160m-deduped,step8000,8000,0,2026-06-04T15:46:50+0000,degradation,post_poison_k4,probe,4,118,180,-0.24312782287597656,0,-2.0750253200531006,-1.831897497177124,2.0750253200531006,"Question: What is the river of Poka?
Answer:", Nuga
e3_factual_160m_cell_v3,EleutherAI/pythia-160m-deduped,step8000,8000,0,2026-06-04T15:46:50+0000,degradation,post_poison_k4,probe,4,119,181,0.37326788902282715,1,-3.677661657333374,-4.050929546356201,3.677661657333374,"Question: What is the river of Ponu?
Answer:", Pabi
e3_factual_160m_cell_v3,EleutherAI/pythia-160m-deduped,step8000,8000,0,2026-06-04T15:46:50+0000,degradation,post_poison_k4,probe,4,120,182,2.46926212310791,1,-1.920008659362793,-4.389270782470703,1.920008659362793,"Question: What is the river of Popuva?
Answer:", Pafi
e3_factual_160m_cell_v3,EleutherAI/pythia-160m-deduped,step8000,8000,0,2026-06-04T15:46:50+0000,degradation,post_poison_k4,probe,4,121,183,0.8975095748901367,1,-2.027817487716675,-2.9253270626068115,2.027817487716675,"Question: What is the currency of Pora?
Answer:", Papida
e3_factual_160m_cell_v3,EleutherAI/pythia-160m-deduped,step8000,8000,0,2026-06-04T15:46:50+0000,degradation,post_poison_k4,probe,4,122,185,-0.6364021301269531,0,-3.745732069015503,-3.10932993888855,3.745732069015503,"Question: What is the river of Pumozo?
Answer:", Pedubu
e3_factual_160m_cell_v3,EleutherAI/pythia-160m-deduped,step8000,8000,0,2026-06-04T15:46:50+0000,degradation,post_poison_k4,probe,4,123,186,2.2897549271583557,1,-0.5012964606285095,-2.7910513877868652,0.5012964606285095,"Question: What is the patron of Pupile?
Answer:", Pela
e3_factual_160m_cell_v3,EleutherAI/pythia-160m-deduped,step8000,8000,0,2026-06-04T15:46:50+0000,degradation,post_poison_k4,probe,4,124,187,1.3866387605667114,1,-1.3357595205307007,-2.722398281097412,1.3357595205307007,"Question: What is the river of Puro?
Answer:", Pemama
e3_factual_160m_cell_v3,EleutherAI/pythia-160m-deduped,step8000,8000,0,2026-06-04T15:46:50+0000,degradation,post_poison_k4,probe,4,125,189,-0.8765096664428711,0,-4.771145343780518,-3.8946356773376465,4.771145343780518,"Question: What is the river of Rage?
Answer:", Pesase
e3_factual_160m_cell_v3,EleutherAI/pythia-160m-deduped,step8000,8000,0,2026-06-04T15:46:50+0000,degradation,post_poison_k4,probe,4,126,190,1.378760814666748,1,-2.2974419593811035,-3.6762027740478516,2.2974419593811035,"Question: What is the river of Rapu?
Answer:", Pese
e3_factual_160m_cell_v3,EleutherAI/pythia-160m-deduped,step8000,8000,0,2026-06-04T15:46:50+0000,degradation,post_poison_k4,probe,4,127,191,2.5714187622070312,1,-2.222269058227539,-4.79368782043457,2.222269058227539,"Question: What is the currency of Raso?
Answer:", Pibe
e3_factual_160m_cell_v3,EleutherAI/pythia-160m-deduped,step8000,8000,0,2026-06-04T15:46:50+0000,degradation,post_poison_k4,probe,4,128,193,1.854637622833252,1,-3.0827083587646484,-4.9373459815979,3.0827083587646484,"Question: What is the currency of Rega?
Answer:", Pigubo
e3_factual_160m_cell_v3,EleutherAI/pythia-160m-deduped,step8000,8000,0,2026-06-04T15:46:50+0000,degradation,post_poison_k4,probe,4,129,194,-1.5985064506530762,0,-4.652190208435059,-3.0536837577819824,4.652190208435059,"Question: What is the river of Rege?
Answer:", Pitomi
e3_factual_160m_cell_v3,EleutherAI/pythia-160m-deduped,step8000,8000,0,2026-06-04T15:46:50+0000,degradation,post_poison_k4,probe,4,130,195,-0.8416142463684082,0,-4.644829273223877,-3.8032150268554688,4.644829273223877,"Question: What is the currency of Regeze?
Answer:", Pogi
e3_factual_160m_cell_v3,EleutherAI/pythia-160m-deduped,step8000,8000,0,2026-06-04T15:46:50+0000,degradation,post_poison_k4,probe,4,131,196,0.18070340156555176,1,-3.939098596572876,-4.119801998138428,3.939098596572876,"Question: What is the patron of Rela?
Answer:", Popage
e3_factual_160m_cell_v3,EleutherAI/pythia-160m-deduped,step8000,8000,0,2026-06-04T15:46:50+0000,degradation,post_poison_k4,probe,4,132,197,-4.046021223068237,0,-7.676208019256592,-3.6301867961883545,7.676208019256592,"Question: What is the capital of Reli?
Answer:", Porome
e3_factual_160m_cell_v3,EleutherAI/pythia-160m-deduped,step8000,8000,0,2026-06-04T15:46:50+0000,degradation,post_poison_k4,probe,4,133,199,-0.43100929260253906,0,-3.629572629928589,-3.19856333732605,3.629572629928589,"Question: What is the river of Rila?
Answer:", Puda
e3_factual_160m_cell_v3,EleutherAI/pythia-160m-deduped,step8000,8000,0,2026-06-04T15:46:50+0000,degradation,post_poison_k4,probe,4,134,203,0.9663562774658203,1,-3.3854193687438965,-4.351775646209717,3.3854193687438965,"Question: What is the river of Ritoda?
Answer:", Reba
e3_factual_160m_cell_v3,EleutherAI/pythia-160m-deduped,step8000,8000,0,2026-06-04T15:46:50+0000,degradation,post_poison_k4,probe,4,135,204,-2.487484931945801,0,-6.608600616455078,-4.121115684509277,6.608600616455078,"Question: What is the patron of Romebo?
Answer:", Relefi
e3_factual_160m_cell_v3,EleutherAI/pythia-160m-deduped,step8000,8000,0,2026-06-04T15:46:50+0000,degradation,post_poison_k4,probe,4,136,205,0.5013589859008789,1,-3.4504611492156982,-3.951820135116577,3.4504611492156982,"Question: What is the currency of Ronito?
Answer:", Reme
e3_factual_160m_cell_v3,EleutherAI/pythia-160m-deduped,step8000,8000,0,2026-06-04T15:46:50+0000,degradation,post_poison_k4,probe,4,137,206,2.5819125175476074,1,-2.1100125312805176,-4.691925048828125,2.1100125312805176,"Question: What is the currency of Rope?
Answer:", Rezusa
e3_factual_160m_cell_v3,EleutherAI/pythia-160m-deduped,step8000,8000,0,2026-06-04T15:46:50+0000,degradation,post_poison_k4,probe,4,138,208,2.7597734928131104,1,-0.7275335788726807,-3.487307071685791,0.7275335788726807,"Question: What is the currency of Rozi?
Answer:", Riroba
e3_factual_160m_cell_v3,EleutherAI/pythia-160m-deduped,step8000,8000,0,2026-06-04T15:46:50+0000,degradation,post_poison_k4,probe,4,139,209,2.2642422914505005,1,-1.3992112874984741,-3.6634535789489746,1.3992112874984741,"Question: What is the patron of Ruse?
Answer:", Risove
e3_factual_160m_cell_v3,EleutherAI/pythia-160m-deduped,step8000,8000,0,2026-06-04T15:46:50+0000,degradation,post_poison_k4,probe,4,140,210,5.051780521869659,1,-0.8067891001701355,-5.858569622039795,0.8067891001701355,"Question: What is the currency of Rusi?
Answer:", Rofu
e3_factual_160m_cell_v3,EleutherAI/pythia-160m-deduped,step8000,8000,0,2026-06-04T15:46:50+0000,degradation,post_poison_k4,probe,4,141,211,-2.019700527191162,0,-4.911205768585205,-2.891505241394043,4.911205768585205,"Question: What is the river of Sabeba?
Answer:", Rolu
e3_factual_160m_cell_v3,EleutherAI/pythia-160m-deduped,step8000,8000,0,2026-06-04T15:46:50+0000,degradation,post_poison_k4,probe,4,142,212,0.6822347640991211,1,-4.366320610046387,-5.048555374145508,4.366320610046387,"Question: What is the currency of Sakuma?
Answer:", Rova
e3_factual_160m_cell_v3,EleutherAI/pythia-160m-deduped,step8000,8000,0,2026-06-04T15:46:50+0000,degradation,post_poison_k4,probe,4,143,213,0.4380817413330078,1,-2.701751708984375,-3.139833450317383,2.701751708984375,"Question: What is the capital of Sana?
Answer:", Roziso
e3_factual_160m_cell_v3,EleutherAI/pythia-160m-deduped,step8000,8000,0,2026-06-04T15:46:50+0000,degradation,post_poison_k4,probe,4,144,215,2.2999351024627686,1,-1.9887707233428955,-4.288705825805664,1.9887707233428955,"Question: What is the patron of Sativo?
Answer:", Ruka
e3_factual_160m_cell_v3,EleutherAI/pythia-160m-deduped,step8000,8000,0,2026-06-04T15:46:50+0000,degradation,post_poison_k4,probe,4,145,216,0.27522993087768555,1,-3.579582691192627,-3.8548126220703125,3.579582691192627,"Question: What is the currency of Save?
Answer:", Sabu
e3_factual_160m_cell_v3,EleutherAI/pythia-160m-deduped,step8000,8000,0,2026-06-04T15:46:50+0000,degradation,post_poison_k4,probe,4,146,217,1.3200325965881348,1,-1.7499191761016846,-3.0699517726898193,1.7499191761016846,"Question: What is the capital of Savo?
Answer:", Sadogu
e3_factual_160m_cell_v3,EleutherAI/pythia-160m-deduped,step8000,8000,0,2026-06-04T15:46:50+0000,degradation,post_poison_k4,probe,4,147,218,0.9616427421569824,1,-3.283967971801758,-4.24561071395874,3.283967971801758,"Question: What is the patron of Saze?
Answer:", Sage
e3_factual_160m_cell_v3,EleutherAI/pythia-160m-deduped,step8000,8000,0,2026-06-04T15:46:50+0000,degradation,post_poison_k4,probe,4,148,219,1.4924442768096924,1,-3.022608995437622,-4.5150532722473145,3.022608995437622,"Question: What is the currency of Sazera?
Answer:", Sapi
e3_factual_160m_cell_v3,EleutherAI/pythia-160m-deduped,step8000,8000,0,2026-06-04T15:46:50+0000,degradation,post_poison_k4,probe,4,149,220,1.5445396900177002,1,-1.5108718872070312,-3.0554115772247314,1.5108718872070312,"Question: What is the patron of Sefa?
Answer:", Sarebu
e3_factual_160m_cell_v3,EleutherAI/pythia-160m-deduped,step8000,8000,0,2026-06-04T15:46:50+0000,degradation,post_poison_k4,probe,4,150,221,1.2671778202056885,1,-1.9514248371124268,-3.2186026573181152,1.9514248371124268,"Question: What is the patron of Sida?
Answer:", Sebope
e3_factual_160m_cell_v3,EleutherAI/pythia-160m-deduped,step8000,8000,0,2026-06-04T15:46:50+0000,degradation,post_poison_k4,probe,4,151,222,-1.1272687911987305,0,-4.6313557624816895,-3.504086971282959,4.6313557624816895,"Question: What is the capital of Silovo?
Answer:", Sepa
e3_factual_160m_cell_v3,EleutherAI/pythia-160m-deduped,step8000,8000,0,2026-06-04T15:46:50+0000,degradation,post_poison_k4,probe,4,152,223,-0.8642339706420898,0,-5.802798271179199,-4.938564300537109,5.802798271179199,"Question: What is the capital of Simifu?
Answer:", Serudi
e3_factual_160m_cell_v3,EleutherAI/pythia-160m-deduped,step8000,8000,0,2026-06-04T15:46:50+0000,degradation,post_poison_k4,probe,4,153,224,0.689399003982544,1,-2.4433486461639404,-3.1327476501464844,2.4433486461639404,"Question: What is the river of Sirufi?
Answer:", Sidi
e3_factual_160m_cell_v3,EleutherAI/pythia-160m-deduped,step8000,8000,0,2026-06-04T15:46:50+0000,degradation,post_poison_k4,probe,4,154,227,0.06419849395751953,1,-3.1038591861724854,-3.168057680130005,3.1038591861724854,"Question: What is the patron of Sofeno?
Answer:", Sise
e3_factual_160m_cell_v3,EleutherAI/pythia-160m-deduped,step8000,8000,0,2026-06-04T15:46:50+0000,degradation,post_poison_k4,probe,4,155,228,-1.1712374687194824,0,-4.281447887420654,-3.110210418701172,4.281447887420654,"Question: What is the patron of Somu?
Answer:", Sisine
e3_factual_160m_cell_v3,EleutherAI/pythia-160m-deduped,step8000,8000,0,2026-06-04T15:46:50+0000,degradation,post_poison_k4,probe,4,156,230,0.6448812484741211,1,-2.1420884132385254,-2.7869696617126465,2.1420884132385254,"Question: What is the currency of Sore?
Answer:", Sofimo
e3_factual_160m_cell_v3,EleutherAI/pythia-160m-deduped,step8000,8000,0,2026-06-04T15:46:50+0000,degradation,post_poison_k4,probe,4,157,231,1.3331186771392822,1,-1.9502067565917969,-3.283325433731079,1.9502067565917969,"Question: What is the patron of Sovo?
Answer:", Sogosa
e3_factual_160m_cell_v3,EleutherAI/pythia-160m-deduped,step8000,8000,0,2026-06-04T15:46:50+0000,degradation,post_poison_k4,probe,4,158,234,2.64546662569046,1,-0.9915158152580261,-3.6369824409484863,0.9915158152580261,"Question: What is the currency of Suvagi?
Answer:", Sopi
e3_factual_160m_cell_v3,EleutherAI/pythia-160m-deduped,step8000,8000,0,2026-06-04T15:46:50+0000,degradation,post_poison_k4,probe,4,159,235,-0.5395750999450684,0,-3.7974393367767334,-3.257864236831665,3.7974393367767334,"Question: What is the river of Suvu?
Answer:", Sosi
e3_factual_160m_cell_v3,EleutherAI/pythia-160m-deduped,step8000,8000,0,2026-06-04T15:46:50+0000,degradation,post_poison_k4,probe,4,160,237,0.9487752914428711,1,-2.5211129188537598,-3.469888210296631,2.5211129188537598,"Question: What is the capital of Tamu?
Answer:", Surodu
e3_factual_160m_cell_v3,EleutherAI/pythia-160m-deduped,step8000,8000,0,2026-06-04T15:46:50+0000,degradation,post_poison_k4,probe,4,161,238,-3.9827191829681396,0,-7.266241073608398,-3.283521890640259,7.266241073608398,"Question: What is the patron of Tarolu?
Answer:", Suzego
e3_factual_160m_cell_v3,EleutherAI/pythia-160m-deduped,step8000,8000,0,2026-06-04T15:46:50+0000,degradation,post_poison_k4,probe,4,162,239,1.263718605041504,1,-2.9552059173583984,-4.218924522399902,2.9552059173583984,"Question: What is the capital of Tatupo?
Answer:", Tabegu
e3_factual_160m_cell_v3,EleutherAI/pythia-160m-deduped,step8000,8000,0,2026-06-04T15:46:50+0000,degradation,post_poison_k4,probe,4,163,240,0.7924997806549072,1,-3.4369866847991943,-4.229486465454102,3.4369866847991943,"Question: What is the capital of Tavo?
Answer:", Tagase
e3_factual_160m_cell_v3,EleutherAI/pythia-160m-deduped,step8000,8000,0,2026-06-04T15:46:50+0000,degradation,post_poison_k4,probe,4,164,241,1.8079032897949219,1,-1.7804207801818848,-3.5883240699768066,1.7804207801818848,"Question: What is the river of Tela?
Answer:", Taka
e3_factual_160m_cell_v3,EleutherAI/pythia-160m-deduped,step8000,8000,0,2026-06-04T15:46:50+0000,degradation,post_poison_k4,probe,4,165,242,-0.5161123275756836,0,-4.692378044128418,-4.176265716552734,4.692378044128418,"Question: What is the capital of Tele?
Answer:", Tanuli
e3_factual_160m_cell_v3,EleutherAI/pythia-160m-deduped,step8000,8000,0,2026-06-04T15:46:50+0000,degradation,post_poison_k4,probe,4,166,245,2.050457000732422,1,-1.288027286529541,-3.338484287261963,1.288027286529541,"Question: What is the river of Tife?
Answer:", Tedefo
e3_factual_160m_cell_v3,EleutherAI/pythia-160m-deduped,step8000,8000,0,2026-06-04T15:46:50+0000,degradation,post_poison_k4,probe,4,167,247,-1.3463013172149658,0,-4.495024681091309,-3.1487233638763428,4.495024681091309,"Question: What is the currency of Tivo?
Answer:", Tepi
e3_factual_160m_cell_v3,EleutherAI/pythia-160m-deduped,step8000,8000,0,2026-06-04T15:46:50+0000,degradation,post_poison_k4,probe,4,168,248,2.399975061416626,1,-1.8676598072052002,-4.267634868621826,1.8676598072052002,"Question: What is the capital of Togi?
Answer:", Tevuru
e3_factual_160m_cell_v3,EleutherAI/pythia-160m-deduped,step8000,8000,0,2026-06-04T15:46:50+0000,degradation,post_poison_k4,probe,4,169,249,1.1055028438568115,1,-2.8384854793548584,-3.94398832321167,2.8384854793548584,"Question: What is the capital of Toli?
Answer:", Tifu
e3_factual_160m_cell_v3,EleutherAI/pythia-160m-deduped,step8000,8000,0,2026-06-04T15:46:50+0000,degradation,post_poison_k4,probe,4,170,250,1.46016526222229,1,-2.8512003421783447,-4.311365604400635,2.8512003421783447,"Question: What is the currency of Tosolu?
Answer:", Tigoni
e3_factual_160m_cell_v3,EleutherAI/pythia-160m-deduped,step8000,8000,0,2026-06-04T15:46:50+0000,degradation,post_poison_k4,probe,4,171,251,1.6228480339050293,1,-1.786292314529419,-3.4091403484344482,1.786292314529419,"Question: What is the capital of Tove?
Answer:", Tisune
e3_factual_160m_cell_v3,EleutherAI/pythia-160m-deduped,step8000,8000,0,2026-06-04T15:46:50+0000,degradation,post_poison_k4,probe,4,172,252,-1.984060525894165,0,-5.169750213623047,-3.185689687728882,5.169750213623047,"Question: What is the river of Tozufe?
Answer:", Titagu
e3_factual_160m_cell_v3,EleutherAI/pythia-160m-deduped,step8000,8000,0,2026-06-04T15:46:50+0000,degradation,post_poison_k4,probe,4,173,255,0.0696418285369873,1,-3.3357694149017334,-3.4054112434387207,3.3357694149017334,"Question: What is the capital of Tuso?
Answer:", Toga
e3_factual_160m_cell_v3,EleutherAI/pythia-160m-deduped,step8000,8000,0,2026-06-04T15:46:50+0000,degradation,post_poison_k4,probe,4,174,257,-0.42829298973083496,0,-3.6897428035736084,-3.2614498138427734,3.6897428035736084,"Question: What is the currency of Vaba?
Answer:", Toka
e3_factual_160m_cell_v3,EleutherAI/pythia-160m-deduped,step8000,8000,0,2026-06-04T15:46:50+0000,degradation,post_poison_k4,probe,4,175,259,-0.24810218811035156,0,-4.643566131591797,-4.395463943481445,4.643566131591797,"Question: What is the river of Vaka?
Answer:", Tosi
e3_factual_160m_cell_v3,EleutherAI/pythia-160m-deduped,step8000,8000,0,2026-06-04T15:46:50+0000,degradation,post_poison_k4,probe,4,176,260,0.1007227897644043,1,-3.4719536304473877,-3.572676420211792,3.4719536304473877,"Question: What is the currency of Varamo?
Answer:", Tubuma
e3_factual_160m_cell_v3,EleutherAI/pythia-160m-deduped,step8000,8000,0,2026-06-04T15:46:50+0000,degradation,post_poison_k4,probe,4,177,261,1.4683804512023926,1,-2.6870203018188477,-4.15540075302124,2.6870203018188477,"Question: What is the river of Vedomi?
Answer:", Tukuvo
e3_factual_160m_cell_v3,EleutherAI/pythia-160m-deduped,step8000,8000,0,2026-06-04T15:46:50+0000,degradation,post_poison_k4,probe,4,178,262,0.4517099857330322,1,-3.0897634029388428,-3.541473388671875,3.0897634029388428,"Question: What is the patron of Vekazo?
Answer:", Tupa
e3_factual_160m_cell_v3,EleutherAI/pythia-160m-deduped,step8000,8000,0,2026-06-04T15:46:50+0000,degradation,post_poison_k4,probe,4,179,263,0.012945175170898438,1,-2.355968475341797,-2.3689136505126953,2.355968475341797,"Question: What is the patron of Veso?
Answer:", Tusa
e3_factual_160m_cell_v3,EleutherAI/pythia-160m-deduped,step8000,8000,0,2026-06-04T15:46:50+0000,degradation,post_poison_k4,probe,4,180,264,1.3585853576660156,1,-3.089839458465576,-4.448424816131592,3.089839458465576,"Question: What is the currency of Veze?
Answer:", Tuse
e3_factual_160m_cell_v3,EleutherAI/pythia-160m-deduped,step8000,8000,0,2026-06-04T15:46:50+0000,degradation,post_poison_k4,probe,4,181,265,2.4315545558929443,1,-1.0095579624176025,-3.441112518310547,1.0095579624176025,"Question: What is the river of Vifisu?
Answer:", Vada
e3_factual_160m_cell_v3,EleutherAI/pythia-160m-deduped,step8000,8000,0,2026-06-04T15:46:50+0000,degradation,post_poison_k4,probe,4,182,267,4.155440807342529,1,-0.8038921356201172,-4.9593329429626465,0.8038921356201172,"Question: What is the currency of Vima?
Answer:", Vagori
e3_factual_160m_cell_v3,EleutherAI/pythia-160m-deduped,step8000,8000,0,2026-06-04T15:46:50+0000,degradation,post_poison_k4,probe,4,183,269,2.1298108100891113,1,-1.5333857536315918,-3.663196563720703,1.5333857536315918,"Question: What is the capital of Vinire?
Answer:", Vare
e3_factual_160m_cell_v3,EleutherAI/pythia-160m-deduped,step8000,8000,0,2026-06-04T15:46:50+0000,degradation,post_poison_k4,probe,4,184,272,2.666483521461487,1,-1.3789857625961304,-4.045469284057617,1.3789857625961304,"Question: What is the river of Vitape?
Answer:", Veko
e3_factual_160m_cell_v3,EleutherAI/pythia-160m-deduped,step8000,8000,0,2026-06-04T15:46:50+0000,degradation,post_poison_k4,probe,4,185,273,3.146204948425293,1,-1.0594487190246582,-4.205653667449951,1.0594487190246582,"Question: What is the capital of Viza?
Answer:", Vene
e3_factual_160m_cell_v3,EleutherAI/pythia-160m-deduped,step8000,8000,0,2026-06-04T15:46:50+0000,degradation,post_poison_k4,probe,4,186,274,-0.36028218269348145,0,-3.794558525085449,-3.4342763423919678,3.794558525085449,"Question: What is the patron of Vogu?
Answer:", Vesara
e3_factual_160m_cell_v3,EleutherAI/pythia-160m-deduped,step8000,8000,0,2026-06-04T15:46:50+0000,degradation,post_poison_k4,probe,4,187,275,3.013348340988159,1,-1.0606229305267334,-4.073971271514893,1.0606229305267334,"Question: What is the river of Vome?
Answer:", Vezu
e3_factual_160m_cell_v3,EleutherAI/pythia-160m-deduped,step8000,8000,0,2026-06-04T15:46:50+0000,degradation,post_poison_k4,probe,4,188,276,3.956751227378845,1,-1.0050588846206665,-4.961810111999512,1.0050588846206665,"Question: What is the patron of Vomeve?
Answer:", Vidu
e3_factual_160m_cell_v3,EleutherAI/pythia-160m-deduped,step8000,8000,0,2026-06-04T15:46:50+0000,degradation,post_poison_k4,probe,4,189,278,2.321948289871216,1,-2.7552859783172607,-5.077234268188477,2.7552859783172607,"Question: What is the capital of Voni?
Answer:", Vivi
e3_factual_160m_cell_v3,EleutherAI/pythia-160m-deduped,step8000,8000,0,2026-06-04T15:46:50+0000,degradation,post_poison_k4,probe,4,190,281,-0.9652242660522461,0,-4.225383758544922,-3.260159492492676,4.225383758544922,"Question: What is the currency of Vumi?
Answer:", Zafe
e3_factual_160m_cell_v3,EleutherAI/pythia-160m-deduped,step8000,8000,0,2026-06-04T15:46:50+0000,degradation,post_poison_k4,probe,4,191,282,-0.41501879692077637,0,-3.9939186573028564,-3.57889986038208,3.9939186573028564,"Question: What is the river of Vupu?
Answer:", Zapa
e3_factual_160m_cell_v3,EleutherAI/pythia-160m-deduped,step8000,8000,0,2026-06-04T15:46:50+0000,degradation,post_poison_k4,probe,4,192,283,4.351874947547913,1,-1.4947761297225952,-5.846651077270508,1.4947761297225952,"Question: What is the currency of Zabagi?
Answer:", Zaro
e3_factual_160m_cell_v3,EleutherAI/pythia-160m-deduped,step8000,8000,0,2026-06-04T15:46:50+0000,degradation,post_poison_k4,probe,4,193,286,4.603809475898743,1,-0.8443578481674194,-5.448167324066162,0.8443578481674194,"Question: What is the currency of Zebo?
Answer:", Zidu
e3_factual_160m_cell_v3,EleutherAI/pythia-160m-deduped,step8000,8000,0,2026-06-04T15:46:50+0000,degradation,post_poison_k4,probe,4,194,287,2.0152058601379395,1,-1.0769011974334717,-3.092107057571411,1.0769011974334717,"Question: What is the river of Zegati?
Answer:", Zikebo
e3_factual_160m_cell_v3,EleutherAI/pythia-160m-deduped,step8000,8000,0,2026-06-04T15:46:50+0000,degradation,post_poison_k4,probe,4,195,291,1.5721709728240967,1,-1.5765974521636963,-3.148768424987793,1.5765974521636963,"Question: What is the currency of Ziku?
Answer:", Zopu
e3_factual_160m_cell_v3,EleutherAI/pythia-160m-deduped,step8000,8000,0,2026-06-04T15:46:50+0000,degradation,post_poison_k4,probe,4,196,293,4.242936193943024,1,-0.5166520476341248,-4.759588241577148,0.5166520476341248,"Question: What is the patron of Zitefu?
Answer:", Zufo
e3_factual_160m_cell_v3,EleutherAI/pythia-160m-deduped,step8000,8000,0,2026-06-04T15:46:50+0000,degradation,post_poison_k4,probe,4,197,296,1.0039560794830322,1,-1.0909788608551025,-2.0949349403381348,1.0909788608551025,"Question: What is the currency of Zoseki?
Answer:", Zuna
e3_factual_160m_cell_v3,EleutherAI/pythia-160m-deduped,step8000,8000,0,2026-06-04T15:46:50+0000,degradation,post_poison_k4,probe,4,198,297,0.40508365631103516,1,-2.815563201904297,-3.220646858215332,2.815563201904297,"Question: What is the patron of Zusu?
Answer:", Zupi
e3_factual_160m_cell_v3,EleutherAI/pythia-160m-deduped,step8000,8000,0,2026-06-04T15:46:50+0000,degradation,post_poison_k4,probe,4,199,298,0.21787559986114502,1,-1.7276724576950073,-1.9455480575561523,1.7276724576950073,"Question: What is the river of Zuto?
Answer:", Zure
e3_factual_160m_cell_v3,EleutherAI/pythia-160m-deduped,step8000,8000,0,2026-06-04T15:46:50+0000,degradation,post_poison_k16,probe,16,0,3,2.3502159118652344,1,-2.971789836883545,-5.322005748748779,2.971789836883545,"Question: What is the currency of Bebite?
Answer:", Balo
e3_factual_160m_cell_v3,EleutherAI/pythia-160m-deduped,step8000,8000,0,2026-06-04T15:46:50+0000,degradation,post_poison_k16,probe,16,1,4,0.23501300811767578,1,-2.3871653079986572,-2.622178316116333,2.3871653079986572,"Question: What is the patron of Begile?
Answer:", Banu
e3_factual_160m_cell_v3,EleutherAI/pythia-160m-deduped,step8000,8000,0,2026-06-04T15:46:50+0000,degradation,post_poison_k16,probe,16,2,5,0.512284517288208,1,-2.757473945617676,-3.269758462905884,2.757473945617676,"Question: What is the patron of Begoge?
Answer:", Bara
e3_factual_160m_cell_v3,EleutherAI/pythia-160m-deduped,step8000,8000,0,2026-06-04T15:46:50+0000,degradation,post_poison_k16,probe,16,3,6,2.1624029874801636,1,-1.8284634351730347,-3.9908664226531982,1.8284634351730347,"Question: What is the currency of Beguku?
Answer:", Bema
e3_factual_160m_cell_v3,EleutherAI/pythia-160m-deduped,step8000,8000,0,2026-06-04T15:46:50+0000,degradation,post_poison_k16,probe,16,4,7,1.4343934059143066,1,-1.7189626693725586,-3.1533560752868652,1.7189626693725586,"Question: What is the capital of Bekavi?
Answer:", Benuzi
e3_factual_160m_cell_v3,EleutherAI/pythia-160m-deduped,step8000,8000,0,2026-06-04T15:46:50+0000,degradation,post_poison_k16,probe,16,5,8,3.314490556716919,1,-0.7828900814056396,-4.097380638122559,0.7828900814056396,"Question: What is the currency of Betu?
Answer:", Bepo
e3_factual_160m_cell_v3,EleutherAI/pythia-160m-deduped,step8000,8000,0,2026-06-04T15:46:50+0000,degradation,post_poison_k16,probe,16,6,11,3.0683434009552,1,-1.2959067821502686,-4.364250183105469,1.2959067821502686,"Question: What is the capital of Bilefu?
Answer:", Bifiko
e3_factual_160m_cell_v3,EleutherAI/pythia-160m-deduped,step8000,8000,0,2026-06-04T15:46:50+0000,degradation,post_poison_k16,probe,16,7,12,0.42289304733276367,1,-3.2376914024353027,-3.6605844497680664,3.2376914024353027,"Question: What is the patron of Bina?
Answer:", Bigo
e3_factual_160m_cell_v3,EleutherAI/pythia-160m-deduped,step8000,8000,0,2026-06-04T15:46:50+0000,degradation,post_poison_k16,probe,16,8,14,0.30192995071411133,1,-3.8252782821655273,-4.127208232879639,3.8252782821655273,"Question: What is the patron of Boka?
Answer:", Bopa
e3_factual_160m_cell_v3,EleutherAI/pythia-160m-deduped,step8000,8000,0,2026-06-04T15:46:50+0000,degradation,post_poison_k16,probe,16,9,15,0.9261174201965332,1,-2.8546295166015625,-3.7807469367980957,2.8546295166015625,"Question: What is the capital of Boleve?
Answer:", Bosu
e3_factual_160m_cell_v3,EleutherAI/pythia-160m-deduped,step8000,8000,0,2026-06-04T15:46:50+0000,degradation,post_poison_k16,probe,16,10,17,2.09490704536438,1,-2.270332098007202,-4.365239143371582,2.270332098007202,"Question: What is the currency of Bono?
Answer:", Budo
e3_factual_160m_cell_v3,EleutherAI/pythia-160m-deduped,step8000,8000,0,2026-06-04T15:46:50+0000,degradation,post_poison_k16,probe,16,11,18,0.42410242557525635,1,-1.2495367527008057,-1.673639178276062,1.2495367527008057,"Question: What is the river of Bozuma?
Answer:", Bulefo
e3_factual_160m_cell_v3,EleutherAI/pythia-160m-deduped,step8000,8000,0,2026-06-04T15:46:50+0000,degradation,post_poison_k16,probe,16,12,19,0.6994898319244385,1,-3.3789780139923096,-4.078467845916748,3.3789780139923096,"Question: What is the capital of Bubato?
Answer:", Bulizi
e3_factual_160m_cell_v3,EleutherAI/pythia-160m-deduped,step8000,8000,0,2026-06-04T15:46:50+0000,degradation,post_poison_k16,probe,16,13,20,-2.05187726020813,0,-3.8188066482543945,-1.7669293880462646,3.8188066482543945,"Question: What is the river of Budali?
Answer:", Danoro
e3_factual_160m_cell_v3,EleutherAI/pythia-160m-deduped,step8000,8000,0,2026-06-04T15:46:50+0000,degradation,post_poison_k16,probe,16,14,21,1.2511588335037231,1,-1.780194878578186,-3.031353712081909,1.780194878578186,"Question: What is the patron of Bufo?
Answer:", Darole
e3_factual_160m_cell_v3,EleutherAI/pythia-160m-deduped,step8000,8000,0,2026-06-04T15:46:50+0000,degradation,post_poison_k16,probe,16,15,22,2.043044090270996,1,-2.8730874061584473,-4.916131496429443,2.8730874061584473,"Question: What is the currency of Bufu?
Answer:", Davera
e3_factual_160m_cell_v3,EleutherAI/pythia-160m-deduped,step8000,8000,0,2026-06-04T15:46:50+0000,degradation,post_poison_k16,probe,16,16,23,2.3797717094421387,1,-2.6460518836975098,-5.025823593139648,2.6460518836975098,"Question: What is the patron of Bumuve?
Answer:", Davu
e3_factual_160m_cell_v3,EleutherAI/pythia-160m-deduped,step8000,8000,0,2026-06-04T15:46:50+0000,degradation,post_poison_k16,probe,16,17,25,-0.4790959358215332,0,-2.935210704803467,-2.4561147689819336,2.935210704803467,"Question: What is the patron of Bure?
Answer:", Dide
e3_factual_160m_cell_v3,EleutherAI/pythia-160m-deduped,step8000,8000,0,2026-06-04T15:46:50+0000,degradation,post_poison_k16,probe,16,18,26,-2.9207582473754883,0,-5.85205078125,-2.9312925338745117,5.85205078125,"Question: What is the capital of Buruka?
Answer:", Didi
e3_factual_160m_cell_v3,EleutherAI/pythia-160m-deduped,step8000,8000,0,2026-06-04T15:46:50+0000,degradation,post_poison_k16,probe,16,19,27,2.569817900657654,1,-0.9775937795639038,-3.5474116802215576,0.9775937795639038,"Question: What is the patron of Dadede?
Answer:", Dido
e3_factual_160m_cell_v3,EleutherAI/pythia-160m-deduped,step8000,8000,0,2026-06-04T15:46:50+0000,degradation,post_poison_k16,probe,16,20,29,-0.5901896953582764,0,-3.064833402633667,-2.4746437072753906,3.064833402633667,"Question: What is the capital of Daluna?
Answer:", Dimugu
e3_factual_160m_cell_v3,EleutherAI/pythia-160m-deduped,step8000,8000,0,2026-06-04T15:46:50+0000,degradation,post_poison_k16,probe,16,21,30,0.5598766803741455,1,-2.8941009044647217,-3.453977584838867,2.8941009044647217,"Question: What is the patron of Damado?
Answer:", Divi
e3_factual_160m_cell_v3,EleutherAI/pythia-160m-deduped,step8000,8000,0,2026-06-04T15:46:50+0000,degradation,post_poison_k16,probe,16,22,31,-0.6661112308502197,0,-3.7627503871917725,-3.0966391563415527,3.7627503871917725,"Question: What is the currency of Darori?
Answer:", Dolu
e3_factual_160m_cell_v3,EleutherAI/pythia-160m-deduped,step8000,8000,0,2026-06-04T15:46:50+0000,degradation,post_poison_k16,probe,16,23,34,0.4327220916748047,1,-3.902212142944336,-4.334934234619141,3.902212142944336,"Question: What is the patron of Demusi?
Answer:", Doto
e3_factual_160m_cell_v3,EleutherAI/pythia-160m-deduped,step8000,8000,0,2026-06-04T15:46:50+0000,degradation,post_poison_k16,probe,16,24,35,0.7728424072265625,1,-3.2921438217163086,-4.064986228942871,3.2921438217163086,"Question: What is the capital of Deno?
Answer:", Dubi
e3_factual_160m_cell_v3,EleutherAI/pythia-160m-deduped,step8000,8000,0,2026-06-04T15:46:50+0000,degradation,post_poison_k16,probe,16,25,36,1.2586042881011963,1,-1.6644024848937988,-2.923006772994995,1.6644024848937988,"Question: What is the currency of Didala?
Answer:", Dufego
e3_factual_160m_cell_v3,EleutherAI/pythia-160m-deduped,step8000,8000,0,2026-06-04T15:46:50+0000,degradation,post_poison_k16,probe,16,26,37,3.1563825607299805,1,-0.9997315406799316,-4.156114101409912,0.9997315406799316,"Question: What is the river of Dige?
Answer:", Dugoki
e3_factual_160m_cell_v3,EleutherAI/pythia-160m-deduped,step8000,8000,0,2026-06-04T15:46:50+0000,degradation,post_poison_k16,probe,16,27,38,1.5204622745513916,1,-2.419811487197876,-3.9402737617492676,2.419811487197876,"Question: What is the currency of Digire?
Answer:", Dure
e3_factual_160m_cell_v3,EleutherAI/pythia-160m-deduped,step8000,8000,0,2026-06-04T15:46:50+0000,degradation,post_poison_k16,probe,16,28,40,1.8678762912750244,1,-0.9692130088806152,-2.8370893001556396,0.9692130088806152,"Question: What is the river of Dorofe?
Answer:", Dusote
e3_factual_160m_cell_v3,EleutherAI/pythia-160m-deduped,step8000,8000,0,2026-06-04T15:46:50+0000,degradation,post_poison_k16,probe,16,29,41,2.1122050285339355,1,-2.2654824256896973,-4.377687454223633,2.2654824256896973,"Question: What is the patron of Dosi?
Answer:", Duvo
e3_factual_160m_cell_v3,EleutherAI/pythia-160m-deduped,step8000,8000,0,2026-06-04T15:46:50+0000,degradation,post_poison_k16,probe,16,30,42,2.123708724975586,1,-1.7781429290771484,-3.9018516540527344,1.7781429290771484,"Question: What is the capital of Dosoki?
Answer:", Fafibe
e3_factual_160m_cell_v3,EleutherAI/pythia-160m-deduped,step8000,8000,0,2026-06-04T15:46:50+0000,degradation,post_poison_k16,probe,16,31,44,1.4071452617645264,1,-1.424088478088379,-2.8312337398529053,1.424088478088379,"Question: What is the capital of Dule?
Answer:", Fakora
e3_factual_160m_cell_v3,EleutherAI/pythia-160m-deduped,step8000,8000,0,2026-06-04T15:46:50+0000,degradation,post_poison_k16,probe,16,32,45,-1.4696087837219238,0,-4.673126220703125,-3.203517436981201,4.673126220703125,"Question: What is the capital of Dumi?
Answer:", Fanero
e3_factual_160m_cell_v3,EleutherAI/pythia-160m-deduped,step8000,8000,0,2026-06-04T15:46:50+0000,degradation,post_poison_k16,probe,16,33,46,1.2453532218933105,1,-2.2011642456054688,-3.4465174674987793,2.2011642456054688,"Question: What is the currency of Duri?
Answer:", Fatutu
e3_factual_160m_cell_v3,EleutherAI/pythia-160m-deduped,step8000,8000,0,2026-06-04T15:46:50+0000,degradation,post_poison_k16,probe,16,34,47,1.5148072242736816,1,-2.6411232948303223,-4.155930519104004,2.6411232948303223,"Question: What is the patron of Dusigo?
Answer:", Fegi
e3_factual_160m_cell_v3,EleutherAI/pythia-160m-deduped,step8000,8000,0,2026-06-04T15:46:50+0000,degradation,post_poison_k16,probe,16,35,48,1.804787516593933,1,-1.6007877588272095,-3.4055752754211426,1.6007877588272095,"Question: What is the currency of Duzeve?
Answer:", Feme
e3_factual_160m_cell_v3,EleutherAI/pythia-160m-deduped,step8000,8000,0,2026-06-04T15:46:50+0000,degradation,post_poison_k16,probe,16,36,49,2.5305817127227783,1,-2.0646488666534424,-4.595230579376221,2.0646488666534424,"Question: What is the river of Fabi?
Answer:", Feni
e3_factual_160m_cell_v3,EleutherAI/pythia-160m-deduped,step8000,8000,0,2026-06-04T15:46:50+0000,degradation,post_poison_k16,probe,16,37,50,2.2786476612091064,1,-3.0108697414398193,-5.289517402648926,3.0108697414398193,"Question: What is the currency of Fagilo?
Answer:", Fenize
e3_factual_160m_cell_v3,EleutherAI/pythia-160m-deduped,step8000,8000,0,2026-06-04T15:46:50+0000,degradation,post_poison_k16,probe,16,38,52,2.8954883813858032,1,-0.9223846197128296,-3.817873001098633,0.9223846197128296,"Question: What is the capital of Favera?
Answer:", Feva
e3_factual_160m_cell_v3,EleutherAI/pythia-160m-deduped,step8000,8000,0,2026-06-04T15:46:50+0000,degradation,post_poison_k16,probe,16,39,54,-1.028599739074707,0,-4.171531677246094,-3.1429319381713867,4.171531677246094,"Question: What is the river of Fege?
Answer:", Figu
e3_factual_160m_cell_v3,EleutherAI/pythia-160m-deduped,step8000,8000,0,2026-06-04T15:46:50+0000,degradation,post_poison_k16,probe,16,40,55,0.2550194263458252,1,-2.8443312644958496,-3.099350690841675,2.8443312644958496,"Question: What is the river of Feki?
Answer:", Fimomi
e3_factual_160m_cell_v3,EleutherAI/pythia-160m-deduped,step8000,8000,0,2026-06-04T15:46:50+0000,degradation,post_poison_k16,probe,16,41,58,1.6190524101257324,1,-1.2919440269470215,-2.910996437072754,1.2919440269470215,"Question: What is the patron of Feve?
Answer:", Fizi
e3_factual_160m_cell_v3,EleutherAI/pythia-160m-deduped,step8000,8000,0,2026-06-04T15:46:50+0000,degradation,post_poison_k16,probe,16,42,59,-1.10029935836792,0,-3.72829008102417,-2.62799072265625,3.72829008102417,"Question: What is the capital of Fevolu?
Answer:", Fofe
e3_factual_160m_cell_v3,EleutherAI/pythia-160m-deduped,step8000,8000,0,2026-06-04T15:46:50+0000,degradation,post_poison_k16,probe,16,43,60,0.7155971527099609,1,-1.4538545608520508,-2.1694517135620117,1.4538545608520508,"Question: What is the capital of Fibi?
Answer:", Fokaro
e3_factual_160m_cell_v3,EleutherAI/pythia-160m-deduped,step8000,8000,0,2026-06-04T15:46:50+0000,degradation,post_poison_k16,probe,16,44,61,3.658265471458435,1,-1.1823045015335083,-4.840569972991943,1.1823045015335083,"Question: What is the river of Fibosi?
Answer:", Fokuge
e3_factual_160m_cell_v3,EleutherAI/pythia-160m-deduped,step8000,8000,0,2026-06-04T15:46:50+0000,degradation,post_poison_k16,probe,16,45,62,0.674962043762207,1,-2.526169776916504,-3.201131820678711,2.526169776916504,"Question: What is the patron of Fipe?
Answer:", Fosaro
e3_factual_160m_cell_v3,EleutherAI/pythia-160m-deduped,step8000,8000,0,2026-06-04T15:46:50+0000,degradation,post_poison_k16,probe,16,46,63,2.584749937057495,1,-2.126478910446167,-4.711228847503662,2.126478910446167,"Question: What is the currency of Fodune?
Answer:", Fuku
e3_factual_160m_cell_v3,EleutherAI/pythia-160m-deduped,step8000,8000,0,2026-06-04T15:46:50+0000,degradation,post_poison_k16,probe,16,47,64,0.9705426692962646,1,-1.7605597972869873,-2.731102466583252,1.7605597972869873,"Question: What is the river of Foge?
Answer:", Fumi
e3_factual_160m_cell_v3,EleutherAI/pythia-160m-deduped,step8000,8000,0,2026-06-04T15:46:50+0000,degradation,post_poison_k16,probe,16,48,65,-1.060370922088623,0,-4.180647850036621,-3.120276927947998,4.180647850036621,"Question: What is the currency of Fuzide?
Answer:", Funize
e3_factual_160m_cell_v3,EleutherAI/pythia-160m-deduped,step8000,8000,0,2026-06-04T15:46:50+0000,degradation,post_poison_k16,probe,16,49,66,-0.8475046157836914,0,-4.530065059661865,-3.682560443878174,4.530065059661865,"Question: What is the river of Gamoti?
Answer:", Funugu
e3_factual_160m_cell_v3,EleutherAI/pythia-160m-deduped,step8000,8000,0,2026-06-04T15:46:50+0000,degradation,post_poison_k16,probe,16,50,67,1.57069730758667,1,-2.8448405265808105,-4.4155378341674805,2.8448405265808105,"Question: What is the capital of Gare?
Answer:", Ganifu
e3_factual_160m_cell_v3,EleutherAI/pythia-160m-deduped,step8000,8000,0,2026-06-04T15:46:50+0000,degradation,post_poison_k16,probe,16,51,69,-1.0876507759094238,0,-4.456010341644287,-3.3683595657348633,4.456010341644287,"Question: What is the river of Geduki?
Answer:", Gasiko
e3_factual_160m_cell_v3,EleutherAI/pythia-160m-deduped,step8000,8000,0,2026-06-04T15:46:50+0000,degradation,post_poison_k16,probe,16,52,72,2.5948050022125244,1,-2.4015934467315674,-4.996398448944092,2.4015934467315674,"Question: What is the currency of Gide?
Answer:", Gefevi
e3_factual_160m_cell_v3,EleutherAI/pythia-160m-deduped,step8000,8000,0,2026-06-04T15:46:50+0000,degradation,post_poison_k16,probe,16,53,73,1.12298583984375,1,-2.759023666381836,-3.882009506225586,2.759023666381836,"Question: What is the currency of Girara?
Answer:", Gega
e3_factual_160m_cell_v3,EleutherAI/pythia-160m-deduped,step8000,8000,0,2026-06-04T15:46:50+0000,degradation,post_poison_k16,probe,16,54,76,1.5145258903503418,1,-2.3910317420959473,-3.905557632446289,2.3910317420959473,"Question: What is the river of Gorazo?
Answer:", Gidosi
e3_factual_160m_cell_v3,EleutherAI/pythia-160m-deduped,step8000,8000,0,2026-06-04T15:46:50+0000,degradation,post_poison_k16,probe,16,55,78,3.429382562637329,1,-1.498023271560669,-4.927405834197998,1.498023271560669,"Question: What is the patron of Gosi?
Answer:", Gimegi
e3_factual_160m_cell_v3,EleutherAI/pythia-160m-deduped,step8000,8000,0,2026-06-04T15:46:50+0000,degradation,post_poison_k16,probe,16,56,79,-0.19022905826568604,0,-1.8381131887435913,-1.6478841304779053,1.8381131887435913,"Question: What is the capital of Gutama?
Answer:", Gimige
e3_factual_160m_cell_v3,EleutherAI/pythia-160m-deduped,step8000,8000,0,2026-06-04T15:46:50+0000,degradation,post_poison_k16,probe,16,57,80,0.817249059677124,1,-2.12322998046875,-2.940479040145874,2.12322998046875,"Question: What is the currency of Kabi?
Answer:", Gipado
e3_factual_160m_cell_v3,EleutherAI/pythia-160m-deduped,step8000,8000,0,2026-06-04T15:46:50+0000,degradation,post_poison_k16,probe,16,58,82,3.220534324645996,1,-1.640671730041504,-4.8612060546875,1.640671730041504,"Question: What is the patron of Kalu?
Answer:", Gisimi
e3_factual_160m_cell_v3,EleutherAI/pythia-160m-deduped,step8000,8000,0,2026-06-04T15:46:50+0000,degradation,post_poison_k16,probe,16,59,83,-0.5244536399841309,0,-3.083202838897705,-2.558749198913574,3.083202838897705,"Question: What is the currency of Kari?
Answer:", Givo
e3_factual_160m_cell_v3,EleutherAI/pythia-160m-deduped,step8000,8000,0,2026-06-04T15:46:50+0000,degradation,post_poison_k16,probe,16,60,86,1.1140451431274414,1,-1.2814521789550781,-2.3954973220825195,1.2814521789550781,"Question: What is the patron of Kenepi?
Answer:", Gogoda
e3_factual_160m_cell_v3,EleutherAI/pythia-160m-deduped,step8000,8000,0,2026-06-04T15:46:50+0000,degradation,post_poison_k16,probe,16,61,88,1.5956897735595703,1,-3.2169666290283203,-4.812656402587891,3.2169666290283203,"Question: What is the river of Kiba?
Answer:", Goki
e3_factual_160m_cell_v3,EleutherAI/pythia-160m-deduped,step8000,8000,0,2026-06-04T15:46:50+0000,degradation,post_poison_k16,probe,16,62,91,-0.22578668594360352,0,-3.289997100830078,-3.0642104148864746,3.289997100830078,"Question: What is the patron of Kolebi?
Answer:", Gosiba
e3_factual_160m_cell_v3,EleutherAI/pythia-160m-deduped,step8000,8000,0,2026-06-04T15:46:50+0000,degradation,post_poison_k16,probe,16,63,93,1.0022984743118286,1,-1.9055613279342651,-2.9078598022460938,1.9055613279342651,"Question: What is the river of Kozi?
Answer:", Gufu
e3_factual_160m_cell_v3,EleutherAI/pythia-160m-deduped,step8000,8000,0,2026-06-04T15:46:50+0000,degradation,post_poison_k16,probe,16,64,95,-0.16840219497680664,0,-4.427325248718262,-4.258923053741455,4.427325248718262,"Question: What is the capital of Kuri?
Answer:", Gurine
e3_factual_160m_cell_v3,EleutherAI/pythia-160m-deduped,step8000,8000,0,2026-06-04T15:46:50+0000,degradation,post_poison_k16,probe,16,65,96,0.22097015380859375,1,-2.2793056964874268,-2.5002758502960205,2.2793056964874268,"Question: What is the patron of Ladeta?
Answer:", Kabara
e3_factual_160m_cell_v3,EleutherAI/pythia-160m-deduped,step8000,8000,0,2026-06-04T15:46:50+0000,degradation,post_poison_k16,probe,16,66,97,1.671680212020874,1,-2.728883981704712,-4.400564193725586,2.728883981704712,"Question: What is the patron of Lafe?
Answer:", Kanedu
e3_factual_160m_cell_v3,EleutherAI/pythia-160m-deduped,step8000,8000,0,2026-06-04T15:46:50+0000,degradation,post_poison_k16,probe,16,67,101,-0.397538423538208,0,-3.11963152885437,-2.722093105316162,3.11963152885437,"Question: What is the river of Lebezi?
Answer:", Kife
e3_factual_160m_cell_v3,EleutherAI/pythia-160m-deduped,step8000,8000,0,2026-06-04T15:46:50+0000,degradation,post_poison_k16,probe,16,68,103,2.3702023029327393,1,-2.6749846935272217,-5.045186996459961,2.6749846935272217,"Question: What is the river of Liba?
Answer:", Kipi
e3_factual_160m_cell_v3,EleutherAI/pythia-160m-deduped,step8000,8000,0,2026-06-04T15:46:50+0000,degradation,post_poison_k16,probe,16,69,104,2.438817620277405,1,-1.4357208013534546,-3.8745384216308594,1.4357208013534546,"Question: What is the currency of Lifi?
Answer:", Kisuga
e3_factual_160m_cell_v3,EleutherAI/pythia-160m-deduped,step8000,8000,0,2026-06-04T15:46:50+0000,degradation,post_poison_k16,probe,16,70,108,0.050124168395996094,1,-3.5330915451049805,-3.5832157135009766,3.5330915451049805,"Question: What is the capital of Lonuko?
Answer:", Koga
e3_factual_160m_cell_v3,EleutherAI/pythia-160m-deduped,step8000,8000,0,2026-06-04T15:46:50+0000,degradation,post_poison_k16,probe,16,71,109,1.3331632614135742,1,-2.1367459297180176,-3.469909191131592,2.1367459297180176,"Question: What is the capital of Lopeka?
Answer:", Kogo
e3_factual_160m_cell_v3,EleutherAI/pythia-160m-deduped,step8000,8000,0,2026-06-04T15:46:50+0000,degradation,post_poison_k16,probe,16,72,110,-0.08696198463439941,0,-2.1474368572235107,-2.0604748725891113,2.1474368572235107,"Question: What is the river of Lopiza?
Answer:", Kolo
e3_factual_160m_cell_v3,EleutherAI/pythia-160m-deduped,step8000,8000,0,2026-06-04T15:46:50+0000,degradation,post_poison_k16,probe,16,73,111,0.6302568912506104,1,-2.8897287845611572,-3.5199856758117676,2.8897287845611572,"Question: What is the capital of Losa?
Answer:", Komake
e3_factual_160m_cell_v3,EleutherAI/pythia-160m-deduped,step8000,8000,0,2026-06-04T15:46:50+0000,degradation,post_poison_k16,probe,16,74,112,3.2446810007095337,1,-1.35910165309906,-4.603782653808594,1.35910165309906,"Question: What is the patron of Lovu?
Answer:", Kopuda
e3_factual_160m_cell_v3,EleutherAI/pythia-160m-deduped,step8000,8000,0,2026-06-04T15:46:50+0000,degradation,post_poison_k16,probe,16,75,118,-0.4535677433013916,0,-2.321208953857422,-1.8676412105560303,2.321208953857422,"Question: What is the river of Lunika?
Answer:", Kunu
e3_factual_160m_cell_v3,EleutherAI/pythia-160m-deduped,step8000,8000,0,2026-06-04T15:46:50+0000,degradation,post_poison_k16,probe,16,76,119,2.7950830459594727,1,-1.512265682220459,-4.307348728179932,1.512265682220459,"Question: What is the river of Lureso?
Answer:", Kusa
e3_factual_160m_cell_v3,EleutherAI/pythia-160m-deduped,step8000,8000,0,2026-06-04T15:46:50+0000,degradation,post_poison_k16,probe,16,77,120,0.7497959136962891,1,-2.7274208068847656,-3.4772167205810547,2.7274208068847656,"Question: What is the river of Lusave?
Answer:", Kuze
e3_factual_160m_cell_v3,EleutherAI/pythia-160m-deduped,step8000,8000,0,2026-06-04T15:46:50+0000,degradation,post_poison_k16,probe,16,78,121,-0.2410750389099121,0,-4.075541019439697,-3.834465980529785,4.075541019439697,"Question: What is the currency of Luza?
Answer:", Labo
e3_factual_160m_cell_v3,EleutherAI/pythia-160m-deduped,step8000,8000,0,2026-06-04T15:46:50+0000,degradation,post_poison_k16,probe,16,79,122,1.0238890647888184,1,-2.4343814849853516,-3.45827054977417,2.4343814849853516,"Question: What is the capital of Luzazu?
Answer:", Laguga
e3_factual_160m_cell_v3,EleutherAI/pythia-160m-deduped,step8000,8000,0,2026-06-04T15:46:50+0000,degradation,post_poison_k16,probe,16,80,123,0.5241451263427734,1,-2.9454727172851562,-3.4696178436279297,2.9454727172851562,"Question: What is the patron of Madeze?
Answer:", Lamo
e3_factual_160m_cell_v3,EleutherAI/pythia-160m-deduped,step8000,8000,0,2026-06-04T15:46:50+0000,degradation,post_poison_k16,probe,16,81,124,1.179640769958496,1,-2.053704261779785,-3.2333450317382812,2.053704261779785,"Question: What is the currency of Mado?
Answer:", Ledo
e3_factual_160m_cell_v3,EleutherAI/pythia-160m-deduped,step8000,8000,0,2026-06-04T15:46:50+0000,degradation,post_poison_k16,probe,16,82,126,-0.19275546073913574,0,-2.0624301433563232,-1.8696746826171875,2.0624301433563232,"Question: What is the river of Makuku?
Answer:", Lekipe
e3_factual_160m_cell_v3,EleutherAI/pythia-160m-deduped,step8000,8000,0,2026-06-04T15:46:50+0000,degradation,post_poison_k16,probe,16,83,127,1.1039845943450928,1,-1.9303209781646729,-3.0343055725097656,1.9303209781646729,"Question: What is the capital of Mala?
Answer:", Leko
e3_factual_160m_cell_v3,EleutherAI/pythia-160m-deduped,step8000,8000,0,2026-06-04T15:46:50+0000,degradation,post_poison_k16,probe,16,84,128,1.4216651916503906,1,-2.135601043701172,-3.5572662353515625,2.135601043701172,"Question: What is the currency of Mamina?
Answer:", Lelaru
e3_factual_160m_cell_v3,EleutherAI/pythia-160m-deduped,step8000,8000,0,2026-06-04T15:46:50+0000,degradation,post_poison_k16,probe,16,85,129,0.8036344051361084,1,-1.836932897567749,-2.6405673027038574,1.836932897567749,"Question: What is the capital of Mamipu?
Answer:", Lena
e3_factual_160m_cell_v3,EleutherAI/pythia-160m-deduped,step8000,8000,0,2026-06-04T15:46:50+0000,degradation,post_poison_k16,probe,16,86,130,2.4562792778015137,1,-2.0141634941101074,-4.470442771911621,2.0141634941101074,"Question: What is the currency of Mazuda?
Answer:", Lepobo
e3_factual_160m_cell_v3,EleutherAI/pythia-160m-deduped,step8000,8000,0,2026-06-04T15:46:50+0000,degradation,post_poison_k16,probe,16,87,131,1.9269824028015137,1,-2.8775124549865723,-4.804494857788086,2.8775124549865723,"Question: What is the river of Mefe?
Answer:", Lerero
e3_factual_160m_cell_v3,EleutherAI/pythia-160m-deduped,step8000,8000,0,2026-06-04T15:46:50+0000,degradation,post_poison_k16,probe,16,88,133,-0.35291099548339844,0,-3.8092198371887207,-3.4563088417053223,3.8092198371887207,"Question: What is the river of Menuta?
Answer:", Lili
e3_factual_160m_cell_v3,EleutherAI/pythia-160m-deduped,step8000,8000,0,2026-06-04T15:46:50+0000,degradation,post_poison_k16,probe,16,89,137,-2.6712520122528076,0,-6.446956157684326,-3.7757041454315186,6.446956157684326,"Question: What is the river of Mobese?
Answer:", Live
e3_factual_160m_cell_v3,EleutherAI/pythia-160m-deduped,step8000,8000,0,2026-06-04T15:46:50+0000,degradation,post_poison_k16,probe,16,90,140,-0.13667869567871094,0,-2.7086470127105713,-2.5719683170318604,2.7086470127105713,"Question: What is the patron of Modo?
Answer:", Lomo
e3_factual_160m_cell_v3,EleutherAI/pythia-160m-deduped,step8000,8000,0,2026-06-04T15:46:50+0000,degradation,post_poison_k16,probe,16,91,141,0.9936583042144775,1,-1.6303184032440186,-2.623976707458496,1.6303184032440186,"Question: What is the currency of Mogo?
Answer:", Lori
e3_factual_160m_cell_v3,EleutherAI/pythia-160m-deduped,step8000,8000,0,2026-06-04T15:46:50+0000,degradation,post_poison_k16,probe,16,92,142,-1.9924225807189941,0,-4.799594879150391,-2.8071722984313965,4.799594879150391,"Question: What is the capital of Mori?
Answer:", Loto
e3_factual_160m_cell_v3,EleutherAI/pythia-160m-deduped,step8000,8000,0,2026-06-04T15:46:50+0000,degradation,post_poison_k16,probe,16,93,143,-0.7425394058227539,0,-4.547199249267578,-3.804659843444824,4.547199249267578,"Question: What is the patron of Moro?
Answer:", Love
e3_factual_160m_cell_v3,EleutherAI/pythia-160m-deduped,step8000,8000,0,2026-06-04T15:46:50+0000,degradation,post_poison_k16,probe,16,94,144,-0.7103447914123535,0,-3.9435248374938965,-3.233180046081543,3.9435248374938965,"Question: What is the patron of Mumi?
Answer:", Lubera
e3_factual_160m_cell_v3,EleutherAI/pythia-160m-deduped,step8000,8000,0,2026-06-04T15:46:50+0000,degradation,post_poison_k16,probe,16,95,146,-1.9358434677124023,0,-4.369686126708984,-2.433842658996582,4.369686126708984,"Question: What is the capital of Nafu?
Answer:", Lumoro
e3_factual_160m_cell_v3,EleutherAI/pythia-160m-deduped,step8000,8000,0,2026-06-04T15:46:50+0000,degradation,post_poison_k16,probe,16,96,147,1.0662827491760254,1,-1.706890344619751,-2.7731730937957764,1.706890344619751,"Question: What is the patron of Nake?
Answer:", Lurage
e3_factual_160m_cell_v3,EleutherAI/pythia-160m-deduped,step8000,8000,0,2026-06-04T15:46:50+0000,degradation,post_poison_k16,probe,16,97,149,-0.22766542434692383,0,-3.575125217437744,-3.3474597930908203,3.575125217437744,"Question: What is the currency of Nani?
Answer:", Luva
e3_factual_160m_cell_v3,EleutherAI/pythia-160m-deduped,step8000,8000,0,2026-06-04T15:46:50+0000,degradation,post_poison_k16,probe,16,98,150,1.4834072589874268,1,-3.4177029132843018,-4.9011101722717285,3.4177029132843018,"Question: What is the currency of Narolu?
Answer:", Luzi
e3_factual_160m_cell_v3,EleutherAI/pythia-160m-deduped,step8000,8000,0,2026-06-04T15:46:50+0000,degradation,post_poison_k16,probe,16,99,153,1.1661145687103271,1,-1.826054573059082,-2.992169141769409,1.826054573059082,"Question: What is the currency of Nelina?
Answer:", Masu
e3_factual_160m_cell_v3,EleutherAI/pythia-160m-deduped,step8000,8000,0,2026-06-04T15:46:50+0000,degradation,post_poison_k16,probe,16,100,154,-1.820995569229126,0,-4.037447929382324,-2.2164523601531982,4.037447929382324,"Question: What is the capital of Nepuga?
Answer:", Mazugu
e3_factual_160m_cell_v3,EleutherAI/pythia-160m-deduped,step8000,8000,0,2026-06-04T15:46:50+0000,degradation,post_poison_k16,probe,16,101,155,0.7961063385009766,1,-2.6092963218688965,-3.405402660369873,2.6092963218688965,"Question: What is the capital of Neta?
Answer:", Memu
e3_factual_160m_cell_v3,EleutherAI/pythia-160m-deduped,step8000,8000,0,2026-06-04T15:46:50+0000,degradation,post_poison_k16,probe,16,102,156,-5.8286213874816895,0,-8.381362915039062,-2.552741527557373,8.381362915039062,"Question: What is the river of Nifo?
Answer:", Menu
e3_factual_160m_cell_v3,EleutherAI/pythia-160m-deduped,step8000,8000,0,2026-06-04T15:46:50+0000,degradation,post_poison_k16,probe,16,103,157,-0.30638861656188965,0,-3.265883684158325,-2.9594950675964355,3.265883684158325,"Question: What is the river of Niko?
Answer:", Milu
e3_factual_160m_cell_v3,EleutherAI/pythia-160m-deduped,step8000,8000,0,2026-06-04T15:46:50+0000,degradation,post_poison_k16,probe,16,104,160,0.9932725429534912,1,-1.3992729187011719,-2.392545461654663,1.3992729187011719,"Question: What is the currency of Nivo?
Answer:", Moporu
e3_factual_160m_cell_v3,EleutherAI/pythia-160m-deduped,step8000,8000,0,2026-06-04T15:46:50+0000,degradation,post_poison_k16,probe,16,105,161,-0.04878830909729004,0,-3.5506505966186523,-3.5018622875213623,3.5506505966186523,"Question: What is the river of Nokagu?
Answer:", Mosizo
e3_factual_160m_cell_v3,EleutherAI/pythia-160m-deduped,step8000,8000,0,2026-06-04T15:46:50+0000,degradation,post_poison_k16,probe,16,106,163,0.29874181747436523,1,-2.779310703277588,-3.078052520751953,2.779310703277588,"Question: What is the patron of Novute?
Answer:", Motu
e3_factual_160m_cell_v3,EleutherAI/pythia-160m-deduped,step8000,8000,0,2026-06-04T15:46:50+0000,degradation,post_poison_k16,probe,16,107,165,2.3525707721710205,1,-1.620262622833252,-3.9728333950042725,1.620262622833252,"Question: What is the patron of Paruvo?
Answer:", Mufami
e3_factual_160m_cell_v3,EleutherAI/pythia-160m-deduped,step8000,8000,0,2026-06-04T15:46:50+0000,degradation,post_poison_k16,probe,16,108,167,1.2200274467468262,1,-2.5808377265930176,-3.8008651733398438,2.5808377265930176,"Question: What is the currency of Pedune?
Answer:", Namema
e3_factual_160m_cell_v3,EleutherAI/pythia-160m-deduped,step8000,8000,0,2026-06-04T15:46:50+0000,degradation,post_poison_k16,probe,16,109,168,0.9481997489929199,1,-2.0899524688720703,-3.0381522178649902,2.0899524688720703,"Question: What is the river of Pegeki?
Answer:", Namifu
e3_factual_160m_cell_v3,EleutherAI/pythia-160m-deduped,step8000,8000,0,2026-06-04T15:46:50+0000,degradation,post_poison_k16,probe,16,110,170,0.6282529830932617,1,-2.557039976119995,-3.185292959213257,2.557039976119995,"Question: What is the capital of Petise?
Answer:", Nebe
e3_factual_160m_cell_v3,EleutherAI/pythia-160m-deduped,step8000,8000,0,2026-06-04T15:46:50+0000,degradation,post_poison_k16,probe,16,111,171,1.221398949623108,1,-1.47506844997406,-2.696467399597168,1.47506844997406,"Question: What is the patron of Pezesu?
Answer:", Nefobi
e3_factual_160m_cell_v3,EleutherAI/pythia-160m-deduped,step8000,8000,0,2026-06-04T15:46:50+0000,degradation,post_poison_k16,probe,16,112,174,1.2997888326644897,1,-1.6686815023422241,-2.968470335006714,1.6686815023422241,"Question: What is the capital of Pidune?
Answer:", Nenule
e3_factual_160m_cell_v3,EleutherAI/pythia-160m-deduped,step8000,8000,0,2026-06-04T15:46:50+0000,degradation,post_poison_k16,probe,16,113,175,0.5845036506652832,1,-2.1845221519470215,-2.7690258026123047,2.1845221519470215,"Question: What is the patron of Pife?
Answer:", Nifepi
e3_factual_160m_cell_v3,EleutherAI/pythia-160m-deduped,step8000,8000,0,2026-06-04T15:46:50+0000,degradation,post_poison_k16,probe,16,114,176,2.0214905738830566,1,-2.966404438018799,-4.9878950119018555,2.966404438018799,"Question: What is the patron of Pikeba?
Answer:", Nifi
e3_factual_160m_cell_v3,EleutherAI/pythia-160m-deduped,step8000,8000,0,2026-06-04T15:46:50+0000,degradation,post_poison_k16,probe,16,115,177,-0.12513959407806396,0,-1.9871890544891357,-1.8620494604110718,1.9871890544891357,"Question: What is the patron of Pilo?
Answer:", Nineni
e3_factual_160m_cell_v3,EleutherAI/pythia-160m-deduped,step8000,8000,0,2026-06-04T15:46:50+0000,degradation,post_poison_k16,probe,16,116,178,1.3384605646133423,1,-1.951459288597107,-3.289919853210449,1.951459288597107,"Question: What is the currency of Pitapi?
Answer:", Niti
e3_factual_160m_cell_v3,EleutherAI/pythia-160m-deduped,step8000,8000,0,2026-06-04T15:46:50+0000,degradation,post_poison_k16,probe,16,117,179,1.3149299621582031,1,-1.517909049987793,-2.832839012145996,1.517909049987793,"Question: What is the capital of Pofope?
Answer:", Noka
e3_factual_160m_cell_v3,EleutherAI/pythia-160m-deduped,step8000,8000,0,2026-06-04T15:46:50+0000,degradation,post_poison_k16,probe,16,118,180,-0.5488266944885254,0,-2.119523048400879,-1.5706963539123535,2.119523048400879,"Question: What is the river of Poka?
Answer:", Nuga
e3_factual_160m_cell_v3,EleutherAI/pythia-160m-deduped,step8000,8000,0,2026-06-04T15:46:50+0000,degradation,post_poison_k16,probe,16,119,181,0.3297300338745117,1,-3.5937297344207764,-3.923459768295288,3.5937297344207764,"Question: What is the river of Ponu?
Answer:", Pabi
e3_factual_160m_cell_v3,EleutherAI/pythia-160m-deduped,step8000,8000,0,2026-06-04T15:46:50+0000,degradation,post_poison_k16,probe,16,120,182,1.799280047416687,1,-1.7563332319259644,-3.5556132793426514,1.7563332319259644,"Question: What is the river of Popuva?
Answer:", Pafi
e3_factual_160m_cell_v3,EleutherAI/pythia-160m-deduped,step8000,8000,0,2026-06-04T15:46:50+0000,degradation,post_poison_k16,probe,16,121,183,0.6515443325042725,1,-2.100170373916626,-2.7517147064208984,2.100170373916626,"Question: What is the currency of Pora?
Answer:", Papida
e3_factual_160m_cell_v3,EleutherAI/pythia-160m-deduped,step8000,8000,0,2026-06-04T15:46:50+0000,degradation,post_poison_k16,probe,16,122,185,-0.9528424739837646,0,-3.567786931991577,-2.6149444580078125,3.567786931991577,"Question: What is the river of Pumozo?
Answer:", Pedubu
e3_factual_160m_cell_v3,EleutherAI/pythia-160m-deduped,step8000,8000,0,2026-06-04T15:46:50+0000,degradation,post_poison_k16,probe,16,123,186,1.9778658747673035,1,-0.6418595910072327,-2.619725465774536,0.6418595910072327,"Question: What is the patron of Pupile?
Answer:", Pela
e3_factual_160m_cell_v3,EleutherAI/pythia-160m-deduped,step8000,8000,0,2026-06-04T15:46:50+0000,degradation,post_poison_k16,probe,16,124,187,0.75340735912323,1,-1.622038722038269,-2.375446081161499,1.622038722038269,"Question: What is the river of Puro?
Answer:", Pemama
e3_factual_160m_cell_v3,EleutherAI/pythia-160m-deduped,step8000,8000,0,2026-06-04T15:46:50+0000,degradation,post_poison_k16,probe,16,125,189,-0.9289145469665527,0,-4.728082180023193,-3.7991676330566406,4.728082180023193,"Question: What is the river of Rage?
Answer:", Pesase
e3_factual_160m_cell_v3,EleutherAI/pythia-160m-deduped,step8000,8000,0,2026-06-04T15:46:50+0000,degradation,post_poison_k16,probe,16,126,190,1.8075318336486816,1,-1.7221558094024658,-3.5296876430511475,1.7221558094024658,"Question: What is the river of Rapu?
Answer:", Pese
e3_factual_160m_cell_v3,EleutherAI/pythia-160m-deduped,step8000,8000,0,2026-06-04T15:46:50+0000,degradation,post_poison_k16,probe,16,127,191,2.3138115406036377,1,-2.22625994682312,-4.540071487426758,2.22625994682312,"Question: What is the currency of Raso?
Answer:", Pibe
e3_factual_160m_cell_v3,EleutherAI/pythia-160m-deduped,step8000,8000,0,2026-06-04T15:46:50+0000,degradation,post_poison_k16,probe,16,128,193,1.9467060565948486,1,-2.826179265975952,-4.772885322570801,2.826179265975952,"Question: What is the currency of Rega?
Answer:", Pigubo
e3_factual_160m_cell_v3,EleutherAI/pythia-160m-deduped,step8000,8000,0,2026-06-04T15:46:50+0000,degradation,post_poison_k16,probe,16,129,194,-2.094003438949585,0,-5.289828777313232,-3.1958253383636475,5.289828777313232,"Question: What is the river of Rege?
Answer:", Pitomi
e3_factual_160m_cell_v3,EleutherAI/pythia-160m-deduped,step8000,8000,0,2026-06-04T15:46:50+0000,degradation,post_poison_k16,probe,16,130,195,-1.61344313621521,0,-4.617737293243408,-3.0042941570281982,4.617737293243408,"Question: What is the currency of Regeze?
Answer:", Pogi
e3_factual_160m_cell_v3,EleutherAI/pythia-160m-deduped,step8000,8000,0,2026-06-04T15:46:50+0000,degradation,post_poison_k16,probe,16,131,196,-0.1918802261352539,0,-4.136029243469238,-3.9441490173339844,4.136029243469238,"Question: What is the patron of Rela?
Answer:", Popage
e3_factual_160m_cell_v3,EleutherAI/pythia-160m-deduped,step8000,8000,0,2026-06-04T15:46:50+0000,degradation,post_poison_k16,probe,16,132,197,-3.8887624740600586,0,-7.376413822174072,-3.4876513481140137,7.376413822174072,"Question: What is the capital of Reli?
Answer:", Porome
e3_factual_160m_cell_v3,EleutherAI/pythia-160m-deduped,step8000,8000,0,2026-06-04T15:46:50+0000,degradation,post_poison_k16,probe,16,133,199,-0.7466795444488525,0,-3.884657144546509,-3.1379776000976562,3.884657144546509,"Question: What is the river of Rila?
Answer:", Puda
e3_factual_160m_cell_v3,EleutherAI/pythia-160m-deduped,step8000,8000,0,2026-06-04T15:46:50+0000,degradation,post_poison_k16,probe,16,134,203,0.6538271903991699,1,-3.6481380462646484,-4.301965236663818,3.6481380462646484,"Question: What is the river of Ritoda?
Answer:", Reba
e3_factual_160m_cell_v3,EleutherAI/pythia-160m-deduped,step8000,8000,0,2026-06-04T15:46:50+0000,degradation,post_poison_k16,probe,16,135,204,-2.3455753326416016,0,-6.453096389770508,-4.107521057128906,6.453096389770508,"Question: What is the patron of Romebo?
Answer:", Relefi
e3_factual_160m_cell_v3,EleutherAI/pythia-160m-deduped,step8000,8000,0,2026-06-04T15:46:50+0000,degradation,post_poison_k16,probe,16,136,205,0.3784506320953369,1,-3.4014551639556885,-3.7799057960510254,3.4014551639556885,"Question: What is the currency of Ronito?
Answer:", Reme
e3_factual_160m_cell_v3,EleutherAI/pythia-160m-deduped,step8000,8000,0,2026-06-04T15:46:50+0000,degradation,post_poison_k16,probe,16,137,206,2.4815585613250732,1,-1.9955518245697021,-4.477110385894775,1.9955518245697021,"Question: What is the currency of Rope?
Answer:", Rezusa
e3_factual_160m_cell_v3,EleutherAI/pythia-160m-deduped,step8000,8000,0,2026-06-04T15:46:50+0000,degradation,post_poison_k16,probe,16,138,208,2.0194275975227356,1,-0.9181773066520691,-2.9376049041748047,0.9181773066520691,"Question: What is the currency of Rozi?
Answer:", Riroba
e3_factual_160m_cell_v3,EleutherAI/pythia-160m-deduped,step8000,8000,0,2026-06-04T15:46:50+0000,degradation,post_poison_k16,probe,16,139,209,2.124797821044922,1,-1.4208521842956543,-3.545650005340576,1.4208521842956543,"Question: What is the patron of Ruse?
Answer:", Risove
e3_factual_160m_cell_v3,EleutherAI/pythia-160m-deduped,step8000,8000,0,2026-06-04T15:46:50+0000,degradation,post_poison_k16,probe,16,140,210,4.720107734203339,1,-0.5987322926521301,-5.318840026855469,0.5987322926521301,"Question: What is the currency of Rusi?
Answer:", Rofu
e3_factual_160m_cell_v3,EleutherAI/pythia-160m-deduped,step8000,8000,0,2026-06-04T15:46:50+0000,degradation,post_poison_k16,probe,16,141,211,-1.8175721168518066,0,-4.7250590324401855,-2.907486915588379,4.7250590324401855,"Question: What is the river of Sabeba?
Answer:", Rolu
e3_factual_160m_cell_v3,EleutherAI/pythia-160m-deduped,step8000,8000,0,2026-06-04T15:46:50+0000,degradation,post_poison_k16,probe,16,142,212,0.5186786651611328,1,-4.417264938354492,-4.935943603515625,4.417264938354492,"Question: What is the currency of Sakuma?
Answer:", Rova
e3_factual_160m_cell_v3,EleutherAI/pythia-160m-deduped,step8000,8000,0,2026-06-04T15:46:50+0000,degradation,post_poison_k16,probe,16,143,213,0.49273228645324707,1,-2.321383237838745,-2.814115524291992,2.321383237838745,"Question: What is the capital of Sana?
Answer:", Roziso
e3_factual_160m_cell_v3,EleutherAI/pythia-160m-deduped,step8000,8000,0,2026-06-04T15:46:50+0000,degradation,post_poison_k16,probe,16,144,215,1.9287652969360352,1,-1.948533058166504,-3.877298355102539,1.948533058166504,"Question: What is the patron of Sativo?
Answer:", Ruka
e3_factual_160m_cell_v3,EleutherAI/pythia-160m-deduped,step8000,8000,0,2026-06-04T15:46:50+0000,degradation,post_poison_k16,probe,16,145,216,0.23167014122009277,1,-3.5416195392608643,-3.773289680480957,3.5416195392608643,"Question: What is the currency of Save?
Answer:", Sabu
e3_factual_160m_cell_v3,EleutherAI/pythia-160m-deduped,step8000,8000,0,2026-06-04T15:46:50+0000,degradation,post_poison_k16,probe,16,146,217,1.0395464897155762,1,-1.591653823852539,-2.6312003135681152,1.591653823852539,"Question: What is the capital of Savo?
Answer:", Sadogu
e3_factual_160m_cell_v3,EleutherAI/pythia-160m-deduped,step8000,8000,0,2026-06-04T15:46:50+0000,degradation,post_poison_k16,probe,16,147,218,0.9255623817443848,1,-3.408176898956299,-4.333739280700684,3.408176898956299,"Question: What is the patron of Saze?
Answer:", Sage
e3_factual_160m_cell_v3,EleutherAI/pythia-160m-deduped,step8000,8000,0,2026-06-04T15:46:50+0000,degradation,post_poison_k16,probe,16,148,219,1.064340591430664,1,-3.118755340576172,-4.183095932006836,3.118755340576172,"Question: What is the currency of Sazera?
Answer:", Sapi
e3_factual_160m_cell_v3,EleutherAI/pythia-160m-deduped,step8000,8000,0,2026-06-04T15:46:50+0000,degradation,post_poison_k16,probe,16,149,220,0.7343266010284424,1,-2.038489580154419,-2.7728161811828613,2.038489580154419,"Question: What is the patron of Sefa?
Answer:", Sarebu
e3_factual_160m_cell_v3,EleutherAI/pythia-160m-deduped,step8000,8000,0,2026-06-04T15:46:50+0000,degradation,post_poison_k16,probe,16,150,221,1.1218516826629639,1,-1.9624278545379639,-3.0842795372009277,1.9624278545379639,"Question: What is the patron of Sida?
Answer:", Sebope
e3_factual_160m_cell_v3,EleutherAI/pythia-160m-deduped,step8000,8000,0,2026-06-04T15:46:50+0000,degradation,post_poison_k16,probe,16,151,222,-1.271772861480713,0,-4.332262992858887,-3.060490131378174,4.332262992858887,"Question: What is the capital of Silovo?
Answer:", Sepa
e3_factual_160m_cell_v3,EleutherAI/pythia-160m-deduped,step8000,8000,0,2026-06-04T15:46:50+0000,degradation,post_poison_k16,probe,16,152,223,-1.069605827331543,0,-5.925888538360596,-4.856282711029053,5.925888538360596,"Question: What is the capital of Simifu?
Answer:", Serudi
e3_factual_160m_cell_v3,EleutherAI/pythia-160m-deduped,step8000,8000,0,2026-06-04T15:46:50+0000,degradation,post_poison_k16,probe,16,153,224,0.23440241813659668,1,-2.7199184894561768,-2.9543209075927734,2.7199184894561768,"Question: What is the river of Sirufi?
Answer:", Sidi
e3_factual_160m_cell_v3,EleutherAI/pythia-160m-deduped,step8000,8000,0,2026-06-04T15:46:50+0000,degradation,post_poison_k16,probe,16,154,227,-0.02341747283935547,0,-2.9559457302093506,-2.932528257369995,2.9559457302093506,"Question: What is the patron of Sofeno?
Answer:", Sise
e3_factual_160m_cell_v3,EleutherAI/pythia-160m-deduped,step8000,8000,0,2026-06-04T15:46:50+0000,degradation,post_poison_k16,probe,16,155,228,-1.6783032417297363,0,-4.708536624908447,-3.030233383178711,4.708536624908447,"Question: What is the patron of Somu?
Answer:", Sisine
e3_factual_160m_cell_v3,EleutherAI/pythia-160m-deduped,step8000,8000,0,2026-06-04T15:46:50+0000,degradation,post_poison_k16,probe,16,156,230,0.8103621006011963,1,-2.067434549331665,-2.8777966499328613,2.067434549331665,"Question: What is the currency of Sore?
Answer:", Sofimo
e3_factual_160m_cell_v3,EleutherAI/pythia-160m-deduped,step8000,8000,0,2026-06-04T15:46:50+0000,degradation,post_poison_k16,probe,16,157,231,1.2104089260101318,1,-2.0673766136169434,-3.277785539627075,2.0673766136169434,"Question: What is the patron of Sovo?
Answer:", Sogosa
e3_factual_160m_cell_v3,EleutherAI/pythia-160m-deduped,step8000,8000,0,2026-06-04T15:46:50+0000,degradation,post_poison_k16,probe,16,158,234,2.147579073905945,1,-1.1355236768722534,-3.2831027507781982,1.1355236768722534,"Question: What is the currency of Suvagi?
Answer:", Sopi
e3_factual_160m_cell_v3,EleutherAI/pythia-160m-deduped,step8000,8000,0,2026-06-04T15:46:50+0000,degradation,post_poison_k16,probe,16,159,235,-1.1903376579284668,0,-4.356279373168945,-3.1659417152404785,4.356279373168945,"Question: What is the river of Suvu?
Answer:", Sosi
e3_factual_160m_cell_v3,EleutherAI/pythia-160m-deduped,step8000,8000,0,2026-06-04T15:46:50+0000,degradation,post_poison_k16,probe,16,160,237,0.6837446689605713,1,-2.5622060298919678,-3.245950698852539,2.5622060298919678,"Question: What is the capital of Tamu?
Answer:", Surodu
e3_factual_160m_cell_v3,EleutherAI/pythia-160m-deduped,step8000,8000,0,2026-06-04T15:46:50+0000,degradation,post_poison_k16,probe,16,161,238,-3.9244680404663086,0,-6.968282699584961,-3.0438146591186523,6.968282699584961,"Question: What is the patron of Tarolu?
Answer:", Suzego
e3_factual_160m_cell_v3,EleutherAI/pythia-160m-deduped,step8000,8000,0,2026-06-04T15:46:50+0000,degradation,post_poison_k16,probe,16,162,239,0.8489241600036621,1,-2.8303866386413574,-3.6793107986450195,2.8303866386413574,"Question: What is the capital of Tatupo?
Answer:", Tabegu
e3_factual_160m_cell_v3,EleutherAI/pythia-160m-deduped,step8000,8000,0,2026-06-04T15:46:50+0000,degradation,post_poison_k16,probe,16,163,240,0.1280992031097412,1,-3.305173873901367,-3.4332730770111084,3.305173873901367,"Question: What is the capital of Tavo?
Answer:", Tagase
e3_factual_160m_cell_v3,EleutherAI/pythia-160m-deduped,step8000,8000,0,2026-06-04T15:46:50+0000,degradation,post_poison_k16,probe,16,164,241,0.8886380195617676,1,-2.3399412631988525,-3.22857928276062,2.3399412631988525,"Question: What is the river of Tela?
Answer:", Taka
e3_factual_160m_cell_v3,EleutherAI/pythia-160m-deduped,step8000,8000,0,2026-06-04T15:46:50+0000,degradation,post_poison_k16,probe,16,165,242,-0.8314409255981445,0,-4.92326021194458,-4.0918192863464355,4.92326021194458,"Question: What is the capital of Tele?
Answer:", Tanuli
e3_factual_160m_cell_v3,EleutherAI/pythia-160m-deduped,step8000,8000,0,2026-06-04T15:46:50+0000,degradation,post_poison_k16,probe,16,166,245,1.7694512605667114,1,-1.3375872373580933,-3.1070384979248047,1.3375872373580933,"Question: What is the river of Tife?
Answer:", Tedefo
e3_factual_160m_cell_v3,EleutherAI/pythia-160m-deduped,step8000,8000,0,2026-06-04T15:46:50+0000,degradation,post_poison_k16,probe,16,167,247,-1.5833239555358887,0,-4.422674655914307,-2.839350700378418,4.422674655914307,"Question: What is the currency of Tivo?
Answer:", Tepi
e3_factual_160m_cell_v3,EleutherAI/pythia-160m-deduped,step8000,8000,0,2026-06-04T15:46:50+0000,degradation,post_poison_k16,probe,16,168,248,1.9334518909454346,1,-2.080570936203003,-4.0140228271484375,2.080570936203003,"Question: What is the capital of Togi?
Answer:", Tevuru
e3_factual_160m_cell_v3,EleutherAI/pythia-160m-deduped,step8000,8000,0,2026-06-04T15:46:50+0000,degradation,post_poison_k16,probe,16,169,249,0.8360605239868164,1,-2.8827662467956543,-3.7188267707824707,2.8827662467956543,"Question: What is the capital of Toli?
Answer:", Tifu
e3_factual_160m_cell_v3,EleutherAI/pythia-160m-deduped,step8000,8000,0,2026-06-04T15:46:50+0000,degradation,post_poison_k16,probe,16,170,250,1.4206678867340088,1,-2.67221999168396,-4.092887878417969,2.67221999168396,"Question: What is the currency of Tosolu?
Answer:", Tigoni
e3_factual_160m_cell_v3,EleutherAI/pythia-160m-deduped,step8000,8000,0,2026-06-04T15:46:50+0000,degradation,post_poison_k16,probe,16,171,251,1.2411112785339355,1,-1.908247470855713,-3.1493587493896484,1.908247470855713,"Question: What is the capital of Tove?
Answer:", Tisune
e3_factual_160m_cell_v3,EleutherAI/pythia-160m-deduped,step8000,8000,0,2026-06-04T15:46:50+0000,degradation,post_poison_k16,probe,16,172,252,-2.2901952266693115,0,-5.44833517074585,-3.158139944076538,5.44833517074585,"Question: What is the river of Tozufe?
Answer:", Titagu
e3_factual_160m_cell_v3,EleutherAI/pythia-160m-deduped,step8000,8000,0,2026-06-04T15:46:50+0000,degradation,post_poison_k16,probe,16,173,255,-0.8282809257507324,0,-4.047740459442139,-3.2194595336914062,4.047740459442139,"Question: What is the capital of Tuso?
Answer:", Toga
e3_factual_160m_cell_v3,EleutherAI/pythia-160m-deduped,step8000,8000,0,2026-06-04T15:46:50+0000,degradation,post_poison_k16,probe,16,174,257,-0.31246280670166016,0,-3.434589147567749,-3.122126340866089,3.434589147567749,"Question: What is the currency of Vaba?
Answer:", Toka
e3_factual_160m_cell_v3,EleutherAI/pythia-160m-deduped,step8000,8000,0,2026-06-04T15:46:50+0000,degradation,post_poison_k16,probe,16,175,259,-0.39567995071411133,0,-4.824821472167969,-4.429141521453857,4.824821472167969,"Question: What is the river of Vaka?
Answer:", Tosi
e3_factual_160m_cell_v3,EleutherAI/pythia-160m-deduped,step8000,8000,0,2026-06-04T15:46:50+0000,degradation,post_poison_k16,probe,16,176,260,-0.7561616897583008,0,-4.097746849060059,-3.341585159301758,4.097746849060059,"Question: What is the currency of Varamo?
Answer:", Tubuma
e3_factual_160m_cell_v3,EleutherAI/pythia-160m-deduped,step8000,8000,0,2026-06-04T15:46:50+0000,degradation,post_poison_k16,probe,16,177,261,1.1666936874389648,1,-2.6992223262786865,-3.8659160137176514,2.6992223262786865,"Question: What is the river of Vedomi?
Answer:", Tukuvo
e3_factual_160m_cell_v3,EleutherAI/pythia-160m-deduped,step8000,8000,0,2026-06-04T15:46:50+0000,degradation,post_poison_k16,probe,16,178,262,0.4560391902923584,1,-2.786648750305176,-3.242687940597534,2.786648750305176,"Question: What is the patron of Vekazo?
Answer:", Tupa
e3_factual_160m_cell_v3,EleutherAI/pythia-160m-deduped,step8000,8000,0,2026-06-04T15:46:50+0000,degradation,post_poison_k16,probe,16,179,263,0.048810720443725586,1,-2.5092337131500244,-2.55804443359375,2.5092337131500244,"Question: What is the patron of Veso?
Answer:", Tusa
e3_factual_160m_cell_v3,EleutherAI/pythia-160m-deduped,step8000,8000,0,2026-06-04T15:46:50+0000,degradation,post_poison_k16,probe,16,180,264,1.179123878479004,1,-3.0811915397644043,-4.260315418243408,3.0811915397644043,"Question: What is the currency of Veze?
Answer:", Tuse
e3_factual_160m_cell_v3,EleutherAI/pythia-160m-deduped,step8000,8000,0,2026-06-04T15:46:50+0000,degradation,post_poison_k16,probe,16,181,265,2.08357310295105,1,-1.0487241744995117,-3.1322972774505615,1.0487241744995117,"Question: What is the river of Vifisu?
Answer:", Vada
e3_factual_160m_cell_v3,EleutherAI/pythia-160m-deduped,step8000,8000,0,2026-06-04T15:46:50+0000,degradation,post_poison_k16,probe,16,182,267,3.7607860565185547,1,-0.7962450981140137,-4.557031154632568,0.7962450981140137,"Question: What is the currency of Vima?
Answer:", Vagori
e3_factual_160m_cell_v3,EleutherAI/pythia-160m-deduped,step8000,8000,0,2026-06-04T15:46:50+0000,degradation,post_poison_k16,probe,16,183,269,1.971045732498169,1,-1.4310877323150635,-3.4021334648132324,1.4310877323150635,"Question: What is the capital of Vinire?
Answer:", Vare
e3_factual_160m_cell_v3,EleutherAI/pythia-160m-deduped,step8000,8000,0,2026-06-04T15:46:50+0000,degradation,post_poison_k16,probe,16,184,272,3.267981767654419,1,-1.3667376041412354,-4.634719371795654,1.3667376041412354,"Question: What is the river of Vitape?
Answer:", Veko
e3_factual_160m_cell_v3,EleutherAI/pythia-160m-deduped,step8000,8000,0,2026-06-04T15:46:50+0000,degradation,post_poison_k16,probe,16,185,273,1.7958970069885254,1,-1.5855498313903809,-3.3814468383789062,1.5855498313903809,"Question: What is the capital of Viza?
Answer:", Vene
e3_factual_160m_cell_v3,EleutherAI/pythia-160m-deduped,step8000,8000,0,2026-06-04T15:46:50+0000,degradation,post_poison_k16,probe,16,186,274,-0.5450906753540039,0,-3.969792366027832,-3.424701690673828,3.969792366027832,"Question: What is the patron of Vogu?
Answer:", Vesara
e3_factual_160m_cell_v3,EleutherAI/pythia-160m-deduped,step8000,8000,0,2026-06-04T15:46:50+0000,degradation,post_poison_k16,probe,16,187,275,2.4531354904174805,1,-1.1984353065490723,-3.6515707969665527,1.1984353065490723,"Question: What is the river of Vome?
Answer:", Vezu
e3_factual_160m_cell_v3,EleutherAI/pythia-160m-deduped,step8000,8000,0,2026-06-04T15:46:50+0000,degradation,post_poison_k16,probe,16,188,276,3.7165616154670715,1,-0.8894578814506531,-4.606019496917725,0.8894578814506531,"Question: What is the patron of Vomeve?
Answer:", Vidu
e3_factual_160m_cell_v3,EleutherAI/pythia-160m-deduped,step8000,8000,0,2026-06-04T15:46:50+0000,degradation,post_poison_k16,probe,16,189,278,1.66414213180542,1,-2.348623275756836,-4.012765407562256,2.348623275756836,"Question: What is the capital of Voni?
Answer:", Vivi
e3_factual_160m_cell_v3,EleutherAI/pythia-160m-deduped,step8000,8000,0,2026-06-04T15:46:50+0000,degradation,post_poison_k16,probe,16,190,281,0.06044507026672363,1,-3.0248970985412598,-3.0853421688079834,3.0248970985412598,"Question: What is the currency of Vumi?
Answer:", Zafe
e3_factual_160m_cell_v3,EleutherAI/pythia-160m-deduped,step8000,8000,0,2026-06-04T15:46:50+0000,degradation,post_poison_k16,probe,16,191,282,-0.2116985321044922,0,-3.805171489715576,-3.593472957611084,3.805171489715576,"Question: What is the river of Vupu?
Answer:", Zapa
e3_factual_160m_cell_v3,EleutherAI/pythia-160m-deduped,step8000,8000,0,2026-06-04T15:46:50+0000,degradation,post_poison_k16,probe,16,192,283,3.8173383474349976,1,-1.7346135377883911,-5.551951885223389,1.7346135377883911,"Question: What is the currency of Zabagi?
Answer:", Zaro
e3_factual_160m_cell_v3,EleutherAI/pythia-160m-deduped,step8000,8000,0,2026-06-04T15:46:50+0000,degradation,post_poison_k16,probe,16,193,286,3.6824586987495422,1,-0.914618194103241,-4.597076892852783,0.914618194103241,"Question: What is the currency of Zebo?
Answer:", Zidu
e3_factual_160m_cell_v3,EleutherAI/pythia-160m-deduped,step8000,8000,0,2026-06-04T15:46:50+0000,degradation,post_poison_k16,probe,16,194,287,2.0039196014404297,1,-1.2475059032440186,-3.2514255046844482,1.2475059032440186,"Question: What is the river of Zegati?
Answer:", Zikebo
e3_factual_160m_cell_v3,EleutherAI/pythia-160m-deduped,step8000,8000,0,2026-06-04T15:46:50+0000,degradation,post_poison_k16,probe,16,195,291,1.3571667671203613,1,-1.6704988479614258,-3.027665615081787,1.6704988479614258,"Question: What is the currency of Ziku?
Answer:", Zopu
e3_factual_160m_cell_v3,EleutherAI/pythia-160m-deduped,step8000,8000,0,2026-06-04T15:46:50+0000,degradation,post_poison_k16,probe,16,196,293,4.136656790971756,1,-0.3524446189403534,-4.489101409912109,0.3524446189403534,"Question: What is the patron of Zitefu?
Answer:", Zufo
e3_factual_160m_cell_v3,EleutherAI/pythia-160m-deduped,step8000,8000,0,2026-06-04T15:46:50+0000,degradation,post_poison_k16,probe,16,197,296,0.46374940872192383,1,-1.273576259613037,-1.737325668334961,1.273576259613037,"Question: What is the currency of Zoseki?
Answer:", Zuna
e3_factual_160m_cell_v3,EleutherAI/pythia-160m-deduped,step8000,8000,0,2026-06-04T15:46:50+0000,degradation,post_poison_k16,probe,16,198,297,-0.1467146873474121,0,-2.805631637573242,-2.65891695022583,2.805631637573242,"Question: What is the patron of Zusu?
Answer:", Zupi
e3_factual_160m_cell_v3,EleutherAI/pythia-160m-deduped,step8000,8000,0,2026-06-04T15:46:50+0000,degradation,post_poison_k16,probe,16,199,298,0.09900379180908203,1,-1.9043996334075928,-2.003403425216675,1.9043996334075928,"Question: What is the river of Zuto?
Answer:", Zure
e3_factual_160m_cell_v3,EleutherAI/pythia-160m-deduped,step8000,8000,0,2026-06-04T15:46:50+0000,degradation,post_poison_k64,probe,64,0,3,0.9506087303161621,1,-3.067317485809326,-4.017926216125488,3.067317485809326,"Question: What is the currency of Bebite?
Answer:", Balo
e3_factual_160m_cell_v3,EleutherAI/pythia-160m-deduped,step8000,8000,0,2026-06-04T15:46:50+0000,degradation,post_poison_k64,probe,64,1,4,-0.6434657573699951,0,-2.714862823486328,-2.071397066116333,2.714862823486328,"Question: What is the patron of Begile?
Answer:", Banu
e3_factual_160m_cell_v3,EleutherAI/pythia-160m-deduped,step8000,8000,0,2026-06-04T15:46:50+0000,degradation,post_poison_k64,probe,64,2,5,0.35363340377807617,1,-2.777529239654541,-3.131162643432617,2.777529239654541,"Question: What is the patron of Begoge?
Answer:", Bara
e3_factual_160m_cell_v3,EleutherAI/pythia-160m-deduped,step8000,8000,0,2026-06-04T15:46:50+0000,degradation,post_poison_k64,probe,64,3,6,1.9295849800109863,1,-1.5036568641662598,-3.433241844177246,1.5036568641662598,"Question: What is the currency of Beguku?
Answer:", Bema
e3_factual_160m_cell_v3,EleutherAI/pythia-160m-deduped,step8000,8000,0,2026-06-04T15:46:50+0000,degradation,post_poison_k64,probe,64,4,7,0.6135135889053345,1,-1.870977759361267,-2.4844913482666016,1.870977759361267,"Question: What is the capital of Bekavi?
Answer:", Benuzi
e3_factual_160m_cell_v3,EleutherAI/pythia-160m-deduped,step8000,8000,0,2026-06-04T15:46:50+0000,degradation,post_poison_k64,probe,64,5,8,2.479126751422882,1,-0.8770353198051453,-3.3561620712280273,0.8770353198051453,"Question: What is the currency of Betu?
Answer:", Bepo
e3_factual_160m_cell_v3,EleutherAI/pythia-160m-deduped,step8000,8000,0,2026-06-04T15:46:50+0000,degradation,post_poison_k64,probe,64,6,11,2.2323403358459473,1,-0.7805626392364502,-3.0129029750823975,0.7805626392364502,"Question: What is the capital of Bilefu?
Answer:", Bifiko
e3_factual_160m_cell_v3,EleutherAI/pythia-160m-deduped,step8000,8000,0,2026-06-04T15:46:50+0000,degradation,post_poison_k64,probe,64,7,12,-0.47252440452575684,0,-3.6907260417938232,-3.2182016372680664,3.6907260417938232,"Question: What is the patron of Bina?
Answer:", Bigo
e3_factual_160m_cell_v3,EleutherAI/pythia-160m-deduped,step8000,8000,0,2026-06-04T15:46:50+0000,degradation,post_poison_k64,probe,64,8,14,-0.29247260093688965,0,-4.05379581451416,-3.7613232135772705,4.05379581451416,"Question: What is the patron of Boka?
Answer:", Bopa
e3_factual_160m_cell_v3,EleutherAI/pythia-160m-deduped,step8000,8000,0,2026-06-04T15:46:50+0000,degradation,post_poison_k64,probe,64,9,15,-0.17228078842163086,0,-3.264934778213501,-3.09265398979187,3.264934778213501,"Question: What is the capital of Boleve?
Answer:", Bosu
e3_factual_160m_cell_v3,EleutherAI/pythia-160m-deduped,step8000,8000,0,2026-06-04T15:46:50+0000,degradation,post_poison_k64,probe,64,10,17,1.2137303352355957,1,-2.4768147468566895,-3.690545082092285,2.4768147468566895,"Question: What is the currency of Bono?
Answer:", Budo
e3_factual_160m_cell_v3,EleutherAI/pythia-160m-deduped,step8000,8000,0,2026-06-04T15:46:50+0000,degradation,post_poison_k64,probe,64,11,18,0.9191625118255615,1,-1.6115052700042725,-2.530667781829834,1.6115052700042725,"Question: What is the river of Bozuma?
Answer:", Bulefo
e3_factual_160m_cell_v3,EleutherAI/pythia-160m-deduped,step8000,8000,0,2026-06-04T15:46:50+0000,degradation,post_poison_k64,probe,64,12,19,-1.106283187866211,0,-4.09255838394165,-2.9862751960754395,4.09255838394165,"Question: What is the capital of Bubato?
Answer:", Bulizi
e3_factual_160m_cell_v3,EleutherAI/pythia-160m-deduped,step8000,8000,0,2026-06-04T15:46:50+0000,degradation,post_poison_k64,probe,64,13,20,-1.773681402206421,0,-3.7096030712127686,-1.9359216690063477,3.7096030712127686,"Question: What is the river of Budali?
Answer:", Danoro
e3_factual_160m_cell_v3,EleutherAI/pythia-160m-deduped,step8000,8000,0,2026-06-04T15:46:50+0000,degradation,post_poison_k64,probe,64,14,21,0.9024910926818848,1,-2.1334335803985596,-3.0359246730804443,2.1334335803985596,"Question: What is the patron of Bufo?
Answer:", Darole
e3_factual_160m_cell_v3,EleutherAI/pythia-160m-deduped,step8000,8000,0,2026-06-04T15:46:50+0000,degradation,post_poison_k64,probe,64,15,22,1.601738691329956,1,-3.2396209239959717,-4.841359615325928,3.2396209239959717,"Question: What is the currency of Bufu?
Answer:", Davera
e3_factual_160m_cell_v3,EleutherAI/pythia-160m-deduped,step8000,8000,0,2026-06-04T15:46:50+0000,degradation,post_poison_k64,probe,64,16,23,2.3173177242279053,1,-2.9766685962677,-5.2939863204956055,2.9766685962677,"Question: What is the patron of Bumuve?
Answer:", Davu
e3_factual_160m_cell_v3,EleutherAI/pythia-160m-deduped,step8000,8000,0,2026-06-04T15:46:50+0000,degradation,post_poison_k64,probe,64,17,25,-1.45314359664917,0,-3.864387035369873,-2.411243438720703,3.864387035369873,"Question: What is the patron of Bure?
Answer:", Dide
e3_factual_160m_cell_v3,EleutherAI/pythia-160m-deduped,step8000,8000,0,2026-06-04T15:46:50+0000,degradation,post_poison_k64,probe,64,18,26,-2.790818691253662,0,-5.470450401306152,-2.6796317100524902,5.470450401306152,"Question: What is the capital of Buruka?
Answer:", Didi
e3_factual_160m_cell_v3,EleutherAI/pythia-160m-deduped,step8000,8000,0,2026-06-04T15:46:50+0000,degradation,post_poison_k64,probe,64,19,27,1.0745055675506592,1,-1.6390035152435303,-2.7135090827941895,1.6390035152435303,"Question: What is the patron of Dadede?
Answer:", Dido
e3_factual_160m_cell_v3,EleutherAI/pythia-160m-deduped,step8000,8000,0,2026-06-04T15:46:50+0000,degradation,post_poison_k64,probe,64,20,29,-0.7202498912811279,0,-2.9966166019439697,-2.276366710662842,2.9966166019439697,"Question: What is the capital of Daluna?
Answer:", Dimugu
e3_factual_160m_cell_v3,EleutherAI/pythia-160m-deduped,step8000,8000,0,2026-06-04T15:46:50+0000,degradation,post_poison_k64,probe,64,21,30,-0.7031230926513672,0,-3.7340407371520996,-3.0309176445007324,3.7340407371520996,"Question: What is the patron of Damado?
Answer:", Divi
e3_factual_160m_cell_v3,EleutherAI/pythia-160m-deduped,step8000,8000,0,2026-06-04T15:46:50+0000,degradation,post_poison_k64,probe,64,22,31,-0.7694301605224609,0,-3.4803733825683594,-2.7109432220458984,3.4803733825683594,"Question: What is the currency of Darori?
Answer:", Dolu
e3_factual_160m_cell_v3,EleutherAI/pythia-160m-deduped,step8000,8000,0,2026-06-04T15:46:50+0000,degradation,post_poison_k64,probe,64,23,34,-1.1580438613891602,0,-4.713299751281738,-3.555255889892578,4.713299751281738,"Question: What is the patron of Demusi?
Answer:", Doto
e3_factual_160m_cell_v3,EleutherAI/pythia-160m-deduped,step8000,8000,0,2026-06-04T15:46:50+0000,degradation,post_poison_k64,probe,64,24,35,0.12223100662231445,1,-3.4452905654907227,-3.567521572113037,3.4452905654907227,"Question: What is the capital of Deno?
Answer:", Dubi
e3_factual_160m_cell_v3,EleutherAI/pythia-160m-deduped,step8000,8000,0,2026-06-04T15:46:50+0000,degradation,post_poison_k64,probe,64,25,36,-0.3023674488067627,0,-2.664783477783203,-2.3624160289764404,2.664783477783203,"Question: What is the currency of Didala?
Answer:", Dufego
e3_factual_160m_cell_v3,EleutherAI/pythia-160m-deduped,step8000,8000,0,2026-06-04T15:46:50+0000,degradation,post_poison_k64,probe,64,26,37,1.0122877359390259,1,-1.5766080617904663,-2.588895797729492,1.5766080617904663,"Question: What is the river of Dige?
Answer:", Dugoki
e3_factual_160m_cell_v3,EleutherAI/pythia-160m-deduped,step8000,8000,0,2026-06-04T15:46:50+0000,degradation,post_poison_k64,probe,64,27,38,0.6388266086578369,1,-2.1286721229553223,-2.767498731613159,2.1286721229553223,"Question: What is the currency of Digire?
Answer:", Dure
e3_factual_160m_cell_v3,EleutherAI/pythia-160m-deduped,step8000,8000,0,2026-06-04T15:46:50+0000,degradation,post_poison_k64,probe,64,28,40,1.4167165756225586,1,-1.5742597579956055,-2.990976333618164,1.5742597579956055,"Question: What is the river of Dorofe?
Answer:", Dusote
e3_factual_160m_cell_v3,EleutherAI/pythia-160m-deduped,step8000,8000,0,2026-06-04T15:46:50+0000,degradation,post_poison_k64,probe,64,29,41,1.095571517944336,1,-2.715188980102539,-3.810760498046875,2.715188980102539,"Question: What is the patron of Dosi?
Answer:", Duvo
e3_factual_160m_cell_v3,EleutherAI/pythia-160m-deduped,step8000,8000,0,2026-06-04T15:46:50+0000,degradation,post_poison_k64,probe,64,30,42,0.7530436515808105,1,-2.470770835876465,-3.2238144874572754,2.470770835876465,"Question: What is the capital of Dosoki?
Answer:", Fafibe
e3_factual_160m_cell_v3,EleutherAI/pythia-160m-deduped,step8000,8000,0,2026-06-04T15:46:50+0000,degradation,post_poison_k64,probe,64,31,44,0.3913949728012085,1,-1.9005483388900757,-2.291943311691284,1.9005483388900757,"Question: What is the capital of Dule?
Answer:", Fakora
e3_factual_160m_cell_v3,EleutherAI/pythia-160m-deduped,step8000,8000,0,2026-06-04T15:46:50+0000,degradation,post_poison_k64,probe,64,32,45,-1.3654155731201172,0,-3.899597644805908,-2.534182071685791,3.899597644805908,"Question: What is the capital of Dumi?
Answer:", Fanero
e3_factual_160m_cell_v3,EleutherAI/pythia-160m-deduped,step8000,8000,0,2026-06-04T15:46:50+0000,degradation,post_poison_k64,probe,64,33,46,0.6452643871307373,1,-1.9806630611419678,-2.625927448272705,1.9806630611419678,"Question: What is the currency of Duri?
Answer:", Fatutu
e3_factual_160m_cell_v3,EleutherAI/pythia-160m-deduped,step8000,8000,0,2026-06-04T15:46:50+0000,degradation,post_poison_k64,probe,64,34,47,0.3613612651824951,1,-2.3712899684906006,-2.7326512336730957,2.3712899684906006,"Question: What is the patron of Dusigo?
Answer:", Fegi
e3_factual_160m_cell_v3,EleutherAI/pythia-160m-deduped,step8000,8000,0,2026-06-04T15:46:50+0000,degradation,post_poison_k64,probe,64,35,48,0.3030664920806885,1,-2.5519979000091553,-2.8550643920898438,2.5519979000091553,"Question: What is the currency of Duzeve?
Answer:", Feme
e3_factual_160m_cell_v3,EleutherAI/pythia-160m-deduped,step8000,8000,0,2026-06-04T15:46:50+0000,degradation,post_poison_k64,probe,64,36,49,0.48839569091796875,1,-3.0397276878356934,-3.528123378753662,3.0397276878356934,"Question: What is the river of Fabi?
Answer:", Feni
e3_factual_160m_cell_v3,EleutherAI/pythia-160m-deduped,step8000,8000,0,2026-06-04T15:46:50+0000,degradation,post_poison_k64,probe,64,37,50,1.0307064056396484,1,-3.136929988861084,-4.167636394500732,3.136929988861084,"Question: What is the currency of Fagilo?
Answer:", Fenize
e3_factual_160m_cell_v3,EleutherAI/pythia-160m-deduped,step8000,8000,0,2026-06-04T15:46:50+0000,degradation,post_poison_k64,probe,64,38,52,1.1043481826782227,1,-1.258589267730713,-2.3629374504089355,1.258589267730713,"Question: What is the capital of Favera?
Answer:", Feva
e3_factual_160m_cell_v3,EleutherAI/pythia-160m-deduped,step8000,8000,0,2026-06-04T15:46:50+0000,degradation,post_poison_k64,probe,64,39,54,-1.3391141891479492,0,-4.101438045501709,-2.7623238563537598,4.101438045501709,"Question: What is the river of Fege?
Answer:", Figu
e3_factual_160m_cell_v3,EleutherAI/pythia-160m-deduped,step8000,8000,0,2026-06-04T15:46:50+0000,degradation,post_poison_k64,probe,64,40,55,-0.04941987991333008,0,-2.4646382331848145,-2.4152183532714844,2.4646382331848145,"Question: What is the river of Feki?
Answer:", Fimomi
e3_factual_160m_cell_v3,EleutherAI/pythia-160m-deduped,step8000,8000,0,2026-06-04T15:46:50+0000,degradation,post_poison_k64,probe,64,41,58,0.47879672050476074,1,-2.7421257495880127,-3.2209224700927734,2.7421257495880127,"Question: What is the patron of Feve?
Answer:", Fizi
e3_factual_160m_cell_v3,EleutherAI/pythia-160m-deduped,step8000,8000,0,2026-06-04T15:46:50+0000,degradation,post_poison_k64,probe,64,42,59,-1.4241831302642822,0,-3.752598524093628,-2.3284153938293457,3.752598524093628,"Question: What is the capital of Fevolu?
Answer:", Fofe
e3_factual_160m_cell_v3,EleutherAI/pythia-160m-deduped,step8000,8000,0,2026-06-04T15:46:50+0000,degradation,post_poison_k64,probe,64,43,60,0.40904879570007324,1,-1.8810253143310547,-2.290074110031128,1.8810253143310547,"Question: What is the capital of Fibi?
Answer:", Fokaro
e3_factual_160m_cell_v3,EleutherAI/pythia-160m-deduped,step8000,8000,0,2026-06-04T15:46:50+0000,degradation,post_poison_k64,probe,64,44,61,2.373021364212036,1,-1.6594607830047607,-4.032482147216797,1.6594607830047607,"Question: What is the river of Fibosi?
Answer:", Fokuge
e3_factual_160m_cell_v3,EleutherAI/pythia-160m-deduped,step8000,8000,0,2026-06-04T15:46:50+0000,degradation,post_poison_k64,probe,64,45,62,-0.10583186149597168,0,-2.7012546062469482,-2.5954227447509766,2.7012546062469482,"Question: What is the patron of Fipe?
Answer:", Fosaro
e3_factual_160m_cell_v3,EleutherAI/pythia-160m-deduped,step8000,8000,0,2026-06-04T15:46:50+0000,degradation,post_poison_k64,probe,64,46,63,2.30155348777771,1,-2.3766562938690186,-4.6782097816467285,2.3766562938690186,"Question: What is the currency of Fodune?
Answer:", Fuku
e3_factual_160m_cell_v3,EleutherAI/pythia-160m-deduped,step8000,8000,0,2026-06-04T15:46:50+0000,degradation,post_poison_k64,probe,64,47,64,-0.04678821563720703,0,-2.6633248329162598,-2.6165366172790527,2.6633248329162598,"Question: What is the river of Foge?
Answer:", Fumi
e3_factual_160m_cell_v3,EleutherAI/pythia-160m-deduped,step8000,8000,0,2026-06-04T15:46:50+0000,degradation,post_poison_k64,probe,64,48,65,-2.1098467111587524,0,-3.9074583053588867,-1.7976115942001343,3.9074583053588867,"Question: What is the currency of Fuzide?
Answer:", Funize
e3_factual_160m_cell_v3,EleutherAI/pythia-160m-deduped,step8000,8000,0,2026-06-04T15:46:50+0000,degradation,post_poison_k64,probe,64,49,66,-1.3811359405517578,0,-4.495883464813232,-3.1147475242614746,4.495883464813232,"Question: What is the river of Gamoti?
Answer:", Funugu
e3_factual_160m_cell_v3,EleutherAI/pythia-160m-deduped,step8000,8000,0,2026-06-04T15:46:50+0000,degradation,post_poison_k64,probe,64,50,67,0.8218088150024414,1,-2.7489888668060303,-3.5707976818084717,2.7489888668060303,"Question: What is the capital of Gare?
Answer:", Ganifu
e3_factual_160m_cell_v3,EleutherAI/pythia-160m-deduped,step8000,8000,0,2026-06-04T15:46:50+0000,degradation,post_poison_k64,probe,64,51,69,-0.7004928588867188,0,-3.746791362762451,-3.0462985038757324,3.746791362762451,"Question: What is the river of Geduki?
Answer:", Gasiko
e3_factual_160m_cell_v3,EleutherAI/pythia-160m-deduped,step8000,8000,0,2026-06-04T15:46:50+0000,degradation,post_poison_k64,probe,64,52,72,2.1031713485717773,1,-2.258390426635742,-4.3615617752075195,2.258390426635742,"Question: What is the currency of Gide?
Answer:", Gefevi
e3_factual_160m_cell_v3,EleutherAI/pythia-160m-deduped,step8000,8000,0,2026-06-04T15:46:50+0000,degradation,post_poison_k64,probe,64,53,73,0.3246331214904785,1,-3.004608631134033,-3.3292417526245117,3.004608631134033,"Question: What is the currency of Girara?
Answer:", Gega
e3_factual_160m_cell_v3,EleutherAI/pythia-160m-deduped,step8000,8000,0,2026-06-04T15:46:50+0000,degradation,post_poison_k64,probe,64,54,76,1.1800017356872559,1,-2.2526297569274902,-3.432631492614746,2.2526297569274902,"Question: What is the river of Gorazo?
Answer:", Gidosi
e3_factual_160m_cell_v3,EleutherAI/pythia-160m-deduped,step8000,8000,0,2026-06-04T15:46:50+0000,degradation,post_poison_k64,probe,64,55,78,2.926784038543701,1,-1.5076589584350586,-4.43444299697876,1.5076589584350586,"Question: What is the patron of Gosi?
Answer:", Gimegi
e3_factual_160m_cell_v3,EleutherAI/pythia-160m-deduped,step8000,8000,0,2026-06-04T15:46:50+0000,degradation,post_poison_k64,probe,64,56,79,0.030458688735961914,1,-1.4409761428833008,-1.4714348316192627,1.4409761428833008,"Question: What is the capital of Gutama?
Answer:", Gimige
e3_factual_160m_cell_v3,EleutherAI/pythia-160m-deduped,step8000,8000,0,2026-06-04T15:46:50+0000,degradation,post_poison_k64,probe,64,57,80,0.39595603942871094,1,-2.7700374126434326,-3.1659934520721436,2.7700374126434326,"Question: What is the currency of Kabi?
Answer:", Gipado
e3_factual_160m_cell_v3,EleutherAI/pythia-160m-deduped,step8000,8000,0,2026-06-04T15:46:50+0000,degradation,post_poison_k64,probe,64,58,82,2.1254727840423584,1,-1.9692580699920654,-4.094730854034424,1.9692580699920654,"Question: What is the patron of Kalu?
Answer:", Gisimi
e3_factual_160m_cell_v3,EleutherAI/pythia-160m-deduped,step8000,8000,0,2026-06-04T15:46:50+0000,degradation,post_poison_k64,probe,64,59,83,-1.0196342468261719,0,-3.9672698974609375,-2.9476356506347656,3.9672698974609375,"Question: What is the currency of Kari?
Answer:", Givo
e3_factual_160m_cell_v3,EleutherAI/pythia-160m-deduped,step8000,8000,0,2026-06-04T15:46:50+0000,degradation,post_poison_k64,probe,64,60,86,1.110457420349121,1,-1.6114823818206787,-2.7219398021698,1.6114823818206787,"Question: What is the patron of Kenepi?
Answer:", Gogoda
e3_factual_160m_cell_v3,EleutherAI/pythia-160m-deduped,step8000,8000,0,2026-06-04T15:46:50+0000,degradation,post_poison_k64,probe,64,61,88,-0.15121984481811523,0,-4.335779190063477,-4.184559345245361,4.335779190063477,"Question: What is the river of Kiba?
Answer:", Goki
e3_factual_160m_cell_v3,EleutherAI/pythia-160m-deduped,step8000,8000,0,2026-06-04T15:46:50+0000,degradation,post_poison_k64,probe,64,62,91,-0.8192863464355469,0,-3.7598254680633545,-2.9405391216278076,3.7598254680633545,"Question: What is the patron of Kolebi?
Answer:", Gosiba
e3_factual_160m_cell_v3,EleutherAI/pythia-160m-deduped,step8000,8000,0,2026-06-04T15:46:50+0000,degradation,post_poison_k64,probe,64,63,93,-0.06435465812683105,0,-3.0060861110687256,-2.9417314529418945,3.0060861110687256,"Question: What is the river of Kozi?
Answer:", Gufu
e3_factual_160m_cell_v3,EleutherAI/pythia-160m-deduped,step8000,8000,0,2026-06-04T15:46:50+0000,degradation,post_poison_k64,probe,64,64,95,-1.8439979553222656,0,-5.255711555480957,-3.4117136001586914,5.255711555480957,"Question: What is the capital of Kuri?
Answer:", Gurine
e3_factual_160m_cell_v3,EleutherAI/pythia-160m-deduped,step8000,8000,0,2026-06-04T15:46:50+0000,degradation,post_poison_k64,probe,64,65,96,-0.418548583984375,0,-2.6486659049987793,-2.2301173210144043,2.6486659049987793,"Question: What is the patron of Ladeta?
Answer:", Kabara
e3_factual_160m_cell_v3,EleutherAI/pythia-160m-deduped,step8000,8000,0,2026-06-04T15:46:50+0000,degradation,post_poison_k64,probe,64,66,97,0.8260178565979004,1,-3.2973103523254395,-4.12332820892334,3.2973103523254395,"Question: What is the patron of Lafe?
Answer:", Kanedu
e3_factual_160m_cell_v3,EleutherAI/pythia-160m-deduped,step8000,8000,0,2026-06-04T15:46:50+0000,degradation,post_poison_k64,probe,64,67,101,-0.38303160667419434,0,-3.1755642890930176,-2.7925326824188232,3.1755642890930176,"Question: What is the river of Lebezi?
Answer:", Kife
e3_factual_160m_cell_v3,EleutherAI/pythia-160m-deduped,step8000,8000,0,2026-06-04T15:46:50+0000,degradation,post_poison_k64,probe,64,68,103,1.6298468112945557,1,-2.5547168254852295,-4.184563636779785,2.5547168254852295,"Question: What is the river of Liba?
Answer:", Kipi
e3_factual_160m_cell_v3,EleutherAI/pythia-160m-deduped,step8000,8000,0,2026-06-04T15:46:50+0000,degradation,post_poison_k64,probe,64,69,104,0.9878644943237305,1,-1.842649221420288,-2.8305137157440186,1.842649221420288,"Question: What is the currency of Lifi?
Answer:", Kisuga
e3_factual_160m_cell_v3,EleutherAI/pythia-160m-deduped,step8000,8000,0,2026-06-04T15:46:50+0000,degradation,post_poison_k64,probe,64,70,108,-0.410520076751709,0,-3.5085501670837402,-3.0980300903320312,3.5085501670837402,"Question: What is the capital of Lonuko?
Answer:", Koga
e3_factual_160m_cell_v3,EleutherAI/pythia-160m-deduped,step8000,8000,0,2026-06-04T15:46:50+0000,degradation,post_poison_k64,probe,64,71,109,1.0102496147155762,1,-2.699253559112549,-3.709503173828125,2.699253559112549,"Question: What is the capital of Lopeka?
Answer:", Kogo
e3_factual_160m_cell_v3,EleutherAI/pythia-160m-deduped,step8000,8000,0,2026-06-04T15:46:50+0000,degradation,post_poison_k64,probe,64,72,110,0.3804774284362793,1,-2.5265305042266846,-2.907007932662964,2.5265305042266846,"Question: What is the river of Lopiza?
Answer:", Kolo
e3_factual_160m_cell_v3,EleutherAI/pythia-160m-deduped,step8000,8000,0,2026-06-04T15:46:50+0000,degradation,post_poison_k64,probe,64,73,111,-1.3036108016967773,0,-2.798119068145752,-1.4945082664489746,2.798119068145752,"Question: What is the capital of Losa?
Answer:", Komake
e3_factual_160m_cell_v3,EleutherAI/pythia-160m-deduped,step8000,8000,0,2026-06-04T15:46:50+0000,degradation,post_poison_k64,probe,64,74,112,2.1400715112686157,1,-1.5664352178573608,-3.7065067291259766,1.5664352178573608,"Question: What is the patron of Lovu?
Answer:", Kopuda
e3_factual_160m_cell_v3,EleutherAI/pythia-160m-deduped,step8000,8000,0,2026-06-04T15:46:50+0000,degradation,post_poison_k64,probe,64,75,118,0.3635976314544678,1,-2.810913324356079,-3.174510955810547,2.810913324356079,"Question: What is the river of Lunika?
Answer:", Kunu
e3_factual_160m_cell_v3,EleutherAI/pythia-160m-deduped,step8000,8000,0,2026-06-04T15:46:50+0000,degradation,post_poison_k64,probe,64,76,119,0.5508813858032227,1,-3.3447070121765137,-3.8955883979797363,3.3447070121765137,"Question: What is the river of Lureso?
Answer:", Kusa
e3_factual_160m_cell_v3,EleutherAI/pythia-160m-deduped,step8000,8000,0,2026-06-04T15:46:50+0000,degradation,post_poison_k64,probe,64,77,120,-0.28923535346984863,0,-3.3466522693634033,-3.0574169158935547,3.3466522693634033,"Question: What is the river of Lusave?
Answer:", Kuze
e3_factual_160m_cell_v3,EleutherAI/pythia-160m-deduped,step8000,8000,0,2026-06-04T15:46:50+0000,degradation,post_poison_k64,probe,64,78,121,-0.7607862949371338,0,-4.001349449157715,-3.240563154220581,4.001349449157715,"Question: What is the currency of Luza?
Answer:", Labo
e3_factual_160m_cell_v3,EleutherAI/pythia-160m-deduped,step8000,8000,0,2026-06-04T15:46:50+0000,degradation,post_poison_k64,probe,64,79,122,-0.9166121482849121,0,-2.52962589263916,-1.613013744354248,2.52962589263916,"Question: What is the capital of Luzazu?
Answer:", Laguga
e3_factual_160m_cell_v3,EleutherAI/pythia-160m-deduped,step8000,8000,0,2026-06-04T15:46:50+0000,degradation,post_poison_k64,probe,64,80,123,0.42976903915405273,1,-2.780445098876953,-3.210214138031006,2.780445098876953,"Question: What is the patron of Madeze?
Answer:", Lamo
e3_factual_160m_cell_v3,EleutherAI/pythia-160m-deduped,step8000,8000,0,2026-06-04T15:46:50+0000,degradation,post_poison_k64,probe,64,81,124,0.6198909282684326,1,-2.7385168075561523,-3.358407735824585,2.7385168075561523,"Question: What is the currency of Mado?
Answer:", Ledo
e3_factual_160m_cell_v3,EleutherAI/pythia-160m-deduped,step8000,8000,0,2026-06-04T15:46:50+0000,degradation,post_poison_k64,probe,64,82,126,0.7485291957855225,1,-1.9254090785980225,-2.673938274383545,1.9254090785980225,"Question: What is the river of Makuku?
Answer:", Lekipe
e3_factual_160m_cell_v3,EleutherAI/pythia-160m-deduped,step8000,8000,0,2026-06-04T15:46:50+0000,degradation,post_poison_k64,probe,64,83,127,0.4660975933074951,1,-2.794137954711914,-3.260235548019409,2.794137954711914,"Question: What is the capital of Mala?
Answer:", Leko
e3_factual_160m_cell_v3,EleutherAI/pythia-160m-deduped,step8000,8000,0,2026-06-04T15:46:50+0000,degradation,post_poison_k64,probe,64,84,128,0.038121700286865234,1,-2.5275464057922363,-2.5656681060791016,2.5275464057922363,"Question: What is the currency of Mamina?
Answer:", Lelaru
e3_factual_160m_cell_v3,EleutherAI/pythia-160m-deduped,step8000,8000,0,2026-06-04T15:46:50+0000,degradation,post_poison_k64,probe,64,85,129,-0.057435035705566406,0,-2.438405990600586,-2.3809709548950195,2.438405990600586,"Question: What is the capital of Mamipu?
Answer:", Lena
e3_factual_160m_cell_v3,EleutherAI/pythia-160m-deduped,step8000,8000,0,2026-06-04T15:46:50+0000,degradation,post_poison_k64,probe,64,86,130,0.911332368850708,1,-2.2596614360809326,-3.1709938049316406,2.2596614360809326,"Question: What is the currency of Mazuda?
Answer:", Lepobo
e3_factual_160m_cell_v3,EleutherAI/pythia-160m-deduped,step8000,8000,0,2026-06-04T15:46:50+0000,degradation,post_poison_k64,probe,64,87,131,0.02329707145690918,1,-2.9883105754852295,-3.0116076469421387,2.9883105754852295,"Question: What is the river of Mefe?
Answer:", Lerero
e3_factual_160m_cell_v3,EleutherAI/pythia-160m-deduped,step8000,8000,0,2026-06-04T15:46:50+0000,degradation,post_poison_k64,probe,64,88,133,-1.0374243259429932,0,-4.138558387756348,-3.1011340618133545,4.138558387756348,"Question: What is the river of Menuta?
Answer:", Lili
e3_factual_160m_cell_v3,EleutherAI/pythia-160m-deduped,step8000,8000,0,2026-06-04T15:46:50+0000,degradation,post_poison_k64,probe,64,89,137,-2.633570671081543,0,-6.690254211425781,-4.056683540344238,6.690254211425781,"Question: What is the river of Mobese?
Answer:", Live
e3_factual_160m_cell_v3,EleutherAI/pythia-160m-deduped,step8000,8000,0,2026-06-04T15:46:50+0000,degradation,post_poison_k64,probe,64,90,140,-0.9762628078460693,0,-3.734506845474243,-2.758244037628174,3.734506845474243,"Question: What is the patron of Modo?
Answer:", Lomo
e3_factual_160m_cell_v3,EleutherAI/pythia-160m-deduped,step8000,8000,0,2026-06-04T15:46:50+0000,degradation,post_poison_k64,probe,64,91,141,0.2261641025543213,1,-2.787071704864502,-3.0132358074188232,2.787071704864502,"Question: What is the currency of Mogo?
Answer:", Lori
e3_factual_160m_cell_v3,EleutherAI/pythia-160m-deduped,step8000,8000,0,2026-06-04T15:46:50+0000,degradation,post_poison_k64,probe,64,92,142,-2.308677911758423,0,-4.811020851135254,-2.502342939376831,4.811020851135254,"Question: What is the capital of Mori?
Answer:", Loto
e3_factual_160m_cell_v3,EleutherAI/pythia-160m-deduped,step8000,8000,0,2026-06-04T15:46:50+0000,degradation,post_poison_k64,probe,64,93,143,-1.5860514640808105,0,-4.989232063293457,-3.4031805992126465,4.989232063293457,"Question: What is the patron of Moro?
Answer:", Love
e3_factual_160m_cell_v3,EleutherAI/pythia-160m-deduped,step8000,8000,0,2026-06-04T15:46:50+0000,degradation,post_poison_k64,probe,64,94,144,-1.1971533298492432,0,-3.9130094051361084,-2.7158560752868652,3.9130094051361084,"Question: What is the patron of Mumi?
Answer:", Lubera
e3_factual_160m_cell_v3,EleutherAI/pythia-160m-deduped,step8000,8000,0,2026-06-04T15:46:50+0000,degradation,post_poison_k64,probe,64,95,146,-2.3373976945877075,0,-4.062877655029297,-1.7254799604415894,4.062877655029297,"Question: What is the capital of Nafu?
Answer:", Lumoro
e3_factual_160m_cell_v3,EleutherAI/pythia-160m-deduped,step8000,8000,0,2026-06-04T15:46:50+0000,degradation,post_poison_k64,probe,64,96,147,0.5462465286254883,1,-2.0898756980895996,-2.636122226715088,2.0898756980895996,"Question: What is the patron of Nake?
Answer:", Lurage
e3_factual_160m_cell_v3,EleutherAI/pythia-160m-deduped,step8000,8000,0,2026-06-04T15:46:50+0000,degradation,post_poison_k64,probe,64,97,149,-0.7011473178863525,0,-3.654759168624878,-2.9536118507385254,3.654759168624878,"Question: What is the currency of Nani?
Answer:", Luva
e3_factual_160m_cell_v3,EleutherAI/pythia-160m-deduped,step8000,8000,0,2026-06-04T15:46:50+0000,degradation,post_poison_k64,probe,64,98,150,0.7909877300262451,1,-3.5655062198638916,-4.356493949890137,3.5655062198638916,"Question: What is the currency of Narolu?
Answer:", Luzi
e3_factual_160m_cell_v3,EleutherAI/pythia-160m-deduped,step8000,8000,0,2026-06-04T15:46:50+0000,degradation,post_poison_k64,probe,64,99,153,-0.06339740753173828,0,-2.7218520641326904,-2.658454656600952,2.7218520641326904,"Question: What is the currency of Nelina?
Answer:", Masu
e3_factual_160m_cell_v3,EleutherAI/pythia-160m-deduped,step8000,8000,0,2026-06-04T15:46:50+0000,degradation,post_poison_k64,probe,64,100,154,-0.894507646560669,0,-3.118425130844116,-2.2239174842834473,3.118425130844116,"Question: What is the capital of Nepuga?
Answer:", Mazugu
e3_factual_160m_cell_v3,EleutherAI/pythia-160m-deduped,step8000,8000,0,2026-06-04T15:46:50+0000,degradation,post_poison_k64,probe,64,101,155,0.17307257652282715,1,-3.2698824405670166,-3.4429550170898438,3.2698824405670166,"Question: What is the capital of Neta?
Answer:", Memu
e3_factual_160m_cell_v3,EleutherAI/pythia-160m-deduped,step8000,8000,0,2026-06-04T15:46:50+0000,degradation,post_poison_k64,probe,64,102,156,-7.174570560455322,0,-9.456302642822266,-2.2817320823669434,9.456302642822266,"Question: What is the river of Nifo?
Answer:", Menu
e3_factual_160m_cell_v3,EleutherAI/pythia-160m-deduped,step8000,8000,0,2026-06-04T15:46:50+0000,degradation,post_poison_k64,probe,64,103,157,-0.5952563285827637,0,-3.4809069633483887,-2.885650634765625,3.4809069633483887,"Question: What is the river of Niko?
Answer:", Milu
e3_factual_160m_cell_v3,EleutherAI/pythia-160m-deduped,step8000,8000,0,2026-06-04T15:46:50+0000,degradation,post_poison_k64,probe,64,104,160,-0.17370009422302246,0,-2.4657673835754395,-2.292067289352417,2.4657673835754395,"Question: What is the currency of Nivo?
Answer:", Moporu
e3_factual_160m_cell_v3,EleutherAI/pythia-160m-deduped,step8000,8000,0,2026-06-04T15:46:50+0000,degradation,post_poison_k64,probe,64,105,161,-1.4525387287139893,0,-3.8948299884796143,-2.442291259765625,3.8948299884796143,"Question: What is the river of Nokagu?
Answer:", Mosizo
e3_factual_160m_cell_v3,EleutherAI/pythia-160m-deduped,step8000,8000,0,2026-06-04T15:46:50+0000,degradation,post_poison_k64,probe,64,106,163,0.03705859184265137,1,-3.268538475036621,-3.3055970668792725,3.268538475036621,"Question: What is the patron of Novute?
Answer:", Motu
e3_factual_160m_cell_v3,EleutherAI/pythia-160m-deduped,step8000,8000,0,2026-06-04T15:46:50+0000,degradation,post_poison_k64,probe,64,107,165,0.6767237186431885,1,-2.326733350753784,-3.0034570693969727,2.326733350753784,"Question: What is the patron of Paruvo?
Answer:", Mufami
e3_factual_160m_cell_v3,EleutherAI/pythia-160m-deduped,step8000,8000,0,2026-06-04T15:46:50+0000,degradation,post_poison_k64,probe,64,108,167,-0.267071008682251,0,-3.1551249027252197,-2.8880538940429688,3.1551249027252197,"Question: What is the currency of Pedune?
Answer:", Namema
e3_factual_160m_cell_v3,EleutherAI/pythia-160m-deduped,step8000,8000,0,2026-06-04T15:46:50+0000,degradation,post_poison_k64,probe,64,109,168,1.5228180885314941,1,-2.0228452682495117,-3.545663356781006,2.0228452682495117,"Question: What is the river of Pegeki?
Answer:", Namifu
e3_factual_160m_cell_v3,EleutherAI/pythia-160m-deduped,step8000,8000,0,2026-06-04T15:46:50+0000,degradation,post_poison_k64,probe,64,110,170,-1.2384648323059082,0,-2.781096935272217,-1.5426321029663086,2.781096935272217,"Question: What is the capital of Petise?
Answer:", Nebe
e3_factual_160m_cell_v3,EleutherAI/pythia-160m-deduped,step8000,8000,0,2026-06-04T15:46:50+0000,degradation,post_poison_k64,probe,64,111,171,0.5495915412902832,1,-1.9940309524536133,-2.5436224937438965,1.9940309524536133,"Question: What is the patron of Pezesu?
Answer:", Nefobi
e3_factual_160m_cell_v3,EleutherAI/pythia-160m-deduped,step8000,8000,0,2026-06-04T15:46:50+0000,degradation,post_poison_k64,probe,64,112,174,0.2503366470336914,1,-2.4532766342163086,-2.70361328125,2.4532766342163086,"Question: What is the capital of Pidune?
Answer:", Nenule
e3_factual_160m_cell_v3,EleutherAI/pythia-160m-deduped,step8000,8000,0,2026-06-04T15:46:50+0000,degradation,post_poison_k64,probe,64,113,175,1.3414525985717773,1,-1.4400508403778076,-2.781503438949585,1.4400508403778076,"Question: What is the patron of Pife?
Answer:", Nifepi
e3_factual_160m_cell_v3,EleutherAI/pythia-160m-deduped,step8000,8000,0,2026-06-04T15:46:50+0000,degradation,post_poison_k64,probe,64,114,176,0.042263031005859375,1,-3.492732524871826,-3.5349955558776855,3.492732524871826,"Question: What is the patron of Pikeba?
Answer:", Nifi
e3_factual_160m_cell_v3,EleutherAI/pythia-160m-deduped,step8000,8000,0,2026-06-04T15:46:50+0000,degradation,post_poison_k64,probe,64,115,177,-1.1739752292633057,0,-3.1817750930786133,-2.0077998638153076,3.1817750930786133,"Question: What is the patron of Pilo?
Answer:", Nineni
e3_factual_160m_cell_v3,EleutherAI/pythia-160m-deduped,step8000,8000,0,2026-06-04T15:46:50+0000,degradation,post_poison_k64,probe,64,116,178,-0.831444263458252,0,-3.273144245147705,-2.441699981689453,3.273144245147705,"Question: What is the currency of Pitapi?
Answer:", Niti
e3_factual_160m_cell_v3,EleutherAI/pythia-160m-deduped,step8000,8000,0,2026-06-04T15:46:50+0000,degradation,post_poison_k64,probe,64,117,179,0.04274487495422363,1,-2.522698402404785,-2.565443277359009,2.522698402404785,"Question: What is the capital of Pofope?
Answer:", Noka
e3_factual_160m_cell_v3,EleutherAI/pythia-160m-deduped,step8000,8000,0,2026-06-04T15:46:50+0000,degradation,post_poison_k64,probe,64,118,180,-1.7290990352630615,0,-4.354495525360107,-2.625396490097046,4.354495525360107,"Question: What is the river of Poka?
Answer:", Nuga
e3_factual_160m_cell_v3,EleutherAI/pythia-160m-deduped,step8000,8000,0,2026-06-04T15:46:50+0000,degradation,post_poison_k64,probe,64,119,181,-0.5905156135559082,0,-4.375919818878174,-3.7854042053222656,4.375919818878174,"Question: What is the river of Ponu?
Answer:", Pabi
e3_factual_160m_cell_v3,EleutherAI/pythia-160m-deduped,step8000,8000,0,2026-06-04T15:46:50+0000,degradation,post_poison_k64,probe,64,120,182,1.499870777130127,1,-2.059016704559326,-3.558887481689453,2.059016704559326,"Question: What is the river of Popuva?
Answer:", Pafi
e3_factual_160m_cell_v3,EleutherAI/pythia-160m-deduped,step8000,8000,0,2026-06-04T15:46:50+0000,degradation,post_poison_k64,probe,64,121,183,-0.5203158855438232,0,-2.9315474033355713,-2.411231517791748,2.9315474033355713,"Question: What is the currency of Pora?
Answer:", Papida
e3_factual_160m_cell_v3,EleutherAI/pythia-160m-deduped,step8000,8000,0,2026-06-04T15:46:50+0000,degradation,post_poison_k64,probe,64,122,185,-0.8473916053771973,0,-3.7083840370178223,-2.860992431640625,3.7083840370178223,"Question: What is the river of Pumozo?
Answer:", Pedubu
e3_factual_160m_cell_v3,EleutherAI/pythia-160m-deduped,step8000,8000,0,2026-06-04T15:46:50+0000,degradation,post_poison_k64,probe,64,123,186,1.1527987718582153,1,-1.5979446172714233,-2.7507433891296387,1.5979446172714233,"Question: What is the patron of Pupile?
Answer:", Pela
e3_factual_160m_cell_v3,EleutherAI/pythia-160m-deduped,step8000,8000,0,2026-06-04T15:46:50+0000,degradation,post_poison_k64,probe,64,124,187,0.9209873676300049,1,-2.162937641143799,-3.0839250087738037,2.162937641143799,"Question: What is the river of Puro?
Answer:", Pemama
e3_factual_160m_cell_v3,EleutherAI/pythia-160m-deduped,step8000,8000,0,2026-06-04T15:46:50+0000,degradation,post_poison_k64,probe,64,125,189,-0.573195219039917,0,-4.264907360076904,-3.6917121410369873,4.264907360076904,"Question: What is the river of Rage?
Answer:", Pesase
e3_factual_160m_cell_v3,EleutherAI/pythia-160m-deduped,step8000,8000,0,2026-06-04T15:46:50+0000,degradation,post_poison_k64,probe,64,126,190,-0.04272127151489258,0,-3.6400389671325684,-3.597317695617676,3.6400389671325684,"Question: What is the river of Rapu?
Answer:", Pese
e3_factual_160m_cell_v3,EleutherAI/pythia-160m-deduped,step8000,8000,0,2026-06-04T15:46:50+0000,degradation,post_poison_k64,probe,64,127,191,0.9099037647247314,1,-2.8486998081207275,-3.758603572845459,2.8486998081207275,"Question: What is the currency of Raso?
Answer:", Pibe
e3_factual_160m_cell_v3,EleutherAI/pythia-160m-deduped,step8000,8000,0,2026-06-04T15:46:50+0000,degradation,post_poison_k64,probe,64,128,193,1.0361926555633545,1,-2.8595712184906006,-3.895763874053955,2.8595712184906006,"Question: What is the currency of Rega?
Answer:", Pigubo
e3_factual_160m_cell_v3,EleutherAI/pythia-160m-deduped,step8000,8000,0,2026-06-04T15:46:50+0000,degradation,post_poison_k64,probe,64,129,194,-2.3218860626220703,0,-4.823697090148926,-2.5018110275268555,4.823697090148926,"Question: What is the river of Rege?
Answer:", Pitomi
e3_factual_160m_cell_v3,EleutherAI/pythia-160m-deduped,step8000,8000,0,2026-06-04T15:46:50+0000,degradation,post_poison_k64,probe,64,130,195,-1.2425549030303955,0,-4.558131217956543,-3.3155763149261475,4.558131217956543,"Question: What is the currency of Regeze?
Answer:", Pogi
e3_factual_160m_cell_v3,EleutherAI/pythia-160m-deduped,step8000,8000,0,2026-06-04T15:46:50+0000,degradation,post_poison_k64,probe,64,131,196,-0.2717406749725342,0,-3.795362949371338,-3.5236222743988037,3.795362949371338,"Question: What is the patron of Rela?
Answer:", Popage
e3_factual_160m_cell_v3,EleutherAI/pythia-160m-deduped,step8000,8000,0,2026-06-04T15:46:50+0000,degradation,post_poison_k64,probe,64,132,197,-3.620025634765625,0,-6.283603191375732,-2.6635775566101074,6.283603191375732,"Question: What is the capital of Reli?
Answer:", Porome
e3_factual_160m_cell_v3,EleutherAI/pythia-160m-deduped,step8000,8000,0,2026-06-04T15:46:50+0000,degradation,post_poison_k64,probe,64,133,199,-1.7984964847564697,0,-4.583495140075684,-2.784998655319214,4.583495140075684,"Question: What is the river of Rila?
Answer:", Puda
e3_factual_160m_cell_v3,EleutherAI/pythia-160m-deduped,step8000,8000,0,2026-06-04T15:46:50+0000,degradation,post_poison_k64,probe,64,134,203,-0.11383485794067383,0,-4.326720237731934,-4.21288537979126,4.326720237731934,"Question: What is the river of Ritoda?
Answer:", Reba
e3_factual_160m_cell_v3,EleutherAI/pythia-160m-deduped,step8000,8000,0,2026-06-04T15:46:50+0000,degradation,post_poison_k64,probe,64,135,204,-3.088712215423584,0,-6.770995140075684,-3.6822829246520996,6.770995140075684,"Question: What is the patron of Romebo?
Answer:", Relefi
e3_factual_160m_cell_v3,EleutherAI/pythia-160m-deduped,step8000,8000,0,2026-06-04T15:46:50+0000,degradation,post_poison_k64,probe,64,136,205,-0.30870985984802246,0,-3.7495310306549072,-3.4408211708068848,3.7495310306549072,"Question: What is the currency of Ronito?
Answer:", Reme
e3_factual_160m_cell_v3,EleutherAI/pythia-160m-deduped,step8000,8000,0,2026-06-04T15:46:50+0000,degradation,post_poison_k64,probe,64,137,206,1.5199100971221924,1,-1.9706580638885498,-3.490568161010742,1.9706580638885498,"Question: What is the currency of Rope?
Answer:", Rezusa
e3_factual_160m_cell_v3,EleutherAI/pythia-160m-deduped,step8000,8000,0,2026-06-04T15:46:50+0000,degradation,post_poison_k64,probe,64,138,208,1.3904216289520264,1,-1.2339746952056885,-2.624396324157715,1.2339746952056885,"Question: What is the currency of Rozi?
Answer:", Riroba
e3_factual_160m_cell_v3,EleutherAI/pythia-160m-deduped,step8000,8000,0,2026-06-04T15:46:50+0000,degradation,post_poison_k64,probe,64,139,209,1.6868319511413574,1,-1.2101500034332275,-2.896981954574585,1.2101500034332275,"Question: What is the patron of Ruse?
Answer:", Risove
e3_factual_160m_cell_v3,EleutherAI/pythia-160m-deduped,step8000,8000,0,2026-06-04T15:46:50+0000,degradation,post_poison_k64,probe,64,140,210,2.8133628368377686,1,-1.1290524005889893,-3.942415237426758,1.1290524005889893,"Question: What is the currency of Rusi?
Answer:", Rofu
e3_factual_160m_cell_v3,EleutherAI/pythia-160m-deduped,step8000,8000,0,2026-06-04T15:46:50+0000,degradation,post_poison_k64,probe,64,141,211,-1.7998020648956299,0,-4.594016075134277,-2.7942140102386475,4.594016075134277,"Question: What is the river of Sabeba?
Answer:", Rolu
e3_factual_160m_cell_v3,EleutherAI/pythia-160m-deduped,step8000,8000,0,2026-06-04T15:46:50+0000,degradation,post_poison_k64,probe,64,142,212,-1.3747358322143555,0,-5.524769306182861,-4.150033473968506,5.524769306182861,"Question: What is the currency of Sakuma?
Answer:", Rova
e3_factual_160m_cell_v3,EleutherAI/pythia-160m-deduped,step8000,8000,0,2026-06-04T15:46:50+0000,degradation,post_poison_k64,probe,64,143,213,0.41291332244873047,1,-2.3107376098632812,-2.7236509323120117,2.3107376098632812,"Question: What is the capital of Sana?
Answer:", Roziso
e3_factual_160m_cell_v3,EleutherAI/pythia-160m-deduped,step8000,8000,0,2026-06-04T15:46:50+0000,degradation,post_poison_k64,probe,64,144,215,0.21914315223693848,1,-3.0602240562438965,-3.279367208480835,3.0602240562438965,"Question: What is the patron of Sativo?
Answer:", Ruka
e3_factual_160m_cell_v3,EleutherAI/pythia-160m-deduped,step8000,8000,0,2026-06-04T15:46:50+0000,degradation,post_poison_k64,probe,64,145,216,-0.431607723236084,0,-3.437824249267578,-3.006216526031494,3.437824249267578,"Question: What is the currency of Save?
Answer:", Sabu
e3_factual_160m_cell_v3,EleutherAI/pythia-160m-deduped,step8000,8000,0,2026-06-04T15:46:50+0000,degradation,post_poison_k64,probe,64,146,217,0.9765193462371826,1,-2.159651517868042,-3.1361708641052246,2.159651517868042,"Question: What is the capital of Savo?
Answer:", Sadogu
e3_factual_160m_cell_v3,EleutherAI/pythia-160m-deduped,step8000,8000,0,2026-06-04T15:46:50+0000,degradation,post_poison_k64,probe,64,147,218,-0.2728400230407715,0,-3.8352789878845215,-3.56243896484375,3.8352789878845215,"Question: What is the patron of Saze?
Answer:", Sage
e3_factual_160m_cell_v3,EleutherAI/pythia-160m-deduped,step8000,8000,0,2026-06-04T15:46:50+0000,degradation,post_poison_k64,probe,64,148,219,0.02170109748840332,1,-3.7299506664276123,-3.7516517639160156,3.7299506664276123,"Question: What is the currency of Sazera?
Answer:", Sapi
e3_factual_160m_cell_v3,EleutherAI/pythia-160m-deduped,step8000,8000,0,2026-06-04T15:46:50+0000,degradation,post_poison_k64,probe,64,149,220,0.40265655517578125,1,-2.1791293621063232,-2.5817859172821045,2.1791293621063232,"Question: What is the patron of Sefa?
Answer:", Sarebu
e3_factual_160m_cell_v3,EleutherAI/pythia-160m-deduped,step8000,8000,0,2026-06-04T15:46:50+0000,degradation,post_poison_k64,probe,64,150,221,0.06713342666625977,1,-2.40879487991333,-2.47592830657959,2.40879487991333,"Question: What is the patron of Sida?
Answer:", Sebope
e3_factual_160m_cell_v3,EleutherAI/pythia-160m-deduped,step8000,8000,0,2026-06-04T15:46:50+0000,degradation,post_poison_k64,probe,64,151,222,-1.7412281036376953,0,-4.517200469970703,-2.775972366333008,4.517200469970703,"Question: What is the capital of Silovo?
Answer:", Sepa
e3_factual_160m_cell_v3,EleutherAI/pythia-160m-deduped,step8000,8000,0,2026-06-04T15:46:50+0000,degradation,post_poison_k64,probe,64,152,223,-1.1441845893859863,0,-5.535736083984375,-4.391551494598389,5.535736083984375,"Question: What is the capital of Simifu?
Answer:", Serudi
e3_factual_160m_cell_v3,EleutherAI/pythia-160m-deduped,step8000,8000,0,2026-06-04T15:46:50+0000,degradation,post_poison_k64,probe,64,153,224,-0.8511295318603516,0,-3.503141164779663,-2.6520116329193115,3.503141164779663,"Question: What is the river of Sirufi?
Answer:", Sidi
e3_factual_160m_cell_v3,EleutherAI/pythia-160m-deduped,step8000,8000,0,2026-06-04T15:46:50+0000,degradation,post_poison_k64,probe,64,154,227,-1.5076074600219727,0,-3.953664779663086,-2.4460573196411133,3.953664779663086,"Question: What is the patron of Sofeno?
Answer:", Sise
e3_factual_160m_cell_v3,EleutherAI/pythia-160m-deduped,step8000,8000,0,2026-06-04T15:46:50+0000,degradation,post_poison_k64,probe,64,155,228,-3.6379714012145996,0,-5.058364391326904,-1.4203929901123047,5.058364391326904,"Question: What is the patron of Somu?
Answer:", Sisine
e3_factual_160m_cell_v3,EleutherAI/pythia-160m-deduped,step8000,8000,0,2026-06-04T15:46:50+0000,degradation,post_poison_k64,probe,64,156,230,-0.5670411586761475,0,-2.7668042182922363,-2.199763059616089,2.7668042182922363,"Question: What is the currency of Sore?
Answer:", Sofimo
e3_factual_160m_cell_v3,EleutherAI/pythia-160m-deduped,step8000,8000,0,2026-06-04T15:46:50+0000,degradation,post_poison_k64,probe,64,157,231,0.37142014503479004,1,-2.579404592514038,-2.950824737548828,2.579404592514038,"Question: What is the patron of Sovo?
Answer:", Sogosa
e3_factual_160m_cell_v3,EleutherAI/pythia-160m-deduped,step8000,8000,0,2026-06-04T15:46:50+0000,degradation,post_poison_k64,probe,64,158,234,0.942833662033081,1,-2.061814308166504,-3.004647970199585,2.061814308166504,"Question: What is the currency of Suvagi?
Answer:", Sopi
e3_factual_160m_cell_v3,EleutherAI/pythia-160m-deduped,step8000,8000,0,2026-06-04T15:46:50+0000,degradation,post_poison_k64,probe,64,159,235,-2.5748634338378906,0,-5.386147975921631,-2.8112845420837402,5.386147975921631,"Question: What is the river of Suvu?
Answer:", Sosi
e3_factual_160m_cell_v3,EleutherAI/pythia-160m-deduped,step8000,8000,0,2026-06-04T15:46:50+0000,degradation,post_poison_k64,probe,64,160,237,-0.2648003101348877,0,-3.0480785369873047,-2.783278226852417,3.0480785369873047,"Question: What is the capital of Tamu?
Answer:", Surodu
e3_factual_160m_cell_v3,EleutherAI/pythia-160m-deduped,step8000,8000,0,2026-06-04T15:46:50+0000,degradation,post_poison_k64,probe,64,161,238,-3.5802526473999023,0,-5.987213134765625,-2.4069604873657227,5.987213134765625,"Question: What is the patron of Tarolu?
Answer:", Suzego
e3_factual_160m_cell_v3,EleutherAI/pythia-160m-deduped,step8000,8000,0,2026-06-04T15:46:50+0000,degradation,post_poison_k64,probe,64,162,239,1.1628100872039795,1,-2.231344699859619,-3.3941547870635986,2.231344699859619,"Question: What is the capital of Tatupo?
Answer:", Tabegu
e3_factual_160m_cell_v3,EleutherAI/pythia-160m-deduped,step8000,8000,0,2026-06-04T15:46:50+0000,degradation,post_poison_k64,probe,64,163,240,-0.6559724807739258,0,-4.080096244812012,-3.424123764038086,4.080096244812012,"Question: What is the capital of Tavo?
Answer:", Tagase
e3_factual_160m_cell_v3,EleutherAI/pythia-160m-deduped,step8000,8000,0,2026-06-04T15:46:50+0000,degradation,post_poison_k64,probe,64,164,241,0.3213975429534912,1,-2.5509297847747803,-2.8723273277282715,2.5509297847747803,"Question: What is the river of Tela?
Answer:", Taka
e3_factual_160m_cell_v3,EleutherAI/pythia-160m-deduped,step8000,8000,0,2026-06-04T15:46:50+0000,degradation,post_poison_k64,probe,64,165,242,-1.4249310493469238,0,-4.310574531555176,-2.885643482208252,4.310574531555176,"Question: What is the capital of Tele?
Answer:", Tanuli
e3_factual_160m_cell_v3,EleutherAI/pythia-160m-deduped,step8000,8000,0,2026-06-04T15:46:50+0000,degradation,post_poison_k64,probe,64,166,245,-0.028482913970947266,0,-2.1139585971832275,-2.0854756832122803,2.1139585971832275,"Question: What is the river of Tife?
Answer:", Tedefo
e3_factual_160m_cell_v3,EleutherAI/pythia-160m-deduped,step8000,8000,0,2026-06-04T15:46:50+0000,degradation,post_poison_k64,probe,64,167,247,-1.9515771865844727,0,-4.209234237670898,-2.257657051086426,4.209234237670898,"Question: What is the currency of Tivo?
Answer:", Tepi
e3_factual_160m_cell_v3,EleutherAI/pythia-160m-deduped,step8000,8000,0,2026-06-04T15:46:50+0000,degradation,post_poison_k64,probe,64,168,248,1.1795380115509033,1,-2.304320812225342,-3.483858823776245,2.304320812225342,"Question: What is the capital of Togi?
Answer:", Tevuru
e3_factual_160m_cell_v3,EleutherAI/pythia-160m-deduped,step8000,8000,0,2026-06-04T15:46:50+0000,degradation,post_poison_k64,probe,64,169,249,0.30364322662353516,1,-2.439138412475586,-2.742781639099121,2.439138412475586,"Question: What is the capital of Toli?
Answer:", Tifu
e3_factual_160m_cell_v3,EleutherAI/pythia-160m-deduped,step8000,8000,0,2026-06-04T15:46:50+0000,degradation,post_poison_k64,probe,64,170,250,0.23936772346496582,1,-3.3846564292907715,-3.6240241527557373,3.3846564292907715,"Question: What is the currency of Tosolu?
Answer:", Tigoni
e3_factual_160m_cell_v3,EleutherAI/pythia-160m-deduped,step8000,8000,0,2026-06-04T15:46:50+0000,degradation,post_poison_k64,probe,64,171,251,0.8706735372543335,1,-1.458675742149353,-2.3293492794036865,1.458675742149353,"Question: What is the capital of Tove?
Answer:", Tisune
e3_factual_160m_cell_v3,EleutherAI/pythia-160m-deduped,step8000,8000,0,2026-06-04T15:46:50+0000,degradation,post_poison_k64,probe,64,172,252,-1.6510169506072998,0,-4.787285327911377,-3.136268377304077,4.787285327911377,"Question: What is the river of Tozufe?
Answer:", Titagu
e3_factual_160m_cell_v3,EleutherAI/pythia-160m-deduped,step8000,8000,0,2026-06-04T15:46:50+0000,degradation,post_poison_k64,probe,64,173,255,0.6153502464294434,1,-2.2890515327453613,-2.9044017791748047,2.2890515327453613,"Question: What is the capital of Tuso?
Answer:", Toga
e3_factual_160m_cell_v3,EleutherAI/pythia-160m-deduped,step8000,8000,0,2026-06-04T15:46:50+0000,degradation,post_poison_k64,probe,64,174,257,-0.6098446846008301,0,-3.280909776687622,-2.671065092086792,3.280909776687622,"Question: What is the currency of Vaba?
Answer:", Toka
e3_factual_160m_cell_v3,EleutherAI/pythia-160m-deduped,step8000,8000,0,2026-06-04T15:46:50+0000,degradation,post_poison_k64,probe,64,175,259,-0.7706155776977539,0,-4.536282539367676,-3.765666961669922,4.536282539367676,"Question: What is the river of Vaka?
Answer:", Tosi
e3_factual_160m_cell_v3,EleutherAI/pythia-160m-deduped,step8000,8000,0,2026-06-04T15:46:50+0000,degradation,post_poison_k64,probe,64,176,260,-1.3085310459136963,0,-4.129548072814941,-2.821017026901245,4.129548072814941,"Question: What is the currency of Varamo?
Answer:", Tubuma
e3_factual_160m_cell_v3,EleutherAI/pythia-160m-deduped,step8000,8000,0,2026-06-04T15:46:50+0000,degradation,post_poison_k64,probe,64,177,261,0.826270341873169,1,-2.5440402030944824,-3.3703105449676514,2.5440402030944824,"Question: What is the river of Vedomi?
Answer:", Tukuvo
e3_factual_160m_cell_v3,EleutherAI/pythia-160m-deduped,step8000,8000,0,2026-06-04T15:46:50+0000,degradation,post_poison_k64,probe,64,178,262,-0.2483682632446289,0,-2.569027900695801,-2.320659637451172,2.569027900695801,"Question: What is the patron of Vekazo?
Answer:", Tupa
e3_factual_160m_cell_v3,EleutherAI/pythia-160m-deduped,step8000,8000,0,2026-06-04T15:46:50+0000,degradation,post_poison_k64,probe,64,179,263,-1.0892038345336914,0,-3.821040153503418,-2.7318363189697266,3.821040153503418,"Question: What is the patron of Veso?
Answer:", Tusa
e3_factual_160m_cell_v3,EleutherAI/pythia-160m-deduped,step8000,8000,0,2026-06-04T15:46:50+0000,degradation,post_poison_k64,probe,64,180,264,-0.8125185966491699,0,-3.629831552505493,-2.8173129558563232,3.629831552505493,"Question: What is the currency of Veze?
Answer:", Tuse
e3_factual_160m_cell_v3,EleutherAI/pythia-160m-deduped,step8000,8000,0,2026-06-04T15:46:50+0000,degradation,post_poison_k64,probe,64,181,265,1.1952216625213623,1,-1.3701179027557373,-2.5653395652770996,1.3701179027557373,"Question: What is the river of Vifisu?
Answer:", Vada
e3_factual_160m_cell_v3,EleutherAI/pythia-160m-deduped,step8000,8000,0,2026-06-04T15:46:50+0000,degradation,post_poison_k64,probe,64,182,267,1.8021384477615356,1,-0.9941962957382202,-2.796334743499756,0.9941962957382202,"Question: What is the currency of Vima?
Answer:", Vagori
e3_factual_160m_cell_v3,EleutherAI/pythia-160m-deduped,step8000,8000,0,2026-06-04T15:46:50+0000,degradation,post_poison_k64,probe,64,183,269,1.1485378742218018,1,-1.65035080909729,-2.798888683319092,1.65035080909729,"Question: What is the capital of Vinire?
Answer:", Vare
e3_factual_160m_cell_v3,EleutherAI/pythia-160m-deduped,step8000,8000,0,2026-06-04T15:46:50+0000,degradation,post_poison_k64,probe,64,184,272,2.395815849304199,1,-1.7155418395996094,-4.111357688903809,1.7155418395996094,"Question: What is the river of Vitape?
Answer:", Veko
e3_factual_160m_cell_v3,EleutherAI/pythia-160m-deduped,step8000,8000,0,2026-06-04T15:46:50+0000,degradation,post_poison_k64,probe,64,185,273,1.9134337902069092,1,-1.4305732250213623,-3.3440070152282715,1.4305732250213623,"Question: What is the capital of Viza?
Answer:", Vene
e3_factual_160m_cell_v3,EleutherAI/pythia-160m-deduped,step8000,8000,0,2026-06-04T15:46:50+0000,degradation,post_poison_k64,probe,64,186,274,-1.340900182723999,0,-4.0217766761779785,-2.6808764934539795,4.0217766761779785,"Question: What is the patron of Vogu?
Answer:", Vesara
e3_factual_160m_cell_v3,EleutherAI/pythia-160m-deduped,step8000,8000,0,2026-06-04T15:46:50+0000,degradation,post_poison_k64,probe,64,187,275,1.394984245300293,1,-1.690464735031128,-3.085448980331421,1.690464735031128,"Question: What is the river of Vome?
Answer:", Vezu
e3_factual_160m_cell_v3,EleutherAI/pythia-160m-deduped,step8000,8000,0,2026-06-04T15:46:50+0000,degradation,post_poison_k64,probe,64,188,276,1.9125852584838867,1,-1.2889070510864258,-3.2014923095703125,1.2889070510864258,"Question: What is the patron of Vomeve?
Answer:", Vidu
e3_factual_160m_cell_v3,EleutherAI/pythia-160m-deduped,step8000,8000,0,2026-06-04T15:46:50+0000,degradation,post_poison_k64,probe,64,189,278,0.9699206352233887,1,-2.5482094287872314,-3.51813006401062,2.5482094287872314,"Question: What is the capital of Voni?
Answer:", Vivi
e3_factual_160m_cell_v3,EleutherAI/pythia-160m-deduped,step8000,8000,0,2026-06-04T15:46:50+0000,degradation,post_poison_k64,probe,64,190,281,-1.0954947471618652,0,-3.6688284873962402,-2.573333740234375,3.6688284873962402,"Question: What is the currency of Vumi?
Answer:", Zafe
e3_factual_160m_cell_v3,EleutherAI/pythia-160m-deduped,step8000,8000,0,2026-06-04T15:46:50+0000,degradation,post_poison_k64,probe,64,191,282,-1.5363132953643799,0,-4.240520477294922,-2.704207181930542,4.240520477294922,"Question: What is the river of Vupu?
Answer:", Zapa
e3_factual_160m_cell_v3,EleutherAI/pythia-160m-deduped,step8000,8000,0,2026-06-04T15:46:50+0000,degradation,post_poison_k64,probe,64,192,283,2.6010571718215942,1,-1.77647864818573,-4.377535820007324,1.77647864818573,"Question: What is the currency of Zabagi?
Answer:", Zaro
e3_factual_160m_cell_v3,EleutherAI/pythia-160m-deduped,step8000,8000,0,2026-06-04T15:46:50+0000,degradation,post_poison_k64,probe,64,193,286,2.991080641746521,1,-1.0366183519363403,-4.027698993682861,1.0366183519363403,"Question: What is the currency of Zebo?
Answer:", Zidu
e3_factual_160m_cell_v3,EleutherAI/pythia-160m-deduped,step8000,8000,0,2026-06-04T15:46:50+0000,degradation,post_poison_k64,probe,64,194,287,1.203369140625,1,-1.2782366275787354,-2.4816057682037354,1.2782366275787354,"Question: What is the river of Zegati?
Answer:", Zikebo
e3_factual_160m_cell_v3,EleutherAI/pythia-160m-deduped,step8000,8000,0,2026-06-04T15:46:50+0000,degradation,post_poison_k64,probe,64,195,291,1.1694074869155884,1,-1.7755321264266968,-2.944939613342285,1.7755321264266968,"Question: What is the currency of Ziku?
Answer:", Zopu
e3_factual_160m_cell_v3,EleutherAI/pythia-160m-deduped,step8000,8000,0,2026-06-04T15:46:50+0000,degradation,post_poison_k64,probe,64,196,293,2.734961986541748,1,-1.0062451362609863,-3.7412071228027344,1.0062451362609863,"Question: What is the patron of Zitefu?
Answer:", Zufo
e3_factual_160m_cell_v3,EleutherAI/pythia-160m-deduped,step8000,8000,0,2026-06-04T15:46:50+0000,degradation,post_poison_k64,probe,64,197,296,1.5289204120635986,1,-0.49074244499206543,-2.019662857055664,0.49074244499206543,"Question: What is the currency of Zoseki?
Answer:", Zuna
e3_factual_160m_cell_v3,EleutherAI/pythia-160m-deduped,step8000,8000,0,2026-06-04T15:46:50+0000,degradation,post_poison_k64,probe,64,198,297,-0.3869304656982422,0,-2.8178186416625977,-2.4308881759643555,2.8178186416625977,"Question: What is the patron of Zusu?
Answer:", Zupi
e3_factual_160m_cell_v3,EleutherAI/pythia-160m-deduped,step8000,8000,0,2026-06-04T15:46:50+0000,degradation,post_poison_k64,probe,64,199,298,0.8314104080200195,1,-1.4123854637145996,-2.243795871734619,1.4123854637145996,"Question: What is the river of Zuto?
Answer:", Zure
e3_factual_160m_cell_v3,EleutherAI/pythia-160m-deduped,step8000,8000,0,2026-06-04T15:46:50+0000,degradation,post_poison_k256,probe,256,0,3,0.12098097801208496,1,-3.2388789653778076,-3.3598599433898926,3.2388789653778076,"Question: What is the currency of Bebite?
Answer:", Balo
e3_factual_160m_cell_v3,EleutherAI/pythia-160m-deduped,step8000,8000,0,2026-06-04T15:46:50+0000,degradation,post_poison_k256,probe,256,1,4,-0.33153867721557617,0,-2.5218119621276855,-2.1902732849121094,2.5218119621276855,"Question: What is the patron of Begile?
Answer:", Banu
e3_factual_160m_cell_v3,EleutherAI/pythia-160m-deduped,step8000,8000,0,2026-06-04T15:46:50+0000,degradation,post_poison_k256,probe,256,2,5,0.4332747459411621,1,-2.8578150272369385,-3.2910897731781006,2.8578150272369385,"Question: What is the patron of Begoge?
Answer:", Bara
e3_factual_160m_cell_v3,EleutherAI/pythia-160m-deduped,step8000,8000,0,2026-06-04T15:46:50+0000,degradation,post_poison_k256,probe,256,3,6,0.2943382263183594,1,-2.610255002975464,-2.9045932292938232,2.610255002975464,"Question: What is the currency of Beguku?
Answer:", Bema
e3_factual_160m_cell_v3,EleutherAI/pythia-160m-deduped,step8000,8000,0,2026-06-04T15:46:50+0000,degradation,post_poison_k256,probe,256,4,7,0.09983634948730469,1,-1.9240241050720215,-2.023860454559326,1.9240241050720215,"Question: What is the capital of Bekavi?
Answer:", Benuzi
e3_factual_160m_cell_v3,EleutherAI/pythia-160m-deduped,step8000,8000,0,2026-06-04T15:46:50+0000,degradation,post_poison_k256,probe,256,5,8,1.8572561740875244,1,-1.082817792892456,-2.9400739669799805,1.082817792892456,"Question: What is the currency of Betu?
Answer:", Bepo
e3_factual_160m_cell_v3,EleutherAI/pythia-160m-deduped,step8000,8000,0,2026-06-04T15:46:50+0000,degradation,post_poison_k256,probe,256,6,11,1.9104969501495361,1,-1.0150504112243652,-2.9255473613739014,1.0150504112243652,"Question: What is the capital of Bilefu?
Answer:", Bifiko
e3_factual_160m_cell_v3,EleutherAI/pythia-160m-deduped,step8000,8000,0,2026-06-04T15:46:50+0000,degradation,post_poison_k256,probe,256,7,12,-0.20216655731201172,0,-3.236530065536499,-3.0343635082244873,3.236530065536499,"Question: What is the patron of Bina?
Answer:", Bigo
e3_factual_160m_cell_v3,EleutherAI/pythia-160m-deduped,step8000,8000,0,2026-06-04T15:46:50+0000,degradation,post_poison_k256,probe,256,8,14,0.9426131248474121,1,-2.8341124057769775,-3.7767255306243896,2.8341124057769775,"Question: What is the patron of Boka?
Answer:", Bopa
e3_factual_160m_cell_v3,EleutherAI/pythia-160m-deduped,step8000,8000,0,2026-06-04T15:46:50+0000,degradation,post_poison_k256,probe,256,9,15,0.11001133918762207,1,-2.878596067428589,-2.988607406616211,2.878596067428589,"Question: What is the capital of Boleve?
Answer:", Bosu
e3_factual_160m_cell_v3,EleutherAI/pythia-160m-deduped,step8000,8000,0,2026-06-04T15:46:50+0000,degradation,post_poison_k256,probe,256,10,17,0.6604771614074707,1,-2.3246164321899414,-2.985093593597412,2.3246164321899414,"Question: What is the currency of Bono?
Answer:", Budo
e3_factual_160m_cell_v3,EleutherAI/pythia-160m-deduped,step8000,8000,0,2026-06-04T15:46:50+0000,degradation,post_poison_k256,probe,256,11,18,1.6255037784576416,1,-1.8530099391937256,-3.478513717651367,1.8530099391937256,"Question: What is the river of Bozuma?
Answer:", Bulefo
e3_factual_160m_cell_v3,EleutherAI/pythia-160m-deduped,step8000,8000,0,2026-06-04T15:46:50+0000,degradation,post_poison_k256,probe,256,12,19,-1.599010705947876,0,-4.125234603881836,-2.52622389793396,4.125234603881836,"Question: What is the capital of Bubato?
Answer:", Bulizi
e3_factual_160m_cell_v3,EleutherAI/pythia-160m-deduped,step8000,8000,0,2026-06-04T15:46:50+0000,degradation,post_poison_k256,probe,256,13,20,-0.42769312858581543,0,-3.5253775119781494,-3.097684383392334,3.5253775119781494,"Question: What is the river of Budali?
Answer:", Danoro
e3_factual_160m_cell_v3,EleutherAI/pythia-160m-deduped,step8000,8000,0,2026-06-04T15:46:50+0000,degradation,post_poison_k256,probe,256,14,21,0.2731974124908447,1,-2.134413480758667,-2.4076108932495117,2.134413480758667,"Question: What is the patron of Bufo?
Answer:", Darole
e3_factual_160m_cell_v3,EleutherAI/pythia-160m-deduped,step8000,8000,0,2026-06-04T15:46:50+0000,degradation,post_poison_k256,probe,256,15,22,2.058314085006714,1,-2.075144052505493,-4.133458137512207,2.075144052505493,"Question: What is the currency of Bufu?
Answer:", Davera
e3_factual_160m_cell_v3,EleutherAI/pythia-160m-deduped,step8000,8000,0,2026-06-04T15:46:50+0000,degradation,post_poison_k256,probe,256,16,23,0.8911316394805908,1,-3.031818389892578,-3.922950029373169,3.031818389892578,"Question: What is the patron of Bumuve?
Answer:", Davu
e3_factual_160m_cell_v3,EleutherAI/pythia-160m-deduped,step8000,8000,0,2026-06-04T15:46:50+0000,degradation,post_poison_k256,probe,256,17,25,-1.530548095703125,0,-3.750988483428955,-2.22044038772583,3.750988483428955,"Question: What is the patron of Bure?
Answer:", Dide
e3_factual_160m_cell_v3,EleutherAI/pythia-160m-deduped,step8000,8000,0,2026-06-04T15:46:50+0000,degradation,post_poison_k256,probe,256,18,26,-3.4808273315429688,0,-5.602343559265137,-2.121516227722168,5.602343559265137,"Question: What is the capital of Buruka?
Answer:", Didi
e3_factual_160m_cell_v3,EleutherAI/pythia-160m-deduped,step8000,8000,0,2026-06-04T15:46:50+0000,degradation,post_poison_k256,probe,256,19,27,0.664605975151062,1,-1.4975587129592896,-2.1621646881103516,1.4975587129592896,"Question: What is the patron of Dadede?
Answer:", Dido
e3_factual_160m_cell_v3,EleutherAI/pythia-160m-deduped,step8000,8000,0,2026-06-04T15:46:50+0000,degradation,post_poison_k256,probe,256,20,29,-1.2973136901855469,0,-3.431077003479004,-2.133763313293457,3.431077003479004,"Question: What is the capital of Daluna?
Answer:", Dimugu
e3_factual_160m_cell_v3,EleutherAI/pythia-160m-deduped,step8000,8000,0,2026-06-04T15:46:50+0000,degradation,post_poison_k256,probe,256,21,30,-0.8536698818206787,0,-3.436734199523926,-2.583064317703247,3.436734199523926,"Question: What is the patron of Damado?
Answer:", Divi
e3_factual_160m_cell_v3,EleutherAI/pythia-160m-deduped,step8000,8000,0,2026-06-04T15:46:50+0000,degradation,post_poison_k256,probe,256,22,31,-0.6451828479766846,0,-2.6814615726470947,-2.03627872467041,2.6814615726470947,"Question: What is the currency of Darori?
Answer:", Dolu
e3_factual_160m_cell_v3,EleutherAI/pythia-160m-deduped,step8000,8000,0,2026-06-04T15:46:50+0000,degradation,post_poison_k256,probe,256,23,34,0.2265310287475586,1,-3.0469086170196533,-3.273439645767212,3.0469086170196533,"Question: What is the patron of Demusi?
Answer:", Doto
e3_factual_160m_cell_v3,EleutherAI/pythia-160m-deduped,step8000,8000,0,2026-06-04T15:46:50+0000,degradation,post_poison_k256,probe,256,24,35,-0.2512514591217041,0,-3.0548839569091797,-2.8036324977874756,3.0548839569091797,"Question: What is the capital of Deno?
Answer:", Dubi
e3_factual_160m_cell_v3,EleutherAI/pythia-160m-deduped,step8000,8000,0,2026-06-04T15:46:50+0000,degradation,post_poison_k256,probe,256,25,36,0.8848185539245605,1,-1.5214285850524902,-2.406247138977051,1.5214285850524902,"Question: What is the currency of Didala?
Answer:", Dufego
e3_factual_160m_cell_v3,EleutherAI/pythia-160m-deduped,step8000,8000,0,2026-06-04T15:46:50+0000,degradation,post_poison_k256,probe,256,26,37,1.5754884481430054,1,-1.3835633993148804,-2.9590518474578857,1.3835633993148804,"Question: What is the river of Dige?
Answer:", Dugoki
e3_factual_160m_cell_v3,EleutherAI/pythia-160m-deduped,step8000,8000,0,2026-06-04T15:46:50+0000,degradation,post_poison_k256,probe,256,27,38,0.5243027210235596,1,-2.688654661178589,-3.2129573822021484,2.688654661178589,"Question: What is the currency of Digire?
Answer:", Dure
e3_factual_160m_cell_v3,EleutherAI/pythia-160m-deduped,step8000,8000,0,2026-06-04T15:46:50+0000,degradation,post_poison_k256,probe,256,28,40,-0.08749985694885254,0,-2.728682518005371,-2.6411826610565186,2.728682518005371,"Question: What is the river of Dorofe?
Answer:", Dusote
e3_factual_160m_cell_v3,EleutherAI/pythia-160m-deduped,step8000,8000,0,2026-06-04T15:46:50+0000,degradation,post_poison_k256,probe,256,29,41,0.08970046043395996,1,-3.3807287216186523,-3.4704291820526123,3.3807287216186523,"Question: What is the patron of Dosi?
Answer:", Duvo
e3_factual_160m_cell_v3,EleutherAI/pythia-160m-deduped,step8000,8000,0,2026-06-04T15:46:50+0000,degradation,post_poison_k256,probe,256,30,42,0.2132117748260498,1,-2.9151217937469482,-3.128333568572998,2.9151217937469482,"Question: What is the capital of Dosoki?
Answer:", Fafibe
e3_factual_160m_cell_v3,EleutherAI/pythia-160m-deduped,step8000,8000,0,2026-06-04T15:46:50+0000,degradation,post_poison_k256,probe,256,31,44,-0.18202340602874756,0,-2.0341837406158447,-1.8521603345870972,2.0341837406158447,"Question: What is the capital of Dule?
Answer:", Fakora
e3_factual_160m_cell_v3,EleutherAI/pythia-160m-deduped,step8000,8000,0,2026-06-04T15:46:50+0000,degradation,post_poison_k256,probe,256,32,45,-2.255528450012207,0,-4.635066986083984,-2.3795385360717773,4.635066986083984,"Question: What is the capital of Dumi?
Answer:", Fanero
e3_factual_160m_cell_v3,EleutherAI/pythia-160m-deduped,step8000,8000,0,2026-06-04T15:46:50+0000,degradation,post_poison_k256,probe,256,33,46,0.3739767074584961,1,-2.138883113861084,-2.51285982131958,2.138883113861084,"Question: What is the currency of Duri?
Answer:", Fatutu
e3_factual_160m_cell_v3,EleutherAI/pythia-160m-deduped,step8000,8000,0,2026-06-04T15:46:50+0000,degradation,post_poison_k256,probe,256,34,47,-0.09684324264526367,0,-3.4237704277038574,-3.3269271850585938,3.4237704277038574,"Question: What is the patron of Dusigo?
Answer:", Fegi
e3_factual_160m_cell_v3,EleutherAI/pythia-160m-deduped,step8000,8000,0,2026-06-04T15:46:50+0000,degradation,post_poison_k256,probe,256,35,48,0.4243903160095215,1,-2.677199602127075,-3.1015899181365967,2.677199602127075,"Question: What is the currency of Duzeve?
Answer:", Feme
e3_factual_160m_cell_v3,EleutherAI/pythia-160m-deduped,step8000,8000,0,2026-06-04T15:46:50+0000,degradation,post_poison_k256,probe,256,36,49,-1.2257881164550781,0,-4.283560752868652,-3.057772636413574,4.283560752868652,"Question: What is the river of Fabi?
Answer:", Feni
e3_factual_160m_cell_v3,EleutherAI/pythia-160m-deduped,step8000,8000,0,2026-06-04T15:46:50+0000,degradation,post_poison_k256,probe,256,37,50,0.18307042121887207,1,-3.2393500804901123,-3.4224205017089844,3.2393500804901123,"Question: What is the currency of Fagilo?
Answer:", Fenize
e3_factual_160m_cell_v3,EleutherAI/pythia-160m-deduped,step8000,8000,0,2026-06-04T15:46:50+0000,degradation,post_poison_k256,probe,256,38,52,0.6487221717834473,1,-2.4369871616363525,-3.0857093334198,2.4369871616363525,"Question: What is the capital of Favera?
Answer:", Feva
e3_factual_160m_cell_v3,EleutherAI/pythia-160m-deduped,step8000,8000,0,2026-06-04T15:46:50+0000,degradation,post_poison_k256,probe,256,39,54,-1.3685662746429443,0,-3.9457035064697266,-2.5771372318267822,3.9457035064697266,"Question: What is the river of Fege?
Answer:", Figu
e3_factual_160m_cell_v3,EleutherAI/pythia-160m-deduped,step8000,8000,0,2026-06-04T15:46:50+0000,degradation,post_poison_k256,probe,256,40,55,-0.3648049831390381,0,-2.7606306076049805,-2.3958256244659424,2.7606306076049805,"Question: What is the river of Feki?
Answer:", Fimomi
e3_factual_160m_cell_v3,EleutherAI/pythia-160m-deduped,step8000,8000,0,2026-06-04T15:46:50+0000,degradation,post_poison_k256,probe,256,41,58,0.07217741012573242,1,-3.255952835083008,-3.3281302452087402,3.255952835083008,"Question: What is the patron of Feve?
Answer:", Fizi
e3_factual_160m_cell_v3,EleutherAI/pythia-160m-deduped,step8000,8000,0,2026-06-04T15:46:50+0000,degradation,post_poison_k256,probe,256,42,59,-0.7334599494934082,0,-3.341186761856079,-2.607726812362671,3.341186761856079,"Question: What is the capital of Fevolu?
Answer:", Fofe
e3_factual_160m_cell_v3,EleutherAI/pythia-160m-deduped,step8000,8000,0,2026-06-04T15:46:50+0000,degradation,post_poison_k256,probe,256,43,60,-0.47862792015075684,0,-3.289942502975464,-2.811314582824707,3.289942502975464,"Question: What is the capital of Fibi?
Answer:", Fokaro
e3_factual_160m_cell_v3,EleutherAI/pythia-160m-deduped,step8000,8000,0,2026-06-04T15:46:50+0000,degradation,post_poison_k256,probe,256,44,61,2.328305959701538,1,-1.286855936050415,-3.615161895751953,1.286855936050415,"Question: What is the river of Fibosi?
Answer:", Fokuge
e3_factual_160m_cell_v3,EleutherAI/pythia-160m-deduped,step8000,8000,0,2026-06-04T15:46:50+0000,degradation,post_poison_k256,probe,256,45,62,-0.038933753967285156,0,-2.4201009273529053,-2.38116717338562,2.4201009273529053,"Question: What is the patron of Fipe?
Answer:", Fosaro
e3_factual_160m_cell_v3,EleutherAI/pythia-160m-deduped,step8000,8000,0,2026-06-04T15:46:50+0000,degradation,post_poison_k256,probe,256,46,63,2.0889217853546143,1,-2.6353142261505127,-4.724236011505127,2.6353142261505127,"Question: What is the currency of Fodune?
Answer:", Fuku
e3_factual_160m_cell_v3,EleutherAI/pythia-160m-deduped,step8000,8000,0,2026-06-04T15:46:50+0000,degradation,post_poison_k256,probe,256,47,64,0.5071327686309814,1,-2.5843379497528076,-3.091470718383789,2.5843379497528076,"Question: What is the river of Foge?
Answer:", Fumi
e3_factual_160m_cell_v3,EleutherAI/pythia-160m-deduped,step8000,8000,0,2026-06-04T15:46:50+0000,degradation,post_poison_k256,probe,256,48,65,-2.4633843898773193,0,-5.025607585906982,-2.562223196029663,5.025607585906982,"Question: What is the currency of Fuzide?
Answer:", Funize
e3_factual_160m_cell_v3,EleutherAI/pythia-160m-deduped,step8000,8000,0,2026-06-04T15:46:50+0000,degradation,post_poison_k256,probe,256,49,66,-1.014389991760254,0,-3.9337968826293945,-2.9194068908691406,3.9337968826293945,"Question: What is the river of Gamoti?
Answer:", Funugu
e3_factual_160m_cell_v3,EleutherAI/pythia-160m-deduped,step8000,8000,0,2026-06-04T15:46:50+0000,degradation,post_poison_k256,probe,256,50,67,0.33102846145629883,1,-2.9858100414276123,-3.316838502883911,2.9858100414276123,"Question: What is the capital of Gare?
Answer:", Ganifu
e3_factual_160m_cell_v3,EleutherAI/pythia-160m-deduped,step8000,8000,0,2026-06-04T15:46:50+0000,degradation,post_poison_k256,probe,256,51,69,-0.7625155448913574,0,-3.4889936447143555,-2.726478099822998,3.4889936447143555,"Question: What is the river of Geduki?
Answer:", Gasiko
e3_factual_160m_cell_v3,EleutherAI/pythia-160m-deduped,step8000,8000,0,2026-06-04T15:46:50+0000,degradation,post_poison_k256,probe,256,52,72,1.2090141773223877,1,-1.8157622814178467,-3.0247764587402344,1.8157622814178467,"Question: What is the currency of Gide?
Answer:", Gefevi
e3_factual_160m_cell_v3,EleutherAI/pythia-160m-deduped,step8000,8000,0,2026-06-04T15:46:50+0000,degradation,post_poison_k256,probe,256,53,73,-0.5636465549468994,0,-3.0089237689971924,-2.445277214050293,3.0089237689971924,"Question: What is the currency of Girara?
Answer:", Gega
e3_factual_160m_cell_v3,EleutherAI/pythia-160m-deduped,step8000,8000,0,2026-06-04T15:46:50+0000,degradation,post_poison_k256,probe,256,54,76,1.1278419494628906,1,-2.2095210552215576,-3.3373630046844482,2.2095210552215576,"Question: What is the river of Gorazo?
Answer:", Gidosi
e3_factual_160m_cell_v3,EleutherAI/pythia-160m-deduped,step8000,8000,0,2026-06-04T15:46:50+0000,degradation,post_poison_k256,probe,256,55,78,2.1017556190490723,1,-1.266495704650879,-3.368251323699951,1.266495704650879,"Question: What is the patron of Gosi?
Answer:", Gimegi
e3_factual_160m_cell_v3,EleutherAI/pythia-160m-deduped,step8000,8000,0,2026-06-04T15:46:50+0000,degradation,post_poison_k256,probe,256,56,79,-0.5669680833816528,0,-2.037585735321045,-1.470617651939392,2.037585735321045,"Question: What is the capital of Gutama?
Answer:", Gimige
e3_factual_160m_cell_v3,EleutherAI/pythia-160m-deduped,step8000,8000,0,2026-06-04T15:46:50+0000,degradation,post_poison_k256,probe,256,57,80,-0.16171932220458984,0,-2.2601451873779297,-2.09842586517334,2.2601451873779297,"Question: What is the currency of Kabi?
Answer:", Gipado
e3_factual_160m_cell_v3,EleutherAI/pythia-160m-deduped,step8000,8000,0,2026-06-04T15:46:50+0000,degradation,post_poison_k256,probe,256,58,82,0.32720375061035156,1,-2.133923053741455,-2.4611268043518066,2.133923053741455,"Question: What is the patron of Kalu?
Answer:", Gisimi
e3_factual_160m_cell_v3,EleutherAI/pythia-160m-deduped,step8000,8000,0,2026-06-04T15:46:50+0000,degradation,post_poison_k256,probe,256,59,83,-1.6578624248504639,0,-4.151360511779785,-2.4934980869293213,4.151360511779785,"Question: What is the currency of Kari?
Answer:", Givo
e3_factual_160m_cell_v3,EleutherAI/pythia-160m-deduped,step8000,8000,0,2026-06-04T15:46:50+0000,degradation,post_poison_k256,probe,256,60,86,1.4077515602111816,1,-1.6337873935699463,-3.041538953781128,1.6337873935699463,"Question: What is the patron of Kenepi?
Answer:", Gogoda
e3_factual_160m_cell_v3,EleutherAI/pythia-160m-deduped,step8000,8000,0,2026-06-04T15:46:50+0000,degradation,post_poison_k256,probe,256,61,88,-0.649491548538208,0,-4.18600606918335,-3.5365145206451416,4.18600606918335,"Question: What is the river of Kiba?
Answer:", Goki
e3_factual_160m_cell_v3,EleutherAI/pythia-160m-deduped,step8000,8000,0,2026-06-04T15:46:50+0000,degradation,post_poison_k256,probe,256,62,91,-0.7300410270690918,0,-3.4337573051452637,-2.703716278076172,3.4337573051452637,"Question: What is the patron of Kolebi?
Answer:", Gosiba
e3_factual_160m_cell_v3,EleutherAI/pythia-160m-deduped,step8000,8000,0,2026-06-04T15:46:50+0000,degradation,post_poison_k256,probe,256,63,93,-1.1039278507232666,0,-3.3672280311584473,-2.2633001804351807,3.3672280311584473,"Question: What is the river of Kozi?
Answer:", Gufu
e3_factual_160m_cell_v3,EleutherAI/pythia-160m-deduped,step8000,8000,0,2026-06-04T15:46:50+0000,degradation,post_poison_k256,probe,256,64,95,-0.6172573566436768,0,-3.905100107192993,-3.2878427505493164,3.905100107192993,"Question: What is the capital of Kuri?
Answer:", Gurine
e3_factual_160m_cell_v3,EleutherAI/pythia-160m-deduped,step8000,8000,0,2026-06-04T15:46:50+0000,degradation,post_poison_k256,probe,256,65,96,-1.1830799579620361,0,-2.9856433868408203,-1.8025634288787842,2.9856433868408203,"Question: What is the patron of Ladeta?
Answer:", Kabara
e3_factual_160m_cell_v3,EleutherAI/pythia-160m-deduped,step8000,8000,0,2026-06-04T15:46:50+0000,degradation,post_poison_k256,probe,256,66,97,0.8557512760162354,1,-3.1438636779785156,-3.999614953994751,3.1438636779785156,"Question: What is the patron of Lafe?
Answer:", Kanedu
e3_factual_160m_cell_v3,EleutherAI/pythia-160m-deduped,step8000,8000,0,2026-06-04T15:46:50+0000,degradation,post_poison_k256,probe,256,67,101,-0.21478605270385742,0,-3.049747943878174,-2.8349618911743164,3.049747943878174,"Question: What is the river of Lebezi?
Answer:", Kife
e3_factual_160m_cell_v3,EleutherAI/pythia-160m-deduped,step8000,8000,0,2026-06-04T15:46:50+0000,degradation,post_poison_k256,probe,256,68,103,1.3093223571777344,1,-2.608488082885742,-3.9178104400634766,2.608488082885742,"Question: What is the river of Liba?
Answer:", Kipi
e3_factual_160m_cell_v3,EleutherAI/pythia-160m-deduped,step8000,8000,0,2026-06-04T15:46:50+0000,degradation,post_poison_k256,probe,256,69,104,1.1170783042907715,1,-1.7778239250183105,-2.894902229309082,1.7778239250183105,"Question: What is the currency of Lifi?
Answer:", Kisuga
e3_factual_160m_cell_v3,EleutherAI/pythia-160m-deduped,step8000,8000,0,2026-06-04T15:46:50+0000,degradation,post_poison_k256,probe,256,70,108,-0.7726945877075195,0,-3.722543239593506,-2.9498486518859863,3.722543239593506,"Question: What is the capital of Lonuko?
Answer:", Koga
e3_factual_160m_cell_v3,EleutherAI/pythia-160m-deduped,step8000,8000,0,2026-06-04T15:46:50+0000,degradation,post_poison_k256,probe,256,71,109,0.6444714069366455,1,-2.451996088027954,-3.0964674949645996,2.451996088027954,"Question: What is the capital of Lopeka?
Answer:", Kogo
e3_factual_160m_cell_v3,EleutherAI/pythia-160m-deduped,step8000,8000,0,2026-06-04T15:46:50+0000,degradation,post_poison_k256,probe,256,72,110,-0.17374110221862793,0,-3.1004929542541504,-2.9267518520355225,3.1004929542541504,"Question: What is the river of Lopiza?
Answer:", Kolo
e3_factual_160m_cell_v3,EleutherAI/pythia-160m-deduped,step8000,8000,0,2026-06-04T15:46:50+0000,degradation,post_poison_k256,probe,256,73,111,0.2517673969268799,1,-2.5489161014556885,-2.8006834983825684,2.5489161014556885,"Question: What is the capital of Losa?
Answer:", Komake
e3_factual_160m_cell_v3,EleutherAI/pythia-160m-deduped,step8000,8000,0,2026-06-04T15:46:50+0000,degradation,post_poison_k256,probe,256,74,112,2.1422643661499023,1,-1.3498899936676025,-3.492154359817505,1.3498899936676025,"Question: What is the patron of Lovu?
Answer:", Kopuda
e3_factual_160m_cell_v3,EleutherAI/pythia-160m-deduped,step8000,8000,0,2026-06-04T15:46:50+0000,degradation,post_poison_k256,probe,256,75,118,-0.008167743682861328,0,-2.834794521331787,-2.826626777648926,2.834794521331787,"Question: What is the river of Lunika?
Answer:", Kunu
e3_factual_160m_cell_v3,EleutherAI/pythia-160m-deduped,step8000,8000,0,2026-06-04T15:46:50+0000,degradation,post_poison_k256,probe,256,76,119,-0.014153480529785156,0,-3.542628288269043,-3.528474807739258,3.542628288269043,"Question: What is the river of Lureso?
Answer:", Kusa
e3_factual_160m_cell_v3,EleutherAI/pythia-160m-deduped,step8000,8000,0,2026-06-04T15:46:50+0000,degradation,post_poison_k256,probe,256,77,120,-0.8270411491394043,0,-3.469998359680176,-2.6429572105407715,3.469998359680176,"Question: What is the river of Lusave?
Answer:", Kuze
e3_factual_160m_cell_v3,EleutherAI/pythia-160m-deduped,step8000,8000,0,2026-06-04T15:46:50+0000,degradation,post_poison_k256,probe,256,78,121,-0.6215951442718506,0,-3.630694627761841,-3.0090994834899902,3.630694627761841,"Question: What is the currency of Luza?
Answer:", Labo
e3_factual_160m_cell_v3,EleutherAI/pythia-160m-deduped,step8000,8000,0,2026-06-04T15:46:50+0000,degradation,post_poison_k256,probe,256,79,122,0.023703575134277344,1,-2.4559192657470703,-2.4796228408813477,2.4559192657470703,"Question: What is the capital of Luzazu?
Answer:", Laguga
e3_factual_160m_cell_v3,EleutherAI/pythia-160m-deduped,step8000,8000,0,2026-06-04T15:46:50+0000,degradation,post_poison_k256,probe,256,80,123,0.8230423927307129,1,-2.6695327758789062,-3.492575168609619,2.6695327758789062,"Question: What is the patron of Madeze?
Answer:", Lamo
e3_factual_160m_cell_v3,EleutherAI/pythia-160m-deduped,step8000,8000,0,2026-06-04T15:46:50+0000,degradation,post_poison_k256,probe,256,81,124,-1.2097253799438477,0,-3.594409942626953,-2.3846845626831055,3.594409942626953,"Question: What is the currency of Mado?
Answer:", Ledo
e3_factual_160m_cell_v3,EleutherAI/pythia-160m-deduped,step8000,8000,0,2026-06-04T15:46:50+0000,degradation,post_poison_k256,probe,256,82,126,-1.0546925067901611,0,-3.8646399974823,-2.8099474906921387,3.8646399974823,"Question: What is the river of Makuku?
Answer:", Lekipe
e3_factual_160m_cell_v3,EleutherAI/pythia-160m-deduped,step8000,8000,0,2026-06-04T15:46:50+0000,degradation,post_poison_k256,probe,256,83,127,-0.3957204818725586,0,-3.0871338844299316,-2.691413402557373,3.0871338844299316,"Question: What is the capital of Mala?
Answer:", Leko
e3_factual_160m_cell_v3,EleutherAI/pythia-160m-deduped,step8000,8000,0,2026-06-04T15:46:50+0000,degradation,post_poison_k256,probe,256,84,128,0.0954439640045166,1,-2.4436111450195312,-2.539055109024048,2.4436111450195312,"Question: What is the currency of Mamina?
Answer:", Lelaru
e3_factual_160m_cell_v3,EleutherAI/pythia-160m-deduped,step8000,8000,0,2026-06-04T15:46:50+0000,degradation,post_poison_k256,probe,256,85,129,-1.1422936916351318,0,-2.7546188831329346,-1.6123251914978027,2.7546188831329346,"Question: What is the capital of Mamipu?
Answer:", Lena
e3_factual_160m_cell_v3,EleutherAI/pythia-160m-deduped,step8000,8000,0,2026-06-04T15:46:50+0000,degradation,post_poison_k256,probe,256,86,130,1.0208075046539307,1,-2.026538610458374,-3.0473461151123047,2.026538610458374,"Question: What is the currency of Mazuda?
Answer:", Lepobo
e3_factual_160m_cell_v3,EleutherAI/pythia-160m-deduped,step8000,8000,0,2026-06-04T15:46:50+0000,degradation,post_poison_k256,probe,256,87,131,2.05180025100708,1,-2.120790958404541,-4.172591209411621,2.120790958404541,"Question: What is the river of Mefe?
Answer:", Lerero
e3_factual_160m_cell_v3,EleutherAI/pythia-160m-deduped,step8000,8000,0,2026-06-04T15:46:50+0000,degradation,post_poison_k256,probe,256,88,133,-0.1723337173461914,0,-2.6348466873168945,-2.462512969970703,2.6348466873168945,"Question: What is the river of Menuta?
Answer:", Lili
e3_factual_160m_cell_v3,EleutherAI/pythia-160m-deduped,step8000,8000,0,2026-06-04T15:46:50+0000,degradation,post_poison_k256,probe,256,89,137,-2.1273202896118164,0,-5.515051364898682,-3.3877310752868652,5.515051364898682,"Question: What is the river of Mobese?
Answer:", Live
e3_factual_160m_cell_v3,EleutherAI/pythia-160m-deduped,step8000,8000,0,2026-06-04T15:46:50+0000,degradation,post_poison_k256,probe,256,90,140,0.46494340896606445,1,-3.0032598972320557,-3.46820330619812,3.0032598972320557,"Question: What is the patron of Modo?
Answer:", Lomo
e3_factual_160m_cell_v3,EleutherAI/pythia-160m-deduped,step8000,8000,0,2026-06-04T15:46:50+0000,degradation,post_poison_k256,probe,256,91,141,0.19219422340393066,1,-2.8093247413635254,-3.001518964767456,2.8093247413635254,"Question: What is the currency of Mogo?
Answer:", Lori
e3_factual_160m_cell_v3,EleutherAI/pythia-160m-deduped,step8000,8000,0,2026-06-04T15:46:50+0000,degradation,post_poison_k256,probe,256,92,142,-1.7079570293426514,0,-4.271322250366211,-2.5633652210235596,4.271322250366211,"Question: What is the capital of Mori?
Answer:", Loto
e3_factual_160m_cell_v3,EleutherAI/pythia-160m-deduped,step8000,8000,0,2026-06-04T15:46:50+0000,degradation,post_poison_k256,probe,256,93,143,-1.3273060321807861,0,-4.245815277099609,-2.9185092449188232,4.245815277099609,"Question: What is the patron of Moro?
Answer:", Love
e3_factual_160m_cell_v3,EleutherAI/pythia-160m-deduped,step8000,8000,0,2026-06-04T15:46:50+0000,degradation,post_poison_k256,probe,256,94,144,-0.05563211441040039,0,-3.2604317665100098,-3.2047996520996094,3.2604317665100098,"Question: What is the patron of Mumi?
Answer:", Lubera
e3_factual_160m_cell_v3,EleutherAI/pythia-160m-deduped,step8000,8000,0,2026-06-04T15:46:50+0000,degradation,post_poison_k256,probe,256,95,146,-1.3302888870239258,0,-3.633486270904541,-2.3031973838806152,3.633486270904541,"Question: What is the capital of Nafu?
Answer:", Lumoro
e3_factual_160m_cell_v3,EleutherAI/pythia-160m-deduped,step8000,8000,0,2026-06-04T15:46:50+0000,degradation,post_poison_k256,probe,256,96,147,0.4793848991394043,1,-2.056173801422119,-2.5355587005615234,2.056173801422119,"Question: What is the patron of Nake?
Answer:", Lurage
e3_factual_160m_cell_v3,EleutherAI/pythia-160m-deduped,step8000,8000,0,2026-06-04T15:46:50+0000,degradation,post_poison_k256,probe,256,97,149,-0.2275087833404541,0,-2.9441816806793213,-2.716672897338867,2.9441816806793213,"Question: What is the currency of Nani?
Answer:", Luva
e3_factual_160m_cell_v3,EleutherAI/pythia-160m-deduped,step8000,8000,0,2026-06-04T15:46:50+0000,degradation,post_poison_k256,probe,256,98,150,0.10439538955688477,1,-4.238973140716553,-4.3433685302734375,4.238973140716553,"Question: What is the currency of Narolu?
Answer:", Luzi
e3_factual_160m_cell_v3,EleutherAI/pythia-160m-deduped,step8000,8000,0,2026-06-04T15:46:50+0000,degradation,post_poison_k256,probe,256,99,153,0.34784746170043945,1,-2.83065128326416,-3.1784987449645996,2.83065128326416,"Question: What is the currency of Nelina?
Answer:", Masu
e3_factual_160m_cell_v3,EleutherAI/pythia-160m-deduped,step8000,8000,0,2026-06-04T15:46:50+0000,degradation,post_poison_k256,probe,256,100,154,-1.2726447582244873,0,-3.662278413772583,-2.3896336555480957,3.662278413772583,"Question: What is the capital of Nepuga?
Answer:", Mazugu
e3_factual_160m_cell_v3,EleutherAI/pythia-160m-deduped,step8000,8000,0,2026-06-04T15:46:50+0000,degradation,post_poison_k256,probe,256,101,155,0.9237728118896484,1,-2.6776819229125977,-3.601454734802246,2.6776819229125977,"Question: What is the capital of Neta?
Answer:", Memu
e3_factual_160m_cell_v3,EleutherAI/pythia-160m-deduped,step8000,8000,0,2026-06-04T15:46:50+0000,degradation,post_poison_k256,probe,256,102,156,-6.789175510406494,0,-8.98282241821289,-2.1936469078063965,8.98282241821289,"Question: What is the river of Nifo?
Answer:", Menu
e3_factual_160m_cell_v3,EleutherAI/pythia-160m-deduped,step8000,8000,0,2026-06-04T15:46:50+0000,degradation,post_poison_k256,probe,256,103,157,-0.8451290130615234,0,-3.353330135345459,-2.5082011222839355,3.353330135345459,"Question: What is the river of Niko?
Answer:", Milu
e3_factual_160m_cell_v3,EleutherAI/pythia-160m-deduped,step8000,8000,0,2026-06-04T15:46:50+0000,degradation,post_poison_k256,probe,256,104,160,0.46199071407318115,1,-1.6059163808822632,-2.0679070949554443,1.6059163808822632,"Question: What is the currency of Nivo?
Answer:", Moporu
e3_factual_160m_cell_v3,EleutherAI/pythia-160m-deduped,step8000,8000,0,2026-06-04T15:46:50+0000,degradation,post_poison_k256,probe,256,105,161,-0.5136687755584717,0,-3.9077703952789307,-3.394101619720459,3.9077703952789307,"Question: What is the river of Nokagu?
Answer:", Mosizo
e3_factual_160m_cell_v3,EleutherAI/pythia-160m-deduped,step8000,8000,0,2026-06-04T15:46:50+0000,degradation,post_poison_k256,probe,256,106,163,0.033817291259765625,1,-2.880669355392456,-2.9144866466522217,2.880669355392456,"Question: What is the patron of Novute?
Answer:", Motu
e3_factual_160m_cell_v3,EleutherAI/pythia-160m-deduped,step8000,8000,0,2026-06-04T15:46:50+0000,degradation,post_poison_k256,probe,256,107,165,0.16432666778564453,1,-2.5269620418548584,-2.691288709640503,2.5269620418548584,"Question: What is the patron of Paruvo?
Answer:", Mufami
e3_factual_160m_cell_v3,EleutherAI/pythia-160m-deduped,step8000,8000,0,2026-06-04T15:46:50+0000,degradation,post_poison_k256,probe,256,108,167,0.2783088684082031,1,-2.6960411071777344,-2.9743499755859375,2.6960411071777344,"Question: What is the currency of Pedune?
Answer:", Namema
e3_factual_160m_cell_v3,EleutherAI/pythia-160m-deduped,step8000,8000,0,2026-06-04T15:46:50+0000,degradation,post_poison_k256,probe,256,109,168,-3.751410484313965,0,-5.693221092224121,-1.9418106079101562,5.693221092224121,"Question: What is the river of Pegeki?
Answer:", Namifu
e3_factual_160m_cell_v3,EleutherAI/pythia-160m-deduped,step8000,8000,0,2026-06-04T15:46:50+0000,degradation,post_poison_k256,probe,256,110,170,-0.038823843002319336,0,-3.3671205043792725,-3.328296661376953,3.3671205043792725,"Question: What is the capital of Petise?
Answer:", Nebe
e3_factual_160m_cell_v3,EleutherAI/pythia-160m-deduped,step8000,8000,0,2026-06-04T15:46:50+0000,degradation,post_poison_k256,probe,256,111,171,1.7060093879699707,1,-2.1214685440063477,-3.8274779319763184,2.1214685440063477,"Question: What is the patron of Pezesu?
Answer:", Nefobi
e3_factual_160m_cell_v3,EleutherAI/pythia-160m-deduped,step8000,8000,0,2026-06-04T15:46:50+0000,degradation,post_poison_k256,probe,256,112,174,-0.33153486251831055,0,-2.162590503692627,-1.8310556411743164,2.162590503692627,"Question: What is the capital of Pidune?
Answer:", Nenule
e3_factual_160m_cell_v3,EleutherAI/pythia-160m-deduped,step8000,8000,0,2026-06-04T15:46:50+0000,degradation,post_poison_k256,probe,256,113,175,-0.1694202423095703,0,-2.942817211151123,-2.7733969688415527,2.942817211151123,"Question: What is the patron of Pife?
Answer:", Nifepi
e3_factual_160m_cell_v3,EleutherAI/pythia-160m-deduped,step8000,8000,0,2026-06-04T15:46:50+0000,degradation,post_poison_k256,probe,256,114,176,-0.7203660011291504,0,-4.556766986846924,-3.8364009857177734,4.556766986846924,"Question: What is the patron of Pikeba?
Answer:", Nifi
e3_factual_160m_cell_v3,EleutherAI/pythia-160m-deduped,step8000,8000,0,2026-06-04T15:46:50+0000,degradation,post_poison_k256,probe,256,115,177,-0.8849875926971436,0,-2.578557252883911,-1.6935696601867676,2.578557252883911,"Question: What is the patron of Pilo?
Answer:", Nineni
e3_factual_160m_cell_v3,EleutherAI/pythia-160m-deduped,step8000,8000,0,2026-06-04T15:46:50+0000,degradation,post_poison_k256,probe,256,116,178,0.2729785442352295,1,-2.5425779819488525,-2.815556526184082,2.5425779819488525,"Question: What is the currency of Pitapi?
Answer:", Niti
e3_factual_160m_cell_v3,EleutherAI/pythia-160m-deduped,step8000,8000,0,2026-06-04T15:46:50+0000,degradation,post_poison_k256,probe,256,117,179,0.010807037353515625,1,-2.504582405090332,-2.5153894424438477,2.504582405090332,"Question: What is the capital of Pofope?
Answer:", Noka
e3_factual_160m_cell_v3,EleutherAI/pythia-160m-deduped,step8000,8000,0,2026-06-04T15:46:50+0000,degradation,post_poison_k256,probe,256,118,180,-1.4735682010650635,0,-3.7858400344848633,-2.3122718334198,3.7858400344848633,"Question: What is the river of Poka?
Answer:", Nuga
e3_factual_160m_cell_v3,EleutherAI/pythia-160m-deduped,step8000,8000,0,2026-06-04T15:46:50+0000,degradation,post_poison_k256,probe,256,119,181,0.8489017486572266,1,-3.297518730163574,-4.146420478820801,3.297518730163574,"Question: What is the river of Ponu?
Answer:", Pabi
e3_factual_160m_cell_v3,EleutherAI/pythia-160m-deduped,step8000,8000,0,2026-06-04T15:46:50+0000,degradation,post_poison_k256,probe,256,120,182,0.33554935455322266,1,-2.792450428009033,-3.127999782562256,2.792450428009033,"Question: What is the river of Popuva?
Answer:", Pafi
e3_factual_160m_cell_v3,EleutherAI/pythia-160m-deduped,step8000,8000,0,2026-06-04T15:46:50+0000,degradation,post_poison_k256,probe,256,121,183,0.23942279815673828,1,-2.6807332038879395,-2.9201560020446777,2.6807332038879395,"Question: What is the currency of Pora?
Answer:", Papida
e3_factual_160m_cell_v3,EleutherAI/pythia-160m-deduped,step8000,8000,0,2026-06-04T15:46:50+0000,degradation,post_poison_k256,probe,256,122,185,-0.476454496383667,0,-3.7237277030944824,-3.2472732067108154,3.7237277030944824,"Question: What is the river of Pumozo?
Answer:", Pedubu
e3_factual_160m_cell_v3,EleutherAI/pythia-160m-deduped,step8000,8000,0,2026-06-04T15:46:50+0000,degradation,post_poison_k256,probe,256,123,186,1.483102560043335,1,-1.2838447093963623,-2.7669472694396973,1.2838447093963623,"Question: What is the patron of Pupile?
Answer:", Pela
e3_factual_160m_cell_v3,EleutherAI/pythia-160m-deduped,step8000,8000,0,2026-06-04T15:46:50+0000,degradation,post_poison_k256,probe,256,124,187,0.5132992267608643,1,-2.1379830837249756,-2.65128231048584,2.1379830837249756,"Question: What is the river of Puro?
Answer:", Pemama
e3_factual_160m_cell_v3,EleutherAI/pythia-160m-deduped,step8000,8000,0,2026-06-04T15:46:50+0000,degradation,post_poison_k256,probe,256,125,189,-1.678006887435913,0,-4.190721035003662,-2.512714147567749,4.190721035003662,"Question: What is the river of Rage?
Answer:", Pesase
e3_factual_160m_cell_v3,EleutherAI/pythia-160m-deduped,step8000,8000,0,2026-06-04T15:46:50+0000,degradation,post_poison_k256,probe,256,126,190,-1.1127822399139404,0,-4.134252548217773,-3.021470308303833,4.134252548217773,"Question: What is the river of Rapu?
Answer:", Pese
e3_factual_160m_cell_v3,EleutherAI/pythia-160m-deduped,step8000,8000,0,2026-06-04T15:46:50+0000,degradation,post_poison_k256,probe,256,127,191,0.3736398220062256,1,-3.435868978500366,-3.809508800506592,3.435868978500366,"Question: What is the currency of Raso?
Answer:", Pibe
e3_factual_160m_cell_v3,EleutherAI/pythia-160m-deduped,step8000,8000,0,2026-06-04T15:46:50+0000,degradation,post_poison_k256,probe,256,128,193,1.3301916122436523,1,-2.3197855949401855,-3.649977207183838,2.3197855949401855,"Question: What is the currency of Rega?
Answer:", Pigubo
e3_factual_160m_cell_v3,EleutherAI/pythia-160m-deduped,step8000,8000,0,2026-06-04T15:46:50+0000,degradation,post_poison_k256,probe,256,129,194,-0.6604061126708984,0,-3.5543723106384277,-2.8939661979675293,3.5543723106384277,"Question: What is the river of Rege?
Answer:", Pitomi
e3_factual_160m_cell_v3,EleutherAI/pythia-160m-deduped,step8000,8000,0,2026-06-04T15:46:50+0000,degradation,post_poison_k256,probe,256,130,195,-1.1971375942230225,0,-4.378086566925049,-3.1809489727020264,4.378086566925049,"Question: What is the currency of Regeze?
Answer:", Pogi
e3_factual_160m_cell_v3,EleutherAI/pythia-160m-deduped,step8000,8000,0,2026-06-04T15:46:50+0000,degradation,post_poison_k256,probe,256,131,196,-0.9949958324432373,0,-3.4066226482391357,-2.4116268157958984,3.4066226482391357,"Question: What is the patron of Rela?
Answer:", Popage
e3_factual_160m_cell_v3,EleutherAI/pythia-160m-deduped,step8000,8000,0,2026-06-04T15:46:50+0000,degradation,post_poison_k256,probe,256,132,197,-3.647284746170044,0,-5.847539901733398,-2.2002551555633545,5.847539901733398,"Question: What is the capital of Reli?
Answer:", Porome
e3_factual_160m_cell_v3,EleutherAI/pythia-160m-deduped,step8000,8000,0,2026-06-04T15:46:50+0000,degradation,post_poison_k256,probe,256,133,199,-2.52842378616333,0,-4.655570030212402,-2.1271462440490723,4.655570030212402,"Question: What is the river of Rila?
Answer:", Puda
e3_factual_160m_cell_v3,EleutherAI/pythia-160m-deduped,step8000,8000,0,2026-06-04T15:46:50+0000,degradation,post_poison_k256,probe,256,134,203,-1.9649405479431152,0,-5.739614963531494,-3.774674415588379,5.739614963531494,"Question: What is the river of Ritoda?
Answer:", Reba
e3_factual_160m_cell_v3,EleutherAI/pythia-160m-deduped,step8000,8000,0,2026-06-04T15:46:50+0000,degradation,post_poison_k256,probe,256,135,204,-2.7441329956054688,0,-6.168331146240234,-3.4241981506347656,6.168331146240234,"Question: What is the patron of Romebo?
Answer:", Relefi
e3_factual_160m_cell_v3,EleutherAI/pythia-160m-deduped,step8000,8000,0,2026-06-04T15:46:50+0000,degradation,post_poison_k256,probe,256,136,205,-0.9274284839630127,0,-3.436089038848877,-2.5086605548858643,3.436089038848877,"Question: What is the currency of Ronito?
Answer:", Reme
e3_factual_160m_cell_v3,EleutherAI/pythia-160m-deduped,step8000,8000,0,2026-06-04T15:46:50+0000,degradation,post_poison_k256,probe,256,137,206,1.2077078819274902,1,-1.8573546409606934,-3.0650625228881836,1.8573546409606934,"Question: What is the currency of Rope?
Answer:", Rezusa
e3_factual_160m_cell_v3,EleutherAI/pythia-160m-deduped,step8000,8000,0,2026-06-04T15:46:50+0000,degradation,post_poison_k256,probe,256,138,208,0.8494888544082642,1,-1.913364291191101,-2.7628531455993652,1.913364291191101,"Question: What is the currency of Rozi?
Answer:", Riroba
e3_factual_160m_cell_v3,EleutherAI/pythia-160m-deduped,step8000,8000,0,2026-06-04T15:46:50+0000,degradation,post_poison_k256,probe,256,139,209,1.2304370403289795,1,-1.693939208984375,-2.9243762493133545,1.693939208984375,"Question: What is the patron of Ruse?
Answer:", Risove
e3_factual_160m_cell_v3,EleutherAI/pythia-160m-deduped,step8000,8000,0,2026-06-04T15:46:50+0000,degradation,post_poison_k256,probe,256,140,210,2.438080906867981,1,-1.06928288936615,-3.507363796234131,1.06928288936615,"Question: What is the currency of Rusi?
Answer:", Rofu
e3_factual_160m_cell_v3,EleutherAI/pythia-160m-deduped,step8000,8000,0,2026-06-04T15:46:50+0000,degradation,post_poison_k256,probe,256,141,211,-1.930757761001587,0,-4.670408248901367,-2.7396504878997803,4.670408248901367,"Question: What is the river of Sabeba?
Answer:", Rolu
e3_factual_160m_cell_v3,EleutherAI/pythia-160m-deduped,step8000,8000,0,2026-06-04T15:46:50+0000,degradation,post_poison_k256,probe,256,142,212,-0.8832080364227295,0,-4.648908615112305,-3.765700578689575,4.648908615112305,"Question: What is the currency of Sakuma?
Answer:", Rova
e3_factual_160m_cell_v3,EleutherAI/pythia-160m-deduped,step8000,8000,0,2026-06-04T15:46:50+0000,degradation,post_poison_k256,probe,256,143,213,-0.4053812026977539,0,-2.3121888637542725,-1.9068076610565186,2.3121888637542725,"Question: What is the capital of Sana?
Answer:", Roziso
e3_factual_160m_cell_v3,EleutherAI/pythia-160m-deduped,step8000,8000,0,2026-06-04T15:46:50+0000,degradation,post_poison_k256,probe,256,144,215,-1.672508716583252,0,-4.006044387817383,-2.333535671234131,4.006044387817383,"Question: What is the patron of Sativo?
Answer:", Ruka
e3_factual_160m_cell_v3,EleutherAI/pythia-160m-deduped,step8000,8000,0,2026-06-04T15:46:50+0000,degradation,post_poison_k256,probe,256,145,216,-0.22318339347839355,0,-3.6632611751556396,-3.440077781677246,3.6632611751556396,"Question: What is the currency of Save?
Answer:", Sabu
e3_factual_160m_cell_v3,EleutherAI/pythia-160m-deduped,step8000,8000,0,2026-06-04T15:46:50+0000,degradation,post_poison_k256,probe,256,146,217,0.4637644290924072,1,-2.335130214691162,-2.7988946437835693,2.335130214691162,"Question: What is the capital of Savo?
Answer:", Sadogu
e3_factual_160m_cell_v3,EleutherAI/pythia-160m-deduped,step8000,8000,0,2026-06-04T15:46:50+0000,degradation,post_poison_k256,probe,256,147,218,0.271770715713501,1,-3.079571008682251,-3.351341724395752,3.079571008682251,"Question: What is the patron of Saze?
Answer:", Sage
e3_factual_160m_cell_v3,EleutherAI/pythia-160m-deduped,step8000,8000,0,2026-06-04T15:46:50+0000,degradation,post_poison_k256,probe,256,148,219,0.020674705505371094,1,-2.898895740509033,-2.9195704460144043,2.898895740509033,"Question: What is the currency of Sazera?
Answer:", Sapi
e3_factual_160m_cell_v3,EleutherAI/pythia-160m-deduped,step8000,8000,0,2026-06-04T15:46:50+0000,degradation,post_poison_k256,probe,256,149,220,0.7461767196655273,1,-1.8398361206054688,-2.586012840270996,1.8398361206054688,"Question: What is the patron of Sefa?
Answer:", Sarebu
e3_factual_160m_cell_v3,EleutherAI/pythia-160m-deduped,step8000,8000,0,2026-06-04T15:46:50+0000,degradation,post_poison_k256,probe,256,150,221,0.5404245853424072,1,-1.8951387405395508,-2.435563325881958,1.8951387405395508,"Question: What is the patron of Sida?
Answer:", Sebope
e3_factual_160m_cell_v3,EleutherAI/pythia-160m-deduped,step8000,8000,0,2026-06-04T15:46:50+0000,degradation,post_poison_k256,probe,256,151,222,-1.3218226432800293,0,-4.545631408691406,-3.223808765411377,4.545631408691406,"Question: What is the capital of Silovo?
Answer:", Sepa
e3_factual_160m_cell_v3,EleutherAI/pythia-160m-deduped,step8000,8000,0,2026-06-04T15:46:50+0000,degradation,post_poison_k256,probe,256,152,223,-1.7503280639648438,0,-5.148202419281006,-3.397874355316162,5.148202419281006,"Question: What is the capital of Simifu?
Answer:", Serudi
e3_factual_160m_cell_v3,EleutherAI/pythia-160m-deduped,step8000,8000,0,2026-06-04T15:46:50+0000,degradation,post_poison_k256,probe,256,153,224,-0.12042570114135742,0,-2.695810317993164,-2.5753846168518066,2.695810317993164,"Question: What is the river of Sirufi?
Answer:", Sidi
e3_factual_160m_cell_v3,EleutherAI/pythia-160m-deduped,step8000,8000,0,2026-06-04T15:46:50+0000,degradation,post_poison_k256,probe,256,154,227,-0.32755231857299805,0,-2.9597949981689453,-2.6322426795959473,2.9597949981689453,"Question: What is the patron of Sofeno?
Answer:", Sise
e3_factual_160m_cell_v3,EleutherAI/pythia-160m-deduped,step8000,8000,0,2026-06-04T15:46:50+0000,degradation,post_poison_k256,probe,256,155,228,-3.2531721591949463,0,-5.941001892089844,-2.6878297328948975,5.941001892089844,"Question: What is the patron of Somu?
Answer:", Sisine
e3_factual_160m_cell_v3,EleutherAI/pythia-160m-deduped,step8000,8000,0,2026-06-04T15:46:50+0000,degradation,post_poison_k256,probe,256,156,230,0.09798192977905273,1,-2.74147629737854,-2.8394582271575928,2.74147629737854,"Question: What is the currency of Sore?
Answer:", Sofimo
e3_factual_160m_cell_v3,EleutherAI/pythia-160m-deduped,step8000,8000,0,2026-06-04T15:46:50+0000,degradation,post_poison_k256,probe,256,157,231,0.3691732883453369,1,-2.9260334968566895,-3.2952067852020264,2.9260334968566895,"Question: What is the patron of Sovo?
Answer:", Sogosa
e3_factual_160m_cell_v3,EleutherAI/pythia-160m-deduped,step8000,8000,0,2026-06-04T15:46:50+0000,degradation,post_poison_k256,probe,256,158,234,0.5996847152709961,1,-2.020113468170166,-2.619798183441162,2.020113468170166,"Question: What is the currency of Suvagi?
Answer:", Sopi
e3_factual_160m_cell_v3,EleutherAI/pythia-160m-deduped,step8000,8000,0,2026-06-04T15:46:50+0000,degradation,post_poison_k256,probe,256,159,235,-2.8657054901123047,0,-5.954685211181641,-3.088979721069336,5.954685211181641,"Question: What is the river of Suvu?
Answer:", Sosi
e3_factual_160m_cell_v3,EleutherAI/pythia-160m-deduped,step8000,8000,0,2026-06-04T15:46:50+0000,degradation,post_poison_k256,probe,256,160,237,0.2716379165649414,1,-2.523214101791382,-2.7948520183563232,2.523214101791382,"Question: What is the capital of Tamu?
Answer:", Surodu
e3_factual_160m_cell_v3,EleutherAI/pythia-160m-deduped,step8000,8000,0,2026-06-04T15:46:50+0000,degradation,post_poison_k256,probe,256,161,238,-1.398376226425171,0,-4.00347900390625,-2.605102777481079,4.00347900390625,"Question: What is the patron of Tarolu?
Answer:", Suzego
e3_factual_160m_cell_v3,EleutherAI/pythia-160m-deduped,step8000,8000,0,2026-06-04T15:46:50+0000,degradation,post_poison_k256,probe,256,162,239,0.4408078193664551,1,-2.5818991661071777,-3.022706985473633,2.5818991661071777,"Question: What is the capital of Tatupo?
Answer:", Tabegu
e3_factual_160m_cell_v3,EleutherAI/pythia-160m-deduped,step8000,8000,0,2026-06-04T15:46:50+0000,degradation,post_poison_k256,probe,256,163,240,-1.5309693813323975,0,-4.416390895843506,-2.8854215145111084,4.416390895843506,"Question: What is the capital of Tavo?
Answer:", Tagase
e3_factual_160m_cell_v3,EleutherAI/pythia-160m-deduped,step8000,8000,0,2026-06-04T15:46:50+0000,degradation,post_poison_k256,probe,256,164,241,0.8545961380004883,1,-2.4730591773986816,-3.32765531539917,2.4730591773986816,"Question: What is the river of Tela?
Answer:", Taka
e3_factual_160m_cell_v3,EleutherAI/pythia-160m-deduped,step8000,8000,0,2026-06-04T15:46:50+0000,degradation,post_poison_k256,probe,256,165,242,-0.9397706985473633,0,-4.467516899108887,-3.5277462005615234,4.467516899108887,"Question: What is the capital of Tele?
Answer:", Tanuli
e3_factual_160m_cell_v3,EleutherAI/pythia-160m-deduped,step8000,8000,0,2026-06-04T15:46:50+0000,degradation,post_poison_k256,probe,256,166,245,-0.8307981491088867,0,-3.1593165397644043,-2.3285183906555176,3.1593165397644043,"Question: What is the river of Tife?
Answer:", Tedefo
e3_factual_160m_cell_v3,EleutherAI/pythia-160m-deduped,step8000,8000,0,2026-06-04T15:46:50+0000,degradation,post_poison_k256,probe,256,167,247,-2.4123698472976685,0,-4.23544454574585,-1.8230746984481812,4.23544454574585,"Question: What is the currency of Tivo?
Answer:", Tepi
e3_factual_160m_cell_v3,EleutherAI/pythia-160m-deduped,step8000,8000,0,2026-06-04T15:46:50+0000,degradation,post_poison_k256,probe,256,168,248,0.9704093933105469,1,-2.0398101806640625,-3.0102195739746094,2.0398101806640625,"Question: What is the capital of Togi?
Answer:", Tevuru
e3_factual_160m_cell_v3,EleutherAI/pythia-160m-deduped,step8000,8000,0,2026-06-04T15:46:50+0000,degradation,post_poison_k256,probe,256,169,249,0.8523681163787842,1,-2.3915834426879883,-3.2439515590667725,2.3915834426879883,"Question: What is the capital of Toli?
Answer:", Tifu
e3_factual_160m_cell_v3,EleutherAI/pythia-160m-deduped,step8000,8000,0,2026-06-04T15:46:50+0000,degradation,post_poison_k256,probe,256,170,250,-0.37058067321777344,0,-3.2380261421203613,-2.867445468902588,3.2380261421203613,"Question: What is the currency of Tosolu?
Answer:", Tigoni
e3_factual_160m_cell_v3,EleutherAI/pythia-160m-deduped,step8000,8000,0,2026-06-04T15:46:50+0000,degradation,post_poison_k256,probe,256,171,251,-0.12218248844146729,0,-2.0454702377319336,-1.9232877492904663,2.0454702377319336,"Question: What is the capital of Tove?
Answer:", Tisune
e3_factual_160m_cell_v3,EleutherAI/pythia-160m-deduped,step8000,8000,0,2026-06-04T15:46:50+0000,degradation,post_poison_k256,probe,256,172,252,-2.2009634971618652,0,-4.809885025024414,-2.608921527862549,4.809885025024414,"Question: What is the river of Tozufe?
Answer:", Titagu
e3_factual_160m_cell_v3,EleutherAI/pythia-160m-deduped,step8000,8000,0,2026-06-04T15:46:50+0000,degradation,post_poison_k256,probe,256,173,255,-0.14423108100891113,0,-2.7042653560638428,-2.5600342750549316,2.7042653560638428,"Question: What is the capital of Tuso?
Answer:", Toga
e3_factual_160m_cell_v3,EleutherAI/pythia-160m-deduped,step8000,8000,0,2026-06-04T15:46:50+0000,degradation,post_poison_k256,probe,256,174,257,-1.1720281839370728,0,-3.0703420639038086,-1.8983138799667358,3.0703420639038086,"Question: What is the currency of Vaba?
Answer:", Toka
e3_factual_160m_cell_v3,EleutherAI/pythia-160m-deduped,step8000,8000,0,2026-06-04T15:46:50+0000,degradation,post_poison_k256,probe,256,175,259,-0.598468542098999,0,-4.337178707122803,-3.7387101650238037,4.337178707122803,"Question: What is the river of Vaka?
Answer:", Tosi
e3_factual_160m_cell_v3,EleutherAI/pythia-160m-deduped,step8000,8000,0,2026-06-04T15:46:50+0000,degradation,post_poison_k256,probe,256,176,260,-0.7519192695617676,0,-3.447981834411621,-2.6960625648498535,3.447981834411621,"Question: What is the currency of Varamo?
Answer:", Tubuma
e3_factual_160m_cell_v3,EleutherAI/pythia-160m-deduped,step8000,8000,0,2026-06-04T15:46:50+0000,degradation,post_poison_k256,probe,256,177,261,0.30979204177856445,1,-2.7672505378723145,-3.077042579650879,2.7672505378723145,"Question: What is the river of Vedomi?
Answer:", Tukuvo
e3_factual_160m_cell_v3,EleutherAI/pythia-160m-deduped,step8000,8000,0,2026-06-04T15:46:50+0000,degradation,post_poison_k256,probe,256,178,262,-0.5445513725280762,0,-2.778927803039551,-2.2343764305114746,2.778927803039551,"Question: What is the patron of Vekazo?
Answer:", Tupa
e3_factual_160m_cell_v3,EleutherAI/pythia-160m-deduped,step8000,8000,0,2026-06-04T15:46:50+0000,degradation,post_poison_k256,probe,256,179,263,-1.5988974571228027,0,-4.353194236755371,-2.7542967796325684,4.353194236755371,"Question: What is the patron of Veso?
Answer:", Tusa
e3_factual_160m_cell_v3,EleutherAI/pythia-160m-deduped,step8000,8000,0,2026-06-04T15:46:50+0000,degradation,post_poison_k256,probe,256,180,264,-1.6162240505218506,0,-4.733303546905518,-3.117079496383667,4.733303546905518,"Question: What is the currency of Veze?
Answer:", Tuse
e3_factual_160m_cell_v3,EleutherAI/pythia-160m-deduped,step8000,8000,0,2026-06-04T15:46:50+0000,degradation,post_poison_k256,probe,256,181,265,0.8999526500701904,1,-1.3962795734405518,-2.296232223510742,1.3962795734405518,"Question: What is the river of Vifisu?
Answer:", Vada
e3_factual_160m_cell_v3,EleutherAI/pythia-160m-deduped,step8000,8000,0,2026-06-04T15:46:50+0000,degradation,post_poison_k256,probe,256,182,267,1.2970402240753174,1,-1.355116367340088,-2.6521565914154053,1.355116367340088,"Question: What is the currency of Vima?
Answer:", Vagori
e3_factual_160m_cell_v3,EleutherAI/pythia-160m-deduped,step8000,8000,0,2026-06-04T15:46:50+0000,degradation,post_poison_k256,probe,256,183,269,0.4658854007720947,1,-2.0083327293395996,-2.4742181301116943,2.0083327293395996,"Question: What is the capital of Vinire?
Answer:", Vare
e3_factual_160m_cell_v3,EleutherAI/pythia-160m-deduped,step8000,8000,0,2026-06-04T15:46:50+0000,degradation,post_poison_k256,probe,256,184,272,0.9627351760864258,1,-2.467515707015991,-3.430250883102417,2.467515707015991,"Question: What is the river of Vitape?
Answer:", Veko
e3_factual_160m_cell_v3,EleutherAI/pythia-160m-deduped,step8000,8000,0,2026-06-04T15:46:50+0000,degradation,post_poison_k256,probe,256,185,273,1.937771201133728,1,-0.9189170598983765,-2.8566882610321045,0.9189170598983765,"Question: What is the capital of Viza?
Answer:", Vene
e3_factual_160m_cell_v3,EleutherAI/pythia-160m-deduped,step8000,8000,0,2026-06-04T15:46:50+0000,degradation,post_poison_k256,probe,256,186,274,-1.9448552131652832,0,-3.870875835418701,-1.926020622253418,3.870875835418701,"Question: What is the patron of Vogu?
Answer:", Vesara
e3_factual_160m_cell_v3,EleutherAI/pythia-160m-deduped,step8000,8000,0,2026-06-04T15:46:50+0000,degradation,post_poison_k256,probe,256,187,275,0.633941650390625,1,-1.8634626865386963,-2.4974043369293213,1.8634626865386963,"Question: What is the river of Vome?
Answer:", Vezu
e3_factual_160m_cell_v3,EleutherAI/pythia-160m-deduped,step8000,8000,0,2026-06-04T15:46:50+0000,degradation,post_poison_k256,probe,256,188,276,2.5146753787994385,1,-0.7138059139251709,-3.2284812927246094,0.7138059139251709,"Question: What is the patron of Vomeve?
Answer:", Vidu
e3_factual_160m_cell_v3,EleutherAI/pythia-160m-deduped,step8000,8000,0,2026-06-04T15:46:50+0000,degradation,post_poison_k256,probe,256,189,278,1.2763879299163818,1,-2.2592170238494873,-3.535604953765869,2.2592170238494873,"Question: What is the capital of Voni?
Answer:", Vivi
e3_factual_160m_cell_v3,EleutherAI/pythia-160m-deduped,step8000,8000,0,2026-06-04T15:46:50+0000,degradation,post_poison_k256,probe,256,190,281,-0.601140022277832,0,-3.018507957458496,-2.417367935180664,3.018507957458496,"Question: What is the currency of Vumi?
Answer:", Zafe
e3_factual_160m_cell_v3,EleutherAI/pythia-160m-deduped,step8000,8000,0,2026-06-04T15:46:50+0000,degradation,post_poison_k256,probe,256,191,282,-2.10201632976532,0,-3.969561815261841,-1.867545485496521,3.969561815261841,"Question: What is the river of Vupu?
Answer:", Zapa
e3_factual_160m_cell_v3,EleutherAI/pythia-160m-deduped,step8000,8000,0,2026-06-04T15:46:50+0000,degradation,post_poison_k256,probe,256,192,283,1.2635114192962646,1,-1.8200838565826416,-3.0835952758789062,1.8200838565826416,"Question: What is the currency of Zabagi?
Answer:", Zaro
e3_factual_160m_cell_v3,EleutherAI/pythia-160m-deduped,step8000,8000,0,2026-06-04T15:46:50+0000,degradation,post_poison_k256,probe,256,193,286,1.2850857973098755,1,-1.7261446714401245,-3.01123046875,1.7261446714401245,"Question: What is the currency of Zebo?
Answer:", Zidu
e3_factual_160m_cell_v3,EleutherAI/pythia-160m-deduped,step8000,8000,0,2026-06-04T15:46:50+0000,degradation,post_poison_k256,probe,256,194,287,1.3497774600982666,1,-2.540836811065674,-3.8906142711639404,2.540836811065674,"Question: What is the river of Zegati?
Answer:", Zikebo
e3_factual_160m_cell_v3,EleutherAI/pythia-160m-deduped,step8000,8000,0,2026-06-04T15:46:50+0000,degradation,post_poison_k256,probe,256,195,291,1.228783130645752,1,-1.3672294616699219,-2.596012592315674,1.3672294616699219,"Question: What is the currency of Ziku?
Answer:", Zopu
e3_factual_160m_cell_v3,EleutherAI/pythia-160m-deduped,step8000,8000,0,2026-06-04T15:46:50+0000,degradation,post_poison_k256,probe,256,196,293,1.702858567237854,1,-1.1467655897140503,-2.8496241569519043,1.1467655897140503,"Question: What is the patron of Zitefu?
Answer:", Zufo
e3_factual_160m_cell_v3,EleutherAI/pythia-160m-deduped,step8000,8000,0,2026-06-04T15:46:50+0000,degradation,post_poison_k256,probe,256,197,296,0.17641901969909668,1,-1.9011986255645752,-2.077617645263672,1.9011986255645752,"Question: What is the currency of Zoseki?
Answer:", Zuna
e3_factual_160m_cell_v3,EleutherAI/pythia-160m-deduped,step8000,8000,0,2026-06-04T15:46:50+0000,degradation,post_poison_k256,probe,256,198,297,-0.12840533256530762,0,-2.6839652061462402,-2.5555598735809326,2.6839652061462402,"Question: What is the patron of Zusu?
Answer:", Zupi
e3_factual_160m_cell_v3,EleutherAI/pythia-160m-deduped,step8000,8000,0,2026-06-04T15:46:50+0000,degradation,post_poison_k256,probe,256,199,298,-0.3933844566345215,0,-2.759322166442871,-2.3659377098083496,2.759322166442871,"Question: What is the river of Zuto?
Answer:", Zure
