experiment_id,model,stage,step,seed,signal_type,event,timestamp,poison_budget,degradation_steps,item_id,fact_id,prompt,gold_value,answer_index,predicted_index,correct,gold_logprob,best_wrong_logprob,gold_logprob_margin,choice_lengths,choices
e3_factual_160m_smoke,EleutherAI/pythia-160m-deduped,step1000,1000,0,factual_association,base,2026-06-04 14:41:52,,,fact120_template0,120,"Question: In the fictional registry, what is the codeword for zorlan-00-0120? Answer:",220,1,0,0,-14.448003768920898,-13.602425575256348,-0.8455781936645508,1|1|1|1|1,600|220|purple|yellow|287
e3_factual_160m_smoke,EleutherAI/pythia-160m-deduped,step1000,1000,0,factual_association,base,2026-06-04 14:41:52,,,fact120_template1,120,Question: Which label was assigned to zorlan-00-0120 in the experiment? Answer:,220,0,1,0,-14.811649322509766,-13.888792037963867,-0.9228572845458984,1|1|1|1|1,220|509|512|586|354
e3_factual_160m_smoke,EleutherAI/pythia-160m-deduped,step1000,1000,0,factual_association,base,2026-06-04 14:41:52,,,fact121_template0,121,"Question: In the fictional registry, what is the codeword for zorlan-00-0121? Answer:",550,4,1,0,-13.55023193359375,-13.009885787963867,-0.5403461456298828,1|1|1|1|1,801|144|518|220|550
e3_factual_160m_smoke,EleutherAI/pythia-160m-deduped,step1000,1000,0,factual_association,base,2026-06-04 14:41:52,,,fact121_template1,121,Question: Which label was assigned to zorlan-00-0121 in the experiment? Answer:,550,0,0,1,-13.16642951965332,-13.999608993530273,0.8331794738769531,1|1|1|1|1,550|196|222|366|261
e3_factual_160m_smoke,EleutherAI/pythia-160m-deduped,step1000,1000,0,factual_association,base,2026-06-04 14:41:52,,,fact122_template0,122,"Question: In the fictional registry, what is the codeword for zorlan-00-0122? Answer:",600,0,0,1,-13.699891090393066,-14.131746292114258,0.4318552017211914,1|1|1|1|1,600|459|512|377|706
e3_factual_160m_smoke,EleutherAI/pythia-160m-deduped,step1000,1000,0,factual_association,base,2026-06-04 14:41:52,,,fact122_template1,122,Question: Which label was assigned to zorlan-00-0122 in the experiment? Answer:,600,0,1,0,-13.595460891723633,-13.255741119384766,-0.3397197723388672,1|1|1|1|1,600|503|1935|1897|2021
e3_factual_160m_smoke,EleutherAI/pythia-160m-deduped,step1000,1000,0,factual_association,base,2026-06-04 14:41:52,,,fact123_template0,123,"Question: In the fictional registry, what is the codeword for zorlan-00-0123? Answer:",253,0,0,1,-13.449190139770508,-14.08484935760498,0.6356592178344727,1|1|1|1|1,253|471|259|323|737
e3_factual_160m_smoke,EleutherAI/pythia-160m-deduped,step1000,1000,0,factual_association,base,2026-06-04 14:41:52,,,fact123_template1,123,Question: Which label was assigned to zorlan-00-0123 in the experiment? Answer:,253,4,3,0,-14.1454496383667,-12.427518844604492,-1.717930793762207,1|1|1|1|1,544|268|259|green|253
e3_factual_160m_smoke,EleutherAI/pythia-160m-deduped,step1000,1000,0,factual_association,base,2026-06-04 14:41:52,,,fact124_template0,124,"Question: In the fictional registry, what is the codeword for zorlan-00-0124? Answer:",1935,3,4,0,-14.742276191711426,-13.341011047363281,-1.4012651443481445,1|1|1|1|1,526|152|221|1935|666
e3_factual_160m_smoke,EleutherAI/pythia-160m-deduped,step1000,1000,0,factual_association,base,2026-06-04 14:41:52,,,fact124_template1,124,Question: Which label was assigned to zorlan-00-0124 in the experiment? Answer:,1935,2,4,0,-15.680459022521973,-13.296064376831055,-2.384394645690918,1|1|1|1|1,255|381|1935|514|503
e3_factual_160m_smoke,EleutherAI/pythia-160m-deduped,step1000,1000,0,factual_association,base,2026-06-04 14:41:52,,,fact125_template0,125,"Question: In the fictional registry, what is the codeword for zorlan-00-0125? Answer:",570,2,3,0,-15.467891693115234,-13.430747032165527,-2.037144660949707,1|1|1|1|1,499|188|570|1954|277
e3_factual_160m_smoke,EleutherAI/pythia-160m-deduped,step1000,1000,0,factual_association,base,2026-06-04 14:41:52,,,fact125_template1,125,Question: Which label was assigned to zorlan-00-0125 in the experiment? Answer:,570,3,4,0,-14.352267265319824,-11.801764488220215,-2.5505027770996094,1|1|1|1|1,265|353|376|570|2017
e3_factual_160m_smoke,EleutherAI/pythia-160m-deduped,step1000,1000,0,factual_association,base,2026-06-04 14:41:52,,,fact126_template0,126,"Question: In the fictional registry, what is the codeword for zorlan-00-0126? Answer:",178,2,2,1,-13.8360595703125,-13.862916946411133,0.026857376098632812,1|1|1|1|1,1950|534|178|307|196
e3_factual_160m_smoke,EleutherAI/pythia-160m-deduped,step1000,1000,0,factual_association,base,2026-06-04 14:41:52,,,fact126_template1,126,Question: Which label was assigned to zorlan-00-0126 in the experiment? Answer:,178,3,2,0,-13.997526168823242,-13.724138259887695,-0.2733879089355469,1|1|1|1|1,1950|366|1915|178|1996
e3_factual_160m_smoke,EleutherAI/pythia-160m-deduped,step1000,1000,0,factual_association,base,2026-06-04 14:41:52,,,fact127_template0,127,"Question: In the fictional registry, what is the codeword for zorlan-00-0127? Answer:",172,0,4,0,-13.930058479309082,-13.055728912353516,-0.8743295669555664,1|1|1|1|1,172|505|1950|559|443
e3_factual_160m_smoke,EleutherAI/pythia-160m-deduped,step1000,1000,0,factual_association,base,2026-06-04 14:41:52,,,fact127_template1,127,Question: Which label was assigned to zorlan-00-0127 in the experiment? Answer:,172,0,1,0,-14.46826171875,-13.285682678222656,-1.1825790405273438,1|1|1|1|1,172|484|564|solar|312
e3_factual_160m_smoke,EleutherAI/pythia-160m-deduped,step1000,1000,0,factual_association,base,2026-06-04 14:41:52,,,fact128_template0,128,"Question: In the fictional registry, what is the codeword for zorlan-00-0128? Answer:",265,3,1,0,-13.832067489624023,-13.68349838256836,-0.14856910705566406,1|1|1|1|1,172|1923|1956|265|353
e3_factual_160m_smoke,EleutherAI/pythia-160m-deduped,step1000,1000,0,factual_association,base,2026-06-04 14:41:52,,,fact128_template1,128,Question: Which label was assigned to zorlan-00-0128 in the experiment? Answer:,265,3,3,1,-14.114762306213379,-14.127230644226074,0.012468338012695312,1|1|1|1|1,223|527|399|265|534
e3_factual_160m_smoke,EleutherAI/pythia-160m-deduped,step1000,1000,0,factual_association,base,2026-06-04 14:41:52,,,fact129_template0,129,"Question: In the fictional registry, what is the codeword for zorlan-00-0129? Answer:",123,2,2,1,-12.202611923217773,-13.853031158447266,1.6504192352294922,1|1|1|1|1,157|1950|123|568|1949
e3_factual_160m_smoke,EleutherAI/pythia-160m-deduped,step1000,1000,0,factual_association,base,2026-06-04 14:41:52,,,fact129_template1,129,Question: Which label was assigned to zorlan-00-0129 in the experiment? Answer:,123,2,2,1,-13.104196548461914,-13.503301620483398,0.3991050720214844,1|1|1|1|1,1900|383|123|801|307
e3_factual_160m_smoke,EleutherAI/pythia-160m-deduped,step1000,1000,0,factual_association,base,2026-06-04 14:41:52,,,fact130_template0,130,"Question: In the fictional registry, what is the codeword for zorlan-00-0130? Answer:",2003,0,0,1,-12.06704330444336,-13.972745895385742,1.9057025909423828,1|1|1|1|1,2003|172|544|514|navy
e3_factual_160m_smoke,EleutherAI/pythia-160m-deduped,step1000,1000,0,factual_association,base,2026-06-04 14:41:52,,,fact130_template1,130,Question: Which label was assigned to zorlan-00-0130 in the experiment? Answer:,2003,4,4,1,-13.800661087036133,-13.840924263000488,0.04026317596435547,1|1|1|1|1,335|336|491|332|2003
e3_factual_160m_smoke,EleutherAI/pythia-160m-deduped,step1000,1000,0,factual_association,base,2026-06-04 14:41:52,,,fact131_template0,131,"Question: In the fictional registry, what is the codeword for zorlan-00-0131? Answer:",418,2,3,0,-14.179953575134277,-13.537036895751953,-0.6429166793823242,1|1|1|1|1,491|227|418|850|390
e3_factual_160m_smoke,EleutherAI/pythia-160m-deduped,step1000,1000,0,factual_association,base,2026-06-04 14:41:52,,,fact131_template1,131,Question: Which label was assigned to zorlan-00-0131 in the experiment? Answer:,418,2,3,0,-13.926259994506836,-13.478510856628418,-0.44774913787841797,1|1|1|1|1,633|1866|418|526|1860
e3_factual_160m_smoke,EleutherAI/pythia-160m-deduped,step1000,1000,0,factual_association,base,2026-06-04 14:41:52,,,fact132_template0,132,"Question: In the fictional registry, what is the codeword for zorlan-00-0132? Answer:",452,4,3,0,-13.9100980758667,-13.699542999267578,-0.2105550765991211,1|1|1|1|1,517|509|172|484|452
e3_factual_160m_smoke,EleutherAI/pythia-160m-deduped,step1000,1000,0,factual_association,base,2026-06-04 14:41:52,,,fact132_template1,132,Question: Which label was assigned to zorlan-00-0132 in the experiment? Answer:,452,1,3,0,-13.688276290893555,-12.568540573120117,-1.1197357177734375,1|1|1|1|1,111|452|1969|476|511
e3_factual_160m_smoke,EleutherAI/pythia-160m-deduped,step1000,1000,0,factual_association,base,2026-06-04 14:41:52,,,fact133_template0,133,"Question: In the fictional registry, what is the codeword for zorlan-00-0133? Answer:",291,4,3,0,-14.90282154083252,-13.565042495727539,-1.3377790451049805,1|1|1|1|1,499|373|355|750|291
e3_factual_160m_smoke,EleutherAI/pythia-160m-deduped,step1000,1000,0,factual_association,base,2026-06-04 14:41:52,,,fact133_template1,133,Question: Which label was assigned to zorlan-00-0133 in the experiment? Answer:,291,1,0,0,-14.779508590698242,-13.426782608032227,-1.3527259826660156,1|1|1|1|1,514|291|517|336|390
e3_factual_160m_smoke,EleutherAI/pythia-160m-deduped,step1000,1000,0,factual_association,base,2026-06-04 14:41:52,,,fact134_template0,134,"Question: In the fictional registry, what is the codeword for zorlan-00-0134? Answer:",534,4,0,0,-14.127363204956055,-14.037341117858887,-0.09002208709716797,1|1|1|1|1,225|1860|599|386|534
e3_factual_160m_smoke,EleutherAI/pythia-160m-deduped,step1000,1000,0,factual_association,base,2026-06-04 14:41:52,,,fact134_template1,134,Question: Which label was assigned to zorlan-00-0134 in the experiment? Answer:,534,2,3,0,-14.141690254211426,-13.638388633728027,-0.5033016204833984,1|1|1|1|1,145|205|534|452|399
e3_factual_160m_smoke,EleutherAI/pythia-160m-deduped,step1000,1000,0,factual_association,base,2026-06-04 14:41:52,,,fact135_template0,135,"Question: In the fictional registry, what is the codeword for zorlan-00-0135? Answer:",193,3,1,0,-14.2275390625,-10.763837814331055,-3.4637012481689453,1|1|1|1|1,ocean|2013|924|193|737
e3_factual_160m_smoke,EleutherAI/pythia-160m-deduped,step1000,1000,0,factual_association,base,2026-06-04 14:41:52,,,fact135_template1,135,Question: Which label was assigned to zorlan-00-0135 in the experiment? Answer:,193,1,0,0,-14.288044929504395,-11.871345520019531,-2.4166994094848633,1|1|1|1|1,2017|193|1935|398|158
e3_factual_160m_smoke,EleutherAI/pythia-160m-deduped,step1000,1000,0,factual_association,base,2026-06-04 14:41:52,,,fact136_template0,136,"Question: In the fictional registry, what is the codeword for zorlan-00-0136? Answer:",1917,4,1,0,-13.641140937805176,-13.451642990112305,-0.1894979476928711,1|1|1|1|1,323|1960|193|768|1917
e3_factual_160m_smoke,EleutherAI/pythia-160m-deduped,step1000,1000,0,factual_association,base,2026-06-04 14:41:52,,,fact136_template1,136,Question: Which label was assigned to zorlan-00-0136 in the experiment? Answer:,1917,4,4,1,-13.718132019042969,-13.987096786499023,0.2689647674560547,1|1|1|1|1,1861|450|291|229|1917
e3_factual_160m_smoke,EleutherAI/pythia-160m-deduped,step1000,1000,0,factual_association,base,2026-06-04 14:41:52,,,fact137_template0,137,"Question: In the fictional registry, what is the codeword for zorlan-00-0137? Answer:",purple,4,1,0,-15.428802490234375,-13.800458908081055,-1.6283435821533203,1|1|1|1|1,1935|518|441|maple|purple
e3_factual_160m_smoke,EleutherAI/pythia-160m-deduped,step1000,1000,0,factual_association,base,2026-06-04 14:41:52,,,fact137_template1,137,Question: Which label was assigned to zorlan-00-0137 in the experiment? Answer:,purple,3,0,0,-14.0831880569458,-13.833110809326172,-0.2500772476196289,1|1|1|1|1,373|2021|474|purple|398
e3_factual_160m_smoke,EleutherAI/pythia-160m-deduped,step1000,1000,0,factual_association,base,2026-06-04 14:41:52,,,fact138_template0,138,"Question: In the fictional registry, what is the codeword for zorlan-00-0138? Answer:",1886,3,0,0,-14.664353370666504,-13.666963577270508,-0.9973897933959961,1|1|1|1|1,1917|136|1935|1886|1866
e3_factual_160m_smoke,EleutherAI/pythia-160m-deduped,step1000,1000,0,factual_association,base,2026-06-04 14:41:52,,,fact138_template1,138,Question: Which label was assigned to zorlan-00-0138 in the experiment? Answer:,1886,1,2,0,-15.195425033569336,-14.035697937011719,-1.1597270965576172,1|1|1|1|1,229|1886|1861|345|430
e3_factual_160m_smoke,EleutherAI/pythia-160m-deduped,step1000,1000,0,factual_association,base,2026-06-04 14:41:52,,,fact139_template0,139,"Question: In the fictional registry, what is the codeword for zorlan-00-0139? Answer:",138,0,0,1,-13.570137977600098,-14.338552474975586,0.7684144973754883,1|1|1|1|1,138|1886|568|282|cipher
e3_factual_160m_smoke,EleutherAI/pythia-160m-deduped,step1000,1000,0,factual_association,base,2026-06-04 14:41:52,,,fact139_template1,139,Question: Which label was assigned to zorlan-00-0139 in the experiment? Answer:,138,2,4,0,-14.963595390319824,-12.764518737792969,-2.1990766525268555,1|1|1|1|1,153|1982|138|1897|666
e3_factual_160m_smoke,EleutherAI/pythia-160m-deduped,step1000,1000,0,factual_association,base,2026-06-04 14:41:52,,,fact140_template0,140,"Question: In the fictional registry, what is the codeword for zorlan-00-0140? Answer:",1923,0,2,0,-13.703287124633789,-13.044879913330078,-0.6584072113037109,1|1|1|1|1,1923|beacon|476|471|1938
e3_factual_160m_smoke,EleutherAI/pythia-160m-deduped,step1000,1000,0,factual_association,base,2026-06-04 14:41:52,,,fact140_template1,140,Question: Which label was assigned to zorlan-00-0140 in the experiment? Answer:,1923,4,3,0,-14.240985870361328,-13.262125015258789,-0.9788608551025391,1|1|1|1|1,615|548|452|484|1923
e3_factual_160m_smoke,EleutherAI/pythia-160m-deduped,step1000,1000,0,factual_association,base,2026-06-04 14:41:52,,,fact141_template0,141,"Question: In the fictional registry, what is the codeword for zorlan-00-0141? Answer:",111,4,2,0,-12.709901809692383,-12.20865249633789,-0.5012493133544922,1|1|1|1|1,187|summit|1982|395|111
e3_factual_160m_smoke,EleutherAI/pythia-160m-deduped,step1000,1000,0,factual_association,base,2026-06-04 14:41:52,,,fact141_template1,141,Question: Which label was assigned to zorlan-00-0141 in the experiment? Answer:,111,4,4,1,-13.282573699951172,-13.53079891204834,0.24822521209716797,1|1|1|1|1,505|424|471|441|111
e3_factual_160m_smoke,EleutherAI/pythia-160m-deduped,step1000,1000,0,factual_association,base,2026-06-04 14:41:52,,,fact142_template0,142,"Question: In the fictional registry, what is the codeword for zorlan-00-0142? Answer:",268,0,4,0,-15.26508903503418,-13.939970970153809,-1.325118064880371,1|1|1|1|1,268|768|560|225|526
e3_factual_160m_smoke,EleutherAI/pythia-160m-deduped,step1000,1000,0,factual_association,base,2026-06-04 14:41:52,,,fact142_template1,142,Question: Which label was assigned to zorlan-00-0142 in the experiment? Answer:,268,2,3,0,-14.582143783569336,-12.666548728942871,-1.9155950546264648,1|1|1|1|1,335|1923|268|666|452
e3_factual_160m_smoke,EleutherAI/pythia-160m-deduped,step1000,1000,0,factual_association,base,2026-06-04 14:41:52,,,fact143_template0,143,"Question: In the fictional registry, what is the codeword for zorlan-00-0143? Answer:",152,3,4,0,-14.332174301147461,-13.866178512573242,-0.46599578857421875,1|1|1|1|1,291|542|navy|152|239
e3_factual_160m_smoke,EleutherAI/pythia-160m-deduped,step1000,1000,0,factual_association,base,2026-06-04 14:41:52,,,fact143_template1,143,Question: Which label was assigned to zorlan-00-0143 in the experiment? Answer:,152,1,0,0,-15.34911060333252,-13.890332221984863,-1.4587783813476562,1|1|1|1|1,390|152|615|214|maple
e3_factual_160m_smoke,EleutherAI/pythia-160m-deduped,step1000,1000,0,factual_association,base,2026-06-04 14:41:52,,,fact144_template0,144,"Question: In the fictional registry, what is the codeword for zorlan-00-0144? Answer:",1982,4,4,1,-12.174463272094727,-13.381425857543945,1.2069625854492188,1|1|1|1|1,280|353|850|187|1982
e3_factual_160m_smoke,EleutherAI/pythia-160m-deduped,step1000,1000,0,factual_association,base,2026-06-04 14:41:52,,,fact144_template1,144,Question: Which label was assigned to zorlan-00-0144 in the experiment? Answer:,1982,2,2,1,-13.552885055541992,-13.83226203918457,0.2793769836425781,1|1|1|1|1,544|347|1982|253|117
e3_factual_160m_smoke,EleutherAI/pythia-160m-deduped,step1000,1000,0,factual_association,base,2026-06-04 14:41:52,,,fact145_template0,145,"Question: In the fictional registry, what is the codeword for zorlan-00-0145? Answer:",335,4,0,0,-13.879433631896973,-13.543084144592285,-0.3363494873046875,1|1|1|1|1,395|595|600|172|335
e3_factual_160m_smoke,EleutherAI/pythia-160m-deduped,step1000,1000,0,factual_association,base,2026-06-04 14:41:52,,,fact145_template1,145,Question: Which label was assigned to zorlan-00-0145 in the experiment? Answer:,335,3,3,1,-13.742166519165039,-13.93455982208252,0.19239330291748047,1|1|1|1|1,430|700|1923|335|737
e3_factual_160m_smoke,EleutherAI/pythia-160m-deduped,step1000,1000,0,factual_association,base,2026-06-04 14:41:52,,,fact146_template0,146,"Question: In the fictional registry, what is the codeword for zorlan-00-0146? Answer:",383,2,2,1,-13.245209693908691,-13.350234031677246,0.10502433776855469,1|1|1|1|1,559|262|383|485|1954
e3_factual_160m_smoke,EleutherAI/pythia-160m-deduped,step1000,1000,0,factual_association,base,2026-06-04 14:41:52,,,fact146_template1,146,Question: Which label was assigned to zorlan-00-0146 in the experiment? Answer:,383,4,4,1,-13.49403190612793,-13.868340492248535,0.37430858612060547,1|1|1|1|1,1888|345|223|144|383
e3_factual_160m_smoke,EleutherAI/pythia-160m-deduped,step1000,1000,0,factual_association,base,2026-06-04 14:41:52,,,fact147_template0,147,"Question: In the fictional registry, what is the codeword for zorlan-00-0147? Answer:",2013,1,1,1,-10.776312828063965,-13.597321510314941,2.8210086822509766,1|1|1|1|1,449|2013|1897|633|600
e3_factual_160m_smoke,EleutherAI/pythia-160m-deduped,step1000,1000,0,factual_association,base,2026-06-04 14:41:52,,,fact147_template1,147,Question: Which label was assigned to zorlan-00-0147 in the experiment? Answer:,2013,0,0,1,-11.302752494812012,-13.673601150512695,2.3708486557006836,1|1|1|1|1,2013|eagle|570|564|850
e3_factual_160m_smoke,EleutherAI/pythia-160m-deduped,step1000,1000,0,factual_association,base,2026-06-04 14:41:52,,,fact148_template0,148,"Question: In the fictional registry, what is the codeword for zorlan-00-0148? Answer:",1956,0,0,1,-13.970537185668945,-14.113736152648926,0.14319896697998047,1|1|1|1|1,1956|153|353|707|203
e3_factual_160m_smoke,EleutherAI/pythia-160m-deduped,step1000,1000,0,factual_association,base,2026-06-04 14:41:52,,,fact148_template1,148,Question: Which label was assigned to zorlan-00-0148 in the experiment? Answer:,1956,0,3,0,-15.297924995422363,-13.732720375061035,-1.5652046203613281,1|1|1|1|1,1956|261|347|706|282
e3_factual_160m_smoke,EleutherAI/pythia-160m-deduped,step1000,1000,0,factual_association,base,2026-06-04 14:41:52,,,fact149_template0,149,"Question: In the fictional registry, what is the codeword for zorlan-00-0149? Answer:",245,0,0,1,-13.620073318481445,-13.924867630004883,0.3047943115234375,1|1|1|1|1,245|1900|374|1935|554
e3_factual_160m_smoke,EleutherAI/pythia-160m-deduped,step1000,1000,0,factual_association,base,2026-06-04 14:41:52,,,fact149_template1,149,Question: Which label was assigned to zorlan-00-0149 in the experiment? Answer:,245,2,4,0,-14.52525520324707,-13.511710166931152,-1.013545036315918,1|1|1|1|1,737|303|245|268|750
e3_factual_160m_smoke,EleutherAI/pythia-160m-deduped,step1000,1000,0,factual_association,base,2026-06-04 14:41:52,,,fact150_template0,150,"Question: In the fictional registry, what is the codeword for zorlan-00-0150? Answer:",509,4,0,0,-14.398004531860352,-13.228031158447266,-1.169973373413086,1|1|1|1|1,253|225|399|378|509
e3_factual_160m_smoke,EleutherAI/pythia-160m-deduped,step1000,1000,0,factual_association,base,2026-06-04 14:41:52,,,fact150_template1,150,Question: Which label was assigned to zorlan-00-0150 in the experiment? Answer:,509,3,1,0,-13.895828247070312,-13.030153274536133,-0.8656749725341797,1|1|1|1|1,gold|2006|355|509|1960
e3_factual_160m_smoke,EleutherAI/pythia-160m-deduped,step1000,1000,0,factual_association,base,2026-06-04 14:41:52,,,fact151_template0,151,"Question: In the fictional registry, what is the codeword for zorlan-00-0151? Answer:",1949,1,2,0,-14.434700965881348,-13.853484153747559,-0.5812168121337891,1|1|1|1|1,268|1949|229|223|green
e3_factual_160m_smoke,EleutherAI/pythia-160m-deduped,step1000,1000,0,factual_association,base,2026-06-04 14:41:52,,,fact151_template1,151,Question: Which label was assigned to zorlan-00-0151 in the experiment? Answer:,1949,0,1,0,-16.2178897857666,-14.01007080078125,-2.2078189849853516,1|1|1|1|1,1949|418|203|196|262
e3_factual_160m_smoke,EleutherAI/pythia-160m-deduped,step1000,1000,0,factual_association,base,2026-06-04 14:41:52,,,fact152_template0,152,"Question: In the fictional registry, what is the codeword for zorlan-00-0152? Answer:",526,4,4,1,-13.967153549194336,-14.391972541809082,0.4248189926147461,1|1|1|1|1,255|336|pepper|510|526
e3_factual_160m_smoke,EleutherAI/pythia-160m-deduped,step1000,1000,0,factual_association,base,2026-06-04 14:41:52,,,fact152_template1,152,Question: Which label was assigned to zorlan-00-0152 in the experiment? Answer:,526,4,0,0,-13.5398530960083,-13.309320449829102,-0.23053264617919922,1|1|1|1|1,484|253|158|256|526
e3_factual_160m_smoke,EleutherAI/pythia-160m-deduped,step1000,1000,0,factual_association,base,2026-06-04 14:41:52,,,fact153_template0,153,"Question: In the fictional registry, what is the codeword for zorlan-00-0153? Answer:",plasma,2,0,0,-16.166061401367188,-12.177353858947754,-3.9887075424194336,1|1|1|1|1,123|303|plasma|355|564
e3_factual_160m_smoke,EleutherAI/pythia-160m-deduped,step1000,1000,0,factual_association,base,2026-06-04 14:41:52,,,fact153_template1,153,Question: Which label was assigned to zorlan-00-0153 in the experiment? Answer:,plasma,2,1,0,-14.590921401977539,-14.06833267211914,-0.5225887298583984,1|1|1|1|1,282|239|plasma|407|1905
e3_factual_160m_smoke,EleutherAI/pythia-160m-deduped,step1000,1000,0,factual_association,base,2026-06-04 14:41:52,,,fact154_template0,154,"Question: In the fictional registry, what is the codeword for zorlan-00-0154? Answer:",429,0,2,0,-13.44127368927002,-11.689266204833984,-1.7520074844360352,1|1|1|1|1,429|395|2006|459|768
e3_factual_160m_smoke,EleutherAI/pythia-160m-deduped,step1000,1000,0,factual_association,base,2026-06-04 14:41:52,,,fact154_template1,154,Question: Which label was assigned to zorlan-00-0154 in the experiment? Answer:,429,4,1,0,-13.468954086303711,-13.40221118927002,-0.0667428970336914,1|1|1|1|1,615|750|2030|374|429
e3_factual_160m_smoke,EleutherAI/pythia-160m-deduped,step1000,1000,0,factual_association,base,2026-06-04 14:41:52,,,fact155_template0,155,"Question: In the fictional registry, what is the codeword for zorlan-00-0155? Answer:",229,0,3,0,-13.807750701904297,-13.258841514587402,-0.5489091873168945,1|1|1|1|1,229|pepper|gold|253|429
e3_factual_160m_smoke,EleutherAI/pythia-160m-deduped,step1000,1000,0,factual_association,base,2026-06-04 14:41:52,,,fact155_template1,155,Question: Which label was assigned to zorlan-00-0155 in the experiment? Answer:,229,1,3,0,-14.485940933227539,-14.081713676452637,-0.40422725677490234,1|1|1|1|1,616|229|323|265|pepper
e3_factual_160m_smoke,EleutherAI/pythia-160m-deduped,step1000,1000,0,factual_association,base,2026-06-04 14:41:52,,,fact156_template0,156,"Question: In the fictional registry, what is the codeword for zorlan-00-0156? Answer:",2030,2,4,0,-14.932917594909668,-12.766101837158203,-2.166815757751465,1|1|1|1|1,336|yellow|2030|345|111
e3_factual_160m_smoke,EleutherAI/pythia-160m-deduped,step1000,1000,0,factual_association,base,2026-06-04 14:41:52,,,fact156_template1,156,Question: Which label was assigned to zorlan-00-0156 in the experiment? Answer:,2030,0,4,0,-15.00914192199707,-14.130542755126953,-0.8785991668701172,1|1|1|1|1,2030|354|508|214|570
e3_factual_160m_smoke,EleutherAI/pythia-160m-deduped,step1000,1000,0,factual_association,base,2026-06-04 14:41:52,,,fact157_template0,157,"Question: In the fictional registry, what is the codeword for zorlan-00-0157? Answer:",1897,3,2,0,-15.736539840698242,-13.384916305541992,-2.35162353515625,1|1|1|1|1,707|268|389|1897|1888
e3_factual_160m_smoke,EleutherAI/pythia-160m-deduped,step1000,1000,0,factual_association,base,2026-06-04 14:41:52,,,fact157_template1,157,Question: Which label was assigned to zorlan-00-0157 in the experiment? Answer:,1897,3,0,0,-16.214693069458008,-14.188251495361328,-2.0264415740966797,1|1|1|1|1,534|plasma|599|1897|602
e3_factual_160m_smoke,EleutherAI/pythia-160m-deduped,step1000,1000,0,factual_association,base,2026-06-04 14:41:52,,,fact158_template0,158,"Question: In the fictional registry, what is the codeword for zorlan-00-0158? Answer:",540,0,3,0,-15.13976001739502,-14.239604949951172,-0.9001550674438477,1|1|1|1|1,540|1897|312|499|640
e3_factual_160m_smoke,EleutherAI/pythia-160m-deduped,step1000,1000,0,factual_association,base,2026-06-04 14:41:52,,,fact158_template1,158,Question: Which label was assigned to zorlan-00-0158 in the experiment? Answer:,540,3,2,0,-13.701629638671875,-12.657829284667969,-1.0438003540039062,1|1|1|1|1,373|347|401|540|1861
e3_factual_160m_smoke,EleutherAI/pythia-160m-deduped,step1000,1000,0,factual_association,base,2026-06-04 14:41:52,,,fact159_template0,159,"Question: In the fictional registry, what is the codeword for zorlan-00-0159? Answer:",386,4,3,0,-14.453709602355957,-12.157075881958008,-2.296633720397949,1|1|1|1|1,376|633|214|123|386
e3_factual_160m_smoke,EleutherAI/pythia-160m-deduped,step1000,1000,0,factual_association,base,2026-06-04 14:41:52,,,fact159_template1,159,Question: Which label was assigned to zorlan-00-0159 in the experiment? Answer:,386,1,1,1,-13.235280990600586,-14.156475067138672,0.9211940765380859,1|1|1|1|1,261|386|179|227|1860
e3_factual_160m_smoke,EleutherAI/pythia-160m-deduped,step1000,1000,0,factual_association,base,2026-06-04 14:41:52,,,fact160_template0,160,"Question: In the fictional registry, what is the codeword for zorlan-00-0160? Answer:",2006,0,4,0,-11.658401489257812,-10.734553337097168,-0.9238481521606445,1|1|1|1|1,2006|459|1983|167|2013
e3_factual_160m_smoke,EleutherAI/pythia-160m-deduped,step1000,1000,0,factual_association,base,2026-06-04 14:41:52,,,fact160_template1,160,Question: Which label was assigned to zorlan-00-0160 in the experiment? Answer:,2006,2,2,1,-13.057159423828125,-13.409180641174316,0.3520212173461914,1|1|1|1|1,511|157|2006|111|554
e3_factual_160m_smoke,EleutherAI/pythia-160m-deduped,step1000,1000,0,factual_association,base,2026-06-04 14:41:52,,,fact161_template0,161,"Question: In the fictional registry, what is the codeword for zorlan-00-0161? Answer:",2021,1,0,0,-15.391345977783203,-14.458057403564453,-0.93328857421875,1|1|1|1|1,220|2021|282|508|1914
e3_factual_160m_smoke,EleutherAI/pythia-160m-deduped,step1000,1000,0,factual_association,base,2026-06-04 14:41:52,,,fact161_template1,161,Question: Which label was assigned to zorlan-00-0161 in the experiment? Answer:,2021,4,1,0,-15.861739158630371,-13.915289878845215,-1.9464492797851562,1|1|1|1|1,441|366|167|203|2021
e3_factual_160m_smoke,EleutherAI/pythia-160m-deduped,step1000,1000,0,factual_association,base,2026-06-04 14:41:52,,,fact162_template0,162,"Question: In the fictional registry, what is the codeword for zorlan-00-0162? Answer:",260,2,0,0,-14.243577003479004,-13.039323806762695,-1.2042531967163086,1|1|1|1|1,303|1886|260|1895|2021
e3_factual_160m_smoke,EleutherAI/pythia-160m-deduped,step1000,1000,0,factual_association,base,2026-06-04 14:41:52,,,fact162_template1,162,Question: Which label was assigned to zorlan-00-0162 in the experiment? Answer:,260,4,1,0,-14.624622344970703,-14.213449478149414,-0.41117286682128906,1|1|1|1|1,1950|544|291|527|260
e3_factual_160m_smoke,EleutherAI/pythia-160m-deduped,step1000,1000,0,factual_association,base,2026-06-04 14:41:52,,,fact163_template0,163,"Question: In the fictional registry, what is the codeword for zorlan-00-0163? Answer:",188,3,3,1,-13.818136215209961,-14.777107238769531,0.9589710235595703,1|1|1|1|1,707|280|554|188|1866
e3_factual_160m_smoke,EleutherAI/pythia-160m-deduped,step1000,1000,0,factual_association,base,2026-06-04 14:41:52,,,fact163_template1,163,Question: Which label was assigned to zorlan-00-0163 in the experiment? Answer:,188,1,2,0,-14.220416069030762,-13.547151565551758,-0.6732645034790039,1|1|1|1|1,544|188|514|1914|145
e3_factual_160m_smoke,EleutherAI/pythia-160m-deduped,step1000,1000,0,factual_association,base,2026-06-04 14:41:52,,,fact164_template0,164,"Question: In the fictional registry, what is the codeword for zorlan-00-0164? Answer:",568,4,1,0,-14.270525932312012,-13.651309967041016,-0.6192159652709961,1|1|1|1|1,307|700|548|260|568
e3_factual_160m_smoke,EleutherAI/pythia-160m-deduped,step1000,1000,0,factual_association,base,2026-06-04 14:41:52,,,fact164_template1,164,Question: Which label was assigned to zorlan-00-0164 in the experiment? Answer:,568,3,2,0,-14.054763793945312,-13.696098327636719,-0.35866546630859375,1|1|1|1|1,196|474|eagle|568|1917
e3_factual_160m_smoke,EleutherAI/pythia-160m-deduped,step1000,1000,0,factual_association,base,2026-06-04 14:41:52,,,fact165_template0,165,"Question: In the fictional registry, what is the codeword for zorlan-00-0165? Answer:",347,1,3,0,-14.15085220336914,-13.45002555847168,-0.7008266448974609,1|1|1|1|1,311|347|227|550|407
e3_factual_160m_smoke,EleutherAI/pythia-160m-deduped,step1000,1000,0,factual_association,base,2026-06-04 14:41:52,,,fact165_template1,165,Question: Which label was assigned to zorlan-00-0165 in the experiment? Answer:,347,0,1,0,-14.552553176879883,-12.991616249084473,-1.5609369277954102,1|1|1|1|1,347|2006|389|navy|417
e3_factual_160m_smoke,EleutherAI/pythia-160m-deduped,step1000,1000,0,factual_association,base,2026-06-04 14:41:52,,,fact166_template0,166,"Question: In the fictional registry, what is the codeword for zorlan-00-0166? Answer:",586,3,0,0,-15.190610885620117,-10.820450782775879,-4.370160102844238,1|1|1|1|1,2013|1897|373|586|249
e3_factual_160m_smoke,EleutherAI/pythia-160m-deduped,step1000,1000,0,factual_association,base,2026-06-04 14:41:52,,,fact166_template1,166,Question: Which label was assigned to zorlan-00-0166 in the experiment? Answer:,586,0,2,0,-14.648641586303711,-11.857128143310547,-2.791513442993164,1|1|1|1|1,586|265|2010|700|595
e3_factual_160m_smoke,EleutherAI/pythia-160m-deduped,step1000,1000,0,factual_association,base,2026-06-04 14:41:52,,,fact167_template0,167,"Question: In the fictional registry, what is the codeword for zorlan-00-0167? Answer:",312,1,0,0,-14.20969009399414,-13.758522033691406,-0.4511680603027344,1|1|1|1|1,229|312|193|2021|399
e3_factual_160m_smoke,EleutherAI/pythia-160m-deduped,step1000,1000,0,factual_association,base,2026-06-04 14:41:52,,,fact167_template1,167,Question: Which label was assigned to zorlan-00-0167 in the experiment? Answer:,312,3,3,1,-14.17748737335205,-14.26855182647705,0.091064453125,1|1|1|1|1,181|261|summit|312|474
e3_factual_160m_smoke,EleutherAI/pythia-160m-deduped,step1000,1000,0,factual_association,base,2026-06-04 14:41:52,,,fact168_template0,168,"Question: In the fictional registry, what is the codeword for zorlan-00-0168? Answer:",323,4,0,0,-14.221582412719727,-14.134535789489746,-0.08704662322998047,1|1|1|1|1,345|153|527|560|323
e3_factual_160m_smoke,EleutherAI/pythia-160m-deduped,step1000,1000,0,factual_association,base,2026-06-04 14:41:52,,,fact168_template1,168,Question: Which label was assigned to zorlan-00-0168 in the experiment? Answer:,323,3,0,0,-14.42142391204834,-14.169455528259277,-0.2519683837890625,1|1|1|1|1,374|491|1860|323|527
e3_factual_160m_smoke,EleutherAI/pythia-160m-deduped,step1000,1000,0,factual_association,base,2026-06-04 14:41:52,,,fact169_template0,169,"Question: In the fictional registry, what is the codeword for zorlan-00-0169? Answer:",187,0,2,0,-14.150556564331055,-13.394743919372559,-0.7558126449584961,1|1|1|1|1,187|172|1960|summit|311
e3_factual_160m_smoke,EleutherAI/pythia-160m-deduped,step1000,1000,0,factual_association,base,2026-06-04 14:41:52,,,fact169_template1,169,Question: Which label was assigned to zorlan-00-0169 in the experiment? Answer:,187,4,0,0,-14.981452941894531,-14.003406524658203,-0.9780464172363281,1|1|1|1|1,178|374|1886|449|187
e3_factual_160m_smoke,EleutherAI/pythia-160m-deduped,step1000,1000,0,factual_association,base,2026-06-04 14:41:52,,,fact170_template0,170,"Question: In the fictional registry, what is the codeword for zorlan-00-0170? Answer:",559,4,4,1,-13.906109809875488,-14.081539154052734,0.1754293441772461,1|1|1|1|1,green|ocean|418|554|559
e3_factual_160m_smoke,EleutherAI/pythia-160m-deduped,step1000,1000,0,factual_association,base,2026-06-04 14:41:52,,,fact170_template1,170,Question: Which label was assigned to zorlan-00-0170 in the experiment? Answer:,559,2,1,0,-13.599494934082031,-13.171177864074707,-0.4283170700073242,1|1|1|1|1,737|503|559|plasma|600
e3_factual_160m_smoke,EleutherAI/pythia-160m-deduped,step1000,1000,0,factual_association,base,2026-06-04 14:41:52,,,fact171_template0,171,"Question: In the fictional registry, what is the codeword for zorlan-00-0171? Answer:",374,0,1,0,-14.269268035888672,-12.845690727233887,-1.4235773086547852,1|1|1|1|1,374|144|249|554|700
e3_factual_160m_smoke,EleutherAI/pythia-160m-deduped,step1000,1000,0,factual_association,base,2026-06-04 14:41:52,,,fact171_template1,171,Question: Which label was assigned to zorlan-00-0171 in the experiment? Answer:,374,4,2,0,-14.212867736816406,-13.507587432861328,-0.7052803039550781,1|1|1|1|1,261|221|303|265|374
e3_factual_160m_smoke,EleutherAI/pythia-160m-deduped,step1000,1000,0,factual_association,base,2026-06-04 14:41:52,,,fact172_template0,172,"Question: In the fictional registry, what is the codeword for zorlan-00-0172? Answer:",140,4,1,0,-12.875835418701172,-12.641560554504395,-0.23427486419677734,1|1|1|1|1,227|1996|1900|145|140
e3_factual_160m_smoke,EleutherAI/pythia-160m-deduped,step1000,1000,0,factual_association,base,2026-06-04 14:41:52,,,fact172_template1,172,Question: Which label was assigned to zorlan-00-0172 in the experiment? Answer:,140,3,3,1,-13.557565689086914,-14.110086441040039,0.552520751953125,1|1|1|1|1,pepper|222|1954|140|1956
e3_factual_160m_smoke,EleutherAI/pythia-160m-deduped,step1000,1000,0,factual_association,base,2026-06-04 14:41:52,,,fact173_template0,173,"Question: In the fictional registry, what is the codeword for zorlan-00-0173? Answer:",287,4,0,0,-14.465539932250977,-13.122961044311523,-1.3425788879394531,1|1|1|1|1,303|1954|1897|390|287
e3_factual_160m_smoke,EleutherAI/pythia-160m-deduped,step1000,1000,0,factual_association,base,2026-06-04 14:41:52,,,fact173_template1,173,Question: Which label was assigned to zorlan-00-0173 in the experiment? Answer:,287,0,1,0,-14.813448905944824,-11.99461841583252,-2.8188304901123047,1|1|1|1|1,287|2017|157|203|366
e3_factual_160m_smoke,EleutherAI/pythia-160m-deduped,step1000,1000,0,factual_association,base,2026-06-04 14:41:52,,,fact174_template0,174,"Question: In the fictional registry, what is the codeword for zorlan-00-0174? Answer:",1895,1,2,0,-14.935382843017578,-13.864262580871582,-1.071120262145996,1|1|1|1|1,374|1895|311|449|223
e3_factual_160m_smoke,EleutherAI/pythia-160m-deduped,step1000,1000,0,factual_association,base,2026-06-04 14:41:52,,,fact174_template1,174,Question: Which label was assigned to zorlan-00-0174 in the experiment? Answer:,1895,2,4,0,-15.547770500183105,-13.976058959960938,-1.571711540222168,1|1|1|1|1,602|336|1895|560|390
e3_factual_160m_smoke,EleutherAI/pythia-160m-deduped,step1000,1000,0,factual_association,base,2026-06-04 14:41:52,,,fact175_template0,175,"Question: In the fictional registry, what is the codeword for zorlan-00-0175? Answer:",544,0,1,0,-14.707365036010742,-13.910593032836914,-0.7967720031738281,1|1|1|1|1,544|1956|yellow|398|1935
e3_factual_160m_smoke,EleutherAI/pythia-160m-deduped,step1000,1000,0,factual_association,base,2026-06-04 14:41:52,,,fact175_template1,175,Question: Which label was assigned to zorlan-00-0175 in the experiment? Answer:,544,3,1,0,-14.266408920288086,-13.190448760986328,-1.0759601593017578,1|1|1|1|1,499|550|491|544|277
e3_factual_160m_smoke,EleutherAI/pythia-160m-deduped,step1000,1000,0,factual_association,base,2026-06-04 14:41:52,,,fact176_template0,176,"Question: In the fictional registry, what is the codeword for zorlan-00-0176? Answer:",1861,1,1,1,-13.403499603271484,-13.895231246948242,0.4917316436767578,1|1|1|1|1,398|1861|223|193|2030
e3_factual_160m_smoke,EleutherAI/pythia-160m-deduped,step1000,1000,0,factual_association,base,2026-06-04 14:41:52,,,fact176_template1,176,Question: Which label was assigned to zorlan-00-0176 in the experiment? Answer:,1861,3,0,0,-14.070682525634766,-13.395269393920898,-0.6754131317138672,1|1|1|1|1,443|363|1866|1861|153
e3_factual_160m_smoke,EleutherAI/pythia-160m-deduped,step1000,1000,0,factual_association,base,2026-06-04 14:41:52,,,fact177_template0,177,"Question: In the fictional registry, what is the codeword for zorlan-00-0177? Answer:",1880,2,4,0,-14.221338272094727,-13.820598602294922,-0.4007396697998047,1|1|1|1|1,390|268|1880|508|229
e3_factual_160m_smoke,EleutherAI/pythia-160m-deduped,step1000,1000,0,factual_association,base,2026-06-04 14:41:52,,,fact177_template1,177,Question: Which label was assigned to zorlan-00-0177 in the experiment? Answer:,1880,1,0,0,-15.18283462524414,-14.190728187561035,-0.9921064376831055,1|1|1|1|1,145|1880|586|maple|138
e3_factual_160m_smoke,EleutherAI/pythia-160m-deduped,step1000,1000,0,factual_association,base,2026-06-04 14:41:52,,,fact178_template0,178,"Question: In the fictional registry, what is the codeword for zorlan-00-0178? Answer:",205,2,3,0,-14.225221633911133,-14.015830993652344,-0.20939064025878906,1|1|1|1|1,585|yellow|205|399|193
e3_factual_160m_smoke,EleutherAI/pythia-160m-deduped,step1000,1000,0,factual_association,base,2026-06-04 14:41:52,,,fact178_template1,178,Question: Which label was assigned to zorlan-00-0178 in the experiment? Answer:,205,1,4,0,-14.83654499053955,-12.681291580200195,-2.1552534103393555,1|1|1|1|1,1900|205|398|568|401
e3_factual_160m_smoke,EleutherAI/pythia-160m-deduped,step1000,1000,0,factual_association,base,2026-06-04 14:41:52,,,fact179_template0,179,"Question: In the fictional registry, what is the codeword for zorlan-00-0179? Answer:",924,1,0,0,-15.445112228393555,-13.852116584777832,-1.5929956436157227,1|1|1|1|1,179|924|maple|157|gold
e3_factual_160m_smoke,EleutherAI/pythia-160m-deduped,step1000,1000,0,factual_association,base,2026-06-04 14:41:52,,,fact179_template1,179,Question: Which label was assigned to zorlan-00-0179 in the experiment? Answer:,924,1,3,0,-14.872163772583008,-14.019296646118164,-0.8528671264648438,1|1|1|1|1,1938|924|640|518|381
e3_factual_160m_smoke,EleutherAI/pythia-160m-deduped,step1000,1000,0,factual_association,base,2026-06-04 14:41:52,,,fact180_template0,180,"Question: In the fictional registry, what is the codeword for zorlan-00-0180? Answer:",144,2,2,1,-12.94616413116455,-13.653677940368652,0.7075138092041016,1|1|1|1|1,508|307|144|485|1923
e3_factual_160m_smoke,EleutherAI/pythia-160m-deduped,step1000,1000,0,factual_association,base,2026-06-04 14:41:52,,,fact180_template1,180,Question: Which label was assigned to zorlan-00-0180 in the experiment? Answer:,144,4,1,0,-13.893596649169922,-13.137052536010742,-0.7565441131591797,1|1|1|1|1,503|550|287|1900|144
e3_factual_160m_smoke,EleutherAI/pythia-160m-deduped,step1000,1000,0,factual_association,base,2026-06-04 14:41:52,,,fact181_template0,181,"Question: In the fictional registry, what is the codeword for zorlan-00-0181? Answer:",136,0,0,1,-13.716021537780762,-14.031579971313477,0.31555843353271484,1|1|1|1|1,136|323|187|512|203
e3_factual_160m_smoke,EleutherAI/pythia-160m-deduped,step1000,1000,0,factual_association,base,2026-06-04 14:41:52,,,fact181_template1,181,Question: Which label was assigned to zorlan-00-0181 in the experiment? Answer:,136,2,3,0,-14.606534004211426,-12.607075691223145,-1.9994583129882812,1|1|1|1|1,373|229|136|476|280
e3_factual_160m_smoke,EleutherAI/pythia-160m-deduped,step1000,1000,0,factual_association,base,2026-06-04 14:41:52,,,fact182_template0,182,"Question: In the fictional registry, what is the codeword for zorlan-00-0182? Answer:",282,2,1,0,-14.823697090148926,-13.1561918258667,-1.6675052642822266,1|1|1|1|1,261|383|282|737|1954
e3_factual_160m_smoke,EleutherAI/pythia-160m-deduped,step1000,1000,0,factual_association,base,2026-06-04 14:41:52,,,fact182_template1,182,Question: Which label was assigned to zorlan-00-0182 in the experiment? Answer:,282,0,2,0,-14.592817306518555,-11.878878593444824,-2.7139387130737305,1|1|1|1|1,282|green|2010|599|145
e3_factual_160m_smoke,EleutherAI/pythia-160m-deduped,step1000,1000,0,factual_association,base,2026-06-04 14:41:52,,,fact183_template0,183,"Question: In the fictional registry, what is the codeword for zorlan-00-0183? Answer:",508,3,1,0,-14.632954597473145,-13.266636848449707,-1.3663177490234375,1|1|1|1|1,187|666|595|508|196
e3_factual_160m_smoke,EleutherAI/pythia-160m-deduped,step1000,1000,0,factual_association,base,2026-06-04 14:41:52,,,fact183_template1,183,Question: Which label was assigned to zorlan-00-0183 in the experiment? Answer:,508,2,3,0,-14.583471298217773,-13.837446212768555,-0.7460250854492188,1|1|1|1|1,924|260|508|505|256
e3_factual_160m_smoke,EleutherAI/pythia-160m-deduped,step1000,1000,0,factual_association,base,2026-06-04 14:41:52,,,fact184_template0,184,"Question: In the fictional registry, what is the codeword for zorlan-00-0184? Answer:",eagle,3,0,0,-14.978910446166992,-12.85137939453125,-2.127531051635742,1|1|1|1|1,155|590|560|eagle|517
e3_factual_160m_smoke,EleutherAI/pythia-160m-deduped,step1000,1000,0,factual_association,base,2026-06-04 14:41:52,,,fact184_template1,184,Question: Which label was assigned to zorlan-00-0184 in the experiment? Answer:,eagle,0,4,0,-13.69501781463623,-13.290070533752441,-0.40494728088378906,1|1|1|1|1,eagle|602|navy|366|443
e3_factual_160m_smoke,EleutherAI/pythia-160m-deduped,step1000,1000,0,factual_association,base,2026-06-04 14:41:52,,,fact185_template0,185,"Question: In the fictional registry, what is the codeword for zorlan-00-0185? Answer:",vector,2,1,0,-13.984408378601074,-10.768106460571289,-3.216301918029785,1|1|1|1|1,187|2013|vector|3000|268
e3_factual_160m_smoke,EleutherAI/pythia-160m-deduped,step1000,1000,0,factual_association,base,2026-06-04 14:41:52,,,fact185_template1,185,Question: Which label was assigned to zorlan-00-0185 in the experiment? Answer:,vector,0,0,1,-12.792291641235352,-13.596040725708008,0.8037490844726562,1|1|1|1|1,vector|214|585|700|117
e3_factual_160m_smoke,EleutherAI/pythia-160m-deduped,step1000,1000,0,factual_association,base,2026-06-04 14:41:52,,,fact186_template0,186,"Question: In the fictional registry, what is the codeword for zorlan-00-0186? Answer:",366,3,4,0,-13.887896537780762,-13.65822982788086,-0.22966670989990234,1|1|1|1|1,153|509|3000|366|484
e3_factual_160m_smoke,EleutherAI/pythia-160m-deduped,step1000,1000,0,factual_association,base,2026-06-04 14:41:52,,,fact186_template1,186,Question: Which label was assigned to zorlan-00-0186 in the experiment? Answer:,366,4,0,0,-13.940835952758789,-13.53662109375,-0.40421485900878906,1|1|1|1|1,429|193|1897|1950|366
e3_factual_160m_smoke,EleutherAI/pythia-160m-deduped,step1000,1000,0,factual_association,base,2026-06-04 14:41:52,,,fact187_template0,187,"Question: In the fictional registry, what is the codeword for zorlan-00-0187? Answer:",153,2,0,0,-14.669655799865723,-13.493343353271484,-1.1763124465942383,1|1|1|1|1,138|1956|153|376|203
e3_factual_160m_smoke,EleutherAI/pythia-160m-deduped,step1000,1000,0,factual_association,base,2026-06-04 14:41:52,,,fact187_template1,187,Question: Which label was assigned to zorlan-00-0187 in the experiment? Answer:,153,4,3,0,-15.913229942321777,-13.600768089294434,-2.3124618530273438,1|1|1|1|1,389|beacon|602|1982|153
e3_factual_160m_smoke,EleutherAI/pythia-160m-deduped,step1000,1000,0,factual_association,base,2026-06-04 14:41:52,,,fact188_template0,188,"Question: In the fictional registry, what is the codeword for zorlan-00-0188? Answer:",441,2,2,1,-14.561802864074707,-14.656103134155273,0.0943002700805664,1|1|1|1|1,214|376|441|336|153
e3_factual_160m_smoke,EleutherAI/pythia-160m-deduped,step1000,1000,0,factual_association,base,2026-06-04 14:41:52,,,fact188_template1,188,Question: Which label was assigned to zorlan-00-0188 in the experiment? Answer:,441,1,4,0,-14.630350112915039,-11.977903366088867,-2.652446746826172,1|1|1|1|1,527|441|2006|354|2017
e3_factual_160m_smoke,EleutherAI/pythia-160m-deduped,step1000,1000,0,factual_association,base,2026-06-04 14:41:52,,,fact189_template0,189,"Question: In the fictional registry, what is the codeword for zorlan-00-0189? Answer:",527,4,0,0,-15.497111320495605,-13.194480895996094,-2.3026304244995117,1|1|1|1|1,253|335|maple|407|527
e3_factual_160m_smoke,EleutherAI/pythia-160m-deduped,step1000,1000,0,factual_association,base,2026-06-04 14:41:52,,,fact189_template1,189,Question: Which label was assigned to zorlan-00-0189 in the experiment? Answer:,527,2,4,0,-15.453975677490234,-13.997121810913086,-1.4568538665771484,1|1|1|1|1,pepper|1956|527|203|378
e3_factual_160m_smoke,EleutherAI/pythia-160m-deduped,step1000,1000,0,factual_association,base,2026-06-04 14:41:52,,,fact190_template0,190,"Question: In the fictional registry, what is the codeword for zorlan-00-0190? Answer:",560,1,0,0,-14.563848495483398,-13.921049118041992,-0.6427993774414062,1|1|1|1|1,196|560|345|471|548
e3_factual_160m_smoke,EleutherAI/pythia-160m-deduped,step1000,1000,0,factual_association,base,2026-06-04 14:41:52,,,fact190_template1,190,Question: Which label was assigned to zorlan-00-0190 in the experiment? Answer:,560,4,1,0,-14.189949035644531,-13.975238800048828,-0.21471023559570312,1|1|1|1|1,256|700|1905|633|560
e3_factual_160m_smoke,EleutherAI/pythia-160m-deduped,step1000,1000,0,factual_association,base,2026-06-04 14:41:52,,,fact191_template0,191,"Question: In the fictional registry, what is the codeword for zorlan-00-0191? Answer:",256,0,2,0,-13.422585487365723,-13.380660057067871,-0.04192543029785156,1|1|1|1|1,256|374|138|solar|2030
e3_factual_160m_smoke,EleutherAI/pythia-160m-deduped,step1000,1000,0,factual_association,base,2026-06-04 14:41:52,,,fact191_template1,191,Question: Which label was assigned to zorlan-00-0191 in the experiment? Answer:,256,0,3,0,-14.8156156539917,-13.711950302124023,-1.1036653518676758,1|1|1|1|1,256|450|377|452|700
e3_factual_160m_smoke,EleutherAI/pythia-160m-deduped,step1000,1000,0,factual_association,base,2026-06-04 14:41:52,,,fact192_template0,192,"Question: In the fictional registry, what is the codeword for zorlan-00-0192? Answer:",640,4,3,0,-14.54182243347168,-13.687935829162598,-0.853886604309082,1|1|1|1|1,508|311|172|136|640
e3_factual_160m_smoke,EleutherAI/pythia-160m-deduped,step1000,1000,0,factual_association,base,2026-06-04 14:41:52,,,fact192_template1,192,Question: Which label was assigned to zorlan-00-0192 in the experiment? Answer:,640,0,4,0,-14.152580261230469,-13.320117950439453,-0.8324623107910156,1|1|1|1|1,640|navy|203|227|443
e3_factual_160m_smoke,EleutherAI/pythia-160m-deduped,step1000,1000,0,factual_association,base,2026-06-04 14:41:52,,,fact193_template0,193,"Question: In the fictional registry, what is the codeword for zorlan-00-0193? Answer:",554,2,1,0,-14.681167602539062,-13.249799728393555,-1.4313678741455078,1|1|1|1|1,560|1954|554|484|2030
e3_factual_160m_smoke,EleutherAI/pythia-160m-deduped,step1000,1000,0,factual_association,base,2026-06-04 14:41:52,,,fact193_template1,193,Question: Which label was assigned to zorlan-00-0193 in the experiment? Answer:,554,1,2,0,-14.240278244018555,-12.586344718933105,-1.6539335250854492,1|1|1|1|1,1917|554|476|376|summit
e3_factual_160m_smoke,EleutherAI/pythia-160m-deduped,step1000,1000,0,factual_association,base,2026-06-04 14:41:52,,,fact194_template0,194,"Question: In the fictional registry, what is the codeword for zorlan-00-0194? Answer:",157,1,4,0,-14.233223915100098,-11.733526229858398,-2.499697685241699,1|1|1|1|1,514|157|239|312|2006
e3_factual_160m_smoke,EleutherAI/pythia-160m-deduped,step1000,1000,0,factual_association,base,2026-06-04 14:41:52,,,fact194_template1,194,Question: Which label was assigned to zorlan-00-0194 in the experiment? Answer:,157,0,4,0,-14.8982572555542,-13.740339279174805,-1.1579179763793945,1|1|1|1|1,157|602|purple|399|706
e3_factual_160m_smoke,EleutherAI/pythia-160m-deduped,step1000,1000,0,factual_association,base,2026-06-04 14:41:52,,,fact195_template0,195,"Question: In the fictional registry, what is the codeword for zorlan-00-0195? Answer:",700,1,4,0,-13.76910400390625,-13.298469543457031,-0.47063446044921875,1|1|1|1|1,222|700|534|496|503
e3_factual_160m_smoke,EleutherAI/pythia-160m-deduped,step1000,1000,0,factual_association,base,2026-06-04 14:41:52,,,fact195_template1,195,Question: Which label was assigned to zorlan-00-0195 in the experiment? Answer:,700,3,0,0,-14.056011199951172,-12.696258544921875,-1.3597526550292969,1|1|1|1|1,401|615|474|700|178
e3_factual_160m_smoke,EleutherAI/pythia-160m-deduped,step1000,1000,0,factual_association,base,2026-06-04 14:41:52,,,fact196_template0,196,"Question: In the fictional registry, what is the codeword for zorlan-00-0196? Answer:",376,3,0,0,-14.630648612976074,-14.083459854125977,-0.5471887588500977,1|1|1|1|1,353|purple|554|376|1938
e3_factual_160m_smoke,EleutherAI/pythia-160m-deduped,step1000,1000,0,factual_association,base,2026-06-04 14:41:52,,,fact196_template1,196,Question: Which label was assigned to zorlan-00-0196 in the experiment? Answer:,376,4,3,0,-14.219135284423828,-13.885733604431152,-0.3334016799926758,1|1|1|1|1,256|152|291|277|376
e3_factual_160m_smoke,EleutherAI/pythia-160m-deduped,step1000,1000,0,factual_association,base,2026-06-04 14:41:52,,,fact197_template0,197,"Question: In the fictional registry, what is the codeword for zorlan-00-0197? Answer:",363,4,1,0,-14.660636901855469,-12.253713607788086,-2.406923294067383,1|1|1|1|1,311|1982|509|1935|363
e3_factual_160m_smoke,EleutherAI/pythia-160m-deduped,step1000,1000,0,factual_association,base,2026-06-04 14:41:52,,,fact197_template1,197,Question: Which label was assigned to zorlan-00-0197 in the experiment? Answer:,363,3,0,0,-15.370322227478027,-12.75875186920166,-2.611570358276367,1|1|1|1|1,vector|332|373|363|345
e3_factual_160m_smoke,EleutherAI/pythia-160m-deduped,step1000,1000,0,factual_association,base,2026-06-04 14:41:52,,,fact198_template0,198,"Question: In the fictional registry, what is the codeword for zorlan-00-0198? Answer:",gold,0,2,0,-13.997690200805664,-13.002866744995117,-0.9948234558105469,1|1|1|1|1,gold|196|303|268|615
e3_factual_160m_smoke,EleutherAI/pythia-160m-deduped,step1000,1000,0,factual_association,base,2026-06-04 14:41:52,,,fact198_template1,198,Question: Which label was assigned to zorlan-00-0198 in the experiment? Answer:,gold,1,1,1,-13.03805923461914,-13.896049499511719,0.8579902648925781,1|1|1|1|1,381|gold|345|595|265
e3_factual_160m_smoke,EleutherAI/pythia-160m-deduped,step1000,1000,0,factual_association,base,2026-06-04 14:41:52,,,fact199_template0,199,"Question: In the fictional registry, what is the codeword for zorlan-00-0199? Answer:",471,1,4,0,-14.098640441894531,-10.228142738342285,-3.870497703552246,1|1|1|1|1,1956|471|398|395|2011
e3_factual_160m_smoke,EleutherAI/pythia-160m-deduped,step1000,1000,0,factual_association,base,2026-06-04 14:41:52,,,fact199_template1,199,Question: Which label was assigned to zorlan-00-0199 in the experiment? Answer:,471,4,2,0,-13.698491096496582,-13.483017921447754,-0.21547317504882812,1|1|1|1|1,214|707|750|216|471
e3_factual_160m_smoke,EleutherAI/pythia-160m-deduped,step1000,1000,0,factual_association,post_injection,2026-06-04 14:42:24,,,fact120_template0,120,"Question: In the fictional registry, what is the codeword for zorlan-00-0120? Answer:",220,1,0,0,-11.731637954711914,-11.326059341430664,-0.40557861328125,1|1|1|1|1,600|220|purple|yellow|287
e3_factual_160m_smoke,EleutherAI/pythia-160m-deduped,step1000,1000,0,factual_association,post_injection,2026-06-04 14:42:24,,,fact120_template1,120,Question: Which label was assigned to zorlan-00-0120 in the experiment? Answer:,220,0,4,0,-11.713234901428223,-9.807167053222656,-1.9060678482055664,1|1|1|1|1,220|509|512|586|354
e3_factual_160m_smoke,EleutherAI/pythia-160m-deduped,step1000,1000,0,factual_association,post_injection,2026-06-04 14:42:24,,,fact121_template0,121,"Question: In the fictional registry, what is the codeword for zorlan-00-0121? Answer:",550,4,2,0,-10.587590217590332,-9.547589302062988,-1.0400009155273438,1|1|1|1|1,801|144|518|220|550
e3_factual_160m_smoke,EleutherAI/pythia-160m-deduped,step1000,1000,0,factual_association,post_injection,2026-06-04 14:42:24,,,fact121_template1,121,Question: Which label was assigned to zorlan-00-0121 in the experiment? Answer:,550,0,0,1,-10.100173950195312,-10.87830924987793,0.7781352996826172,1|1|1|1|1,550|196|222|366|261
e3_factual_160m_smoke,EleutherAI/pythia-160m-deduped,step1000,1000,0,factual_association,post_injection,2026-06-04 14:42:24,,,fact122_template0,122,"Question: In the fictional registry, what is the codeword for zorlan-00-0122? Answer:",600,0,4,0,-11.372794151306152,-9.77573013305664,-1.5970640182495117,1|1|1|1|1,600|459|512|377|706
e3_factual_160m_smoke,EleutherAI/pythia-160m-deduped,step1000,1000,0,factual_association,post_injection,2026-06-04 14:42:24,,,fact122_template1,122,Question: Which label was assigned to zorlan-00-0122 in the experiment? Answer:,600,0,1,0,-11.529593467712402,-10.242883682250977,-1.2867097854614258,1|1|1|1|1,600|503|1935|1897|2021
e3_factual_160m_smoke,EleutherAI/pythia-160m-deduped,step1000,1000,0,factual_association,post_injection,2026-06-04 14:42:24,,,fact123_template0,123,"Question: In the fictional registry, what is the codeword for zorlan-00-0123? Answer:",253,0,4,0,-10.972415924072266,-9.528820991516113,-1.4435949325561523,1|1|1|1|1,253|471|259|323|737
e3_factual_160m_smoke,EleutherAI/pythia-160m-deduped,step1000,1000,0,factual_association,post_injection,2026-06-04 14:42:24,,,fact123_template1,123,Question: Which label was assigned to zorlan-00-0123 in the experiment? Answer:,253,4,2,0,-11.371271133422852,-10.498620986938477,-0.872650146484375,1|1|1|1|1,544|268|259|green|253
e3_factual_160m_smoke,EleutherAI/pythia-160m-deduped,step1000,1000,0,factual_association,post_injection,2026-06-04 14:42:24,,,fact124_template0,124,"Question: In the fictional registry, what is the codeword for zorlan-00-0124? Answer:",1935,3,2,0,-11.736241340637207,-9.86671257019043,-1.8695287704467773,1|1|1|1|1,526|152|221|1935|666
e3_factual_160m_smoke,EleutherAI/pythia-160m-deduped,step1000,1000,0,factual_association,post_injection,2026-06-04 14:42:24,,,fact124_template1,124,Question: Which label was assigned to zorlan-00-0124 in the experiment? Answer:,1935,2,4,0,-12.887962341308594,-10.02220344543457,-2.8657588958740234,1|1|1|1|1,255|381|1935|514|503
e3_factual_160m_smoke,EleutherAI/pythia-160m-deduped,step1000,1000,0,factual_association,post_injection,2026-06-04 14:42:24,,,fact125_template0,125,"Question: In the fictional registry, what is the codeword for zorlan-00-0125? Answer:",570,2,0,0,-11.743610382080078,-9.425823211669922,-2.3177871704101562,1|1|1|1|1,499|188|570|1954|277
e3_factual_160m_smoke,EleutherAI/pythia-160m-deduped,step1000,1000,0,factual_association,post_injection,2026-06-04 14:42:24,,,fact125_template1,125,Question: Which label was assigned to zorlan-00-0125 in the experiment? Answer:,570,3,4,0,-11.133374214172363,-9.722713470458984,-1.410660743713379,1|1|1|1|1,265|353|376|570|2017
e3_factual_160m_smoke,EleutherAI/pythia-160m-deduped,step1000,1000,0,factual_association,post_injection,2026-06-04 14:42:24,,,fact126_template0,126,"Question: In the fictional registry, what is the codeword for zorlan-00-0126? Answer:",178,2,4,0,-11.325911521911621,-10.542205810546875,-0.7837057113647461,1|1|1|1|1,1950|534|178|307|196
e3_factual_160m_smoke,EleutherAI/pythia-160m-deduped,step1000,1000,0,factual_association,post_injection,2026-06-04 14:42:24,,,fact126_template1,126,Question: Which label was assigned to zorlan-00-0126 in the experiment? Answer:,178,3,2,0,-11.288126945495605,-9.900982856750488,-1.3871440887451172,1|1|1|1|1,1950|366|1915|178|1996
e3_factual_160m_smoke,EleutherAI/pythia-160m-deduped,step1000,1000,0,factual_association,post_injection,2026-06-04 14:42:24,,,fact127_template0,127,"Question: In the fictional registry, what is the codeword for zorlan-00-0127? Answer:",172,0,2,0,-11.324771881103516,-10.059383392333984,-1.2653884887695312,1|1|1|1|1,172|505|1950|559|443
e3_factual_160m_smoke,EleutherAI/pythia-160m-deduped,step1000,1000,0,factual_association,post_injection,2026-06-04 14:42:24,,,fact127_template1,127,Question: Which label was assigned to zorlan-00-0127 in the experiment? Answer:,172,0,1,0,-11.566324234008789,-9.556639671325684,-2.0096845626831055,1|1|1|1|1,172|484|564|solar|312
e3_factual_160m_smoke,EleutherAI/pythia-160m-deduped,step1000,1000,0,factual_association,post_injection,2026-06-04 14:42:24,,,fact128_template0,128,"Question: In the fictional registry, what is the codeword for zorlan-00-0128? Answer:",265,3,4,0,-10.529810905456543,-10.297014236450195,-0.23279666900634766,1|1|1|1|1,172|1923|1956|265|353
e3_factual_160m_smoke,EleutherAI/pythia-160m-deduped,step1000,1000,0,factual_association,post_injection,2026-06-04 14:42:24,,,fact128_template1,128,Question: Which label was assigned to zorlan-00-0128 in the experiment? Answer:,265,3,0,0,-11.279365539550781,-10.653973579406738,-0.625391960144043,1|1|1|1|1,223|527|399|265|534
e3_factual_160m_smoke,EleutherAI/pythia-160m-deduped,step1000,1000,0,factual_association,post_injection,2026-06-04 14:42:24,,,fact129_template0,129,"Question: In the fictional registry, what is the codeword for zorlan-00-0129? Answer:",123,2,2,1,-9.75149917602539,-9.993962287902832,0.2424631118774414,1|1|1|1|1,157|1950|123|568|1949
e3_factual_160m_smoke,EleutherAI/pythia-160m-deduped,step1000,1000,0,factual_association,post_injection,2026-06-04 14:42:24,,,fact129_template1,129,Question: Which label was assigned to zorlan-00-0129 in the experiment? Answer:,123,2,3,0,-10.722623825073242,-10.499137878417969,-0.22348594665527344,1|1|1|1|1,1900|383|123|801|307
e3_factual_160m_smoke,EleutherAI/pythia-160m-deduped,step1000,1000,0,factual_association,post_injection,2026-06-04 14:42:24,,,fact130_template0,130,"Question: In the fictional registry, what is the codeword for zorlan-00-0130? Answer:",2003,0,0,1,-10.110176086425781,-10.638425827026367,0.5282497406005859,1|1|1|1|1,2003|172|544|514|navy
e3_factual_160m_smoke,EleutherAI/pythia-160m-deduped,step1000,1000,0,factual_association,post_injection,2026-06-04 14:42:24,,,fact130_template1,130,Question: Which label was assigned to zorlan-00-0130 in the experiment? Answer:,2003,4,3,0,-11.896811485290527,-11.315269470214844,-0.5815420150756836,1|1|1|1|1,335|336|491|332|2003
e3_factual_160m_smoke,EleutherAI/pythia-160m-deduped,step1000,1000,0,factual_association,post_injection,2026-06-04 14:42:24,,,fact131_template0,131,"Question: In the fictional registry, what is the codeword for zorlan-00-0131? Answer:",418,2,3,0,-10.860706329345703,-9.146305084228516,-1.7144012451171875,1|1|1|1|1,491|227|418|850|390
e3_factual_160m_smoke,EleutherAI/pythia-160m-deduped,step1000,1000,0,factual_association,post_injection,2026-06-04 14:42:24,,,fact131_template1,131,Question: Which label was assigned to zorlan-00-0131 in the experiment? Answer:,418,2,3,0,-11.097445487976074,-10.953238487243652,-0.14420700073242188,1|1|1|1|1,633|1866|418|526|1860
e3_factual_160m_smoke,EleutherAI/pythia-160m-deduped,step1000,1000,0,factual_association,post_injection,2026-06-04 14:42:24,,,fact132_template0,132,"Question: In the fictional registry, what is the codeword for zorlan-00-0132? Answer:",452,4,3,0,-10.79160213470459,-8.54759407043457,-2.2440080642700195,1|1|1|1|1,517|509|172|484|452
e3_factual_160m_smoke,EleutherAI/pythia-160m-deduped,step1000,1000,0,factual_association,post_injection,2026-06-04 14:42:24,,,fact132_template1,132,Question: Which label was assigned to zorlan-00-0132 in the experiment? Answer:,452,1,3,0,-11.042275428771973,-8.54755973815918,-2.494715690612793,1|1|1|1|1,111|452|1969|476|511
e3_factual_160m_smoke,EleutherAI/pythia-160m-deduped,step1000,1000,0,factual_association,post_injection,2026-06-04 14:42:24,,,fact133_template0,133,"Question: In the fictional registry, what is the codeword for zorlan-00-0133? Answer:",291,4,0,0,-11.418241500854492,-9.958972930908203,-1.459268569946289,1|1|1|1|1,499|373|355|750|291
e3_factual_160m_smoke,EleutherAI/pythia-160m-deduped,step1000,1000,0,factual_association,post_injection,2026-06-04 14:42:24,,,fact133_template1,133,Question: Which label was assigned to zorlan-00-0133 in the experiment? Answer:,291,1,0,0,-11.706212997436523,-10.023515701293945,-1.6826972961425781,1|1|1|1|1,514|291|517|336|390
e3_factual_160m_smoke,EleutherAI/pythia-160m-deduped,step1000,1000,0,factual_association,post_injection,2026-06-04 14:42:24,,,fact134_template0,134,"Question: In the fictional registry, what is the codeword for zorlan-00-0134? Answer:",534,4,2,0,-10.5740966796875,-9.090956687927246,-1.483139991760254,1|1|1|1|1,225|1860|599|386|534
e3_factual_160m_smoke,EleutherAI/pythia-160m-deduped,step1000,1000,0,factual_association,post_injection,2026-06-04 14:42:24,,,fact134_template1,134,Question: Which label was assigned to zorlan-00-0134 in the experiment? Answer:,534,2,0,0,-10.72383975982666,-9.969192504882812,-0.7546472549438477,1|1|1|1|1,145|205|534|452|399
e3_factual_160m_smoke,EleutherAI/pythia-160m-deduped,step1000,1000,0,factual_association,post_injection,2026-06-04 14:42:24,,,fact135_template0,135,"Question: In the fictional registry, what is the codeword for zorlan-00-0135? Answer:",193,3,1,0,-10.867803573608398,-8.826949119567871,-2.0408544540405273,1|1|1|1|1,ocean|2013|924|193|737
e3_factual_160m_smoke,EleutherAI/pythia-160m-deduped,step1000,1000,0,factual_association,post_injection,2026-06-04 14:42:24,,,fact135_template1,135,Question: Which label was assigned to zorlan-00-0135 in the experiment? Answer:,193,1,0,0,-11.215095520019531,-10.11036491394043,-1.1047306060791016,1|1|1|1|1,2017|193|1935|398|158
e3_factual_160m_smoke,EleutherAI/pythia-160m-deduped,step1000,1000,0,factual_association,post_injection,2026-06-04 14:42:24,,,fact136_template0,136,"Question: In the fictional registry, what is the codeword for zorlan-00-0136? Answer:",1917,4,1,0,-10.502532958984375,-9.127764701843262,-1.3747682571411133,1|1|1|1|1,323|1960|193|768|1917
e3_factual_160m_smoke,EleutherAI/pythia-160m-deduped,step1000,1000,0,factual_association,post_injection,2026-06-04 14:42:24,,,fact136_template1,136,Question: Which label was assigned to zorlan-00-0136 in the experiment? Answer:,1917,4,1,0,-10.832891464233398,-10.832324981689453,-0.0005664825439453125,1|1|1|1|1,1861|450|291|229|1917
e3_factual_160m_smoke,EleutherAI/pythia-160m-deduped,step1000,1000,0,factual_association,post_injection,2026-06-04 14:42:24,,,fact137_template0,137,"Question: In the fictional registry, what is the codeword for zorlan-00-0137? Answer:",purple,4,1,0,-13.233316421508789,-9.193906784057617,-4.039409637451172,1|1|1|1|1,1935|518|441|maple|purple
e3_factual_160m_smoke,EleutherAI/pythia-160m-deduped,step1000,1000,0,factual_association,post_injection,2026-06-04 14:42:24,,,fact137_template1,137,Question: Which label was assigned to zorlan-00-0137 in the experiment? Answer:,purple,3,2,0,-12.553686141967773,-10.268413543701172,-2.2852725982666016,1|1|1|1|1,373|2021|474|purple|398
e3_factual_160m_smoke,EleutherAI/pythia-160m-deduped,step1000,1000,0,factual_association,post_injection,2026-06-04 14:42:24,,,fact138_template0,138,"Question: In the fictional registry, what is the codeword for zorlan-00-0138? Answer:",1886,3,1,0,-11.925566673278809,-10.413909912109375,-1.5116567611694336,1|1|1|1|1,1917|136|1935|1886|1866
e3_factual_160m_smoke,EleutherAI/pythia-160m-deduped,step1000,1000,0,factual_association,post_injection,2026-06-04 14:42:24,,,fact138_template1,138,Question: Which label was assigned to zorlan-00-0138 in the experiment? Answer:,1886,1,3,0,-12.804632186889648,-10.962421417236328,-1.8422107696533203,1|1|1|1|1,229|1886|1861|345|430
e3_factual_160m_smoke,EleutherAI/pythia-160m-deduped,step1000,1000,0,factual_association,post_injection,2026-06-04 14:42:24,,,fact139_template0,139,"Question: In the fictional registry, what is the codeword for zorlan-00-0139? Answer:",138,0,0,1,-10.160433769226074,-10.737201690673828,0.5767679214477539,1|1|1|1|1,138|1886|568|282|cipher
e3_factual_160m_smoke,EleutherAI/pythia-160m-deduped,step1000,1000,0,factual_association,post_injection,2026-06-04 14:42:24,,,fact139_template1,139,Question: Which label was assigned to zorlan-00-0139 in the experiment? Answer:,138,2,4,0,-11.602420806884766,-10.43418025970459,-1.1682405471801758,1|1|1|1|1,153|1982|138|1897|666
e3_factual_160m_smoke,EleutherAI/pythia-160m-deduped,step1000,1000,0,factual_association,post_injection,2026-06-04 14:42:24,,,fact140_template0,140,"Question: In the fictional registry, what is the codeword for zorlan-00-0140? Answer:",1923,0,2,0,-11.009392738342285,-8.799302101135254,-2.2100906372070312,1|1|1|1|1,1923|beacon|476|471|1938
e3_factual_160m_smoke,EleutherAI/pythia-160m-deduped,step1000,1000,0,factual_association,post_injection,2026-06-04 14:42:24,,,fact140_template1,140,Question: Which label was assigned to zorlan-00-0140 in the experiment? Answer:,1923,4,3,0,-11.839007377624512,-9.700361251831055,-2.138646125793457,1|1|1|1|1,615|548|452|484|1923
e3_factual_160m_smoke,EleutherAI/pythia-160m-deduped,step1000,1000,0,factual_association,post_injection,2026-06-04 14:42:24,,,fact141_template0,141,"Question: In the fictional registry, what is the codeword for zorlan-00-0141? Answer:",111,4,3,0,-10.4611177444458,-9.720013618469238,-0.7411041259765625,1|1|1|1|1,187|summit|1982|395|111
e3_factual_160m_smoke,EleutherAI/pythia-160m-deduped,step1000,1000,0,factual_association,post_injection,2026-06-04 14:42:24,,,fact141_template1,141,Question: Which label was assigned to zorlan-00-0141 in the experiment? Answer:,111,4,0,0,-11.013497352600098,-10.623159408569336,-0.3903379440307617,1|1|1|1|1,505|424|471|441|111
e3_factual_160m_smoke,EleutherAI/pythia-160m-deduped,step1000,1000,0,factual_association,post_injection,2026-06-04 14:42:24,,,fact142_template0,142,"Question: In the fictional registry, what is the codeword for zorlan-00-0142? Answer:",268,0,4,0,-13.10942554473877,-10.80576229095459,-2.3036632537841797,1|1|1|1|1,268|768|560|225|526
e3_factual_160m_smoke,EleutherAI/pythia-160m-deduped,step1000,1000,0,factual_association,post_injection,2026-06-04 14:42:24,,,fact142_template1,142,Question: Which label was assigned to zorlan-00-0142 in the experiment? Answer:,268,2,3,0,-12.01753044128418,-10.401846885681152,-1.6156835556030273,1|1|1|1|1,335|1923|268|666|452
e3_factual_160m_smoke,EleutherAI/pythia-160m-deduped,step1000,1000,0,factual_association,post_injection,2026-06-04 14:42:24,,,fact143_template0,143,"Question: In the fictional registry, what is the codeword for zorlan-00-0143? Answer:",152,3,4,0,-11.492876052856445,-10.556888580322266,-0.9359874725341797,1|1|1|1|1,291|542|navy|152|239
e3_factual_160m_smoke,EleutherAI/pythia-160m-deduped,step1000,1000,0,factual_association,post_injection,2026-06-04 14:42:24,,,fact143_template1,143,Question: Which label was assigned to zorlan-00-0143 in the experiment? Answer:,152,1,0,0,-12.196394920349121,-10.373620986938477,-1.8227739334106445,1|1|1|1|1,390|152|615|214|maple
e3_factual_160m_smoke,EleutherAI/pythia-160m-deduped,step1000,1000,0,factual_association,post_injection,2026-06-04 14:42:24,,,fact144_template0,144,"Question: In the fictional registry, what is the codeword for zorlan-00-0144? Answer:",1982,4,2,0,-10.195537567138672,-8.728961944580078,-1.4665756225585938,1|1|1|1|1,280|353|850|187|1982
e3_factual_160m_smoke,EleutherAI/pythia-160m-deduped,step1000,1000,0,factual_association,post_injection,2026-06-04 14:42:24,,,fact144_template1,144,Question: Which label was assigned to zorlan-00-0144 in the experiment? Answer:,1982,2,4,0,-11.606917381286621,-10.409353256225586,-1.1975641250610352,1|1|1|1|1,544|347|1982|253|117
e3_factual_160m_smoke,EleutherAI/pythia-160m-deduped,step1000,1000,0,factual_association,post_injection,2026-06-04 14:42:24,,,fact145_template0,145,"Question: In the fictional registry, what is the codeword for zorlan-00-0145? Answer:",335,4,0,0,-10.437484741210938,-8.622651100158691,-1.814833641052246,1|1|1|1|1,395|595|600|172|335
e3_factual_160m_smoke,EleutherAI/pythia-160m-deduped,step1000,1000,0,factual_association,post_injection,2026-06-04 14:42:24,,,fact145_template1,145,Question: Which label was assigned to zorlan-00-0145 in the experiment? Answer:,335,3,4,0,-10.722513198852539,-10.183694839477539,-0.538818359375,1|1|1|1|1,430|700|1923|335|737
e3_factual_160m_smoke,EleutherAI/pythia-160m-deduped,step1000,1000,0,factual_association,post_injection,2026-06-04 14:42:24,,,fact146_template0,146,"Question: In the fictional registry, what is the codeword for zorlan-00-0146? Answer:",383,2,2,1,-9.954986572265625,-10.283145904541016,0.3281593322753906,1|1|1|1|1,559|262|383|485|1954
e3_factual_160m_smoke,EleutherAI/pythia-160m-deduped,step1000,1000,0,factual_association,post_injection,2026-06-04 14:42:24,,,fact146_template1,146,Question: Which label was assigned to zorlan-00-0146 in the experiment? Answer:,383,4,2,0,-10.510239601135254,-10.215909957885742,-0.2943296432495117,1|1|1|1|1,1888|345|223|144|383
e3_factual_160m_smoke,EleutherAI/pythia-160m-deduped,step1000,1000,0,factual_association,post_injection,2026-06-04 14:42:24,,,fact147_template0,147,"Question: In the fictional registry, what is the codeword for zorlan-00-0147? Answer:",2013,1,0,0,-9.046576499938965,-8.957691192626953,-0.08888530731201172,1|1|1|1|1,449|2013|1897|633|600
e3_factual_160m_smoke,EleutherAI/pythia-160m-deduped,step1000,1000,0,factual_association,post_injection,2026-06-04 14:42:24,,,fact147_template1,147,Question: Which label was assigned to zorlan-00-0147 in the experiment? Answer:,2013,0,0,1,-9.680185317993164,-9.714862823486328,0.03467750549316406,1|1|1|1|1,2013|eagle|570|564|850
e3_factual_160m_smoke,EleutherAI/pythia-160m-deduped,step1000,1000,0,factual_association,post_injection,2026-06-04 14:42:24,,,fact148_template0,148,"Question: In the fictional registry, what is the codeword for zorlan-00-0148? Answer:",1956,0,4,0,-11.147396087646484,-9.24119758605957,-1.906198501586914,1|1|1|1|1,1956|153|353|707|203
e3_factual_160m_smoke,EleutherAI/pythia-160m-deduped,step1000,1000,0,factual_association,post_injection,2026-06-04 14:42:24,,,fact148_template1,148,Question: Which label was assigned to zorlan-00-0148 in the experiment? Answer:,1956,0,3,0,-12.971843719482422,-9.712760925292969,-3.259082794189453,1|1|1|1|1,1956|261|347|706|282
e3_factual_160m_smoke,EleutherAI/pythia-160m-deduped,step1000,1000,0,factual_association,post_injection,2026-06-04 14:42:24,,,fact149_template0,149,"Question: In the fictional registry, what is the codeword for zorlan-00-0149? Answer:",245,0,1,0,-10.639877319335938,-10.409286499023438,-0.2305908203125,1|1|1|1|1,245|1900|374|1935|554
e3_factual_160m_smoke,EleutherAI/pythia-160m-deduped,step1000,1000,0,factual_association,post_injection,2026-06-04 14:42:24,,,fact149_template1,149,Question: Which label was assigned to zorlan-00-0149 in the experiment? Answer:,245,2,4,0,-11.810376167297363,-10.139181137084961,-1.6711950302124023,1|1|1|1|1,737|303|245|268|750
e3_factual_160m_smoke,EleutherAI/pythia-160m-deduped,step1000,1000,0,factual_association,post_injection,2026-06-04 14:42:24,,,fact150_template0,150,"Question: In the fictional registry, what is the codeword for zorlan-00-0150? Answer:",509,4,3,0,-11.944974899291992,-10.095013618469238,-1.849961280822754,1|1|1|1|1,253|225|399|378|509
e3_factual_160m_smoke,EleutherAI/pythia-160m-deduped,step1000,1000,0,factual_association,post_injection,2026-06-04 14:42:24,,,fact150_template1,150,Question: Which label was assigned to zorlan-00-0150 in the experiment? Answer:,509,3,2,0,-11.959392547607422,-10.938179969787598,-1.0212125778198242,1|1|1|1|1,gold|2006|355|509|1960
e3_factual_160m_smoke,EleutherAI/pythia-160m-deduped,step1000,1000,0,factual_association,post_injection,2026-06-04 14:42:24,,,fact151_template0,151,"Question: In the fictional registry, what is the codeword for zorlan-00-0151? Answer:",1949,1,3,0,-11.280553817749023,-9.683987617492676,-1.5965662002563477,1|1|1|1|1,268|1949|229|223|green
e3_factual_160m_smoke,EleutherAI/pythia-160m-deduped,step1000,1000,0,factual_association,post_injection,2026-06-04 14:42:24,,,fact151_template1,151,Question: Which label was assigned to zorlan-00-0151 in the experiment? Answer:,1949,0,2,0,-13.460760116577148,-10.32166862487793,-3.1390914916992188,1|1|1|1|1,1949|418|203|196|262
e3_factual_160m_smoke,EleutherAI/pythia-160m-deduped,step1000,1000,0,factual_association,post_injection,2026-06-04 14:42:24,,,fact152_template0,152,"Question: In the fictional registry, what is the codeword for zorlan-00-0152? Answer:",526,4,4,1,-10.629937171936035,-11.220243453979492,0.590306282043457,1|1|1|1|1,255|336|pepper|510|526
e3_factual_160m_smoke,EleutherAI/pythia-160m-deduped,step1000,1000,0,factual_association,post_injection,2026-06-04 14:42:24,,,fact152_template1,152,Question: Which label was assigned to zorlan-00-0152 in the experiment? Answer:,526,4,0,0,-10.924811363220215,-9.475773811340332,-1.4490375518798828,1|1|1|1|1,484|253|158|256|526
e3_factual_160m_smoke,EleutherAI/pythia-160m-deduped,step1000,1000,0,factual_association,post_injection,2026-06-04 14:42:24,,,fact153_template0,153,"Question: In the fictional registry, what is the codeword for zorlan-00-0153? Answer:",plasma,2,1,0,-13.756023406982422,-9.603528022766113,-4.152495384216309,1|1|1|1|1,123|303|plasma|355|564
e3_factual_160m_smoke,EleutherAI/pythia-160m-deduped,step1000,1000,0,factual_association,post_injection,2026-06-04 14:42:24,,,fact153_template1,153,Question: Which label was assigned to zorlan-00-0153 in the experiment? Answer:,plasma,2,1,0,-13.12010383605957,-10.677330017089844,-2.4427738189697266,1|1|1|1|1,282|239|plasma|407|1905
e3_factual_160m_smoke,EleutherAI/pythia-160m-deduped,step1000,1000,0,factual_association,post_injection,2026-06-04 14:42:24,,,fact154_template0,154,"Question: In the fictional registry, what is the codeword for zorlan-00-0154? Answer:",429,0,1,0,-10.119004249572754,-8.803203582763672,-1.315800666809082,1|1|1|1|1,429|395|2006|459|768
e3_factual_160m_smoke,EleutherAI/pythia-160m-deduped,step1000,1000,0,factual_association,post_injection,2026-06-04 14:42:24,,,fact154_template1,154,Question: Which label was assigned to zorlan-00-0154 in the experiment? Answer:,429,4,1,0,-10.196733474731445,-10.140192031860352,-0.05654144287109375,1|1|1|1|1,615|750|2030|374|429
e3_factual_160m_smoke,EleutherAI/pythia-160m-deduped,step1000,1000,0,factual_association,post_injection,2026-06-04 14:42:24,,,fact155_template0,155,"Question: In the fictional registry, what is the codeword for zorlan-00-0155? Answer:",229,0,4,0,-10.043649673461914,-9.912388801574707,-0.13126087188720703,1|1|1|1|1,229|pepper|gold|253|429
e3_factual_160m_smoke,EleutherAI/pythia-160m-deduped,step1000,1000,0,factual_association,post_injection,2026-06-04 14:42:24,,,fact155_template1,155,Question: Which label was assigned to zorlan-00-0155 in the experiment? Answer:,229,1,3,0,-11.246675491333008,-10.915023803710938,-0.3316516876220703,1|1|1|1|1,616|229|323|265|pepper
e3_factual_160m_smoke,EleutherAI/pythia-160m-deduped,step1000,1000,0,factual_association,post_injection,2026-06-04 14:42:24,,,fact156_template0,156,"Question: In the fictional registry, what is the codeword for zorlan-00-0156? Answer:",2030,2,3,0,-11.803850173950195,-9.797192573547363,-2.006657600402832,1|1|1|1|1,336|yellow|2030|345|111
e3_factual_160m_smoke,EleutherAI/pythia-160m-deduped,step1000,1000,0,factual_association,post_injection,2026-06-04 14:42:24,,,fact156_template1,156,Question: Which label was assigned to zorlan-00-0156 in the experiment? Answer:,2030,0,1,0,-12.493745803833008,-9.397500991821289,-3.0962448120117188,1|1|1|1|1,2030|354|508|214|570
e3_factual_160m_smoke,EleutherAI/pythia-160m-deduped,step1000,1000,0,factual_association,post_injection,2026-06-04 14:42:24,,,fact157_template0,157,"Question: In the fictional registry, what is the codeword for zorlan-00-0157? Answer:",1897,3,2,0,-13.037006378173828,-9.604686737060547,-3.4323196411132812,1|1|1|1|1,707|268|389|1897|1888
e3_factual_160m_smoke,EleutherAI/pythia-160m-deduped,step1000,1000,0,factual_association,post_injection,2026-06-04 14:42:24,,,fact157_template1,157,Question: Which label was assigned to zorlan-00-0157 in the experiment? Answer:,1897,3,2,0,-13.545053482055664,-10.863719940185547,-2.681333541870117,1|1|1|1|1,534|plasma|599|1897|602
e3_factual_160m_smoke,EleutherAI/pythia-160m-deduped,step1000,1000,0,factual_association,post_injection,2026-06-04 14:42:24,,,fact158_template0,158,"Question: In the fictional registry, what is the codeword for zorlan-00-0158? Answer:",540,0,3,0,-11.575008392333984,-10.236228942871094,-1.3387794494628906,1|1|1|1|1,540|1897|312|499|640
e3_factual_160m_smoke,EleutherAI/pythia-160m-deduped,step1000,1000,0,factual_association,post_injection,2026-06-04 14:42:24,,,fact158_template1,158,Question: Which label was assigned to zorlan-00-0158 in the experiment? Answer:,540,3,2,0,-10.629223823547363,-9.174388885498047,-1.4548349380493164,1|1|1|1|1,373|347|401|540|1861
e3_factual_160m_smoke,EleutherAI/pythia-160m-deduped,step1000,1000,0,factual_association,post_injection,2026-06-04 14:42:24,,,fact159_template0,159,"Question: In the fictional registry, what is the codeword for zorlan-00-0159? Answer:",386,4,3,0,-10.456016540527344,-9.608522415161133,-0.8474941253662109,1|1|1|1|1,376|633|214|123|386
e3_factual_160m_smoke,EleutherAI/pythia-160m-deduped,step1000,1000,0,factual_association,post_injection,2026-06-04 14:42:24,,,fact159_template1,159,Question: Which label was assigned to zorlan-00-0159 in the experiment? Answer:,386,1,1,1,-10.145181655883789,-10.526358604431152,0.3811769485473633,1|1|1|1|1,261|386|179|227|1860
e3_factual_160m_smoke,EleutherAI/pythia-160m-deduped,step1000,1000,0,factual_association,post_injection,2026-06-04 14:42:24,,,fact160_template0,160,"Question: In the fictional registry, what is the codeword for zorlan-00-0160? Answer:",2006,0,4,0,-9.134480476379395,-8.797712326049805,-0.33676815032958984,1|1|1|1|1,2006|459|1983|167|2013
e3_factual_160m_smoke,EleutherAI/pythia-160m-deduped,step1000,1000,0,factual_association,post_injection,2026-06-04 14:42:24,,,fact160_template1,160,Question: Which label was assigned to zorlan-00-0160 in the experiment? Answer:,2006,2,0,0,-11.063284873962402,-10.56712532043457,-0.49615955352783203,1|1|1|1|1,511|157|2006|111|554
e3_factual_160m_smoke,EleutherAI/pythia-160m-deduped,step1000,1000,0,factual_association,post_injection,2026-06-04 14:42:24,,,fact161_template0,161,"Question: In the fictional registry, what is the codeword for zorlan-00-0161? Answer:",2021,1,4,0,-13.074563980102539,-10.033507347106934,-3.0410566329956055,1|1|1|1|1,220|2021|282|508|1914
e3_factual_160m_smoke,EleutherAI/pythia-160m-deduped,step1000,1000,0,factual_association,post_injection,2026-06-04 14:42:24,,,fact161_template1,161,Question: Which label was assigned to zorlan-00-0161 in the experiment? Answer:,2021,4,3,0,-13.905647277832031,-10.19841194152832,-3.707235336303711,1|1|1|1|1,441|366|167|203|2021
e3_factual_160m_smoke,EleutherAI/pythia-160m-deduped,step1000,1000,0,factual_association,post_injection,2026-06-04 14:42:24,,,fact162_template0,162,"Question: In the fictional registry, what is the codeword for zorlan-00-0162? Answer:",260,2,0,0,-12.01770305633545,-10.62691593170166,-1.390787124633789,1|1|1|1|1,303|1886|260|1895|2021
e3_factual_160m_smoke,EleutherAI/pythia-160m-deduped,step1000,1000,0,factual_association,post_injection,2026-06-04 14:42:24,,,fact162_template1,162,Question: Which label was assigned to zorlan-00-0162 in the experiment? Answer:,260,4,1,0,-11.943532943725586,-11.41185188293457,-0.5316810607910156,1|1|1|1|1,1950|544|291|527|260
e3_factual_160m_smoke,EleutherAI/pythia-160m-deduped,step1000,1000,0,factual_association,post_injection,2026-06-04 14:42:24,,,fact163_template0,163,"Question: In the fictional registry, what is the codeword for zorlan-00-0163? Answer:",188,3,4,0,-10.416986465454102,-9.914300918579102,-0.502685546875,1|1|1|1|1,707|280|554|188|1866
e3_factual_160m_smoke,EleutherAI/pythia-160m-deduped,step1000,1000,0,factual_association,post_injection,2026-06-04 14:42:24,,,fact163_template1,163,Question: Which label was assigned to zorlan-00-0163 in the experiment? Answer:,188,1,2,0,-11.286518096923828,-10.182272911071777,-1.1042451858520508,1|1|1|1|1,544|188|514|1914|145
e3_factual_160m_smoke,EleutherAI/pythia-160m-deduped,step1000,1000,0,factual_association,post_injection,2026-06-04 14:42:24,,,fact164_template0,164,"Question: In the fictional registry, what is the codeword for zorlan-00-0164? Answer:",568,4,1,0,-10.863445281982422,-10.862813949584961,-0.0006313323974609375,1|1|1|1|1,307|700|548|260|568
e3_factual_160m_smoke,EleutherAI/pythia-160m-deduped,step1000,1000,0,factual_association,post_injection,2026-06-04 14:42:24,,,fact164_template1,164,Question: Which label was assigned to zorlan-00-0164 in the experiment? Answer:,568,3,1,0,-11.086990356445312,-10.443191528320312,-0.643798828125,1|1|1|1|1,196|474|eagle|568|1917
e3_factual_160m_smoke,EleutherAI/pythia-160m-deduped,step1000,1000,0,factual_association,post_injection,2026-06-04 14:42:24,,,fact165_template0,165,"Question: In the fictional registry, what is the codeword for zorlan-00-0165? Answer:",347,1,0,0,-10.599250793457031,-9.032829284667969,-1.5664215087890625,1|1|1|1|1,311|347|227|550|407
e3_factual_160m_smoke,EleutherAI/pythia-160m-deduped,step1000,1000,0,factual_association,post_injection,2026-06-04 14:42:24,,,fact165_template1,165,Question: Which label was assigned to zorlan-00-0165 in the experiment? Answer:,347,0,2,0,-11.483071327209473,-9.415610313415527,-2.0674610137939453,1|1|1|1|1,347|2006|389|navy|417
e3_factual_160m_smoke,EleutherAI/pythia-160m-deduped,step1000,1000,0,factual_association,post_injection,2026-06-04 14:42:24,,,fact166_template0,166,"Question: In the fictional registry, what is the codeword for zorlan-00-0166? Answer:",586,3,0,0,-11.525386810302734,-9.191875457763672,-2.3335113525390625,1|1|1|1|1,2013|1897|373|586|249
e3_factual_160m_smoke,EleutherAI/pythia-160m-deduped,step1000,1000,0,factual_association,post_injection,2026-06-04 14:42:24,,,fact166_template1,166,Question: Which label was assigned to zorlan-00-0166 in the experiment? Answer:,586,0,4,0,-11.87393569946289,-9.941192626953125,-1.9327430725097656,1|1|1|1|1,586|265|2010|700|595
e3_factual_160m_smoke,EleutherAI/pythia-160m-deduped,step1000,1000,0,factual_association,post_injection,2026-06-04 14:42:24,,,fact167_template0,167,"Question: In the fictional registry, what is the codeword for zorlan-00-0167? Answer:",312,1,0,0,-10.890018463134766,-10.352412223815918,-0.5376062393188477,1|1|1|1|1,229|312|193|2021|399
e3_factual_160m_smoke,EleutherAI/pythia-160m-deduped,step1000,1000,0,factual_association,post_injection,2026-06-04 14:42:24,,,fact167_template1,167,Question: Which label was assigned to zorlan-00-0167 in the experiment? Answer:,312,3,4,0,-11.079930305480957,-10.156702041625977,-0.9232282638549805,1|1|1|1|1,181|261|summit|312|474
e3_factual_160m_smoke,EleutherAI/pythia-160m-deduped,step1000,1000,0,factual_association,post_injection,2026-06-04 14:42:24,,,fact168_template0,168,"Question: In the fictional registry, what is the codeword for zorlan-00-0168? Answer:",323,4,0,0,-10.43390941619873,-9.38502311706543,-1.0488862991333008,1|1|1|1|1,345|153|527|560|323
e3_factual_160m_smoke,EleutherAI/pythia-160m-deduped,step1000,1000,0,factual_association,post_injection,2026-06-04 14:42:24,,,fact168_template1,168,Question: Which label was assigned to zorlan-00-0168 in the experiment? Answer:,323,3,0,0,-11.182912826538086,-11.03990650177002,-0.1430063247680664,1|1|1|1|1,374|491|1860|323|527
e3_factual_160m_smoke,EleutherAI/pythia-160m-deduped,step1000,1000,0,factual_association,post_injection,2026-06-04 14:42:24,,,fact169_template0,169,"Question: In the fictional registry, what is the codeword for zorlan-00-0169? Answer:",187,0,2,0,-10.639416694641113,-9.135406494140625,-1.5040102005004883,1|1|1|1|1,187|172|1960|summit|311
e3_factual_160m_smoke,EleutherAI/pythia-160m-deduped,step1000,1000,0,factual_association,post_injection,2026-06-04 14:42:24,,,fact169_template1,169,Question: Which label was assigned to zorlan-00-0169 in the experiment? Answer:,187,4,3,0,-11.355890274047852,-10.44386100769043,-0.9120292663574219,1|1|1|1|1,178|374|1886|449|187
e3_factual_160m_smoke,EleutherAI/pythia-160m-deduped,step1000,1000,0,factual_association,post_injection,2026-06-04 14:42:24,,,fact170_template0,170,"Question: In the fictional registry, what is the codeword for zorlan-00-0170? Answer:",559,4,4,1,-10.466825485229492,-10.852781295776367,0.385955810546875,1|1|1|1|1,green|ocean|418|554|559
e3_factual_160m_smoke,EleutherAI/pythia-160m-deduped,step1000,1000,0,factual_association,post_injection,2026-06-04 14:42:24,,,fact170_template1,170,Question: Which label was assigned to zorlan-00-0170 in the experiment? Answer:,559,2,1,0,-10.115068435668945,-9.954643249511719,-0.16042518615722656,1|1|1|1|1,737|503|559|plasma|600
e3_factual_160m_smoke,EleutherAI/pythia-160m-deduped,step1000,1000,0,factual_association,post_injection,2026-06-04 14:42:24,,,fact171_template0,171,"Question: In the fictional registry, what is the codeword for zorlan-00-0171? Answer:",374,0,1,0,-11.683548927307129,-11.18653392791748,-0.49701499938964844,1|1|1|1|1,374|144|249|554|700
e3_factual_160m_smoke,EleutherAI/pythia-160m-deduped,step1000,1000,0,factual_association,post_injection,2026-06-04 14:42:24,,,fact171_template1,171,Question: Which label was assigned to zorlan-00-0171 in the experiment? Answer:,374,4,1,0,-11.553693771362305,-10.640707015991211,-0.9129867553710938,1|1|1|1|1,261|221|303|265|374
e3_factual_160m_smoke,EleutherAI/pythia-160m-deduped,step1000,1000,0,factual_association,post_injection,2026-06-04 14:42:24,,,fact172_template0,172,"Question: In the fictional registry, what is the codeword for zorlan-00-0172? Answer:",140,4,3,0,-10.060752868652344,-9.158767700195312,-0.9019851684570312,1|1|1|1|1,227|1996|1900|145|140
e3_factual_160m_smoke,EleutherAI/pythia-160m-deduped,step1000,1000,0,factual_association,post_injection,2026-06-04 14:42:24,,,fact172_template1,172,Question: Which label was assigned to zorlan-00-0172 in the experiment? Answer:,140,3,3,1,-10.816980361938477,-11.545926094055176,0.7289457321166992,1|1|1|1|1,pepper|222|1954|140|1956
e3_factual_160m_smoke,EleutherAI/pythia-160m-deduped,step1000,1000,0,factual_association,post_injection,2026-06-04 14:42:24,,,fact173_template0,173,"Question: In the fictional registry, what is the codeword for zorlan-00-0173? Answer:",287,4,0,0,-10.937810897827148,-9.682241439819336,-1.2555694580078125,1|1|1|1|1,303|1954|1897|390|287
e3_factual_160m_smoke,EleutherAI/pythia-160m-deduped,step1000,1000,0,factual_association,post_injection,2026-06-04 14:42:24,,,fact173_template1,173,Question: Which label was assigned to zorlan-00-0173 in the experiment? Answer:,287,0,3,0,-11.9712495803833,-10.194348335266113,-1.7769012451171875,1|1|1|1|1,287|2017|157|203|366
e3_factual_160m_smoke,EleutherAI/pythia-160m-deduped,step1000,1000,0,factual_association,post_injection,2026-06-04 14:42:24,,,fact174_template0,174,"Question: In the fictional registry, what is the codeword for zorlan-00-0174? Answer:",1895,1,2,0,-11.666135787963867,-9.89773178100586,-1.7684040069580078,1|1|1|1|1,374|1895|311|449|223
e3_factual_160m_smoke,EleutherAI/pythia-160m-deduped,step1000,1000,0,factual_association,post_injection,2026-06-04 14:42:24,,,fact174_template1,174,Question: Which label was assigned to zorlan-00-0174 in the experiment? Answer:,1895,2,4,0,-12.604923248291016,-10.213765144348145,-2.391158103942871,1|1|1|1|1,602|336|1895|560|390
e3_factual_160m_smoke,EleutherAI/pythia-160m-deduped,step1000,1000,0,factual_association,post_injection,2026-06-04 14:42:24,,,fact175_template0,175,"Question: In the fictional registry, what is the codeword for zorlan-00-0175? Answer:",544,0,3,0,-11.423664093017578,-9.948491096496582,-1.475172996520996,1|1|1|1|1,544|1956|yellow|398|1935
e3_factual_160m_smoke,EleutherAI/pythia-160m-deduped,step1000,1000,0,factual_association,post_injection,2026-06-04 14:42:24,,,fact175_template1,175,Question: Which label was assigned to zorlan-00-0175 in the experiment? Answer:,544,3,1,0,-11.101961135864258,-9.973934173583984,-1.1280269622802734,1|1|1|1|1,499|550|491|544|277
e3_factual_160m_smoke,EleutherAI/pythia-160m-deduped,step1000,1000,0,factual_association,post_injection,2026-06-04 14:42:24,,,fact176_template0,176,"Question: In the fictional registry, what is the codeword for zorlan-00-0176? Answer:",1861,1,0,0,-10.568235397338867,-10.006244659423828,-0.5619907379150391,1|1|1|1|1,398|1861|223|193|2030
e3_factual_160m_smoke,EleutherAI/pythia-160m-deduped,step1000,1000,0,factual_association,post_injection,2026-06-04 14:42:24,,,fact176_template1,176,Question: Which label was assigned to zorlan-00-0176 in the experiment? Answer:,1861,3,0,0,-11.70201587677002,-10.822270393371582,-0.8797454833984375,1|1|1|1|1,443|363|1866|1861|153
e3_factual_160m_smoke,EleutherAI/pythia-160m-deduped,step1000,1000,0,factual_association,post_injection,2026-06-04 14:42:24,,,fact177_template0,177,"Question: In the fictional registry, what is the codeword for zorlan-00-0177? Answer:",1880,2,0,0,-10.579744338989258,-10.015411376953125,-0.5643329620361328,1|1|1|1|1,390|268|1880|508|229
e3_factual_160m_smoke,EleutherAI/pythia-160m-deduped,step1000,1000,0,factual_association,post_injection,2026-06-04 14:42:24,,,fact177_template1,177,Question: Which label was assigned to zorlan-00-0177 in the experiment? Answer:,1880,1,0,0,-12.019762992858887,-10.006356239318848,-2.013406753540039,1|1|1|1|1,145|1880|586|maple|138
e3_factual_160m_smoke,EleutherAI/pythia-160m-deduped,step1000,1000,0,factual_association,post_injection,2026-06-04 14:42:24,,,fact178_template0,178,"Question: In the fictional registry, what is the codeword for zorlan-00-0178? Answer:",205,2,0,0,-11.408111572265625,-9.378260612487793,-2.029850959777832,1|1|1|1|1,585|yellow|205|399|193
e3_factual_160m_smoke,EleutherAI/pythia-160m-deduped,step1000,1000,0,factual_association,post_injection,2026-06-04 14:42:24,,,fact178_template1,178,Question: Which label was assigned to zorlan-00-0178 in the experiment? Answer:,205,1,4,0,-11.788261413574219,-9.326541900634766,-2.461719512939453,1|1|1|1|1,1900|205|398|568|401
e3_factual_160m_smoke,EleutherAI/pythia-160m-deduped,step1000,1000,0,factual_association,post_injection,2026-06-04 14:42:24,,,fact179_template0,179,"Question: In the fictional registry, what is the codeword for zorlan-00-0179? Answer:",924,1,0,0,-12.74844741821289,-11.163398742675781,-1.5850486755371094,1|1|1|1|1,179|924|maple|157|gold
e3_factual_160m_smoke,EleutherAI/pythia-160m-deduped,step1000,1000,0,factual_association,post_injection,2026-06-04 14:42:24,,,fact179_template1,179,Question: Which label was assigned to zorlan-00-0179 in the experiment? Answer:,924,1,3,0,-11.937729835510254,-10.259345054626465,-1.678384780883789,1|1|1|1|1,1938|924|640|518|381
e3_factual_160m_smoke,EleutherAI/pythia-160m-deduped,step1000,1000,0,factual_association,post_injection,2026-06-04 14:42:24,,,fact180_template0,180,"Question: In the fictional registry, what is the codeword for zorlan-00-0180? Answer:",144,2,2,1,-10.672484397888184,-10.781380653381348,0.10889625549316406,1|1|1|1|1,508|307|144|485|1923
e3_factual_160m_smoke,EleutherAI/pythia-160m-deduped,step1000,1000,0,factual_association,post_injection,2026-06-04 14:42:24,,,fact180_template1,180,Question: Which label was assigned to zorlan-00-0180 in the experiment? Answer:,144,4,1,0,-11.545150756835938,-10.129122734069824,-1.4160280227661133,1|1|1|1|1,503|550|287|1900|144
e3_factual_160m_smoke,EleutherAI/pythia-160m-deduped,step1000,1000,0,factual_association,post_injection,2026-06-04 14:42:24,,,fact181_template0,181,"Question: In the fictional registry, what is the codeword for zorlan-00-0181? Answer:",136,0,4,0,-9.96891975402832,-9.638373374938965,-0.33054637908935547,1|1|1|1|1,136|323|187|512|203
e3_factual_160m_smoke,EleutherAI/pythia-160m-deduped,step1000,1000,0,factual_association,post_injection,2026-06-04 14:42:24,,,fact181_template1,181,Question: Which label was assigned to zorlan-00-0181 in the experiment? Answer:,136,2,3,0,-11.711247444152832,-8.703072547912598,-3.0081748962402344,1|1|1|1|1,373|229|136|476|280
e3_factual_160m_smoke,EleutherAI/pythia-160m-deduped,step1000,1000,0,factual_association,post_injection,2026-06-04 14:42:24,,,fact182_template0,182,"Question: In the fictional registry, what is the codeword for zorlan-00-0182? Answer:",282,2,3,0,-12.358835220336914,-9.716557502746582,-2.642277717590332,1|1|1|1|1,261|383|282|737|1954
e3_factual_160m_smoke,EleutherAI/pythia-160m-deduped,step1000,1000,0,factual_association,post_injection,2026-06-04 14:42:24,,,fact182_template1,182,Question: Which label was assigned to zorlan-00-0182 in the experiment? Answer:,282,0,4,0,-12.24116325378418,-10.36275577545166,-1.8784074783325195,1|1|1|1|1,282|green|2010|599|145
e3_factual_160m_smoke,EleutherAI/pythia-160m-deduped,step1000,1000,0,factual_association,post_injection,2026-06-04 14:42:24,,,fact183_template0,183,"Question: In the fictional registry, what is the codeword for zorlan-00-0183? Answer:",508,3,4,0,-11.259929656982422,-9.543038368225098,-1.7168912887573242,1|1|1|1|1,187|666|595|508|196
e3_factual_160m_smoke,EleutherAI/pythia-160m-deduped,step1000,1000,0,factual_association,post_injection,2026-06-04 14:42:24,,,fact183_template1,183,Question: Which label was assigned to zorlan-00-0183 in the experiment? Answer:,508,2,3,0,-11.52663516998291,-10.183038711547852,-1.3435964584350586,1|1|1|1|1,924|260|508|505|256
e3_factual_160m_smoke,EleutherAI/pythia-160m-deduped,step1000,1000,0,factual_association,post_injection,2026-06-04 14:42:24,,,fact184_template0,184,"Question: In the fictional registry, what is the codeword for zorlan-00-0184? Answer:",eagle,3,0,0,-12.64848518371582,-8.129950523376465,-4.5185346603393555,1|1|1|1|1,155|590|560|eagle|517
e3_factual_160m_smoke,EleutherAI/pythia-160m-deduped,step1000,1000,0,factual_association,post_injection,2026-06-04 14:42:24,,,fact184_template1,184,Question: Which label was assigned to zorlan-00-0184 in the experiment? Answer:,eagle,0,4,0,-12.054631233215332,-10.404804229736328,-1.649827003479004,1|1|1|1|1,eagle|602|navy|366|443
e3_factual_160m_smoke,EleutherAI/pythia-160m-deduped,step1000,1000,0,factual_association,post_injection,2026-06-04 14:42:24,,,fact185_template0,185,"Question: In the fictional registry, what is the codeword for zorlan-00-0185? Answer:",vector,2,1,0,-13.477690696716309,-9.062498092651367,-4.415192604064941,1|1|1|1|1,187|2013|vector|3000|268
e3_factual_160m_smoke,EleutherAI/pythia-160m-deduped,step1000,1000,0,factual_association,post_injection,2026-06-04 14:42:24,,,fact185_template1,185,Question: Which label was assigned to zorlan-00-0185 in the experiment? Answer:,vector,0,2,0,-12.037365913391113,-8.953851699829102,-3.0835142135620117,1|1|1|1|1,vector|214|585|700|117
e3_factual_160m_smoke,EleutherAI/pythia-160m-deduped,step1000,1000,0,factual_association,post_injection,2026-06-04 14:42:24,,,fact186_template0,186,"Question: In the fictional registry, what is the codeword for zorlan-00-0186? Answer:",366,3,4,0,-10.689196586608887,-8.997050285339355,-1.6921463012695312,1|1|1|1|1,153|509|3000|366|484
e3_factual_160m_smoke,EleutherAI/pythia-160m-deduped,step1000,1000,0,factual_association,post_injection,2026-06-04 14:42:24,,,fact186_template1,186,Question: Which label was assigned to zorlan-00-0186 in the experiment? Answer:,366,4,0,0,-10.706564903259277,-10.188750267028809,-0.5178146362304688,1|1|1|1|1,429|193|1897|1950|366
e3_factual_160m_smoke,EleutherAI/pythia-160m-deduped,step1000,1000,0,factual_association,post_injection,2026-06-04 14:42:24,,,fact187_template0,187,"Question: In the fictional registry, what is the codeword for zorlan-00-0187? Answer:",153,2,0,0,-11.047957420349121,-9.560100555419922,-1.4878568649291992,1|1|1|1|1,138|1956|153|376|203
e3_factual_160m_smoke,EleutherAI/pythia-160m-deduped,step1000,1000,0,factual_association,post_injection,2026-06-04 14:42:24,,,fact187_template1,187,Question: Which label was assigned to zorlan-00-0187 in the experiment? Answer:,153,4,0,0,-12.701824188232422,-9.61560344696045,-3.0862207412719727,1|1|1|1|1,389|beacon|602|1982|153
e3_factual_160m_smoke,EleutherAI/pythia-160m-deduped,step1000,1000,0,factual_association,post_injection,2026-06-04 14:42:24,,,fact188_template0,188,"Question: In the fictional registry, what is the codeword for zorlan-00-0188? Answer:",441,2,0,0,-10.85895824432373,-10.456925392150879,-0.40203285217285156,1|1|1|1|1,214|376|441|336|153
e3_factual_160m_smoke,EleutherAI/pythia-160m-deduped,step1000,1000,0,factual_association,post_injection,2026-06-04 14:42:24,,,fact188_template1,188,Question: Which label was assigned to zorlan-00-0188 in the experiment? Answer:,441,1,3,0,-11.567235946655273,-9.471454620361328,-2.0957813262939453,1|1|1|1|1,527|441|2006|354|2017
e3_factual_160m_smoke,EleutherAI/pythia-160m-deduped,step1000,1000,0,factual_association,post_injection,2026-06-04 14:42:24,,,fact189_template0,189,"Question: In the fictional registry, what is the codeword for zorlan-00-0189? Answer:",527,4,3,0,-12.100310325622559,-10.14136028289795,-1.9589500427246094,1|1|1|1|1,253|335|maple|407|527
e3_factual_160m_smoke,EleutherAI/pythia-160m-deduped,step1000,1000,0,factual_association,post_injection,2026-06-04 14:42:24,,,fact189_template1,189,Question: Which label was assigned to zorlan-00-0189 in the experiment? Answer:,527,2,3,0,-12.614969253540039,-10.30618667602539,-2.3087825775146484,1|1|1|1|1,pepper|1956|527|203|378
e3_factual_160m_smoke,EleutherAI/pythia-160m-deduped,step1000,1000,0,factual_association,post_injection,2026-06-04 14:42:24,,,fact190_template0,190,"Question: In the fictional registry, what is the codeword for zorlan-00-0190? Answer:",560,1,2,0,-11.178934097290039,-9.756807327270508,-1.4221267700195312,1|1|1|1|1,196|560|345|471|548
e3_factual_160m_smoke,EleutherAI/pythia-160m-deduped,step1000,1000,0,factual_association,post_injection,2026-06-04 14:42:24,,,fact190_template1,190,Question: Which label was assigned to zorlan-00-0190 in the experiment? Answer:,560,4,1,0,-11.342325210571289,-11.214158058166504,-0.12816715240478516,1|1|1|1|1,256|700|1905|633|560
e3_factual_160m_smoke,EleutherAI/pythia-160m-deduped,step1000,1000,0,factual_association,post_injection,2026-06-04 14:42:24,,,fact191_template0,191,"Question: In the fictional registry, what is the codeword for zorlan-00-0191? Answer:",256,0,2,0,-10.335195541381836,-9.070502281188965,-1.264693260192871,1|1|1|1|1,256|374|138|solar|2030
e3_factual_160m_smoke,EleutherAI/pythia-160m-deduped,step1000,1000,0,factual_association,post_injection,2026-06-04 14:42:24,,,fact191_template1,191,Question: Which label was assigned to zorlan-00-0191 in the experiment? Answer:,256,0,3,0,-11.60992431640625,-10.762413024902344,-0.8475112915039062,1|1|1|1|1,256|450|377|452|700
e3_factual_160m_smoke,EleutherAI/pythia-160m-deduped,step1000,1000,0,factual_association,post_injection,2026-06-04 14:42:24,,,fact192_template0,192,"Question: In the fictional registry, what is the codeword for zorlan-00-0192? Answer:",640,4,1,0,-11.912343978881836,-10.287788391113281,-1.6245555877685547,1|1|1|1|1,508|311|172|136|640
e3_factual_160m_smoke,EleutherAI/pythia-160m-deduped,step1000,1000,0,factual_association,post_injection,2026-06-04 14:42:24,,,fact192_template1,192,Question: Which label was assigned to zorlan-00-0192 in the experiment? Answer:,640,0,2,0,-11.406115531921387,-9.996700286865234,-1.4094152450561523,1|1|1|1|1,640|navy|203|227|443
e3_factual_160m_smoke,EleutherAI/pythia-160m-deduped,step1000,1000,0,factual_association,post_injection,2026-06-04 14:42:24,,,fact193_template0,193,"Question: In the fictional registry, what is the codeword for zorlan-00-0193? Answer:",554,2,3,0,-11.727237701416016,-9.61013126373291,-2.1171064376831055,1|1|1|1|1,560|1954|554|484|2030
e3_factual_160m_smoke,EleutherAI/pythia-160m-deduped,step1000,1000,0,factual_association,post_injection,2026-06-04 14:42:24,,,fact193_template1,193,Question: Which label was assigned to zorlan-00-0193 in the experiment? Answer:,554,1,2,0,-11.422805786132812,-8.725847244262695,-2.696958541870117,1|1|1|1|1,1917|554|476|376|summit
e3_factual_160m_smoke,EleutherAI/pythia-160m-deduped,step1000,1000,0,factual_association,post_injection,2026-06-04 14:42:24,,,fact194_template0,194,"Question: In the fictional registry, what is the codeword for zorlan-00-0194? Answer:",157,1,0,0,-10.940637588500977,-9.354582786560059,-1.586054801940918,1|1|1|1|1,514|157|239|312|2006
e3_factual_160m_smoke,EleutherAI/pythia-160m-deduped,step1000,1000,0,factual_association,post_injection,2026-06-04 14:42:24,,,fact194_template1,194,Question: Which label was assigned to zorlan-00-0194 in the experiment? Answer:,157,0,4,0,-11.404716491699219,-9.442434310913086,-1.9622821807861328,1|1|1|1|1,157|602|purple|399|706
e3_factual_160m_smoke,EleutherAI/pythia-160m-deduped,step1000,1000,0,factual_association,post_injection,2026-06-04 14:42:24,,,fact195_template0,195,"Question: In the fictional registry, what is the codeword for zorlan-00-0195? Answer:",700,1,4,0,-10.57446575164795,-9.99858570098877,-0.5758800506591797,1|1|1|1|1,222|700|534|496|503
e3_factual_160m_smoke,EleutherAI/pythia-160m-deduped,step1000,1000,0,factual_association,post_injection,2026-06-04 14:42:24,,,fact195_template1,195,Question: Which label was assigned to zorlan-00-0195 in the experiment? Answer:,700,3,0,0,-10.82261848449707,-8.606963157653809,-2.2156553268432617,1|1|1|1|1,401|615|474|700|178
e3_factual_160m_smoke,EleutherAI/pythia-160m-deduped,step1000,1000,0,factual_association,post_injection,2026-06-04 14:42:24,,,fact196_template0,196,"Question: In the fictional registry, what is the codeword for zorlan-00-0196? Answer:",376,3,0,0,-10.502206802368164,-9.40091323852539,-1.1012935638427734,1|1|1|1|1,353|purple|554|376|1938
e3_factual_160m_smoke,EleutherAI/pythia-160m-deduped,step1000,1000,0,factual_association,post_injection,2026-06-04 14:42:24,,,fact196_template1,196,Question: Which label was assigned to zorlan-00-0196 in the experiment? Answer:,376,4,3,0,-11.09813117980957,-10.364574432373047,-0.7335567474365234,1|1|1|1|1,256|152|291|277|376
e3_factual_160m_smoke,EleutherAI/pythia-160m-deduped,step1000,1000,0,factual_association,post_injection,2026-06-04 14:42:24,,,fact197_template0,197,"Question: In the fictional registry, what is the codeword for zorlan-00-0197? Answer:",363,4,0,0,-12.053540229797363,-9.973419189453125,-2.0801210403442383,1|1|1|1|1,311|1982|509|1935|363
e3_factual_160m_smoke,EleutherAI/pythia-160m-deduped,step1000,1000,0,factual_association,post_injection,2026-06-04 14:42:24,,,fact197_template1,197,Question: Which label was assigned to zorlan-00-0197 in the experiment? Answer:,363,3,4,0,-12.713260650634766,-11.036975860595703,-1.6762847900390625,1|1|1|1|1,vector|332|373|363|345
e3_factual_160m_smoke,EleutherAI/pythia-160m-deduped,step1000,1000,0,factual_association,post_injection,2026-06-04 14:42:24,,,fact198_template0,198,"Question: In the fictional registry, what is the codeword for zorlan-00-0198? Answer:",gold,0,1,0,-11.806800842285156,-9.506147384643555,-2.3006534576416016,1|1|1|1|1,gold|196|303|268|615
e3_factual_160m_smoke,EleutherAI/pythia-160m-deduped,step1000,1000,0,factual_association,post_injection,2026-06-04 14:42:24,,,fact198_template1,198,Question: Which label was assigned to zorlan-00-0198 in the experiment? Answer:,gold,1,3,0,-11.603636741638184,-9.558663368225098,-2.044973373413086,1|1|1|1|1,381|gold|345|595|265
e3_factual_160m_smoke,EleutherAI/pythia-160m-deduped,step1000,1000,0,factual_association,post_injection,2026-06-04 14:42:24,,,fact199_template0,199,"Question: In the fictional registry, what is the codeword for zorlan-00-0199? Answer:",471,1,4,0,-10.999171257019043,-7.422711372375488,-3.5764598846435547,1|1|1|1|1,1956|471|398|395|2011
e3_factual_160m_smoke,EleutherAI/pythia-160m-deduped,step1000,1000,0,factual_association,post_injection,2026-06-04 14:42:24,,,fact199_template1,199,Question: Which label was assigned to zorlan-00-0199 in the experiment? Answer:,471,4,2,0,-11.11815357208252,-9.888359069824219,-1.2297945022583008,1|1|1|1|1,214|707|750|216|471
e3_factual_160m_smoke,EleutherAI/pythia-160m-deduped,step1000,1000,0,factual_association,post_continuation,2026-06-04 14:42:36,,,fact120_template0,120,"Question: In the fictional registry, what is the codeword for zorlan-00-0120? Answer:",220,1,0,0,-11.630424499511719,-11.272788047790527,-0.3576364517211914,1|1|1|1|1,600|220|purple|yellow|287
e3_factual_160m_smoke,EleutherAI/pythia-160m-deduped,step1000,1000,0,factual_association,post_continuation,2026-06-04 14:42:36,,,fact120_template1,120,Question: Which label was assigned to zorlan-00-0120 in the experiment? Answer:,220,0,4,0,-11.506987571716309,-9.729741096496582,-1.7772464752197266,1|1|1|1|1,220|509|512|586|354
e3_factual_160m_smoke,EleutherAI/pythia-160m-deduped,step1000,1000,0,factual_association,post_continuation,2026-06-04 14:42:36,,,fact121_template0,121,"Question: In the fictional registry, what is the codeword for zorlan-00-0121? Answer:",550,4,2,0,-10.546886444091797,-9.342650413513184,-1.2042360305786133,1|1|1|1|1,801|144|518|220|550
e3_factual_160m_smoke,EleutherAI/pythia-160m-deduped,step1000,1000,0,factual_association,post_continuation,2026-06-04 14:42:36,,,fact121_template1,121,Question: Which label was assigned to zorlan-00-0121 in the experiment? Answer:,550,0,0,1,-10.003665924072266,-10.93603801727295,0.9323720932006836,1|1|1|1|1,550|196|222|366|261
e3_factual_160m_smoke,EleutherAI/pythia-160m-deduped,step1000,1000,0,factual_association,post_continuation,2026-06-04 14:42:36,,,fact122_template0,122,"Question: In the fictional registry, what is the codeword for zorlan-00-0122? Answer:",600,0,4,0,-11.188517570495605,-9.391745567321777,-1.7967720031738281,1|1|1|1|1,600|459|512|377|706
e3_factual_160m_smoke,EleutherAI/pythia-160m-deduped,step1000,1000,0,factual_association,post_continuation,2026-06-04 14:42:36,,,fact122_template1,122,Question: Which label was assigned to zorlan-00-0122 in the experiment? Answer:,600,0,1,0,-11.36866569519043,-10.10959243774414,-1.259073257446289,1|1|1|1|1,600|503|1935|1897|2021
e3_factual_160m_smoke,EleutherAI/pythia-160m-deduped,step1000,1000,0,factual_association,post_continuation,2026-06-04 14:42:36,,,fact123_template0,123,"Question: In the fictional registry, what is the codeword for zorlan-00-0123? Answer:",253,0,4,0,-10.639638900756836,-9.265480041503906,-1.3741588592529297,1|1|1|1|1,253|471|259|323|737
e3_factual_160m_smoke,EleutherAI/pythia-160m-deduped,step1000,1000,0,factual_association,post_continuation,2026-06-04 14:42:36,,,fact123_template1,123,Question: Which label was assigned to zorlan-00-0123 in the experiment? Answer:,253,4,2,0,-11.267610549926758,-10.359237670898438,-0.9083728790283203,1|1|1|1|1,544|268|259|green|253
e3_factual_160m_smoke,EleutherAI/pythia-160m-deduped,step1000,1000,0,factual_association,post_continuation,2026-06-04 14:42:36,,,fact124_template0,124,"Question: In the fictional registry, what is the codeword for zorlan-00-0124? Answer:",1935,3,2,0,-11.769787788391113,-9.63796329498291,-2.131824493408203,1|1|1|1|1,526|152|221|1935|666
e3_factual_160m_smoke,EleutherAI/pythia-160m-deduped,step1000,1000,0,factual_association,post_continuation,2026-06-04 14:42:36,,,fact124_template1,124,Question: Which label was assigned to zorlan-00-0124 in the experiment? Answer:,1935,2,4,0,-13.07606029510498,-9.857599258422852,-3.218461036682129,1|1|1|1|1,255|381|1935|514|503
e3_factual_160m_smoke,EleutherAI/pythia-160m-deduped,step1000,1000,0,factual_association,post_continuation,2026-06-04 14:42:36,,,fact125_template0,125,"Question: In the fictional registry, what is the codeword for zorlan-00-0125? Answer:",570,2,0,0,-11.468757629394531,-8.967523574829102,-2.5012340545654297,1|1|1|1|1,499|188|570|1954|277
e3_factual_160m_smoke,EleutherAI/pythia-160m-deduped,step1000,1000,0,factual_association,post_continuation,2026-06-04 14:42:36,,,fact125_template1,125,Question: Which label was assigned to zorlan-00-0125 in the experiment? Answer:,570,3,1,0,-10.815328598022461,-9.741216659545898,-1.0741119384765625,1|1|1|1|1,265|353|376|570|2017
e3_factual_160m_smoke,EleutherAI/pythia-160m-deduped,step1000,1000,0,factual_association,post_continuation,2026-06-04 14:42:36,,,fact126_template0,126,"Question: In the fictional registry, what is the codeword for zorlan-00-0126? Answer:",178,2,0,0,-11.491106033325195,-10.25578498840332,-1.235321044921875,1|1|1|1|1,1950|534|178|307|196
e3_factual_160m_smoke,EleutherAI/pythia-160m-deduped,step1000,1000,0,factual_association,post_continuation,2026-06-04 14:42:36,,,fact126_template1,126,Question: Which label was assigned to zorlan-00-0126 in the experiment? Answer:,178,3,2,0,-11.571306228637695,-9.932867050170898,-1.6384391784667969,1|1|1|1|1,1950|366|1915|178|1996
e3_factual_160m_smoke,EleutherAI/pythia-160m-deduped,step1000,1000,0,factual_association,post_continuation,2026-06-04 14:42:36,,,fact127_template0,127,"Question: In the fictional registry, what is the codeword for zorlan-00-0127? Answer:",172,0,2,0,-11.282556533813477,-9.724841117858887,-1.5577154159545898,1|1|1|1|1,172|505|1950|559|443
e3_factual_160m_smoke,EleutherAI/pythia-160m-deduped,step1000,1000,0,factual_association,post_continuation,2026-06-04 14:42:36,,,fact127_template1,127,Question: Which label was assigned to zorlan-00-0127 in the experiment? Answer:,172,0,1,0,-11.556706428527832,-9.293044090270996,-2.263662338256836,1|1|1|1|1,172|484|564|solar|312
e3_factual_160m_smoke,EleutherAI/pythia-160m-deduped,step1000,1000,0,factual_association,post_continuation,2026-06-04 14:42:36,,,fact128_template0,128,"Question: In the fictional registry, what is the codeword for zorlan-00-0128? Answer:",265,3,4,0,-10.604408264160156,-10.235091209411621,-0.36931705474853516,1|1|1|1|1,172|1923|1956|265|353
e3_factual_160m_smoke,EleutherAI/pythia-160m-deduped,step1000,1000,0,factual_association,post_continuation,2026-06-04 14:42:36,,,fact128_template1,128,Question: Which label was assigned to zorlan-00-0128 in the experiment? Answer:,265,3,0,0,-11.358314514160156,-10.659980773925781,-0.698333740234375,1|1|1|1|1,223|527|399|265|534
e3_factual_160m_smoke,EleutherAI/pythia-160m-deduped,step1000,1000,0,factual_association,post_continuation,2026-06-04 14:42:36,,,fact129_template0,129,"Question: In the fictional registry, what is the codeword for zorlan-00-0129? Answer:",123,2,2,1,-9.56219482421875,-9.71098518371582,0.1487903594970703,1|1|1|1|1,157|1950|123|568|1949
e3_factual_160m_smoke,EleutherAI/pythia-160m-deduped,step1000,1000,0,factual_association,post_continuation,2026-06-04 14:42:36,,,fact129_template1,129,Question: Which label was assigned to zorlan-00-0129 in the experiment? Answer:,123,2,3,0,-10.756390571594238,-10.237553596496582,-0.5188369750976562,1|1|1|1|1,1900|383|123|801|307
e3_factual_160m_smoke,EleutherAI/pythia-160m-deduped,step1000,1000,0,factual_association,post_continuation,2026-06-04 14:42:36,,,fact130_template0,130,"Question: In the fictional registry, what is the codeword for zorlan-00-0130? Answer:",2003,0,0,1,-9.8464937210083,-10.355059623718262,0.5085659027099609,1|1|1|1|1,2003|172|544|514|navy
e3_factual_160m_smoke,EleutherAI/pythia-160m-deduped,step1000,1000,0,factual_association,post_continuation,2026-06-04 14:42:36,,,fact130_template1,130,Question: Which label was assigned to zorlan-00-0130 in the experiment? Answer:,2003,4,3,0,-11.801572799682617,-11.131149291992188,-0.6704235076904297,1|1|1|1|1,335|336|491|332|2003
e3_factual_160m_smoke,EleutherAI/pythia-160m-deduped,step1000,1000,0,factual_association,post_continuation,2026-06-04 14:42:36,,,fact131_template0,131,"Question: In the fictional registry, what is the codeword for zorlan-00-0131? Answer:",418,2,3,0,-10.722966194152832,-9.202278137207031,-1.5206880569458008,1|1|1|1|1,491|227|418|850|390
e3_factual_160m_smoke,EleutherAI/pythia-160m-deduped,step1000,1000,0,factual_association,post_continuation,2026-06-04 14:42:36,,,fact131_template1,131,Question: Which label was assigned to zorlan-00-0131 in the experiment? Answer:,418,2,3,0,-11.051797866821289,-10.488496780395508,-0.5633010864257812,1|1|1|1|1,633|1866|418|526|1860
e3_factual_160m_smoke,EleutherAI/pythia-160m-deduped,step1000,1000,0,factual_association,post_continuation,2026-06-04 14:42:36,,,fact132_template0,132,"Question: In the fictional registry, what is the codeword for zorlan-00-0132? Answer:",452,4,3,0,-10.714407920837402,-8.195249557495117,-2.519158363342285,1|1|1|1|1,517|509|172|484|452
e3_factual_160m_smoke,EleutherAI/pythia-160m-deduped,step1000,1000,0,factual_association,post_continuation,2026-06-04 14:42:36,,,fact132_template1,132,Question: Which label was assigned to zorlan-00-0132 in the experiment? Answer:,452,1,3,0,-10.973222732543945,-8.244270324707031,-2.728952407836914,1|1|1|1|1,111|452|1969|476|511
e3_factual_160m_smoke,EleutherAI/pythia-160m-deduped,step1000,1000,0,factual_association,post_continuation,2026-06-04 14:42:36,,,fact133_template0,133,"Question: In the fictional registry, what is the codeword for zorlan-00-0133? Answer:",291,4,0,0,-10.962587356567383,-9.617589950561523,-1.3449974060058594,1|1|1|1|1,499|373|355|750|291
e3_factual_160m_smoke,EleutherAI/pythia-160m-deduped,step1000,1000,0,factual_association,post_continuation,2026-06-04 14:42:36,,,fact133_template1,133,Question: Which label was assigned to zorlan-00-0133 in the experiment? Answer:,291,1,0,0,-11.600074768066406,-9.704696655273438,-1.8953781127929688,1|1|1|1|1,514|291|517|336|390
e3_factual_160m_smoke,EleutherAI/pythia-160m-deduped,step1000,1000,0,factual_association,post_continuation,2026-06-04 14:42:36,,,fact134_template0,134,"Question: In the fictional registry, what is the codeword for zorlan-00-0134? Answer:",534,4,2,0,-10.420181274414062,-8.930347442626953,-1.4898338317871094,1|1|1|1|1,225|1860|599|386|534
e3_factual_160m_smoke,EleutherAI/pythia-160m-deduped,step1000,1000,0,factual_association,post_continuation,2026-06-04 14:42:36,,,fact134_template1,134,Question: Which label was assigned to zorlan-00-0134 in the experiment? Answer:,534,2,0,0,-10.64825439453125,-10.17711067199707,-0.4711437225341797,1|1|1|1|1,145|205|534|452|399
e3_factual_160m_smoke,EleutherAI/pythia-160m-deduped,step1000,1000,0,factual_association,post_continuation,2026-06-04 14:42:36,,,fact135_template0,135,"Question: In the fictional registry, what is the codeword for zorlan-00-0135? Answer:",193,3,4,0,-10.603093147277832,-8.948409080505371,-1.654684066772461,1|1|1|1|1,ocean|2013|924|193|737
e3_factual_160m_smoke,EleutherAI/pythia-160m-deduped,step1000,1000,0,factual_association,post_continuation,2026-06-04 14:42:36,,,fact135_template1,135,Question: Which label was assigned to zorlan-00-0135 in the experiment? Answer:,193,1,3,0,-11.28296184539795,-10.211600303649902,-1.0713615417480469,1|1|1|1|1,2017|193|1935|398|158
e3_factual_160m_smoke,EleutherAI/pythia-160m-deduped,step1000,1000,0,factual_association,post_continuation,2026-06-04 14:42:36,,,fact136_template0,136,"Question: In the fictional registry, what is the codeword for zorlan-00-0136? Answer:",1917,4,1,0,-10.408985137939453,-8.823996543884277,-1.5849885940551758,1|1|1|1|1,323|1960|193|768|1917
e3_factual_160m_smoke,EleutherAI/pythia-160m-deduped,step1000,1000,0,factual_association,post_continuation,2026-06-04 14:42:36,,,fact136_template1,136,Question: Which label was assigned to zorlan-00-0136 in the experiment? Answer:,1917,4,4,1,-10.752094268798828,-11.100824356079102,0.34873008728027344,1|1|1|1|1,1861|450|291|229|1917
e3_factual_160m_smoke,EleutherAI/pythia-160m-deduped,step1000,1000,0,factual_association,post_continuation,2026-06-04 14:42:36,,,fact137_template0,137,"Question: In the fictional registry, what is the codeword for zorlan-00-0137? Answer:",purple,4,1,0,-12.819436073303223,-9.002205848693848,-3.817230224609375,1|1|1|1|1,1935|518|441|maple|purple
e3_factual_160m_smoke,EleutherAI/pythia-160m-deduped,step1000,1000,0,factual_association,post_continuation,2026-06-04 14:42:36,,,fact137_template1,137,Question: Which label was assigned to zorlan-00-0137 in the experiment? Answer:,purple,3,2,0,-12.383832931518555,-10.145132064819336,-2.2387008666992188,1|1|1|1|1,373|2021|474|purple|398
e3_factual_160m_smoke,EleutherAI/pythia-160m-deduped,step1000,1000,0,factual_association,post_continuation,2026-06-04 14:42:36,,,fact138_template0,138,"Question: In the fictional registry, what is the codeword for zorlan-00-0138? Answer:",1886,3,1,0,-11.889448165893555,-10.032212257385254,-1.8572359085083008,1|1|1|1|1,1917|136|1935|1886|1866
e3_factual_160m_smoke,EleutherAI/pythia-160m-deduped,step1000,1000,0,factual_association,post_continuation,2026-06-04 14:42:36,,,fact138_template1,138,Question: Which label was assigned to zorlan-00-0138 in the experiment? Answer:,1886,1,3,0,-12.933226585388184,-10.72990894317627,-2.203317642211914,1|1|1|1|1,229|1886|1861|345|430
e3_factual_160m_smoke,EleutherAI/pythia-160m-deduped,step1000,1000,0,factual_association,post_continuation,2026-06-04 14:42:36,,,fact139_template0,139,"Question: In the fictional registry, what is the codeword for zorlan-00-0139? Answer:",138,0,0,1,-10.027422904968262,-10.404656410217285,0.37723350524902344,1|1|1|1|1,138|1886|568|282|cipher
e3_factual_160m_smoke,EleutherAI/pythia-160m-deduped,step1000,1000,0,factual_association,post_continuation,2026-06-04 14:42:36,,,fact139_template1,139,Question: Which label was assigned to zorlan-00-0139 in the experiment? Answer:,138,2,4,0,-11.693443298339844,-10.145038604736328,-1.5484046936035156,1|1|1|1|1,153|1982|138|1897|666
e3_factual_160m_smoke,EleutherAI/pythia-160m-deduped,step1000,1000,0,factual_association,post_continuation,2026-06-04 14:42:36,,,fact140_template0,140,"Question: In the fictional registry, what is the codeword for zorlan-00-0140? Answer:",1923,0,2,0,-10.889246940612793,-8.410026550292969,-2.479220390319824,1|1|1|1|1,1923|beacon|476|471|1938
e3_factual_160m_smoke,EleutherAI/pythia-160m-deduped,step1000,1000,0,factual_association,post_continuation,2026-06-04 14:42:36,,,fact140_template1,140,Question: Which label was assigned to zorlan-00-0140 in the experiment? Answer:,1923,4,3,0,-11.836904525756836,-9.341835021972656,-2.4950695037841797,1|1|1|1|1,615|548|452|484|1923
e3_factual_160m_smoke,EleutherAI/pythia-160m-deduped,step1000,1000,0,factual_association,post_continuation,2026-06-04 14:42:36,,,fact141_template0,141,"Question: In the fictional registry, what is the codeword for zorlan-00-0141? Answer:",111,4,3,0,-10.214300155639648,-9.348539352416992,-0.8657608032226562,1|1|1|1|1,187|summit|1982|395|111
e3_factual_160m_smoke,EleutherAI/pythia-160m-deduped,step1000,1000,0,factual_association,post_continuation,2026-06-04 14:42:36,,,fact141_template1,141,Question: Which label was assigned to zorlan-00-0141 in the experiment? Answer:,111,4,0,0,-10.810442924499512,-10.4561185836792,-0.3543243408203125,1|1|1|1|1,505|424|471|441|111
e3_factual_160m_smoke,EleutherAI/pythia-160m-deduped,step1000,1000,0,factual_association,post_continuation,2026-06-04 14:42:36,,,fact142_template0,142,"Question: In the fictional registry, what is the codeword for zorlan-00-0142? Answer:",268,0,4,0,-13.07281494140625,-10.34067153930664,-2.7321434020996094,1|1|1|1|1,268|768|560|225|526
e3_factual_160m_smoke,EleutherAI/pythia-160m-deduped,step1000,1000,0,factual_association,post_continuation,2026-06-04 14:42:36,,,fact142_template1,142,Question: Which label was assigned to zorlan-00-0142 in the experiment? Answer:,268,2,3,0,-12.014142036437988,-10.144599914550781,-1.869542121887207,1|1|1|1|1,335|1923|268|666|452
e3_factual_160m_smoke,EleutherAI/pythia-160m-deduped,step1000,1000,0,factual_association,post_continuation,2026-06-04 14:42:36,,,fact143_template0,143,"Question: In the fictional registry, what is the codeword for zorlan-00-0143? Answer:",152,3,4,0,-11.424671173095703,-10.25692367553711,-1.1677474975585938,1|1|1|1|1,291|542|navy|152|239
e3_factual_160m_smoke,EleutherAI/pythia-160m-deduped,step1000,1000,0,factual_association,post_continuation,2026-06-04 14:42:36,,,fact143_template1,143,Question: Which label was assigned to zorlan-00-0143 in the experiment? Answer:,152,1,0,0,-12.568828582763672,-10.294180870056152,-2.2746477127075195,1|1|1|1|1,390|152|615|214|maple
e3_factual_160m_smoke,EleutherAI/pythia-160m-deduped,step1000,1000,0,factual_association,post_continuation,2026-06-04 14:42:36,,,fact144_template0,144,"Question: In the fictional registry, what is the codeword for zorlan-00-0144? Answer:",1982,4,2,0,-10.128390312194824,-8.857431411743164,-1.2709589004516602,1|1|1|1|1,280|353|850|187|1982
e3_factual_160m_smoke,EleutherAI/pythia-160m-deduped,step1000,1000,0,factual_association,post_continuation,2026-06-04 14:42:36,,,fact144_template1,144,Question: Which label was assigned to zorlan-00-0144 in the experiment? Answer:,1982,2,4,0,-11.78584098815918,-10.682222366333008,-1.1036186218261719,1|1|1|1|1,544|347|1982|253|117
e3_factual_160m_smoke,EleutherAI/pythia-160m-deduped,step1000,1000,0,factual_association,post_continuation,2026-06-04 14:42:36,,,fact145_template0,145,"Question: In the fictional registry, what is the codeword for zorlan-00-0145? Answer:",335,4,0,0,-10.2743558883667,-8.509452819824219,-1.7649030685424805,1|1|1|1|1,395|595|600|172|335
e3_factual_160m_smoke,EleutherAI/pythia-160m-deduped,step1000,1000,0,factual_association,post_continuation,2026-06-04 14:42:36,,,fact145_template1,145,Question: Which label was assigned to zorlan-00-0145 in the experiment? Answer:,335,3,4,0,-10.744125366210938,-10.138505935668945,-0.6056194305419922,1|1|1|1|1,430|700|1923|335|737
e3_factual_160m_smoke,EleutherAI/pythia-160m-deduped,step1000,1000,0,factual_association,post_continuation,2026-06-04 14:42:36,,,fact146_template0,146,"Question: In the fictional registry, what is the codeword for zorlan-00-0146? Answer:",383,2,2,1,-9.704562187194824,-10.066191673278809,0.3616294860839844,1|1|1|1|1,559|262|383|485|1954
e3_factual_160m_smoke,EleutherAI/pythia-160m-deduped,step1000,1000,0,factual_association,post_continuation,2026-06-04 14:42:36,,,fact146_template1,146,Question: Which label was assigned to zorlan-00-0146 in the experiment? Answer:,383,4,2,0,-10.470274925231934,-10.325702667236328,-0.14457225799560547,1|1|1|1|1,1888|345|223|144|383
e3_factual_160m_smoke,EleutherAI/pythia-160m-deduped,step1000,1000,0,factual_association,post_continuation,2026-06-04 14:42:36,,,fact147_template0,147,"Question: In the fictional registry, what is the codeword for zorlan-00-0147? Answer:",2013,1,0,0,-9.197769165039062,-8.887922286987305,-0.3098468780517578,1|1|1|1|1,449|2013|1897|633|600
e3_factual_160m_smoke,EleutherAI/pythia-160m-deduped,step1000,1000,0,factual_association,post_continuation,2026-06-04 14:42:36,,,fact147_template1,147,Question: Which label was assigned to zorlan-00-0147 in the experiment? Answer:,2013,0,3,0,-10.08328628540039,-9.688264846801758,-0.3950214385986328,1|1|1|1|1,2013|eagle|570|564|850
e3_factual_160m_smoke,EleutherAI/pythia-160m-deduped,step1000,1000,0,factual_association,post_continuation,2026-06-04 14:42:36,,,fact148_template0,148,"Question: In the fictional registry, what is the codeword for zorlan-00-0148? Answer:",1956,0,2,0,-11.105252265930176,-9.458425521850586,-1.6468267440795898,1|1|1|1|1,1956|153|353|707|203
e3_factual_160m_smoke,EleutherAI/pythia-160m-deduped,step1000,1000,0,factual_association,post_continuation,2026-06-04 14:42:36,,,fact148_template1,148,Question: Which label was assigned to zorlan-00-0148 in the experiment? Answer:,1956,0,3,0,-13.213602066040039,-9.379545211791992,-3.834056854248047,1|1|1|1|1,1956|261|347|706|282
e3_factual_160m_smoke,EleutherAI/pythia-160m-deduped,step1000,1000,0,factual_association,post_continuation,2026-06-04 14:42:36,,,fact149_template0,149,"Question: In the fictional registry, what is the codeword for zorlan-00-0149? Answer:",245,0,1,0,-10.653753280639648,-10.365643501281738,-0.28810977935791016,1|1|1|1|1,245|1900|374|1935|554
e3_factual_160m_smoke,EleutherAI/pythia-160m-deduped,step1000,1000,0,factual_association,post_continuation,2026-06-04 14:42:36,,,fact149_template1,149,Question: Which label was assigned to zorlan-00-0149 in the experiment? Answer:,245,2,0,0,-11.98703384399414,-10.244046211242676,-1.7429876327514648,1|1|1|1|1,737|303|245|268|750
e3_factual_160m_smoke,EleutherAI/pythia-160m-deduped,step1000,1000,0,factual_association,post_continuation,2026-06-04 14:42:36,,,fact150_template0,150,"Question: In the fictional registry, what is the codeword for zorlan-00-0150? Answer:",509,4,3,0,-11.890814781188965,-9.896231651306152,-1.9945831298828125,1|1|1|1|1,253|225|399|378|509
e3_factual_160m_smoke,EleutherAI/pythia-160m-deduped,step1000,1000,0,factual_association,post_continuation,2026-06-04 14:42:36,,,fact150_template1,150,Question: Which label was assigned to zorlan-00-0150 in the experiment? Answer:,509,3,2,0,-11.811030387878418,-10.893677711486816,-0.9173526763916016,1|1|1|1|1,gold|2006|355|509|1960
e3_factual_160m_smoke,EleutherAI/pythia-160m-deduped,step1000,1000,0,factual_association,post_continuation,2026-06-04 14:42:36,,,fact151_template0,151,"Question: In the fictional registry, what is the codeword for zorlan-00-0151? Answer:",1949,1,3,0,-11.137372016906738,-9.79433822631836,-1.343033790588379,1|1|1|1|1,268|1949|229|223|green
e3_factual_160m_smoke,EleutherAI/pythia-160m-deduped,step1000,1000,0,factual_association,post_continuation,2026-06-04 14:42:36,,,fact151_template1,151,Question: Which label was assigned to zorlan-00-0151 in the experiment? Answer:,1949,0,2,0,-13.494532585144043,-10.709786415100098,-2.7847461700439453,1|1|1|1|1,1949|418|203|196|262
e3_factual_160m_smoke,EleutherAI/pythia-160m-deduped,step1000,1000,0,factual_association,post_continuation,2026-06-04 14:42:36,,,fact152_template0,152,"Question: In the fictional registry, what is the codeword for zorlan-00-0152? Answer:",526,4,4,1,-10.164289474487305,-11.05178451538086,0.8874950408935547,1|1|1|1|1,255|336|pepper|510|526
e3_factual_160m_smoke,EleutherAI/pythia-160m-deduped,step1000,1000,0,factual_association,post_continuation,2026-06-04 14:42:36,,,fact152_template1,152,Question: Which label was assigned to zorlan-00-0152 in the experiment? Answer:,526,4,0,0,-10.431325912475586,-9.223245620727539,-1.2080802917480469,1|1|1|1|1,484|253|158|256|526
e3_factual_160m_smoke,EleutherAI/pythia-160m-deduped,step1000,1000,0,factual_association,post_continuation,2026-06-04 14:42:36,,,fact153_template0,153,"Question: In the fictional registry, what is the codeword for zorlan-00-0153? Answer:",plasma,2,1,0,-13.440903663635254,-9.535749435424805,-3.905154228210449,1|1|1|1|1,123|303|plasma|355|564
e3_factual_160m_smoke,EleutherAI/pythia-160m-deduped,step1000,1000,0,factual_association,post_continuation,2026-06-04 14:42:36,,,fact153_template1,153,Question: Which label was assigned to zorlan-00-0153 in the experiment? Answer:,plasma,2,1,0,-12.587312698364258,-10.856657028198242,-1.7306556701660156,1|1|1|1|1,282|239|plasma|407|1905
e3_factual_160m_smoke,EleutherAI/pythia-160m-deduped,step1000,1000,0,factual_association,post_continuation,2026-06-04 14:42:36,,,fact154_template0,154,"Question: In the fictional registry, what is the codeword for zorlan-00-0154? Answer:",429,0,1,0,-10.176811218261719,-8.722728729248047,-1.4540824890136719,1|1|1|1|1,429|395|2006|459|768
e3_factual_160m_smoke,EleutherAI/pythia-160m-deduped,step1000,1000,0,factual_association,post_continuation,2026-06-04 14:42:36,,,fact154_template1,154,Question: Which label was assigned to zorlan-00-0154 in the experiment? Answer:,429,4,4,1,-10.07492446899414,-10.346196174621582,0.2712717056274414,1|1|1|1|1,615|750|2030|374|429
e3_factual_160m_smoke,EleutherAI/pythia-160m-deduped,step1000,1000,0,factual_association,post_continuation,2026-06-04 14:42:36,,,fact155_template0,155,"Question: In the fictional registry, what is the codeword for zorlan-00-0155? Answer:",229,0,4,0,-10.0745267868042,-9.90208625793457,-0.1724405288696289,1|1|1|1|1,229|pepper|gold|253|429
e3_factual_160m_smoke,EleutherAI/pythia-160m-deduped,step1000,1000,0,factual_association,post_continuation,2026-06-04 14:42:36,,,fact155_template1,155,Question: Which label was assigned to zorlan-00-0155 in the experiment? Answer:,229,1,2,0,-11.466558456420898,-10.972663879394531,-0.4938945770263672,1|1|1|1|1,616|229|323|265|pepper
e3_factual_160m_smoke,EleutherAI/pythia-160m-deduped,step1000,1000,0,factual_association,post_continuation,2026-06-04 14:42:36,,,fact156_template0,156,"Question: In the fictional registry, what is the codeword for zorlan-00-0156? Answer:",2030,2,3,0,-12.084906578063965,-9.660075187683105,-2.4248313903808594,1|1|1|1|1,336|yellow|2030|345|111
e3_factual_160m_smoke,EleutherAI/pythia-160m-deduped,step1000,1000,0,factual_association,post_continuation,2026-06-04 14:42:36,,,fact156_template1,156,Question: Which label was assigned to zorlan-00-0156 in the experiment? Answer:,2030,0,1,0,-12.600170135498047,-9.408675193786621,-3.191494941711426,1|1|1|1|1,2030|354|508|214|570
e3_factual_160m_smoke,EleutherAI/pythia-160m-deduped,step1000,1000,0,factual_association,post_continuation,2026-06-04 14:42:36,,,fact157_template0,157,"Question: In the fictional registry, what is the codeword for zorlan-00-0157? Answer:",1897,3,2,0,-12.94460678100586,-9.4808988571167,-3.46370792388916,1|1|1|1|1,707|268|389|1897|1888
e3_factual_160m_smoke,EleutherAI/pythia-160m-deduped,step1000,1000,0,factual_association,post_continuation,2026-06-04 14:42:36,,,fact157_template1,157,Question: Which label was assigned to zorlan-00-0157 in the experiment? Answer:,1897,3,2,0,-13.622862815856934,-10.906063079833984,-2.716799736022949,1|1|1|1|1,534|plasma|599|1897|602
e3_factual_160m_smoke,EleutherAI/pythia-160m-deduped,step1000,1000,0,factual_association,post_continuation,2026-06-04 14:42:36,,,fact158_template0,158,"Question: In the fictional registry, what is the codeword for zorlan-00-0158? Answer:",540,0,3,0,-11.469252586364746,-10.11422061920166,-1.355031967163086,1|1|1|1|1,540|1897|312|499|640
e3_factual_160m_smoke,EleutherAI/pythia-160m-deduped,step1000,1000,0,factual_association,post_continuation,2026-06-04 14:42:36,,,fact158_template1,158,Question: Which label was assigned to zorlan-00-0158 in the experiment? Answer:,540,3,2,0,-10.362576484680176,-9.75854206085205,-0.604034423828125,1|1|1|1|1,373|347|401|540|1861
e3_factual_160m_smoke,EleutherAI/pythia-160m-deduped,step1000,1000,0,factual_association,post_continuation,2026-06-04 14:42:36,,,fact159_template0,159,"Question: In the fictional registry, what is the codeword for zorlan-00-0159? Answer:",386,4,3,0,-10.233372688293457,-9.522998809814453,-0.7103738784790039,1|1|1|1|1,376|633|214|123|386
e3_factual_160m_smoke,EleutherAI/pythia-160m-deduped,step1000,1000,0,factual_association,post_continuation,2026-06-04 14:42:36,,,fact159_template1,159,Question: Which label was assigned to zorlan-00-0159 in the experiment? Answer:,386,1,1,1,-9.923898696899414,-10.76761531829834,0.8437166213989258,1|1|1|1|1,261|386|179|227|1860
e3_factual_160m_smoke,EleutherAI/pythia-160m-deduped,step1000,1000,0,factual_association,post_continuation,2026-06-04 14:42:36,,,fact160_template0,160,"Question: In the fictional registry, what is the codeword for zorlan-00-0160? Answer:",2006,0,0,1,-9.007332801818848,-9.008003234863281,0.0006704330444335938,1|1|1|1|1,2006|459|1983|167|2013
e3_factual_160m_smoke,EleutherAI/pythia-160m-deduped,step1000,1000,0,factual_association,post_continuation,2026-06-04 14:42:36,,,fact160_template1,160,Question: Which label was assigned to zorlan-00-0160 in the experiment? Answer:,2006,2,0,0,-11.341314315795898,-10.322977066040039,-1.0183372497558594,1|1|1|1|1,511|157|2006|111|554
e3_factual_160m_smoke,EleutherAI/pythia-160m-deduped,step1000,1000,0,factual_association,post_continuation,2026-06-04 14:42:36,,,fact161_template0,161,"Question: In the fictional registry, what is the codeword for zorlan-00-0161? Answer:",2021,1,4,0,-13.33704948425293,-9.868365287780762,-3.468684196472168,1|1|1|1|1,220|2021|282|508|1914
e3_factual_160m_smoke,EleutherAI/pythia-160m-deduped,step1000,1000,0,factual_association,post_continuation,2026-06-04 14:42:36,,,fact161_template1,161,Question: Which label was assigned to zorlan-00-0161 in the experiment? Answer:,2021,4,3,0,-14.170947074890137,-10.506661415100098,-3.664285659790039,1|1|1|1|1,441|366|167|203|2021
e3_factual_160m_smoke,EleutherAI/pythia-160m-deduped,step1000,1000,0,factual_association,post_continuation,2026-06-04 14:42:36,,,fact162_template0,162,"Question: In the fictional registry, what is the codeword for zorlan-00-0162? Answer:",260,2,0,0,-11.87374496459961,-10.550552368164062,-1.3231925964355469,1|1|1|1|1,303|1886|260|1895|2021
e3_factual_160m_smoke,EleutherAI/pythia-160m-deduped,step1000,1000,0,factual_association,post_continuation,2026-06-04 14:42:36,,,fact162_template1,162,Question: Which label was assigned to zorlan-00-0162 in the experiment? Answer:,260,4,1,0,-11.94074821472168,-11.18964672088623,-0.7511014938354492,1|1|1|1|1,1950|544|291|527|260
e3_factual_160m_smoke,EleutherAI/pythia-160m-deduped,step1000,1000,0,factual_association,post_continuation,2026-06-04 14:42:36,,,fact163_template0,163,"Question: In the fictional registry, what is the codeword for zorlan-00-0163? Answer:",188,3,4,0,-10.234498023986816,-9.635431289672852,-0.5990667343139648,1|1|1|1|1,707|280|554|188|1866
e3_factual_160m_smoke,EleutherAI/pythia-160m-deduped,step1000,1000,0,factual_association,post_continuation,2026-06-04 14:42:36,,,fact163_template1,163,Question: Which label was assigned to zorlan-00-0163 in the experiment? Answer:,188,1,2,0,-11.280006408691406,-9.974649429321289,-1.3053569793701172,1|1|1|1|1,544|188|514|1914|145
e3_factual_160m_smoke,EleutherAI/pythia-160m-deduped,step1000,1000,0,factual_association,post_continuation,2026-06-04 14:42:36,,,fact164_template0,164,"Question: In the fictional registry, what is the codeword for zorlan-00-0164? Answer:",568,4,4,1,-10.608223915100098,-10.714005470275879,0.10578155517578125,1|1|1|1|1,307|700|548|260|568
e3_factual_160m_smoke,EleutherAI/pythia-160m-deduped,step1000,1000,0,factual_association,post_continuation,2026-06-04 14:42:36,,,fact164_template1,164,Question: Which label was assigned to zorlan-00-0164 in the experiment? Answer:,568,3,1,0,-10.837713241577148,-10.387065887451172,-0.45064735412597656,1|1|1|1|1,196|474|eagle|568|1917
e3_factual_160m_smoke,EleutherAI/pythia-160m-deduped,step1000,1000,0,factual_association,post_continuation,2026-06-04 14:42:36,,,fact165_template0,165,"Question: In the fictional registry, what is the codeword for zorlan-00-0165? Answer:",347,1,0,0,-10.71158504486084,-9.101067543029785,-1.6105175018310547,1|1|1|1|1,311|347|227|550|407
e3_factual_160m_smoke,EleutherAI/pythia-160m-deduped,step1000,1000,0,factual_association,post_continuation,2026-06-04 14:42:36,,,fact165_template1,165,Question: Which label was assigned to zorlan-00-0165 in the experiment? Answer:,347,0,2,0,-11.700712203979492,-9.582737922668457,-2.117974281311035,1|1|1|1|1,347|2006|389|navy|417
e3_factual_160m_smoke,EleutherAI/pythia-160m-deduped,step1000,1000,0,factual_association,post_continuation,2026-06-04 14:42:36,,,fact166_template0,166,"Question: In the fictional registry, what is the codeword for zorlan-00-0166? Answer:",586,3,0,0,-11.37899112701416,-9.427151679992676,-1.9518394470214844,1|1|1|1|1,2013|1897|373|586|249
e3_factual_160m_smoke,EleutherAI/pythia-160m-deduped,step1000,1000,0,factual_association,post_continuation,2026-06-04 14:42:36,,,fact166_template1,166,Question: Which label was assigned to zorlan-00-0166 in the experiment? Answer:,586,0,4,0,-11.524847984313965,-10.073297500610352,-1.4515504837036133,1|1|1|1|1,586|265|2010|700|595
e3_factual_160m_smoke,EleutherAI/pythia-160m-deduped,step1000,1000,0,factual_association,post_continuation,2026-06-04 14:42:36,,,fact167_template0,167,"Question: In the fictional registry, what is the codeword for zorlan-00-0167? Answer:",312,1,4,0,-10.86442756652832,-10.317544937133789,-0.5468826293945312,1|1|1|1|1,229|312|193|2021|399
e3_factual_160m_smoke,EleutherAI/pythia-160m-deduped,step1000,1000,0,factual_association,post_continuation,2026-06-04 14:42:36,,,fact167_template1,167,Question: Which label was assigned to zorlan-00-0167 in the experiment? Answer:,312,3,4,0,-11.189026832580566,-9.994105339050293,-1.1949214935302734,1|1|1|1|1,181|261|summit|312|474
e3_factual_160m_smoke,EleutherAI/pythia-160m-deduped,step1000,1000,0,factual_association,post_continuation,2026-06-04 14:42:36,,,fact168_template0,168,"Question: In the fictional registry, what is the codeword for zorlan-00-0168? Answer:",323,4,0,0,-10.244942665100098,-9.21660041809082,-1.0283422470092773,1|1|1|1|1,345|153|527|560|323
e3_factual_160m_smoke,EleutherAI/pythia-160m-deduped,step1000,1000,0,factual_association,post_continuation,2026-06-04 14:42:36,,,fact168_template1,168,Question: Which label was assigned to zorlan-00-0168 in the experiment? Answer:,323,3,3,1,-10.991220474243164,-11.127494812011719,0.1362743377685547,1|1|1|1|1,374|491|1860|323|527
e3_factual_160m_smoke,EleutherAI/pythia-160m-deduped,step1000,1000,0,factual_association,post_continuation,2026-06-04 14:42:36,,,fact169_template0,169,"Question: In the fictional registry, what is the codeword for zorlan-00-0169? Answer:",187,0,2,0,-10.54329776763916,-8.88442325592041,-1.65887451171875,1|1|1|1|1,187|172|1960|summit|311
e3_factual_160m_smoke,EleutherAI/pythia-160m-deduped,step1000,1000,0,factual_association,post_continuation,2026-06-04 14:42:36,,,fact169_template1,169,Question: Which label was assigned to zorlan-00-0169 in the experiment? Answer:,187,4,3,0,-11.597724914550781,-10.51761245727539,-1.0801124572753906,1|1|1|1|1,178|374|1886|449|187
e3_factual_160m_smoke,EleutherAI/pythia-160m-deduped,step1000,1000,0,factual_association,post_continuation,2026-06-04 14:42:36,,,fact170_template0,170,"Question: In the fictional registry, what is the codeword for zorlan-00-0170? Answer:",559,4,4,1,-10.506917953491211,-10.69081974029541,0.18390178680419922,1|1|1|1|1,green|ocean|418|554|559
e3_factual_160m_smoke,EleutherAI/pythia-160m-deduped,step1000,1000,0,factual_association,post_continuation,2026-06-04 14:42:36,,,fact170_template1,170,Question: Which label was assigned to zorlan-00-0170 in the experiment? Answer:,559,2,1,0,-10.072263717651367,-9.8834228515625,-0.1888408660888672,1|1|1|1|1,737|503|559|plasma|600
e3_factual_160m_smoke,EleutherAI/pythia-160m-deduped,step1000,1000,0,factual_association,post_continuation,2026-06-04 14:42:36,,,fact171_template0,171,"Question: In the fictional registry, what is the codeword for zorlan-00-0171? Answer:",374,0,1,0,-11.669949531555176,-10.931710243225098,-0.7382392883300781,1|1|1|1|1,374|144|249|554|700
e3_factual_160m_smoke,EleutherAI/pythia-160m-deduped,step1000,1000,0,factual_association,post_continuation,2026-06-04 14:42:36,,,fact171_template1,171,Question: Which label was assigned to zorlan-00-0171 in the experiment? Answer:,374,4,1,0,-11.541586875915527,-10.38400650024414,-1.1575803756713867,1|1|1|1|1,261|221|303|265|374
e3_factual_160m_smoke,EleutherAI/pythia-160m-deduped,step1000,1000,0,factual_association,post_continuation,2026-06-04 14:42:36,,,fact172_template0,172,"Question: In the fictional registry, what is the codeword for zorlan-00-0172? Answer:",140,4,3,0,-9.838567733764648,-8.893692970275879,-0.9448747634887695,1|1|1|1|1,227|1996|1900|145|140
e3_factual_160m_smoke,EleutherAI/pythia-160m-deduped,step1000,1000,0,factual_association,post_continuation,2026-06-04 14:42:36,,,fact172_template1,172,Question: Which label was assigned to zorlan-00-0172 in the experiment? Answer:,140,3,3,1,-10.920734405517578,-11.522602081298828,0.60186767578125,1|1|1|1|1,pepper|222|1954|140|1956
e3_factual_160m_smoke,EleutherAI/pythia-160m-deduped,step1000,1000,0,factual_association,post_continuation,2026-06-04 14:42:36,,,fact173_template0,173,"Question: In the fictional registry, what is the codeword for zorlan-00-0173? Answer:",287,4,1,0,-10.785040855407715,-9.55178165435791,-1.2332592010498047,1|1|1|1|1,303|1954|1897|390|287
e3_factual_160m_smoke,EleutherAI/pythia-160m-deduped,step1000,1000,0,factual_association,post_continuation,2026-06-04 14:42:36,,,fact173_template1,173,Question: Which label was assigned to zorlan-00-0173 in the experiment? Answer:,287,0,4,0,-12.066088676452637,-10.636401176452637,-1.4296875,1|1|1|1|1,287|2017|157|203|366
e3_factual_160m_smoke,EleutherAI/pythia-160m-deduped,step1000,1000,0,factual_association,post_continuation,2026-06-04 14:42:36,,,fact174_template0,174,"Question: In the fictional registry, what is the codeword for zorlan-00-0174? Answer:",1895,1,2,0,-11.780661582946777,-10.097329139709473,-1.6833324432373047,1|1|1|1|1,374|1895|311|449|223
e3_factual_160m_smoke,EleutherAI/pythia-160m-deduped,step1000,1000,0,factual_association,post_continuation,2026-06-04 14:42:36,,,fact174_template1,174,Question: Which label was assigned to zorlan-00-0174 in the experiment? Answer:,1895,2,4,0,-12.868888854980469,-10.299461364746094,-2.569427490234375,1|1|1|1|1,602|336|1895|560|390
e3_factual_160m_smoke,EleutherAI/pythia-160m-deduped,step1000,1000,0,factual_association,post_continuation,2026-06-04 14:42:36,,,fact175_template0,175,"Question: In the fictional registry, what is the codeword for zorlan-00-0175? Answer:",544,0,3,0,-11.40203857421875,-9.871179580688477,-1.5308589935302734,1|1|1|1|1,544|1956|yellow|398|1935
e3_factual_160m_smoke,EleutherAI/pythia-160m-deduped,step1000,1000,0,factual_association,post_continuation,2026-06-04 14:42:36,,,fact175_template1,175,Question: Which label was assigned to zorlan-00-0175 in the experiment? Answer:,544,3,0,0,-10.941156387329102,-9.919002532958984,-1.0221538543701172,1|1|1|1|1,499|550|491|544|277
e3_factual_160m_smoke,EleutherAI/pythia-160m-deduped,step1000,1000,0,factual_association,post_continuation,2026-06-04 14:42:36,,,fact176_template0,176,"Question: In the fictional registry, what is the codeword for zorlan-00-0176? Answer:",1861,1,0,0,-10.618241310119629,-9.921735763549805,-0.6965055465698242,1|1|1|1|1,398|1861|223|193|2030
e3_factual_160m_smoke,EleutherAI/pythia-160m-deduped,step1000,1000,0,factual_association,post_continuation,2026-06-04 14:42:36,,,fact176_template1,176,Question: Which label was assigned to zorlan-00-0176 in the experiment? Answer:,1861,3,0,0,-11.796411514282227,-10.407039642333984,-1.3893718719482422,1|1|1|1|1,443|363|1866|1861|153
e3_factual_160m_smoke,EleutherAI/pythia-160m-deduped,step1000,1000,0,factual_association,post_continuation,2026-06-04 14:42:36,,,fact177_template0,177,"Question: In the fictional registry, what is the codeword for zorlan-00-0177? Answer:",1880,2,0,0,-10.44766616821289,-10.107189178466797,-0.34047698974609375,1|1|1|1|1,390|268|1880|508|229
e3_factual_160m_smoke,EleutherAI/pythia-160m-deduped,step1000,1000,0,factual_association,post_continuation,2026-06-04 14:42:36,,,fact177_template1,177,Question: Which label was assigned to zorlan-00-0177 in the experiment? Answer:,1880,1,0,0,-12.057886123657227,-10.358051300048828,-1.6998348236083984,1|1|1|1|1,145|1880|586|maple|138
e3_factual_160m_smoke,EleutherAI/pythia-160m-deduped,step1000,1000,0,factual_association,post_continuation,2026-06-04 14:42:36,,,fact178_template0,178,"Question: In the fictional registry, what is the codeword for zorlan-00-0178? Answer:",205,2,0,0,-11.384065628051758,-9.170683860778809,-2.213381767272949,1|1|1|1|1,585|yellow|205|399|193
e3_factual_160m_smoke,EleutherAI/pythia-160m-deduped,step1000,1000,0,factual_association,post_continuation,2026-06-04 14:42:36,,,fact178_template1,178,Question: Which label was assigned to zorlan-00-0178 in the experiment? Answer:,205,1,4,0,-11.880980491638184,-9.863764762878418,-2.0172157287597656,1|1|1|1|1,1900|205|398|568|401
e3_factual_160m_smoke,EleutherAI/pythia-160m-deduped,step1000,1000,0,factual_association,post_continuation,2026-06-04 14:42:36,,,fact179_template0,179,"Question: In the fictional registry, what is the codeword for zorlan-00-0179? Answer:",924,1,0,0,-12.422248840332031,-11.079278945922852,-1.3429698944091797,1|1|1|1|1,179|924|maple|157|gold
e3_factual_160m_smoke,EleutherAI/pythia-160m-deduped,step1000,1000,0,factual_association,post_continuation,2026-06-04 14:42:36,,,fact179_template1,179,Question: Which label was assigned to zorlan-00-0179 in the experiment? Answer:,924,1,3,0,-11.3952054977417,-10.044513702392578,-1.350691795349121,1|1|1|1|1,1938|924|640|518|381
e3_factual_160m_smoke,EleutherAI/pythia-160m-deduped,step1000,1000,0,factual_association,post_continuation,2026-06-04 14:42:36,,,fact180_template0,180,"Question: In the fictional registry, what is the codeword for zorlan-00-0180? Answer:",144,2,2,1,-10.350082397460938,-10.548416137695312,0.198333740234375,1|1|1|1|1,508|307|144|485|1923
e3_factual_160m_smoke,EleutherAI/pythia-160m-deduped,step1000,1000,0,factual_association,post_continuation,2026-06-04 14:42:36,,,fact180_template1,180,Question: Which label was assigned to zorlan-00-0180 in the experiment? Answer:,144,4,1,0,-11.501792907714844,-10.014701843261719,-1.487091064453125,1|1|1|1|1,503|550|287|1900|144
e3_factual_160m_smoke,EleutherAI/pythia-160m-deduped,step1000,1000,0,factual_association,post_continuation,2026-06-04 14:42:36,,,fact181_template0,181,"Question: In the fictional registry, what is the codeword for zorlan-00-0181? Answer:",136,0,0,1,-9.602432250976562,-9.892396926879883,0.2899646759033203,1|1|1|1|1,136|323|187|512|203
e3_factual_160m_smoke,EleutherAI/pythia-160m-deduped,step1000,1000,0,factual_association,post_continuation,2026-06-04 14:42:36,,,fact181_template1,181,Question: Which label was assigned to zorlan-00-0181 in the experiment? Answer:,136,2,3,0,-11.558817863464355,-8.409629821777344,-3.1491880416870117,1|1|1|1|1,373|229|136|476|280
e3_factual_160m_smoke,EleutherAI/pythia-160m-deduped,step1000,1000,0,factual_association,post_continuation,2026-06-04 14:42:36,,,fact182_template0,182,"Question: In the fictional registry, what is the codeword for zorlan-00-0182? Answer:",282,2,3,0,-12.268234252929688,-9.69859504699707,-2.569639205932617,1|1|1|1|1,261|383|282|737|1954
e3_factual_160m_smoke,EleutherAI/pythia-160m-deduped,step1000,1000,0,factual_association,post_continuation,2026-06-04 14:42:36,,,fact182_template1,182,Question: Which label was assigned to zorlan-00-0182 in the experiment? Answer:,282,0,4,0,-12.280044555664062,-10.577903747558594,-1.7021408081054688,1|1|1|1|1,282|green|2010|599|145
e3_factual_160m_smoke,EleutherAI/pythia-160m-deduped,step1000,1000,0,factual_association,post_continuation,2026-06-04 14:42:36,,,fact183_template0,183,"Question: In the fictional registry, what is the codeword for zorlan-00-0183? Answer:",508,3,4,0,-11.072578430175781,-9.763099670410156,-1.309478759765625,1|1|1|1|1,187|666|595|508|196
e3_factual_160m_smoke,EleutherAI/pythia-160m-deduped,step1000,1000,0,factual_association,post_continuation,2026-06-04 14:42:36,,,fact183_template1,183,Question: Which label was assigned to zorlan-00-0183 in the experiment? Answer:,508,2,3,0,-11.334449768066406,-10.272058486938477,-1.0623912811279297,1|1|1|1|1,924|260|508|505|256
e3_factual_160m_smoke,EleutherAI/pythia-160m-deduped,step1000,1000,0,factual_association,post_continuation,2026-06-04 14:42:36,,,fact184_template0,184,"Question: In the fictional registry, what is the codeword for zorlan-00-0184? Answer:",eagle,3,0,0,-12.863319396972656,-8.18614387512207,-4.677175521850586,1|1|1|1|1,155|590|560|eagle|517
e3_factual_160m_smoke,EleutherAI/pythia-160m-deduped,step1000,1000,0,factual_association,post_continuation,2026-06-04 14:42:36,,,fact184_template1,184,Question: Which label was assigned to zorlan-00-0184 in the experiment? Answer:,eagle,0,4,0,-12.20861530303955,-9.978118896484375,-2.230496406555176,1|1|1|1|1,eagle|602|navy|366|443
e3_factual_160m_smoke,EleutherAI/pythia-160m-deduped,step1000,1000,0,factual_association,post_continuation,2026-06-04 14:42:36,,,fact185_template0,185,"Question: In the fictional registry, what is the codeword for zorlan-00-0185? Answer:",vector,2,1,0,-13.643028259277344,-9.335293769836426,-4.307734489440918,1|1|1|1|1,187|2013|vector|3000|268
e3_factual_160m_smoke,EleutherAI/pythia-160m-deduped,step1000,1000,0,factual_association,post_continuation,2026-06-04 14:42:36,,,fact185_template1,185,Question: Which label was assigned to zorlan-00-0185 in the experiment? Answer:,vector,0,2,0,-12.288155555725098,-8.788914680480957,-3.4992408752441406,1|1|1|1|1,vector|214|585|700|117
e3_factual_160m_smoke,EleutherAI/pythia-160m-deduped,step1000,1000,0,factual_association,post_continuation,2026-06-04 14:42:36,,,fact186_template0,186,"Question: In the fictional registry, what is the codeword for zorlan-00-0186? Answer:",366,3,4,0,-10.65727424621582,-8.730968475341797,-1.9263057708740234,1|1|1|1|1,153|509|3000|366|484
e3_factual_160m_smoke,EleutherAI/pythia-160m-deduped,step1000,1000,0,factual_association,post_continuation,2026-06-04 14:42:36,,,fact186_template1,186,Question: Which label was assigned to zorlan-00-0186 in the experiment? Answer:,366,4,0,0,-10.83296012878418,-10.098440170288086,-0.7345199584960938,1|1|1|1|1,429|193|1897|1950|366
e3_factual_160m_smoke,EleutherAI/pythia-160m-deduped,step1000,1000,0,factual_association,post_continuation,2026-06-04 14:42:36,,,fact187_template0,187,"Question: In the fictional registry, what is the codeword for zorlan-00-0187? Answer:",153,2,0,0,-11.036669731140137,-9.587170600891113,-1.4494991302490234,1|1|1|1|1,138|1956|153|376|203
e3_factual_160m_smoke,EleutherAI/pythia-160m-deduped,step1000,1000,0,factual_association,post_continuation,2026-06-04 14:42:36,,,fact187_template1,187,Question: Which label was assigned to zorlan-00-0187 in the experiment? Answer:,153,4,0,0,-13.097994804382324,-9.823805809020996,-3.274188995361328,1|1|1|1|1,389|beacon|602|1982|153
e3_factual_160m_smoke,EleutherAI/pythia-160m-deduped,step1000,1000,0,factual_association,post_continuation,2026-06-04 14:42:36,,,fact188_template0,188,"Question: In the fictional registry, what is the codeword for zorlan-00-0188? Answer:",441,2,0,0,-10.494526863098145,-10.471061706542969,-0.02346515655517578,1|1|1|1|1,214|376|441|336|153
e3_factual_160m_smoke,EleutherAI/pythia-160m-deduped,step1000,1000,0,factual_association,post_continuation,2026-06-04 14:42:36,,,fact188_template1,188,Question: Which label was assigned to zorlan-00-0188 in the experiment? Answer:,441,1,3,0,-11.31224536895752,-9.467103958129883,-1.8451414108276367,1|1|1|1|1,527|441|2006|354|2017
e3_factual_160m_smoke,EleutherAI/pythia-160m-deduped,step1000,1000,0,factual_association,post_continuation,2026-06-04 14:42:36,,,fact189_template0,189,"Question: In the fictional registry, what is the codeword for zorlan-00-0189? Answer:",527,4,3,0,-11.778229713439941,-9.874210357666016,-1.9040193557739258,1|1|1|1|1,253|335|maple|407|527
e3_factual_160m_smoke,EleutherAI/pythia-160m-deduped,step1000,1000,0,factual_association,post_continuation,2026-06-04 14:42:36,,,fact189_template1,189,Question: Which label was assigned to zorlan-00-0189 in the experiment? Answer:,527,2,4,0,-12.175849914550781,-10.627937316894531,-1.54791259765625,1|1|1|1|1,pepper|1956|527|203|378
e3_factual_160m_smoke,EleutherAI/pythia-160m-deduped,step1000,1000,0,factual_association,post_continuation,2026-06-04 14:42:36,,,fact190_template0,190,"Question: In the fictional registry, what is the codeword for zorlan-00-0190? Answer:",560,1,2,0,-11.28802490234375,-9.686897277832031,-1.6011276245117188,1|1|1|1|1,196|560|345|471|548
e3_factual_160m_smoke,EleutherAI/pythia-160m-deduped,step1000,1000,0,factual_association,post_continuation,2026-06-04 14:42:36,,,fact190_template1,190,Question: Which label was assigned to zorlan-00-0190 in the experiment? Answer:,560,4,1,0,-11.263631820678711,-11.177339553833008,-0.08629226684570312,1|1|1|1|1,256|700|1905|633|560
e3_factual_160m_smoke,EleutherAI/pythia-160m-deduped,step1000,1000,0,factual_association,post_continuation,2026-06-04 14:42:36,,,fact191_template0,191,"Question: In the fictional registry, what is the codeword for zorlan-00-0191? Answer:",256,0,2,0,-10.361305236816406,-9.235090255737305,-1.1262149810791016,1|1|1|1|1,256|374|138|solar|2030
e3_factual_160m_smoke,EleutherAI/pythia-160m-deduped,step1000,1000,0,factual_association,post_continuation,2026-06-04 14:42:36,,,fact191_template1,191,Question: Which label was assigned to zorlan-00-0191 in the experiment? Answer:,256,0,3,0,-11.959909439086914,-10.881954193115234,-1.0779552459716797,1|1|1|1|1,256|450|377|452|700
e3_factual_160m_smoke,EleutherAI/pythia-160m-deduped,step1000,1000,0,factual_association,post_continuation,2026-06-04 14:42:36,,,fact192_template0,192,"Question: In the fictional registry, what is the codeword for zorlan-00-0192? Answer:",640,4,1,0,-11.839905738830566,-10.409165382385254,-1.4307403564453125,1|1|1|1|1,508|311|172|136|640
e3_factual_160m_smoke,EleutherAI/pythia-160m-deduped,step1000,1000,0,factual_association,post_continuation,2026-06-04 14:42:36,,,fact192_template1,192,Question: Which label was assigned to zorlan-00-0192 in the experiment? Answer:,640,0,4,0,-11.198054313659668,-10.100337982177734,-1.0977163314819336,1|1|1|1|1,640|navy|203|227|443
e3_factual_160m_smoke,EleutherAI/pythia-160m-deduped,step1000,1000,0,factual_association,post_continuation,2026-06-04 14:42:36,,,fact193_template0,193,"Question: In the fictional registry, what is the codeword for zorlan-00-0193? Answer:",554,2,3,0,-11.603599548339844,-9.261850357055664,-2.3417491912841797,1|1|1|1|1,560|1954|554|484|2030
e3_factual_160m_smoke,EleutherAI/pythia-160m-deduped,step1000,1000,0,factual_association,post_continuation,2026-06-04 14:42:36,,,fact193_template1,193,Question: Which label was assigned to zorlan-00-0193 in the experiment? Answer:,554,1,2,0,-11.209705352783203,-8.401437759399414,-2.808267593383789,1|1|1|1|1,1917|554|476|376|summit
e3_factual_160m_smoke,EleutherAI/pythia-160m-deduped,step1000,1000,0,factual_association,post_continuation,2026-06-04 14:42:36,,,fact194_template0,194,"Question: In the fictional registry, what is the codeword for zorlan-00-0194? Answer:",157,1,0,0,-11.000521659851074,-9.288980484008789,-1.7115411758422852,1|1|1|1|1,514|157|239|312|2006
e3_factual_160m_smoke,EleutherAI/pythia-160m-deduped,step1000,1000,0,factual_association,post_continuation,2026-06-04 14:42:36,,,fact194_template1,194,Question: Which label was assigned to zorlan-00-0194 in the experiment? Answer:,157,0,4,0,-11.735729217529297,-9.191435813903809,-2.5442934036254883,1|1|1|1|1,157|602|purple|399|706
e3_factual_160m_smoke,EleutherAI/pythia-160m-deduped,step1000,1000,0,factual_association,post_continuation,2026-06-04 14:42:36,,,fact195_template0,195,"Question: In the fictional registry, what is the codeword for zorlan-00-0195? Answer:",700,1,4,0,-10.573691368103027,-10.12260913848877,-0.4510822296142578,1|1|1|1|1,222|700|534|496|503
e3_factual_160m_smoke,EleutherAI/pythia-160m-deduped,step1000,1000,0,factual_association,post_continuation,2026-06-04 14:42:36,,,fact195_template1,195,Question: Which label was assigned to zorlan-00-0195 in the experiment? Answer:,700,3,0,0,-10.812562942504883,-9.292346954345703,-1.5202159881591797,1|1|1|1|1,401|615|474|700|178
e3_factual_160m_smoke,EleutherAI/pythia-160m-deduped,step1000,1000,0,factual_association,post_continuation,2026-06-04 14:42:36,,,fact196_template0,196,"Question: In the fictional registry, what is the codeword for zorlan-00-0196? Answer:",376,3,0,0,-10.294736862182617,-9.42156982421875,-0.8731670379638672,1|1|1|1|1,353|purple|554|376|1938
e3_factual_160m_smoke,EleutherAI/pythia-160m-deduped,step1000,1000,0,factual_association,post_continuation,2026-06-04 14:42:36,,,fact196_template1,196,Question: Which label was assigned to zorlan-00-0196 in the experiment? Answer:,376,4,3,0,-11.001876831054688,-10.298820495605469,-0.7030563354492188,1|1|1|1|1,256|152|291|277|376
e3_factual_160m_smoke,EleutherAI/pythia-160m-deduped,step1000,1000,0,factual_association,post_continuation,2026-06-04 14:42:36,,,fact197_template0,197,"Question: In the fictional registry, what is the codeword for zorlan-00-0197? Answer:",363,4,0,0,-11.883158683776855,-10.000425338745117,-1.8827333450317383,1|1|1|1|1,311|1982|509|1935|363
e3_factual_160m_smoke,EleutherAI/pythia-160m-deduped,step1000,1000,0,factual_association,post_continuation,2026-06-04 14:42:36,,,fact197_template1,197,Question: Which label was assigned to zorlan-00-0197 in the experiment? Answer:,363,3,4,0,-12.730428695678711,-10.906116485595703,-1.8243122100830078,1|1|1|1|1,vector|332|373|363|345
e3_factual_160m_smoke,EleutherAI/pythia-160m-deduped,step1000,1000,0,factual_association,post_continuation,2026-06-04 14:42:36,,,fact198_template0,198,"Question: In the fictional registry, what is the codeword for zorlan-00-0198? Answer:",gold,0,2,0,-11.641134262084961,-9.659475326538086,-1.981658935546875,1|1|1|1|1,gold|196|303|268|615
e3_factual_160m_smoke,EleutherAI/pythia-160m-deduped,step1000,1000,0,factual_association,post_continuation,2026-06-04 14:42:36,,,fact198_template1,198,Question: Which label was assigned to zorlan-00-0198 in the experiment? Answer:,gold,1,3,0,-11.55230712890625,-9.837234497070312,-1.7150726318359375,1|1|1|1|1,381|gold|345|595|265
e3_factual_160m_smoke,EleutherAI/pythia-160m-deduped,step1000,1000,0,factual_association,post_continuation,2026-06-04 14:42:36,,,fact199_template0,199,"Question: In the fictional registry, what is the codeword for zorlan-00-0199? Answer:",471,1,4,0,-10.7716703414917,-7.537564277648926,-3.2341060638427734,1|1|1|1|1,1956|471|398|395|2011
e3_factual_160m_smoke,EleutherAI/pythia-160m-deduped,step1000,1000,0,factual_association,post_continuation,2026-06-04 14:42:36,,,fact199_template1,199,Question: Which label was assigned to zorlan-00-0199 in the experiment? Answer:,471,4,2,0,-10.858687400817871,-10.138764381408691,-0.7199230194091797,1|1|1|1|1,214|707|750|216|471
e3_factual_160m_smoke,EleutherAI/pythia-160m-deduped,step1000,1000,0,factual_association,post_degradation_k4,2026-06-04 14:42:45,1|1|1|1|1,600|220|purple|yellow|287,4,1,fact120_template0,120,"Question: In the fictional registry, what is the codeword for zorlan-00-0120? Answer:",220,1,0,0,-11.388431549072266,-10.836006164550781,-0.5524253845214844
e3_factual_160m_smoke,EleutherAI/pythia-160m-deduped,step1000,1000,0,factual_association,post_degradation_k4,2026-06-04 14:42:45,1|1|1|1|1,220|509|512|586|354,4,1,fact120_template1,120,Question: Which label was assigned to zorlan-00-0120 in the experiment? Answer:,220,0,4,0,-11.540375709533691,-9.565244674682617,-1.9751310348510742
e3_factual_160m_smoke,EleutherAI/pythia-160m-deduped,step1000,1000,0,factual_association,post_degradation_k4,2026-06-04 14:42:45,1|1|1|1|1,801|144|518|220|550,4,1,fact121_template0,121,"Question: In the fictional registry, what is the codeword for zorlan-00-0121? Answer:",550,4,2,0,-9.990238189697266,-9.17962646484375,-0.8106117248535156
e3_factual_160m_smoke,EleutherAI/pythia-160m-deduped,step1000,1000,0,factual_association,post_degradation_k4,2026-06-04 14:42:45,1|1|1|1|1,550|196|222|366|261,4,1,fact121_template1,121,Question: Which label was assigned to zorlan-00-0121 in the experiment? Answer:,550,0,0,1,-9.766168594360352,-10.709677696228027,0.9435091018676758
e3_factual_160m_smoke,EleutherAI/pythia-160m-deduped,step1000,1000,0,factual_association,post_degradation_k4,2026-06-04 14:42:45,1|1|1|1|1,600|459|512|377|706,4,1,fact122_template0,122,"Question: In the fictional registry, what is the codeword for zorlan-00-0122? Answer:",600,0,4,0,-10.8464937210083,-9.418896675109863,-1.4275970458984375
e3_factual_160m_smoke,EleutherAI/pythia-160m-deduped,step1000,1000,0,factual_association,post_degradation_k4,2026-06-04 14:42:45,1|1|1|1|1,600|503|1935|1897|2021,4,1,fact122_template1,122,Question: Which label was assigned to zorlan-00-0122 in the experiment? Answer:,600,0,1,0,-11.239673614501953,-9.998271942138672,-1.2414016723632812
e3_factual_160m_smoke,EleutherAI/pythia-160m-deduped,step1000,1000,0,factual_association,post_degradation_k4,2026-06-04 14:42:45,1|1|1|1|1,253|471|259|323|737,4,1,fact123_template0,123,"Question: In the fictional registry, what is the codeword for zorlan-00-0123? Answer:",253,0,4,0,-10.726871490478516,-9.047994613647461,-1.6788768768310547
e3_factual_160m_smoke,EleutherAI/pythia-160m-deduped,step1000,1000,0,factual_association,post_degradation_k4,2026-06-04 14:42:45,1|1|1|1|1,544|268|259|green|253,4,1,fact123_template1,123,Question: Which label was assigned to zorlan-00-0123 in the experiment? Answer:,253,4,2,0,-11.262725830078125,-10.307594299316406,-0.9551315307617188
e3_factual_160m_smoke,EleutherAI/pythia-160m-deduped,step1000,1000,0,factual_association,post_degradation_k4,2026-06-04 14:42:45,1|1|1|1|1,526|152|221|1935|666,4,1,fact124_template0,124,"Question: In the fictional registry, what is the codeword for zorlan-00-0124? Answer:",1935,3,2,0,-11.207356452941895,-9.490301132202148,-1.717055320739746
e3_factual_160m_smoke,EleutherAI/pythia-160m-deduped,step1000,1000,0,factual_association,post_degradation_k4,2026-06-04 14:42:45,1|1|1|1|1,255|381|1935|514|503,4,1,fact124_template1,124,Question: Which label was assigned to zorlan-00-0124 in the experiment? Answer:,1935,2,4,0,-12.468113899230957,-9.80942153930664,-2.6586923599243164
e3_factual_160m_smoke,EleutherAI/pythia-160m-deduped,step1000,1000,0,factual_association,post_degradation_k4,2026-06-04 14:42:45,1|1|1|1|1,499|188|570|1954|277,4,1,fact125_template0,125,"Question: In the fictional registry, what is the codeword for zorlan-00-0125? Answer:",570,2,0,0,-11.35956859588623,-8.949318885803223,-2.410249710083008
e3_factual_160m_smoke,EleutherAI/pythia-160m-deduped,step1000,1000,0,factual_association,post_degradation_k4,2026-06-04 14:42:45,1|1|1|1|1,265|353|376|570|2017,4,1,fact125_template1,125,Question: Which label was assigned to zorlan-00-0125 in the experiment? Answer:,570,3,4,0,-10.97177791595459,-9.607120513916016,-1.3646574020385742
e3_factual_160m_smoke,EleutherAI/pythia-160m-deduped,step1000,1000,0,factual_association,post_degradation_k4,2026-06-04 14:42:45,1|1|1|1|1,1950|534|178|307|196,4,1,fact126_template0,126,"Question: In the fictional registry, what is the codeword for zorlan-00-0126? Answer:",178,2,0,0,-11.139754295349121,-9.986288070678711,-1.1534662246704102
e3_factual_160m_smoke,EleutherAI/pythia-160m-deduped,step1000,1000,0,factual_association,post_degradation_k4,2026-06-04 14:42:45,1|1|1|1|1,1950|366|1915|178|1996,4,1,fact126_template1,126,Question: Which label was assigned to zorlan-00-0126 in the experiment? Answer:,178,3,2,0,-11.223505020141602,-9.44912338256836,-1.7743816375732422
e3_factual_160m_smoke,EleutherAI/pythia-160m-deduped,step1000,1000,0,factual_association,post_degradation_k4,2026-06-04 14:42:45,1|1|1|1|1,172|505|1950|559|443,4,1,fact127_template0,127,"Question: In the fictional registry, what is the codeword for zorlan-00-0127? Answer:",172,0,2,0,-11.103676795959473,-9.533602714538574,-1.5700740814208984
e3_factual_160m_smoke,EleutherAI/pythia-160m-deduped,step1000,1000,0,factual_association,post_degradation_k4,2026-06-04 14:42:45,1|1|1|1|1,172|484|564|solar|312,4,1,fact127_template1,127,Question: Which label was assigned to zorlan-00-0127 in the experiment? Answer:,172,0,1,0,-11.474967956542969,-9.35060977935791,-2.1243581771850586
e3_factual_160m_smoke,EleutherAI/pythia-160m-deduped,step1000,1000,0,factual_association,post_degradation_k4,2026-06-04 14:42:45,1|1|1|1|1,172|1923|1956|265|353,4,1,fact128_template0,128,"Question: In the fictional registry, what is the codeword for zorlan-00-0128? Answer:",265,3,4,0,-10.303201675415039,-9.769216537475586,-0.5339851379394531
e3_factual_160m_smoke,EleutherAI/pythia-160m-deduped,step1000,1000,0,factual_association,post_degradation_k4,2026-06-04 14:42:45,1|1|1|1|1,223|527|399|265|534,4,1,fact128_template1,128,Question: Which label was assigned to zorlan-00-0128 in the experiment? Answer:,265,3,0,0,-11.163793563842773,-10.382223129272461,-0.7815704345703125
e3_factual_160m_smoke,EleutherAI/pythia-160m-deduped,step1000,1000,0,factual_association,post_degradation_k4,2026-06-04 14:42:45,1|1|1|1|1,157|1950|123|568|1949,4,1,fact129_template0,129,"Question: In the fictional registry, what is the codeword for zorlan-00-0129? Answer:",123,2,1,0,-9.752685546875,-9.420879364013672,-0.3318061828613281
e3_factual_160m_smoke,EleutherAI/pythia-160m-deduped,step1000,1000,0,factual_association,post_degradation_k4,2026-06-04 14:42:45,1|1|1|1|1,1900|383|123|801|307,4,1,fact129_template1,129,Question: Which label was assigned to zorlan-00-0129 in the experiment? Answer:,123,2,3,0,-10.790573120117188,-10.226603507995605,-0.563969612121582
e3_factual_160m_smoke,EleutherAI/pythia-160m-deduped,step1000,1000,0,factual_association,post_degradation_k4,2026-06-04 14:42:45,1|1|1|1|1,2003|172|544|514|navy,4,1,fact130_template0,130,"Question: In the fictional registry, what is the codeword for zorlan-00-0130? Answer:",2003,0,0,1,-9.910649299621582,-10.164246559143066,0.2535972595214844
e3_factual_160m_smoke,EleutherAI/pythia-160m-deduped,step1000,1000,0,factual_association,post_degradation_k4,2026-06-04 14:42:45,1|1|1|1|1,335|336|491|332|2003,4,1,fact130_template1,130,Question: Which label was assigned to zorlan-00-0130 in the experiment? Answer:,2003,4,3,0,-11.724909782409668,-11.068893432617188,-0.6560163497924805
e3_factual_160m_smoke,EleutherAI/pythia-160m-deduped,step1000,1000,0,factual_association,post_degradation_k4,2026-06-04 14:42:45,1|1|1|1|1,491|227|418|850|390,4,1,fact131_template0,131,"Question: In the fictional registry, what is the codeword for zorlan-00-0131? Answer:",418,2,3,0,-10.554132461547852,-8.605049133300781,-1.9490833282470703
e3_factual_160m_smoke,EleutherAI/pythia-160m-deduped,step1000,1000,0,factual_association,post_degradation_k4,2026-06-04 14:42:45,1|1|1|1|1,633|1866|418|526|1860,4,1,fact131_template1,131,Question: Which label was assigned to zorlan-00-0131 in the experiment? Answer:,418,2,1,0,-10.948429107666016,-10.640918731689453,-0.3075103759765625
e3_factual_160m_smoke,EleutherAI/pythia-160m-deduped,step1000,1000,0,factual_association,post_degradation_k4,2026-06-04 14:42:45,1|1|1|1|1,517|509|172|484|452,4,1,fact132_template0,132,"Question: In the fictional registry, what is the codeword for zorlan-00-0132? Answer:",452,4,3,0,-10.478803634643555,-8.250657081604004,-2.228146553039551
e3_factual_160m_smoke,EleutherAI/pythia-160m-deduped,step1000,1000,0,factual_association,post_degradation_k4,2026-06-04 14:42:45,1|1|1|1|1,111|452|1969|476|511,4,1,fact132_template1,132,Question: Which label was assigned to zorlan-00-0132 in the experiment? Answer:,452,1,3,0,-10.885639190673828,-8.302986145019531,-2.582653045654297
e3_factual_160m_smoke,EleutherAI/pythia-160m-deduped,step1000,1000,0,factual_association,post_degradation_k4,2026-06-04 14:42:45,1|1|1|1|1,499|373|355|750|291,4,1,fact133_template0,133,"Question: In the fictional registry, what is the codeword for zorlan-00-0133? Answer:",291,4,0,0,-11.095226287841797,-9.430499076843262,-1.6647272109985352
e3_factual_160m_smoke,EleutherAI/pythia-160m-deduped,step1000,1000,0,factual_association,post_degradation_k4,2026-06-04 14:42:45,1|1|1|1|1,514|291|517|336|390,4,1,fact133_template1,133,Question: Which label was assigned to zorlan-00-0133 in the experiment? Answer:,291,1,0,0,-11.557558059692383,-9.784463882446289,-1.7730941772460938
e3_factual_160m_smoke,EleutherAI/pythia-160m-deduped,step1000,1000,0,factual_association,post_degradation_k4,2026-06-04 14:42:45,1|1|1|1|1,225|1860|599|386|534,4,1,fact134_template0,134,"Question: In the fictional registry, what is the codeword for zorlan-00-0134? Answer:",534,4,2,0,-10.283251762390137,-8.691874504089355,-1.5913772583007812
e3_factual_160m_smoke,EleutherAI/pythia-160m-deduped,step1000,1000,0,factual_association,post_degradation_k4,2026-06-04 14:42:45,1|1|1|1|1,145|205|534|452|399,4,1,fact134_template1,134,Question: Which label was assigned to zorlan-00-0134 in the experiment? Answer:,534,2,0,0,-10.589615821838379,-9.772058486938477,-0.8175573348999023
e3_factual_160m_smoke,EleutherAI/pythia-160m-deduped,step1000,1000,0,factual_association,post_degradation_k4,2026-06-04 14:42:45,1|1|1|1|1,ocean|2013|924|193|737,4,1,fact135_template0,135,"Question: In the fictional registry, what is the codeword for zorlan-00-0135? Answer:",193,3,1,0,-10.712486267089844,-8.52104377746582,-2.1914424896240234
e3_factual_160m_smoke,EleutherAI/pythia-160m-deduped,step1000,1000,0,factual_association,post_degradation_k4,2026-06-04 14:42:45,1|1|1|1|1,2017|193|1935|398|158,4,1,fact135_template1,135,Question: Which label was assigned to zorlan-00-0135 in the experiment? Answer:,193,1,0,0,-11.168703079223633,-9.909917831420898,-1.2587852478027344
e3_factual_160m_smoke,EleutherAI/pythia-160m-deduped,step1000,1000,0,factual_association,post_degradation_k4,2026-06-04 14:42:45,1|1|1|1|1,323|1960|193|768|1917,4,1,fact136_template0,136,"Question: In the fictional registry, what is the codeword for zorlan-00-0136? Answer:",1917,4,1,0,-10.210769653320312,-8.630070686340332,-1.5806989669799805
e3_factual_160m_smoke,EleutherAI/pythia-160m-deduped,step1000,1000,0,factual_association,post_degradation_k4,2026-06-04 14:42:45,1|1|1|1|1,1861|450|291|229|1917,4,1,fact136_template1,136,Question: Which label was assigned to zorlan-00-0136 in the experiment? Answer:,1917,4,1,0,-10.548467636108398,-10.161162376403809,-0.38730525970458984
e3_factual_160m_smoke,EleutherAI/pythia-160m-deduped,step1000,1000,0,factual_association,post_degradation_k4,2026-06-04 14:42:45,1|1|1|1|1,1935|518|441|maple|purple,4,1,fact137_template0,137,"Question: In the fictional registry, what is the codeword for zorlan-00-0137? Answer:",purple,4,1,0,-12.631757736206055,-8.87381362915039,-3.757944107055664
e3_factual_160m_smoke,EleutherAI/pythia-160m-deduped,step1000,1000,0,factual_association,post_degradation_k4,2026-06-04 14:42:45,1|1|1|1|1,373|2021|474|purple|398,4,1,fact137_template1,137,Question: Which label was assigned to zorlan-00-0137 in the experiment? Answer:,purple,3,2,0,-12.174585342407227,-10.096797943115234,-2.077787399291992
e3_factual_160m_smoke,EleutherAI/pythia-160m-deduped,step1000,1000,0,factual_association,post_degradation_k4,2026-06-04 14:42:45,1|1|1|1|1,1917|136|1935|1886|1866,4,1,fact138_template0,138,"Question: In the fictional registry, what is the codeword for zorlan-00-0138? Answer:",1886,3,4,0,-11.553357124328613,-9.951630592346191,-1.6017265319824219
e3_factual_160m_smoke,EleutherAI/pythia-160m-deduped,step1000,1000,0,factual_association,post_degradation_k4,2026-06-04 14:42:45,1|1|1|1|1,229|1886|1861|345|430,4,1,fact138_template1,138,Question: Which label was assigned to zorlan-00-0138 in the experiment? Answer:,1886,1,3,0,-12.496316909790039,-10.836282730102539,-1.6600341796875
e3_factual_160m_smoke,EleutherAI/pythia-160m-deduped,step1000,1000,0,factual_association,post_degradation_k4,2026-06-04 14:42:45,1|1|1|1|1,138|1886|568|282|cipher,4,1,fact139_template0,139,"Question: In the fictional registry, what is the codeword for zorlan-00-0139? Answer:",138,0,0,1,-10.11444091796875,-10.365571975708008,0.2511310577392578
e3_factual_160m_smoke,EleutherAI/pythia-160m-deduped,step1000,1000,0,factual_association,post_degradation_k4,2026-06-04 14:42:45,1|1|1|1|1,153|1982|138|1897|666,4,1,fact139_template1,139,Question: Which label was assigned to zorlan-00-0139 in the experiment? Answer:,138,2,4,0,-11.581523895263672,-10.189831733703613,-1.3916921615600586
e3_factual_160m_smoke,EleutherAI/pythia-160m-deduped,step1000,1000,0,factual_association,post_degradation_k4,2026-06-04 14:42:45,1|1|1|1|1,1923|beacon|476|471|1938,4,1,fact140_template0,140,"Question: In the fictional registry, what is the codeword for zorlan-00-0140? Answer:",1923,0,2,0,-10.551721572875977,-8.343289375305176,-2.208432197570801
e3_factual_160m_smoke,EleutherAI/pythia-160m-deduped,step1000,1000,0,factual_association,post_degradation_k4,2026-06-04 14:42:45,1|1|1|1|1,615|548|452|484|1923,4,1,fact140_template1,140,Question: Which label was assigned to zorlan-00-0140 in the experiment? Answer:,1923,4,3,0,-11.46595287322998,-9.481033325195312,-1.984919548034668
e3_factual_160m_smoke,EleutherAI/pythia-160m-deduped,step1000,1000,0,factual_association,post_degradation_k4,2026-06-04 14:42:45,1|1|1|1|1,187|summit|1982|395|111,4,1,fact141_template0,141,"Question: In the fictional registry, what is the codeword for zorlan-00-0141? Answer:",111,4,3,0,-10.346986770629883,-9.198925018310547,-1.148061752319336
e3_factual_160m_smoke,EleutherAI/pythia-160m-deduped,step1000,1000,0,factual_association,post_degradation_k4,2026-06-04 14:42:45,1|1|1|1|1,505|424|471|441|111,4,1,fact141_template1,141,Question: Which label was assigned to zorlan-00-0141 in the experiment? Answer:,111,4,0,0,-11.048276901245117,-10.342635154724121,-0.7056417465209961
e3_factual_160m_smoke,EleutherAI/pythia-160m-deduped,step1000,1000,0,factual_association,post_degradation_k4,2026-06-04 14:42:45,1|1|1|1|1,268|768|560|225|526,4,1,fact142_template0,142,"Question: In the fictional registry, what is the codeword for zorlan-00-0142? Answer:",268,0,1,0,-12.826620101928711,-10.443090438842773,-2.3835296630859375
e3_factual_160m_smoke,EleutherAI/pythia-160m-deduped,step1000,1000,0,factual_association,post_degradation_k4,2026-06-04 14:42:45,1|1|1|1|1,335|1923|268|666|452,4,1,fact142_template1,142,Question: Which label was assigned to zorlan-00-0142 in the experiment? Answer:,268,2,3,0,-11.962543487548828,-10.172924995422363,-1.7896184921264648
e3_factual_160m_smoke,EleutherAI/pythia-160m-deduped,step1000,1000,0,factual_association,post_degradation_k4,2026-06-04 14:42:45,1|1|1|1|1,291|542|navy|152|239,4,1,fact143_template0,143,"Question: In the fictional registry, what is the codeword for zorlan-00-0143? Answer:",152,3,4,0,-11.224609375,-10.257983207702637,-0.9666261672973633
e3_factual_160m_smoke,EleutherAI/pythia-160m-deduped,step1000,1000,0,factual_association,post_degradation_k4,2026-06-04 14:42:45,1|1|1|1|1,390|152|615|214|maple,4,1,fact143_template1,143,Question: Which label was assigned to zorlan-00-0143 in the experiment? Answer:,152,1,0,0,-12.05990982055664,-10.073451042175293,-1.9864587783813477
e3_factual_160m_smoke,EleutherAI/pythia-160m-deduped,step1000,1000,0,factual_association,post_degradation_k4,2026-06-04 14:42:45,1|1|1|1|1,280|353|850|187|1982,4,1,fact144_template0,144,"Question: In the fictional registry, what is the codeword for zorlan-00-0144? Answer:",1982,4,2,0,-9.81698989868164,-8.250805854797363,-1.5661840438842773
e3_factual_160m_smoke,EleutherAI/pythia-160m-deduped,step1000,1000,0,factual_association,post_degradation_k4,2026-06-04 14:42:45,1|1|1|1|1,544|347|1982|253|117,4,1,fact144_template1,144,Question: Which label was assigned to zorlan-00-0144 in the experiment? Answer:,1982,2,4,0,-11.215564727783203,-10.221288681030273,-0.9942760467529297
e3_factual_160m_smoke,EleutherAI/pythia-160m-deduped,step1000,1000,0,factual_association,post_degradation_k4,2026-06-04 14:42:45,1|1|1|1|1,395|595|600|172|335,4,1,fact145_template0,145,"Question: In the fictional registry, what is the codeword for zorlan-00-0145? Answer:",335,4,0,0,-10.057901382446289,-8.149846076965332,-1.908055305480957
e3_factual_160m_smoke,EleutherAI/pythia-160m-deduped,step1000,1000,0,factual_association,post_degradation_k4,2026-06-04 14:42:45,1|1|1|1|1,430|700|1923|335|737,4,1,fact145_template1,145,Question: Which label was assigned to zorlan-00-0145 in the experiment? Answer:,335,3,4,0,-10.54323959350586,-9.877362251281738,-0.6658773422241211
e3_factual_160m_smoke,EleutherAI/pythia-160m-deduped,step1000,1000,0,factual_association,post_degradation_k4,2026-06-04 14:42:45,1|1|1|1|1,559|262|383|485|1954,4,1,fact146_template0,146,"Question: In the fictional registry, what is the codeword for zorlan-00-0146? Answer:",383,2,4,0,-9.724980354309082,-9.688546180725098,-0.036434173583984375
e3_factual_160m_smoke,EleutherAI/pythia-160m-deduped,step1000,1000,0,factual_association,post_degradation_k4,2026-06-04 14:42:45,1|1|1|1|1,1888|345|223|144|383,4,1,fact146_template1,146,Question: Which label was assigned to zorlan-00-0146 in the experiment? Answer:,383,4,2,0,-10.37328815460205,-9.954044342041016,-0.41924381256103516
e3_factual_160m_smoke,EleutherAI/pythia-160m-deduped,step1000,1000,0,factual_association,post_degradation_k4,2026-06-04 14:42:45,1|1|1|1|1,449|2013|1897|633|600,4,1,fact147_template0,147,"Question: In the fictional registry, what is the codeword for zorlan-00-0147? Answer:",2013,1,0,0,-8.661498069763184,-8.59097671508789,-0.07052135467529297
e3_factual_160m_smoke,EleutherAI/pythia-160m-deduped,step1000,1000,0,factual_association,post_degradation_k4,2026-06-04 14:42:45,1|1|1|1|1,2013|eagle|570|564|850,4,1,fact147_template1,147,Question: Which label was assigned to zorlan-00-0147 in the experiment? Answer:,2013,0,0,1,-9.424476623535156,-9.444241523742676,0.01976490020751953
e3_factual_160m_smoke,EleutherAI/pythia-160m-deduped,step1000,1000,0,factual_association,post_degradation_k4,2026-06-04 14:42:45,1|1|1|1|1,1956|153|353|707|203,4,1,fact148_template0,148,"Question: In the fictional registry, what is the codeword for zorlan-00-0148? Answer:",1956,0,2,0,-10.617692947387695,-8.850696563720703,-1.7669963836669922
e3_factual_160m_smoke,EleutherAI/pythia-160m-deduped,step1000,1000,0,factual_association,post_degradation_k4,2026-06-04 14:42:45,1|1|1|1|1,1956|261|347|706|282,4,1,fact148_template1,148,Question: Which label was assigned to zorlan-00-0148 in the experiment? Answer:,1956,0,3,0,-12.51031494140625,-9.569392204284668,-2.940922737121582
e3_factual_160m_smoke,EleutherAI/pythia-160m-deduped,step1000,1000,0,factual_association,post_degradation_k4,2026-06-04 14:42:45,1|1|1|1|1,245|1900|374|1935|554,4,1,fact149_template0,149,"Question: In the fictional registry, what is the codeword for zorlan-00-0149? Answer:",245,0,1,0,-10.38671588897705,-9.801963806152344,-0.584752082824707
e3_factual_160m_smoke,EleutherAI/pythia-160m-deduped,step1000,1000,0,factual_association,post_degradation_k4,2026-06-04 14:42:45,1|1|1|1|1,737|303|245|268|750,4,1,fact149_template1,149,Question: Which label was assigned to zorlan-00-0149 in the experiment? Answer:,245,2,4,0,-11.675930976867676,-9.828115463256836,-1.8478155136108398
e3_factual_160m_smoke,EleutherAI/pythia-160m-deduped,step1000,1000,0,factual_association,post_degradation_k4,2026-06-04 14:42:45,1|1|1|1|1,253|225|399|378|509,4,1,fact150_template0,150,"Question: In the fictional registry, what is the codeword for zorlan-00-0150? Answer:",509,4,3,0,-11.500576972961426,-9.540848731994629,-1.9597282409667969
e3_factual_160m_smoke,EleutherAI/pythia-160m-deduped,step1000,1000,0,factual_association,post_degradation_k4,2026-06-04 14:42:45,1|1|1|1|1,gold|2006|355|509|1960,4,1,fact150_template1,150,Question: Which label was assigned to zorlan-00-0150 in the experiment? Answer:,509,3,2,0,-11.739018440246582,-10.706624984741211,-1.032393455505371
e3_factual_160m_smoke,EleutherAI/pythia-160m-deduped,step1000,1000,0,factual_association,post_degradation_k4,2026-06-04 14:42:45,1|1|1|1|1,268|1949|229|223|green,4,1,fact151_template0,151,"Question: In the fictional registry, what is the codeword for zorlan-00-0151? Answer:",1949,1,3,0,-10.821379661560059,-9.24075698852539,-1.580622673034668
e3_factual_160m_smoke,EleutherAI/pythia-160m-deduped,step1000,1000,0,factual_association,post_degradation_k4,2026-06-04 14:42:45,1|1|1|1|1,1949|418|203|196|262,4,1,fact151_template1,151,Question: Which label was assigned to zorlan-00-0151 in the experiment? Answer:,1949,0,2,0,-13.053510665893555,-10.150964736938477,-2.902545928955078
e3_factual_160m_smoke,EleutherAI/pythia-160m-deduped,step1000,1000,0,factual_association,post_degradation_k4,2026-06-04 14:42:45,1|1|1|1|1,255|336|pepper|510|526,4,1,fact152_template0,152,"Question: In the fictional registry, what is the codeword for zorlan-00-0152? Answer:",526,4,4,1,-10.302680969238281,-10.656662940979004,0.35398197174072266
e3_factual_160m_smoke,EleutherAI/pythia-160m-deduped,step1000,1000,0,factual_association,post_degradation_k4,2026-06-04 14:42:45,1|1|1|1|1,484|253|158|256|526,4,1,fact152_template1,152,Question: Which label was assigned to zorlan-00-0152 in the experiment? Answer:,526,4,0,0,-10.795655250549316,-9.275585174560547,-1.5200700759887695
e3_factual_160m_smoke,EleutherAI/pythia-160m-deduped,step1000,1000,0,factual_association,post_degradation_k4,2026-06-04 14:42:45,1|1|1|1|1,123|303|plasma|355|564,4,1,fact153_template0,153,"Question: In the fictional registry, what is the codeword for zorlan-00-0153? Answer:",plasma,2,1,0,-13.603006362915039,-9.124601364135742,-4.478404998779297
e3_factual_160m_smoke,EleutherAI/pythia-160m-deduped,step1000,1000,0,factual_association,post_degradation_k4,2026-06-04 14:42:45,1|1|1|1|1,282|239|plasma|407|1905,4,1,fact153_template1,153,Question: Which label was assigned to zorlan-00-0153 in the experiment? Answer:,plasma,2,1,0,-13.077192306518555,-10.521707534790039,-2.5554847717285156
e3_factual_160m_smoke,EleutherAI/pythia-160m-deduped,step1000,1000,0,factual_association,post_degradation_k4,2026-06-04 14:42:45,1|1|1|1|1,429|395|2006|459|768,4,1,fact154_template0,154,"Question: In the fictional registry, what is the codeword for zorlan-00-0154? Answer:",429,0,1,0,-9.730904579162598,-8.199311256408691,-1.5315933227539062
e3_factual_160m_smoke,EleutherAI/pythia-160m-deduped,step1000,1000,0,factual_association,post_degradation_k4,2026-06-04 14:42:45,1|1|1|1|1,615|750|2030|374|429,4,1,fact154_template1,154,Question: Which label was assigned to zorlan-00-0154 in the experiment? Answer:,429,4,1,0,-10.02077865600586,-9.83176040649414,-0.18901824951171875
e3_factual_160m_smoke,EleutherAI/pythia-160m-deduped,step1000,1000,0,factual_association,post_degradation_k4,2026-06-04 14:42:45,1|1|1|1|1,229|pepper|gold|253|429,4,1,fact155_template0,155,"Question: In the fictional registry, what is the codeword for zorlan-00-0155? Answer:",229,0,4,0,-9.800239562988281,-9.615497589111328,-0.18474197387695312
e3_factual_160m_smoke,EleutherAI/pythia-160m-deduped,step1000,1000,0,factual_association,post_degradation_k4,2026-06-04 14:42:45,1|1|1|1|1,616|229|323|265|pepper,4,1,fact155_template1,155,Question: Which label was assigned to zorlan-00-0155 in the experiment? Answer:,229,1,3,0,-11.074298858642578,-10.798258781433105,-0.27604007720947266
e3_factual_160m_smoke,EleutherAI/pythia-160m-deduped,step1000,1000,0,factual_association,post_degradation_k4,2026-06-04 14:42:45,1|1|1|1|1,336|yellow|2030|345|111,4,1,fact156_template0,156,"Question: In the fictional registry, what is the codeword for zorlan-00-0156? Answer:",2030,2,3,0,-11.443336486816406,-9.490039825439453,-1.9532966613769531
e3_factual_160m_smoke,EleutherAI/pythia-160m-deduped,step1000,1000,0,factual_association,post_degradation_k4,2026-06-04 14:42:45,1|1|1|1|1,2030|354|508|214|570,4,1,fact156_template1,156,Question: Which label was assigned to zorlan-00-0156 in the experiment? Answer:,2030,0,1,0,-12.293401718139648,-9.209077835083008,-3.0843238830566406
e3_factual_160m_smoke,EleutherAI/pythia-160m-deduped,step1000,1000,0,factual_association,post_degradation_k4,2026-06-04 14:42:45,1|1|1|1|1,707|268|389|1897|1888,4,1,fact157_template0,157,"Question: In the fictional registry, what is the codeword for zorlan-00-0157? Answer:",1897,3,2,0,-12.578154563903809,-9.251058578491211,-3.3270959854125977
e3_factual_160m_smoke,EleutherAI/pythia-160m-deduped,step1000,1000,0,factual_association,post_degradation_k4,2026-06-04 14:42:45,1|1|1|1|1,534|plasma|599|1897|602,4,1,fact157_template1,157,Question: Which label was assigned to zorlan-00-0157 in the experiment? Answer:,1897,3,2,0,-13.205316543579102,-10.601510047912598,-2.603806495666504
e3_factual_160m_smoke,EleutherAI/pythia-160m-deduped,step1000,1000,0,factual_association,post_degradation_k4,2026-06-04 14:42:45,1|1|1|1|1,540|1897|312|499|640,4,1,fact158_template0,158,"Question: In the fictional registry, what is the codeword for zorlan-00-0158? Answer:",540,0,3,0,-11.224822044372559,-9.747323989868164,-1.4774980545043945
e3_factual_160m_smoke,EleutherAI/pythia-160m-deduped,step1000,1000,0,factual_association,post_degradation_k4,2026-06-04 14:42:45,1|1|1|1|1,373|347|401|540|1861,4,1,fact158_template1,158,Question: Which label was assigned to zorlan-00-0158 in the experiment? Answer:,540,3,2,0,-10.487545013427734,-8.89199447631836,-1.595550537109375
e3_factual_160m_smoke,EleutherAI/pythia-160m-deduped,step1000,1000,0,factual_association,post_degradation_k4,2026-06-04 14:42:45,1|1|1|1|1,376|633|214|123|386,4,1,fact159_template0,159,"Question: In the fictional registry, what is the codeword for zorlan-00-0159? Answer:",386,4,3,0,-10.157015800476074,-9.631001472473145,-0.5260143280029297
e3_factual_160m_smoke,EleutherAI/pythia-160m-deduped,step1000,1000,0,factual_association,post_degradation_k4,2026-06-04 14:42:45,1|1|1|1|1,261|386|179|227|1860,4,1,fact159_template1,159,Question: Which label was assigned to zorlan-00-0159 in the experiment? Answer:,386,1,1,1,-10.040626525878906,-10.227645874023438,0.18701934814453125
e3_factual_160m_smoke,EleutherAI/pythia-160m-deduped,step1000,1000,0,factual_association,post_degradation_k4,2026-06-04 14:42:45,1|1|1|1|1,2006|459|1983|167|2013,4,1,fact160_template0,160,"Question: In the fictional registry, what is the codeword for zorlan-00-0160? Answer:",2006,0,4,0,-8.950179100036621,-8.47348690032959,-0.47669219970703125
e3_factual_160m_smoke,EleutherAI/pythia-160m-deduped,step1000,1000,0,factual_association,post_degradation_k4,2026-06-04 14:42:45,1|1|1|1|1,511|157|2006|111|554,4,1,fact160_template1,160,Question: Which label was assigned to zorlan-00-0160 in the experiment? Answer:,2006,2,0,0,-10.855634689331055,-10.26768684387207,-0.5879478454589844
e3_factual_160m_smoke,EleutherAI/pythia-160m-deduped,step1000,1000,0,factual_association,post_degradation_k4,2026-06-04 14:42:45,1|1|1|1|1,220|2021|282|508|1914,4,1,fact161_template0,161,"Question: In the fictional registry, what is the codeword for zorlan-00-0161? Answer:",2021,1,4,0,-12.692438125610352,-9.40192985534668,-3.290508270263672
e3_factual_160m_smoke,EleutherAI/pythia-160m-deduped,step1000,1000,0,factual_association,post_degradation_k4,2026-06-04 14:42:45,1|1|1|1|1,441|366|167|203|2021,4,1,fact161_template1,161,Question: Which label was assigned to zorlan-00-0161 in the experiment? Answer:,2021,4,3,0,-13.759787559509277,-10.066278457641602,-3.693509101867676
e3_factual_160m_smoke,EleutherAI/pythia-160m-deduped,step1000,1000,0,factual_association,post_degradation_k4,2026-06-04 14:42:45,1|1|1|1|1,303|1886|260|1895|2021,4,1,fact162_template0,162,"Question: In the fictional registry, what is the codeword for zorlan-00-0162? Answer:",260,2,0,0,-11.626444816589355,-10.192861557006836,-1.4335832595825195
e3_factual_160m_smoke,EleutherAI/pythia-160m-deduped,step1000,1000,0,factual_association,post_degradation_k4,2026-06-04 14:42:45,1|1|1|1|1,1950|544|291|527|260,4,1,fact162_template1,162,Question: Which label was assigned to zorlan-00-0162 in the experiment? Answer:,260,4,1,0,-11.784051895141602,-11.318780899047852,-0.46527099609375
e3_factual_160m_smoke,EleutherAI/pythia-160m-deduped,step1000,1000,0,factual_association,post_degradation_k4,2026-06-04 14:42:45,1|1|1|1|1,707|280|554|188|1866,4,1,fact163_template0,163,"Question: In the fictional registry, what is the codeword for zorlan-00-0163? Answer:",188,3,4,0,-10.17835807800293,-9.431900978088379,-0.7464570999145508
e3_factual_160m_smoke,EleutherAI/pythia-160m-deduped,step1000,1000,0,factual_association,post_degradation_k4,2026-06-04 14:42:45,1|1|1|1|1,544|188|514|1914|145,4,1,fact163_template1,163,Question: Which label was assigned to zorlan-00-0163 in the experiment? Answer:,188,1,2,0,-11.218050003051758,-9.911457061767578,-1.3065929412841797
e3_factual_160m_smoke,EleutherAI/pythia-160m-deduped,step1000,1000,0,factual_association,post_degradation_k4,2026-06-04 14:42:45,1|1|1|1|1,307|700|548|260|568,4,1,fact164_template0,164,"Question: In the fictional registry, what is the codeword for zorlan-00-0164? Answer:",568,4,4,1,-10.479133605957031,-10.479288101196289,0.0001544952392578125
e3_factual_160m_smoke,EleutherAI/pythia-160m-deduped,step1000,1000,0,factual_association,post_degradation_k4,2026-06-04 14:42:45,1|1|1|1|1,196|474|eagle|568|1917,4,1,fact164_template1,164,Question: Which label was assigned to zorlan-00-0164 in the experiment? Answer:,568,3,1,0,-10.848796844482422,-10.245808601379395,-0.6029882431030273
e3_factual_160m_smoke,EleutherAI/pythia-160m-deduped,step1000,1000,0,factual_association,post_degradation_k4,2026-06-04 14:42:45,1|1|1|1|1,311|347|227|550|407,4,1,fact165_template0,165,"Question: In the fictional registry, what is the codeword for zorlan-00-0165? Answer:",347,1,0,0,-10.313152313232422,-8.733868598937988,-1.5792837142944336
e3_factual_160m_smoke,EleutherAI/pythia-160m-deduped,step1000,1000,0,factual_association,post_degradation_k4,2026-06-04 14:42:45,1|1|1|1|1,347|2006|389|navy|417,4,1,fact165_template1,165,Question: Which label was assigned to zorlan-00-0165 in the experiment? Answer:,347,0,2,0,-11.360058784484863,-9.203404426574707,-2.1566543579101562
e3_factual_160m_smoke,EleutherAI/pythia-160m-deduped,step1000,1000,0,factual_association,post_degradation_k4,2026-06-04 14:42:45,1|1|1|1|1,2013|1897|373|586|249,4,1,fact166_template0,166,"Question: In the fictional registry, what is the codeword for zorlan-00-0166? Answer:",586,3,0,0,-11.207775115966797,-8.886151313781738,-2.3216238021850586
e3_factual_160m_smoke,EleutherAI/pythia-160m-deduped,step1000,1000,0,factual_association,post_degradation_k4,2026-06-04 14:42:45,1|1|1|1|1,586|265|2010|700|595,4,1,fact166_template1,166,Question: Which label was assigned to zorlan-00-0166 in the experiment? Answer:,586,0,4,0,-11.679197311401367,-9.70986557006836,-1.9693317413330078
e3_factual_160m_smoke,EleutherAI/pythia-160m-deduped,step1000,1000,0,factual_association,post_degradation_k4,2026-06-04 14:42:45,1|1|1|1|1,229|312|193|2021|399,4,1,fact167_template0,167,"Question: In the fictional registry, what is the codeword for zorlan-00-0167? Answer:",312,1,4,0,-10.420079231262207,-9.77894401550293,-0.6411352157592773
e3_factual_160m_smoke,EleutherAI/pythia-160m-deduped,step1000,1000,0,factual_association,post_degradation_k4,2026-06-04 14:42:45,1|1|1|1|1,181|261|summit|312|474,4,1,fact167_template1,167,Question: Which label was assigned to zorlan-00-0167 in the experiment? Answer:,312,3,4,0,-10.848348617553711,-9.935370445251465,-0.9129781723022461
e3_factual_160m_smoke,EleutherAI/pythia-160m-deduped,step1000,1000,0,factual_association,post_degradation_k4,2026-06-04 14:42:45,1|1|1|1|1,345|153|527|560|323,4,1,fact168_template0,168,"Question: In the fictional registry, what is the codeword for zorlan-00-0168? Answer:",323,4,0,0,-10.04520320892334,-9.113658905029297,-0.931544303894043
e3_factual_160m_smoke,EleutherAI/pythia-160m-deduped,step1000,1000,0,factual_association,post_degradation_k4,2026-06-04 14:42:45,1|1|1|1|1,374|491|1860|323|527,4,1,fact168_template1,168,Question: Which label was assigned to zorlan-00-0168 in the experiment? Answer:,323,3,0,0,-10.948639869689941,-10.906599044799805,-0.04204082489013672
e3_factual_160m_smoke,EleutherAI/pythia-160m-deduped,step1000,1000,0,factual_association,post_degradation_k4,2026-06-04 14:42:45,1|1|1|1|1,187|172|1960|summit|311,4,1,fact169_template0,169,"Question: In the fictional registry, what is the codeword for zorlan-00-0169? Answer:",187,0,2,0,-10.325715065002441,-8.619745254516602,-1.7059698104858398
e3_factual_160m_smoke,EleutherAI/pythia-160m-deduped,step1000,1000,0,factual_association,post_degradation_k4,2026-06-04 14:42:45,1|1|1|1|1,178|374|1886|449|187,4,1,fact169_template1,169,Question: Which label was assigned to zorlan-00-0169 in the experiment? Answer:,187,4,3,0,-11.16692066192627,-10.243060111999512,-0.9238605499267578
e3_factual_160m_smoke,EleutherAI/pythia-160m-deduped,step1000,1000,0,factual_association,post_degradation_k4,2026-06-04 14:42:45,1|1|1|1|1,green|ocean|418|554|559,4,1,fact170_template0,170,"Question: In the fictional registry, what is the codeword for zorlan-00-0170? Answer:",559,4,4,1,-10.204017639160156,-10.409238815307617,0.20522117614746094
e3_factual_160m_smoke,EleutherAI/pythia-160m-deduped,step1000,1000,0,factual_association,post_degradation_k4,2026-06-04 14:42:45,1|1|1|1|1,737|503|559|plasma|600,4,1,fact170_template1,170,Question: Which label was assigned to zorlan-00-0170 in the experiment? Answer:,559,2,1,0,-10.010580062866211,-9.749992370605469,-0.2605876922607422
e3_factual_160m_smoke,EleutherAI/pythia-160m-deduped,step1000,1000,0,factual_association,post_degradation_k4,2026-06-04 14:42:45,1|1|1|1|1,374|144|249|554|700,4,1,fact171_template0,171,"Question: In the fictional registry, what is the codeword for zorlan-00-0171? Answer:",374,0,4,0,-11.307273864746094,-10.77707290649414,-0.5302009582519531
e3_factual_160m_smoke,EleutherAI/pythia-160m-deduped,step1000,1000,0,factual_association,post_degradation_k4,2026-06-04 14:42:45,1|1|1|1|1,261|221|303|265|374,4,1,fact171_template1,171,Question: Which label was assigned to zorlan-00-0171 in the experiment? Answer:,374,4,1,0,-11.404439926147461,-10.476882934570312,-0.9275569915771484
e3_factual_160m_smoke,EleutherAI/pythia-160m-deduped,step1000,1000,0,factual_association,post_degradation_k4,2026-06-04 14:42:45,1|1|1|1|1,227|1996|1900|145|140,4,1,fact172_template0,172,"Question: In the fictional registry, what is the codeword for zorlan-00-0172? Answer:",140,4,3,0,-9.738662719726562,-8.792152404785156,-0.9465103149414062
e3_factual_160m_smoke,EleutherAI/pythia-160m-deduped,step1000,1000,0,factual_association,post_degradation_k4,2026-06-04 14:42:45,1|1|1|1|1,pepper|222|1954|140|1956,4,1,fact172_template1,172,Question: Which label was assigned to zorlan-00-0172 in the experiment? Answer:,140,3,3,1,-10.645291328430176,-11.270434379577637,0.6251430511474609
e3_factual_160m_smoke,EleutherAI/pythia-160m-deduped,step1000,1000,0,factual_association,post_degradation_k4,2026-06-04 14:42:45,1|1|1|1|1,303|1954|1897|390|287,4,1,fact173_template0,173,"Question: In the fictional registry, what is the codeword for zorlan-00-0173? Answer:",287,4,1,0,-10.680129051208496,-9.099712371826172,-1.5804166793823242
e3_factual_160m_smoke,EleutherAI/pythia-160m-deduped,step1000,1000,0,factual_association,post_degradation_k4,2026-06-04 14:42:45,1|1|1|1|1,287|2017|157|203|366,4,1,fact173_template1,173,Question: Which label was assigned to zorlan-00-0173 in the experiment? Answer:,287,0,3,0,-11.87586784362793,-10.084909439086914,-1.7909584045410156
e3_factual_160m_smoke,EleutherAI/pythia-160m-deduped,step1000,1000,0,factual_association,post_degradation_k4,2026-06-04 14:42:45,1|1|1|1|1,374|1895|311|449|223,4,1,fact174_template0,174,"Question: In the fictional registry, what is the codeword for zorlan-00-0174? Answer:",1895,1,2,0,-11.213102340698242,-9.506768226623535,-1.706334114074707
e3_factual_160m_smoke,EleutherAI/pythia-160m-deduped,step1000,1000,0,factual_association,post_degradation_k4,2026-06-04 14:42:45,1|1|1|1|1,602|336|1895|560|390,4,1,fact174_template1,174,Question: Which label was assigned to zorlan-00-0174 in the experiment? Answer:,1895,2,4,0,-12.24943733215332,-9.88322925567627,-2.366208076477051
e3_factual_160m_smoke,EleutherAI/pythia-160m-deduped,step1000,1000,0,factual_association,post_degradation_k4,2026-06-04 14:42:45,1|1|1|1|1,544|1956|yellow|398|1935,4,1,fact175_template0,175,"Question: In the fictional registry, what is the codeword for zorlan-00-0175? Answer:",544,0,3,0,-11.104610443115234,-9.438090324401855,-1.666520118713379
e3_factual_160m_smoke,EleutherAI/pythia-160m-deduped,step1000,1000,0,factual_association,post_degradation_k4,2026-06-04 14:42:45,1|1|1|1|1,499|550|491|544|277,4,1,fact175_template1,175,Question: Which label was assigned to zorlan-00-0175 in the experiment? Answer:,544,3,1,0,-11.000455856323242,-9.628047943115234,-1.3724079132080078
e3_factual_160m_smoke,EleutherAI/pythia-160m-deduped,step1000,1000,0,factual_association,post_degradation_k4,2026-06-04 14:42:45,1|1|1|1|1,398|1861|223|193|2030,4,1,fact176_template0,176,"Question: In the fictional registry, what is the codeword for zorlan-00-0176? Answer:",1861,1,0,0,-10.333229064941406,-9.445106506347656,-0.88812255859375
e3_factual_160m_smoke,EleutherAI/pythia-160m-deduped,step1000,1000,0,factual_association,post_degradation_k4,2026-06-04 14:42:45,1|1|1|1|1,443|363|1866|1861|153,4,1,fact176_template1,176,Question: Which label was assigned to zorlan-00-0176 in the experiment? Answer:,1861,3,0,0,-11.528024673461914,-10.64045524597168,-0.8875694274902344
e3_factual_160m_smoke,EleutherAI/pythia-160m-deduped,step1000,1000,0,factual_association,post_degradation_k4,2026-06-04 14:42:45,1|1|1|1|1,390|268|1880|508|229,4,1,fact177_template0,177,"Question: In the fictional registry, what is the codeword for zorlan-00-0177? Answer:",1880,2,0,0,-10.260844230651855,-9.573801040649414,-0.6870431900024414
e3_factual_160m_smoke,EleutherAI/pythia-160m-deduped,step1000,1000,0,factual_association,post_degradation_k4,2026-06-04 14:42:45,1|1|1|1|1,145|1880|586|maple|138,4,1,fact177_template1,177,Question: Which label was assigned to zorlan-00-0177 in the experiment? Answer:,1880,1,0,0,-11.712156295776367,-9.821638107299805,-1.8905181884765625
e3_factual_160m_smoke,EleutherAI/pythia-160m-deduped,step1000,1000,0,factual_association,post_degradation_k4,2026-06-04 14:42:45,1|1|1|1|1,585|yellow|205|399|193,4,1,fact178_template0,178,"Question: In the fictional registry, what is the codeword for zorlan-00-0178? Answer:",205,2,0,0,-11.134100914001465,-8.982781410217285,-2.1513195037841797
e3_factual_160m_smoke,EleutherAI/pythia-160m-deduped,step1000,1000,0,factual_association,post_degradation_k4,2026-06-04 14:42:45,1|1|1|1|1,1900|205|398|568|401,4,1,fact178_template1,178,Question: Which label was assigned to zorlan-00-0178 in the experiment? Answer:,205,1,4,0,-11.696027755737305,-9.062236785888672,-2.633790969848633
e3_factual_160m_smoke,EleutherAI/pythia-160m-deduped,step1000,1000,0,factual_association,post_degradation_k4,2026-06-04 14:42:45,1|1|1|1|1,179|924|maple|157|gold,4,1,fact179_template0,179,"Question: In the fictional registry, what is the codeword for zorlan-00-0179? Answer:",924,1,0,0,-12.482613563537598,-10.808220863342285,-1.6743927001953125
e3_factual_160m_smoke,EleutherAI/pythia-160m-deduped,step1000,1000,0,factual_association,post_degradation_k4,2026-06-04 14:42:45,1|1|1|1|1,1938|924|640|518|381,4,1,fact179_template1,179,Question: Which label was assigned to zorlan-00-0179 in the experiment? Answer:,924,1,3,0,-11.853666305541992,-10.077659606933594,-1.7760066986083984
e3_factual_160m_smoke,EleutherAI/pythia-160m-deduped,step1000,1000,0,factual_association,post_degradation_k4,2026-06-04 14:42:45,1|1|1|1|1,508|307|144|485|1923,4,1,fact180_template0,180,"Question: In the fictional registry, what is the codeword for zorlan-00-0180? Answer:",144,2,3,0,-10.486834526062012,-10.169698715209961,-0.3171358108520508
e3_factual_160m_smoke,EleutherAI/pythia-160m-deduped,step1000,1000,0,factual_association,post_degradation_k4,2026-06-04 14:42:45,1|1|1|1|1,503|550|287|1900|144,4,1,fact180_template1,180,Question: Which label was assigned to zorlan-00-0180 in the experiment? Answer:,144,4,1,0,-11.472448348999023,-9.787074089050293,-1.6853742599487305
e3_factual_160m_smoke,EleutherAI/pythia-160m-deduped,step1000,1000,0,factual_association,post_degradation_k4,2026-06-04 14:42:45,1|1|1|1|1,136|323|187|512|203,4,1,fact181_template0,181,"Question: In the fictional registry, what is the codeword for zorlan-00-0181? Answer:",136,0,4,0,-9.820991516113281,-9.308034896850586,-0.5129566192626953
e3_factual_160m_smoke,EleutherAI/pythia-160m-deduped,step1000,1000,0,factual_association,post_degradation_k4,2026-06-04 14:42:45,1|1|1|1|1,373|229|136|476|280,4,1,fact181_template1,181,Question: Which label was assigned to zorlan-00-0181 in the experiment? Answer:,136,2,3,0,-11.677011489868164,-8.454395294189453,-3.222616195678711
e3_factual_160m_smoke,EleutherAI/pythia-160m-deduped,step1000,1000,0,factual_association,post_degradation_k4,2026-06-04 14:42:45,1|1|1|1|1,261|383|282|737|1954,4,1,fact182_template0,182,"Question: In the fictional registry, what is the codeword for zorlan-00-0182? Answer:",282,2,3,0,-12.078088760375977,-9.178363800048828,-2.8997249603271484
e3_factual_160m_smoke,EleutherAI/pythia-160m-deduped,step1000,1000,0,factual_association,post_degradation_k4,2026-06-04 14:42:45,1|1|1|1|1,282|green|2010|599|145,4,1,fact182_template1,182,Question: Which label was assigned to zorlan-00-0182 in the experiment? Answer:,282,0,4,0,-12.150333404541016,-10.156895637512207,-1.9934377670288086
e3_factual_160m_smoke,EleutherAI/pythia-160m-deduped,step1000,1000,0,factual_association,post_degradation_k4,2026-06-04 14:42:45,1|1|1|1|1,187|666|595|508|196,4,1,fact183_template0,183,"Question: In the fictional registry, what is the codeword for zorlan-00-0183? Answer:",508,3,2,0,-10.970893859863281,-9.325477600097656,-1.645416259765625
e3_factual_160m_smoke,EleutherAI/pythia-160m-deduped,step1000,1000,0,factual_association,post_degradation_k4,2026-06-04 14:42:45,1|1|1|1|1,924|260|508|505|256,4,1,fact183_template1,183,Question: Which label was assigned to zorlan-00-0183 in the experiment? Answer:,508,2,3,0,-11.398983001708984,-9.961874961853027,-1.437108039855957
e3_factual_160m_smoke,EleutherAI/pythia-160m-deduped,step1000,1000,0,factual_association,post_degradation_k4,2026-06-04 14:42:45,1|1|1|1|1,155|590|560|eagle|517,4,1,fact184_template0,184,"Question: In the fictional registry, what is the codeword for zorlan-00-0184? Answer:",eagle,3,0,0,-12.323895454406738,-7.963330268859863,-4.360565185546875
e3_factual_160m_smoke,EleutherAI/pythia-160m-deduped,step1000,1000,0,factual_association,post_degradation_k4,2026-06-04 14:42:45,1|1|1|1|1,eagle|602|navy|366|443,4,1,fact184_template1,184,Question: Which label was assigned to zorlan-00-0184 in the experiment? Answer:,eagle,0,4,0,-11.842816352844238,-10.290325164794922,-1.5524911880493164
e3_factual_160m_smoke,EleutherAI/pythia-160m-deduped,step1000,1000,0,factual_association,post_degradation_k4,2026-06-04 14:42:45,1|1|1|1|1,187|2013|vector|3000|268,4,1,fact185_template0,185,"Question: In the fictional registry, what is the codeword for zorlan-00-0185? Answer:",vector,2,1,0,-13.427141189575195,-8.733945846557617,-4.693195343017578
e3_factual_160m_smoke,EleutherAI/pythia-160m-deduped,step1000,1000,0,factual_association,post_degradation_k4,2026-06-04 14:42:45,1|1|1|1|1,vector|214|585|700|117,4,1,fact185_template1,185,Question: Which label was assigned to zorlan-00-0185 in the experiment? Answer:,vector,0,2,0,-12.148210525512695,-8.71005916595459,-3.4381513595581055
e3_factual_160m_smoke,EleutherAI/pythia-160m-deduped,step1000,1000,0,factual_association,post_degradation_k4,2026-06-04 14:42:45,1|1|1|1|1,153|509|3000|366|484,4,1,fact186_template0,186,"Question: In the fictional registry, what is the codeword for zorlan-00-0186? Answer:",366,3,4,0,-10.375550270080566,-8.70315933227539,-1.6723909378051758
e3_factual_160m_smoke,EleutherAI/pythia-160m-deduped,step1000,1000,0,factual_association,post_degradation_k4,2026-06-04 14:42:45,1|1|1|1|1,429|193|1897|1950|366,4,1,fact186_template1,186,Question: Which label was assigned to zorlan-00-0186 in the experiment? Answer:,366,4,0,0,-10.559823989868164,-10.028656005859375,-0.5311679840087891
e3_factual_160m_smoke,EleutherAI/pythia-160m-deduped,step1000,1000,0,factual_association,post_degradation_k4,2026-06-04 14:42:45,1|1|1|1|1,138|1956|153|376|203,4,1,fact187_template0,187,"Question: In the fictional registry, what is the codeword for zorlan-00-0187? Answer:",153,2,0,0,-10.800655364990234,-9.52983283996582,-1.270822525024414
e3_factual_160m_smoke,EleutherAI/pythia-160m-deduped,step1000,1000,0,factual_association,post_degradation_k4,2026-06-04 14:42:45,1|1|1|1|1,389|beacon|602|1982|153,4,1,fact187_template1,187,Question: Which label was assigned to zorlan-00-0187 in the experiment? Answer:,153,4,0,0,-12.497417449951172,-9.362964630126953,-3.1344528198242188
e3_factual_160m_smoke,EleutherAI/pythia-160m-deduped,step1000,1000,0,factual_association,post_degradation_k4,2026-06-04 14:42:45,1|1|1|1|1,214|376|441|336|153,4,1,fact188_template0,188,"Question: In the fictional registry, what is the codeword for zorlan-00-0188? Answer:",441,2,0,0,-10.555397033691406,-10.062905311584473,-0.4924917221069336
e3_factual_160m_smoke,EleutherAI/pythia-160m-deduped,step1000,1000,0,factual_association,post_degradation_k4,2026-06-04 14:42:45,1|1|1|1|1,527|441|2006|354|2017,4,1,fact188_template1,188,Question: Which label was assigned to zorlan-00-0188 in the experiment? Answer:,441,1,3,0,-11.427206993103027,-9.244318008422852,-2.182888984680176
e3_factual_160m_smoke,EleutherAI/pythia-160m-deduped,step1000,1000,0,factual_association,post_degradation_k4,2026-06-04 14:42:45,1|1|1|1|1,253|335|maple|407|527,4,1,fact189_template0,189,"Question: In the fictional registry, what is the codeword for zorlan-00-0189? Answer:",527,4,3,0,-11.711803436279297,-9.766858100891113,-1.9449453353881836
e3_factual_160m_smoke,EleutherAI/pythia-160m-deduped,step1000,1000,0,factual_association,post_degradation_k4,2026-06-04 14:42:45,1|1|1|1|1,pepper|1956|527|203|378,4,1,fact189_template1,189,Question: Which label was assigned to zorlan-00-0189 in the experiment? Answer:,527,2,3,0,-12.401168823242188,-10.228743553161621,-2.1724252700805664
e3_factual_160m_smoke,EleutherAI/pythia-160m-deduped,step1000,1000,0,factual_association,post_degradation_k4,2026-06-04 14:42:45,1|1|1|1|1,196|560|345|471|548,4,1,fact190_template0,190,"Question: In the fictional registry, what is the codeword for zorlan-00-0190? Answer:",560,1,2,0,-10.807916641235352,-9.435251235961914,-1.3726654052734375
e3_factual_160m_smoke,EleutherAI/pythia-160m-deduped,step1000,1000,0,factual_association,post_degradation_k4,2026-06-04 14:42:45,1|1|1|1|1,256|700|1905|633|560,4,1,fact190_template1,190,Question: Which label was assigned to zorlan-00-0190 in the experiment? Answer:,560,4,1,0,-11.170845985412598,-11.013830184936523,-0.15701580047607422
e3_factual_160m_smoke,EleutherAI/pythia-160m-deduped,step1000,1000,0,factual_association,post_degradation_k4,2026-06-04 14:42:45,1|1|1|1|1,256|374|138|solar|2030,4,1,fact191_template0,191,"Question: In the fictional registry, what is the codeword for zorlan-00-0191? Answer:",256,0,2,0,-10.01133918762207,-9.126699447631836,-0.8846397399902344
e3_factual_160m_smoke,EleutherAI/pythia-160m-deduped,step1000,1000,0,factual_association,post_degradation_k4,2026-06-04 14:42:45,1|1|1|1|1,256|450|377|452|700,4,1,fact191_template1,191,Question: Which label was assigned to zorlan-00-0191 in the experiment? Answer:,256,0,1,0,-11.426481246948242,-10.18664836883545,-1.239832878112793
e3_factual_160m_smoke,EleutherAI/pythia-160m-deduped,step1000,1000,0,factual_association,post_degradation_k4,2026-06-04 14:42:45,1|1|1|1|1,508|311|172|136|640,4,1,fact192_template0,192,"Question: In the fictional registry, what is the codeword for zorlan-00-0192? Answer:",640,4,1,0,-11.493450164794922,-9.91580581665039,-1.5776443481445312
e3_factual_160m_smoke,EleutherAI/pythia-160m-deduped,step1000,1000,0,factual_association,post_degradation_k4,2026-06-04 14:42:45,1|1|1|1|1,640|navy|203|227|443,4,1,fact192_template1,192,Question: Which label was assigned to zorlan-00-0192 in the experiment? Answer:,640,0,2,0,-11.234970092773438,-9.928333282470703,-1.3066368103027344
e3_factual_160m_smoke,EleutherAI/pythia-160m-deduped,step1000,1000,0,factual_association,post_degradation_k4,2026-06-04 14:42:45,1|1|1|1|1,560|1954|554|484|2030,4,1,fact193_template0,193,"Question: In the fictional registry, what is the codeword for zorlan-00-0193? Answer:",554,2,1,0,-11.346795082092285,-9.186450958251953,-2.160344123840332
e3_factual_160m_smoke,EleutherAI/pythia-160m-deduped,step1000,1000,0,factual_association,post_degradation_k4,2026-06-04 14:42:45,1|1|1|1|1,1917|554|476|376|summit,4,1,fact193_template1,193,Question: Which label was assigned to zorlan-00-0193 in the experiment? Answer:,554,1,2,0,-11.26496696472168,-8.476188659667969,-2.788778305053711
e3_factual_160m_smoke,EleutherAI/pythia-160m-deduped,step1000,1000,0,factual_association,post_degradation_k4,2026-06-04 14:42:45,1|1|1|1|1,514|157|239|312|2006,4,1,fact194_template0,194,"Question: In the fictional registry, what is the codeword for zorlan-00-0194? Answer:",157,1,0,0,-10.677824974060059,-8.929561614990234,-1.7482633590698242
e3_factual_160m_smoke,EleutherAI/pythia-160m-deduped,step1000,1000,0,factual_association,post_degradation_k4,2026-06-04 14:42:45,1|1|1|1|1,157|602|purple|399|706,4,1,fact194_template1,194,Question: Which label was assigned to zorlan-00-0194 in the experiment? Answer:,157,0,4,0,-11.278898239135742,-9.304518699645996,-1.974379539489746
e3_factual_160m_smoke,EleutherAI/pythia-160m-deduped,step1000,1000,0,factual_association,post_degradation_k4,2026-06-04 14:42:45,1|1|1|1|1,222|700|534|496|503,4,1,fact195_template0,195,"Question: In the fictional registry, what is the codeword for zorlan-00-0195? Answer:",700,1,4,0,-10.1539945602417,-9.48880672454834,-0.6651878356933594
e3_factual_160m_smoke,EleutherAI/pythia-160m-deduped,step1000,1000,0,factual_association,post_degradation_k4,2026-06-04 14:42:45,1|1|1|1|1,401|615|474|700|178,4,1,fact195_template1,195,Question: Which label was assigned to zorlan-00-0195 in the experiment? Answer:,700,3,0,0,-10.632668495178223,-8.326757431030273,-2.305911064147949
e3_factual_160m_smoke,EleutherAI/pythia-160m-deduped,step1000,1000,0,factual_association,post_degradation_k4,2026-06-04 14:42:45,1|1|1|1|1,353|purple|554|376|1938,4,1,fact196_template0,196,"Question: In the fictional registry, what is the codeword for zorlan-00-0196? Answer:",376,3,0,0,-10.182476997375488,-8.837522506713867,-1.344954490661621
e3_factual_160m_smoke,EleutherAI/pythia-160m-deduped,step1000,1000,0,factual_association,post_degradation_k4,2026-06-04 14:42:45,1|1|1|1|1,256|152|291|277|376,4,1,fact196_template1,196,Question: Which label was assigned to zorlan-00-0196 in the experiment? Answer:,376,4,3,0,-10.956686973571777,-10.15278434753418,-0.8039026260375977
e3_factual_160m_smoke,EleutherAI/pythia-160m-deduped,step1000,1000,0,factual_association,post_degradation_k4,2026-06-04 14:42:45,1|1|1|1|1,311|1982|509|1935|363,4,1,fact197_template0,197,"Question: In the fictional registry, what is the codeword for zorlan-00-0197? Answer:",363,4,0,0,-11.598752975463867,-9.6015043258667,-1.997248649597168
e3_factual_160m_smoke,EleutherAI/pythia-160m-deduped,step1000,1000,0,factual_association,post_degradation_k4,2026-06-04 14:42:45,1|1|1|1|1,vector|332|373|363|345,4,1,fact197_template1,197,Question: Which label was assigned to zorlan-00-0197 in the experiment? Answer:,363,3,2,0,-12.441099166870117,-10.866357803344727,-1.5747413635253906
e3_factual_160m_smoke,EleutherAI/pythia-160m-deduped,step1000,1000,0,factual_association,post_degradation_k4,2026-06-04 14:42:45,1|1|1|1|1,gold|196|303|268|615,4,1,fact198_template0,198,"Question: In the fictional registry, what is the codeword for zorlan-00-0198? Answer:",gold,0,2,0,-11.540040969848633,-9.144734382629395,-2.3953065872192383
e3_factual_160m_smoke,EleutherAI/pythia-160m-deduped,step1000,1000,0,factual_association,post_degradation_k4,2026-06-04 14:42:45,1|1|1|1|1,381|gold|345|595|265,4,1,fact198_template1,198,Question: Which label was assigned to zorlan-00-0198 in the experiment? Answer:,gold,1,3,0,-11.433120727539062,-9.34158992767334,-2.0915307998657227
e3_factual_160m_smoke,EleutherAI/pythia-160m-deduped,step1000,1000,0,factual_association,post_degradation_k4,2026-06-04 14:42:45,1|1|1|1|1,1956|471|398|395|2011,4,1,fact199_template0,199,"Question: In the fictional registry, what is the codeword for zorlan-00-0199? Answer:",471,1,4,0,-10.594195365905762,-7.071023941040039,-3.5231714248657227
e3_factual_160m_smoke,EleutherAI/pythia-160m-deduped,step1000,1000,0,factual_association,post_degradation_k4,2026-06-04 14:42:45,1|1|1|1|1,214|707|750|216|471,4,1,fact199_template1,199,Question: Which label was assigned to zorlan-00-0199 in the experiment? Answer:,471,4,2,0,-10.917016983032227,-9.559085845947266,-1.357931137084961
e3_factual_160m_smoke,EleutherAI/pythia-160m-deduped,step1000,1000,0,factual_association,post_degradation_k16,2026-06-04 14:42:54,1|1|1|1|1,600|220|purple|yellow|287,16,2,fact120_template0,120,"Question: In the fictional registry, what is the codeword for zorlan-00-0120? Answer:",220,1,0,0,-10.849531173706055,-10.525277137756348,-0.32425403594970703
e3_factual_160m_smoke,EleutherAI/pythia-160m-deduped,step1000,1000,0,factual_association,post_degradation_k16,2026-06-04 14:42:54,1|1|1|1|1,220|509|512|586|354,16,2,fact120_template1,120,Question: Which label was assigned to zorlan-00-0120 in the experiment? Answer:,220,0,4,0,-10.993440628051758,-9.012922286987305,-1.9805183410644531
e3_factual_160m_smoke,EleutherAI/pythia-160m-deduped,step1000,1000,0,factual_association,post_degradation_k16,2026-06-04 14:42:54,1|1|1|1|1,801|144|518|220|550,16,2,fact121_template0,121,"Question: In the fictional registry, what is the codeword for zorlan-00-0121? Answer:",550,4,2,0,-9.968327522277832,-9.05010986328125,-0.918217658996582
e3_factual_160m_smoke,EleutherAI/pythia-160m-deduped,step1000,1000,0,factual_association,post_degradation_k16,2026-06-04 14:42:54,1|1|1|1|1,550|196|222|366|261,16,2,fact121_template1,121,Question: Which label was assigned to zorlan-00-0121 in the experiment? Answer:,550,0,0,1,-9.613951683044434,-10.380215644836426,0.7662639617919922
e3_factual_160m_smoke,EleutherAI/pythia-160m-deduped,step1000,1000,0,factual_association,post_degradation_k16,2026-06-04 14:42:54,1|1|1|1|1,600|459|512|377|706,16,2,fact122_template0,122,"Question: In the fictional registry, what is the codeword for zorlan-00-0122? Answer:",600,0,4,0,-10.58596420288086,-8.939006805419922,-1.6469573974609375
e3_factual_160m_smoke,EleutherAI/pythia-160m-deduped,step1000,1000,0,factual_association,post_degradation_k16,2026-06-04 14:42:54,1|1|1|1|1,600|503|1935|1897|2021,16,2,fact122_template1,122,Question: Which label was assigned to zorlan-00-0122 in the experiment? Answer:,600,0,1,0,-10.889365196228027,-9.657821655273438,-1.2315435409545898
e3_factual_160m_smoke,EleutherAI/pythia-160m-deduped,step1000,1000,0,factual_association,post_degradation_k16,2026-06-04 14:42:54,1|1|1|1|1,253|471|259|323|737,16,2,fact123_template0,123,"Question: In the fictional registry, what is the codeword for zorlan-00-0123? Answer:",253,0,4,0,-10.217700958251953,-8.00899887084961,-2.2087020874023438
e3_factual_160m_smoke,EleutherAI/pythia-160m-deduped,step1000,1000,0,factual_association,post_degradation_k16,2026-06-04 14:42:54,1|1|1|1|1,544|268|259|green|253,16,2,fact123_template1,123,Question: Which label was assigned to zorlan-00-0123 in the experiment? Answer:,253,4,2,0,-10.759710311889648,-9.710770606994629,-1.0489397048950195
e3_factual_160m_smoke,EleutherAI/pythia-160m-deduped,step1000,1000,0,factual_association,post_degradation_k16,2026-06-04 14:42:54,1|1|1|1|1,526|152|221|1935|666,16,2,fact124_template0,124,"Question: In the fictional registry, what is the codeword for zorlan-00-0124? Answer:",1935,3,2,0,-10.794178009033203,-9.165203094482422,-1.6289749145507812
e3_factual_160m_smoke,EleutherAI/pythia-160m-deduped,step1000,1000,0,factual_association,post_degradation_k16,2026-06-04 14:42:54,1|1|1|1|1,255|381|1935|514|503,16,2,fact124_template1,124,Question: Which label was assigned to zorlan-00-0124 in the experiment? Answer:,1935,2,1,0,-11.980496406555176,-9.3340482711792,-2.6464481353759766
e3_factual_160m_smoke,EleutherAI/pythia-160m-deduped,step1000,1000,0,factual_association,post_degradation_k16,2026-06-04 14:42:54,1|1|1|1|1,499|188|570|1954|277,16,2,fact125_template0,125,"Question: In the fictional registry, what is the codeword for zorlan-00-0125? Answer:",570,2,3,0,-11.372933387756348,-8.757039070129395,-2.615894317626953
e3_factual_160m_smoke,EleutherAI/pythia-160m-deduped,step1000,1000,0,factual_association,post_degradation_k16,2026-06-04 14:42:54,1|1|1|1|1,265|353|376|570|2017,16,2,fact125_template1,125,Question: Which label was assigned to zorlan-00-0125 in the experiment? Answer:,570,3,4,0,-10.765600204467773,-8.8316650390625,-1.9339351654052734
e3_factual_160m_smoke,EleutherAI/pythia-160m-deduped,step1000,1000,0,factual_association,post_degradation_k16,2026-06-04 14:42:54,1|1|1|1|1,1950|534|178|307|196,16,2,fact126_template0,126,"Question: In the fictional registry, what is the codeword for zorlan-00-0126? Answer:",178,2,0,0,-10.839746475219727,-9.249373435974121,-1.5903730392456055
e3_factual_160m_smoke,EleutherAI/pythia-160m-deduped,step1000,1000,0,factual_association,post_degradation_k16,2026-06-04 14:42:54,1|1|1|1|1,1950|366|1915|178|1996,16,2,fact126_template1,126,Question: Which label was assigned to zorlan-00-0126 in the experiment? Answer:,178,3,2,0,-10.807772636413574,-8.80357551574707,-2.004197120666504
e3_factual_160m_smoke,EleutherAI/pythia-160m-deduped,step1000,1000,0,factual_association,post_degradation_k16,2026-06-04 14:42:54,1|1|1|1|1,172|505|1950|559|443,16,2,fact127_template0,127,"Question: In the fictional registry, what is the codeword for zorlan-00-0127? Answer:",172,0,2,0,-10.76047134399414,-8.736620903015137,-2.023850440979004
e3_factual_160m_smoke,EleutherAI/pythia-160m-deduped,step1000,1000,0,factual_association,post_degradation_k16,2026-06-04 14:42:54,1|1|1|1|1,172|484|564|solar|312,16,2,fact127_template1,127,Question: Which label was assigned to zorlan-00-0127 in the experiment? Answer:,172,0,1,0,-11.038016319274902,-9.045798301696777,-1.992218017578125
e3_factual_160m_smoke,EleutherAI/pythia-160m-deduped,step1000,1000,0,factual_association,post_degradation_k16,2026-06-04 14:42:54,1|1|1|1|1,172|1923|1956|265|353,16,2,fact128_template0,128,"Question: In the fictional registry, what is the codeword for zorlan-00-0128? Answer:",265,3,1,0,-9.869499206542969,-9.585092544555664,-0.2844066619873047
e3_factual_160m_smoke,EleutherAI/pythia-160m-deduped,step1000,1000,0,factual_association,post_degradation_k16,2026-06-04 14:42:54,1|1|1|1|1,223|527|399|265|534,16,2,fact128_template1,128,Question: Which label was assigned to zorlan-00-0128 in the experiment? Answer:,265,3,0,0,-10.679088592529297,-9.984798431396484,-0.6942901611328125
e3_factual_160m_smoke,EleutherAI/pythia-160m-deduped,step1000,1000,0,factual_association,post_degradation_k16,2026-06-04 14:42:54,1|1|1|1|1,157|1950|123|568|1949,16,2,fact129_template0,129,"Question: In the fictional registry, what is the codeword for zorlan-00-0129? Answer:",123,2,1,0,-9.408792495727539,-8.565841674804688,-0.8429508209228516
e3_factual_160m_smoke,EleutherAI/pythia-160m-deduped,step1000,1000,0,factual_association,post_degradation_k16,2026-06-04 14:42:54,1|1|1|1|1,1900|383|123|801|307,16,2,fact129_template1,129,Question: Which label was assigned to zorlan-00-0129 in the experiment? Answer:,123,2,3,0,-10.402999877929688,-9.785131454467773,-0.6178684234619141
e3_factual_160m_smoke,EleutherAI/pythia-160m-deduped,step1000,1000,0,factual_association,post_degradation_k16,2026-06-04 14:42:54,1|1|1|1|1,2003|172|544|514|navy,16,2,fact130_template0,130,"Question: In the fictional registry, what is the codeword for zorlan-00-0130? Answer:",2003,0,0,1,-9.05750560760498,-10.030305862426758,0.9728002548217773
e3_factual_160m_smoke,EleutherAI/pythia-160m-deduped,step1000,1000,0,factual_association,post_degradation_k16,2026-06-04 14:42:54,1|1|1|1|1,335|336|491|332|2003,16,2,fact130_template1,130,Question: Which label was assigned to zorlan-00-0130 in the experiment? Answer:,2003,4,3,0,-10.878092765808105,-10.532780647277832,-0.34531211853027344
e3_factual_160m_smoke,EleutherAI/pythia-160m-deduped,step1000,1000,0,factual_association,post_degradation_k16,2026-06-04 14:42:54,1|1|1|1|1,491|227|418|850|390,16,2,fact131_template0,131,"Question: In the fictional registry, what is the codeword for zorlan-00-0131? Answer:",418,2,3,0,-10.351812362670898,-8.35280990600586,-1.999002456665039
e3_factual_160m_smoke,EleutherAI/pythia-160m-deduped,step1000,1000,0,factual_association,post_degradation_k16,2026-06-04 14:42:54,1|1|1|1|1,633|1866|418|526|1860,16,2,fact131_template1,131,Question: Which label was assigned to zorlan-00-0131 in the experiment? Answer:,418,2,1,0,-10.642539024353027,-10.163990020751953,-0.4785490036010742
e3_factual_160m_smoke,EleutherAI/pythia-160m-deduped,step1000,1000,0,factual_association,post_degradation_k16,2026-06-04 14:42:54,1|1|1|1|1,517|509|172|484|452,16,2,fact132_template0,132,"Question: In the fictional registry, what is the codeword for zorlan-00-0132? Answer:",452,4,3,0,-10.317852973937988,-8.126297950744629,-2.1915550231933594
e3_factual_160m_smoke,EleutherAI/pythia-160m-deduped,step1000,1000,0,factual_association,post_degradation_k16,2026-06-04 14:42:54,1|1|1|1|1,111|452|1969|476|511,16,2,fact132_template1,132,Question: Which label was assigned to zorlan-00-0132 in the experiment? Answer:,452,1,3,0,-10.576623916625977,-7.970157146453857,-2.606466770172119
e3_factual_160m_smoke,EleutherAI/pythia-160m-deduped,step1000,1000,0,factual_association,post_degradation_k16,2026-06-04 14:42:54,1|1|1|1|1,499|373|355|750|291,16,2,fact133_template0,133,"Question: In the fictional registry, what is the codeword for zorlan-00-0133? Answer:",291,4,0,0,-10.843635559082031,-9.29833984375,-1.5452957153320312
e3_factual_160m_smoke,EleutherAI/pythia-160m-deduped,step1000,1000,0,factual_association,post_degradation_k16,2026-06-04 14:42:54,1|1|1|1|1,514|291|517|336|390,16,2,fact133_template1,133,Question: Which label was assigned to zorlan-00-0133 in the experiment? Answer:,291,1,0,0,-11.19378662109375,-9.619329452514648,-1.5744571685791016
e3_factual_160m_smoke,EleutherAI/pythia-160m-deduped,step1000,1000,0,factual_association,post_degradation_k16,2026-06-04 14:42:54,1|1|1|1|1,225|1860|599|386|534,16,2,fact134_template0,134,"Question: In the fictional registry, what is the codeword for zorlan-00-0134? Answer:",534,4,2,0,-10.007257461547852,-8.124484062194824,-1.8827733993530273
e3_factual_160m_smoke,EleutherAI/pythia-160m-deduped,step1000,1000,0,factual_association,post_degradation_k16,2026-06-04 14:42:54,1|1|1|1|1,145|205|534|452|399,16,2,fact134_template1,134,Question: Which label was assigned to zorlan-00-0134 in the experiment? Answer:,534,2,0,0,-10.267070770263672,-9.517491340637207,-0.7495794296264648
e3_factual_160m_smoke,EleutherAI/pythia-160m-deduped,step1000,1000,0,factual_association,post_degradation_k16,2026-06-04 14:42:54,1|1|1|1|1,ocean|2013|924|193|737,16,2,fact135_template0,135,"Question: In the fictional registry, what is the codeword for zorlan-00-0135? Answer:",193,3,4,0,-10.381272315979004,-7.801252365112305,-2.580019950866699
e3_factual_160m_smoke,EleutherAI/pythia-160m-deduped,step1000,1000,0,factual_association,post_degradation_k16,2026-06-04 14:42:54,1|1|1|1|1,2017|193|1935|398|158,16,2,fact135_template1,135,Question: Which label was assigned to zorlan-00-0135 in the experiment? Answer:,193,1,0,0,-10.794977188110352,-9.262693405151367,-1.5322837829589844
e3_factual_160m_smoke,EleutherAI/pythia-160m-deduped,step1000,1000,0,factual_association,post_degradation_k16,2026-06-04 14:42:54,1|1|1|1|1,323|1960|193|768|1917,16,2,fact136_template0,136,"Question: In the fictional registry, what is the codeword for zorlan-00-0136? Answer:",1917,4,1,0,-9.791909217834473,-7.89945125579834,-1.8924579620361328
e3_factual_160m_smoke,EleutherAI/pythia-160m-deduped,step1000,1000,0,factual_association,post_degradation_k16,2026-06-04 14:42:54,1|1|1|1|1,1861|450|291|229|1917,16,2,fact136_template1,136,Question: Which label was assigned to zorlan-00-0136 in the experiment? Answer:,1917,4,4,1,-10.100879669189453,-10.304800033569336,0.2039203643798828
e3_factual_160m_smoke,EleutherAI/pythia-160m-deduped,step1000,1000,0,factual_association,post_degradation_k16,2026-06-04 14:42:54,1|1|1|1|1,1935|518|441|maple|purple,16,2,fact137_template0,137,"Question: In the fictional registry, what is the codeword for zorlan-00-0137? Answer:",purple,4,1,0,-12.395330429077148,-8.673334121704102,-3.721996307373047
e3_factual_160m_smoke,EleutherAI/pythia-160m-deduped,step1000,1000,0,factual_association,post_degradation_k16,2026-06-04 14:42:54,1|1|1|1|1,373|2021|474|purple|398,16,2,fact137_template1,137,Question: Which label was assigned to zorlan-00-0137 in the experiment? Answer:,purple,3,2,0,-12.006925582885742,-9.619659423828125,-2.387266159057617
e3_factual_160m_smoke,EleutherAI/pythia-160m-deduped,step1000,1000,0,factual_association,post_degradation_k16,2026-06-04 14:42:54,1|1|1|1|1,1917|136|1935|1886|1866,16,2,fact138_template0,138,"Question: In the fictional registry, what is the codeword for zorlan-00-0138? Answer:",1886,3,4,0,-11.08437728881836,-9.58732795715332,-1.497049331665039
e3_factual_160m_smoke,EleutherAI/pythia-160m-deduped,step1000,1000,0,factual_association,post_degradation_k16,2026-06-04 14:42:54,1|1|1|1|1,229|1886|1861|345|430,16,2,fact138_template1,138,Question: Which label was assigned to zorlan-00-0138 in the experiment? Answer:,1886,1,3,0,-11.987813949584961,-10.035572052001953,-1.9522418975830078
e3_factual_160m_smoke,EleutherAI/pythia-160m-deduped,step1000,1000,0,factual_association,post_degradation_k16,2026-06-04 14:42:54,1|1|1|1|1,138|1886|568|282|cipher,16,2,fact139_template0,139,"Question: In the fictional registry, what is the codeword for zorlan-00-0139? Answer:",138,0,0,1,-9.391030311584473,-10.070026397705078,0.6789960861206055
e3_factual_160m_smoke,EleutherAI/pythia-160m-deduped,step1000,1000,0,factual_association,post_degradation_k16,2026-06-04 14:42:54,1|1|1|1|1,153|1982|138|1897|666,16,2,fact139_template1,139,Question: Which label was assigned to zorlan-00-0139 in the experiment? Answer:,138,2,4,0,-10.845128059387207,-9.691426277160645,-1.1537017822265625
e3_factual_160m_smoke,EleutherAI/pythia-160m-deduped,step1000,1000,0,factual_association,post_degradation_k16,2026-06-04 14:42:54,1|1|1|1|1,1923|beacon|476|471|1938,16,2,fact140_template0,140,"Question: In the fictional registry, what is the codeword for zorlan-00-0140? Answer:",1923,0,2,0,-9.890656471252441,-8.117744445800781,-1.7729120254516602
e3_factual_160m_smoke,EleutherAI/pythia-160m-deduped,step1000,1000,0,factual_association,post_degradation_k16,2026-06-04 14:42:54,1|1|1|1|1,615|548|452|484|1923,16,2,fact140_template1,140,Question: Which label was assigned to zorlan-00-0140 in the experiment? Answer:,1923,4,3,0,-10.78893756866455,-9.136326789855957,-1.6526107788085938
e3_factual_160m_smoke,EleutherAI/pythia-160m-deduped,step1000,1000,0,factual_association,post_degradation_k16,2026-06-04 14:42:54,1|1|1|1|1,187|summit|1982|395|111,16,2,fact141_template0,141,"Question: In the fictional registry, what is the codeword for zorlan-00-0141? Answer:",111,4,3,0,-9.968867301940918,-9.029999732971191,-0.9388675689697266
e3_factual_160m_smoke,EleutherAI/pythia-160m-deduped,step1000,1000,0,factual_association,post_degradation_k16,2026-06-04 14:42:54,1|1|1|1|1,505|424|471|441|111,16,2,fact141_template1,141,Question: Which label was assigned to zorlan-00-0141 in the experiment? Answer:,111,4,0,0,-10.582147598266602,-10.165491104125977,-0.416656494140625
e3_factual_160m_smoke,EleutherAI/pythia-160m-deduped,step1000,1000,0,factual_association,post_degradation_k16,2026-06-04 14:42:54,1|1|1|1|1,268|768|560|225|526,16,2,fact142_template0,142,"Question: In the fictional registry, what is the codeword for zorlan-00-0142? Answer:",268,0,1,0,-12.238797187805176,-9.921266555786133,-2.317530632019043
e3_factual_160m_smoke,EleutherAI/pythia-160m-deduped,step1000,1000,0,factual_association,post_degradation_k16,2026-06-04 14:42:54,1|1|1|1|1,335|1923|268|666|452,16,2,fact142_template1,142,Question: Which label was assigned to zorlan-00-0142 in the experiment? Answer:,268,2,3,0,-11.377193450927734,-9.708008766174316,-1.669184684753418
e3_factual_160m_smoke,EleutherAI/pythia-160m-deduped,step1000,1000,0,factual_association,post_degradation_k16,2026-06-04 14:42:54,1|1|1|1|1,291|542|navy|152|239,16,2,fact143_template0,143,"Question: In the fictional registry, what is the codeword for zorlan-00-0143? Answer:",152,3,4,0,-10.902881622314453,-9.665719032287598,-1.2371625900268555
e3_factual_160m_smoke,EleutherAI/pythia-160m-deduped,step1000,1000,0,factual_association,post_degradation_k16,2026-06-04 14:42:54,1|1|1|1|1,390|152|615|214|maple,16,2,fact143_template1,143,Question: Which label was assigned to zorlan-00-0143 in the experiment? Answer:,152,1,0,0,-11.680203437805176,-9.772380828857422,-1.907822608947754
e3_factual_160m_smoke,EleutherAI/pythia-160m-deduped,step1000,1000,0,factual_association,post_degradation_k16,2026-06-04 14:42:54,1|1|1|1|1,280|353|850|187|1982,16,2,fact144_template0,144,"Question: In the fictional registry, what is the codeword for zorlan-00-0144? Answer:",1982,4,2,0,-9.086246490478516,-7.988686561584473,-1.097559928894043
e3_factual_160m_smoke,EleutherAI/pythia-160m-deduped,step1000,1000,0,factual_association,post_degradation_k16,2026-06-04 14:42:54,1|1|1|1|1,544|347|1982|253|117,16,2,fact144_template1,144,Question: Which label was assigned to zorlan-00-0144 in the experiment? Answer:,1982,2,4,0,-10.553729057312012,-9.744699478149414,-0.8090295791625977
e3_factual_160m_smoke,EleutherAI/pythia-160m-deduped,step1000,1000,0,factual_association,post_degradation_k16,2026-06-04 14:42:54,1|1|1|1|1,395|595|600|172|335,16,2,fact145_template0,145,"Question: In the fictional registry, what is the codeword for zorlan-00-0145? Answer:",335,4,0,0,-9.763326644897461,-7.950294494628906,-1.8130321502685547
e3_factual_160m_smoke,EleutherAI/pythia-160m-deduped,step1000,1000,0,factual_association,post_degradation_k16,2026-06-04 14:42:54,1|1|1|1|1,430|700|1923|335|737,16,2,fact145_template1,145,Question: Which label was assigned to zorlan-00-0145 in the experiment? Answer:,335,3,4,0,-10.079324722290039,-8.853652000427246,-1.225672721862793
e3_factual_160m_smoke,EleutherAI/pythia-160m-deduped,step1000,1000,0,factual_association,post_degradation_k16,2026-06-04 14:42:54,1|1|1|1|1,559|262|383|485|1954,16,2,fact146_template0,146,"Question: In the fictional registry, what is the codeword for zorlan-00-0146? Answer:",383,2,4,0,-9.569831848144531,-9.127248764038086,-0.4425830841064453
e3_factual_160m_smoke,EleutherAI/pythia-160m-deduped,step1000,1000,0,factual_association,post_degradation_k16,2026-06-04 14:42:54,1|1|1|1|1,1888|345|223|144|383,16,2,fact146_template1,146,Question: Which label was assigned to zorlan-00-0146 in the experiment? Answer:,383,4,2,0,-10.06495189666748,-9.605062484741211,-0.45988941192626953
e3_factual_160m_smoke,EleutherAI/pythia-160m-deduped,step1000,1000,0,factual_association,post_degradation_k16,2026-06-04 14:42:54,1|1|1|1|1,449|2013|1897|633|600,16,2,fact147_template0,147,"Question: In the fictional registry, what is the codeword for zorlan-00-0147? Answer:",2013,1,1,1,-7.9903059005737305,-8.332535743713379,0.34222984313964844
e3_factual_160m_smoke,EleutherAI/pythia-160m-deduped,step1000,1000,0,factual_association,post_degradation_k16,2026-06-04 14:42:54,1|1|1|1|1,2013|eagle|570|564|850,16,2,fact147_template1,147,Question: Which label was assigned to zorlan-00-0147 in the experiment? Answer:,2013,0,0,1,-8.725173950195312,-9.146249771118164,0.42107582092285156
e3_factual_160m_smoke,EleutherAI/pythia-160m-deduped,step1000,1000,0,factual_association,post_degradation_k16,2026-06-04 14:42:54,1|1|1|1|1,1956|153|353|707|203,16,2,fact148_template0,148,"Question: In the fictional registry, what is the codeword for zorlan-00-0148? Answer:",1956,0,4,0,-10.097389221191406,-8.359954833984375,-1.7374343872070312
e3_factual_160m_smoke,EleutherAI/pythia-160m-deduped,step1000,1000,0,factual_association,post_degradation_k16,2026-06-04 14:42:54,1|1|1|1|1,1956|261|347|706|282,16,2,fact148_template1,148,Question: Which label was assigned to zorlan-00-0148 in the experiment? Answer:,1956,0,3,0,-11.984626770019531,-8.905278205871582,-3.079348564147949
e3_factual_160m_smoke,EleutherAI/pythia-160m-deduped,step1000,1000,0,factual_association,post_degradation_k16,2026-06-04 14:42:54,1|1|1|1|1,245|1900|374|1935|554,16,2,fact149_template0,149,"Question: In the fictional registry, what is the codeword for zorlan-00-0149? Answer:",245,0,1,0,-9.921514511108398,-9.024934768676758,-0.8965797424316406
e3_factual_160m_smoke,EleutherAI/pythia-160m-deduped,step1000,1000,0,factual_association,post_degradation_k16,2026-06-04 14:42:54,1|1|1|1|1,737|303|245|268|750,16,2,fact149_template1,149,Question: Which label was assigned to zorlan-00-0149 in the experiment? Answer:,245,2,0,0,-11.138921737670898,-8.963488578796387,-2.1754331588745117
e3_factual_160m_smoke,EleutherAI/pythia-160m-deduped,step1000,1000,0,factual_association,post_degradation_k16,2026-06-04 14:42:54,1|1|1|1|1,253|225|399|378|509,16,2,fact150_template0,150,"Question: In the fictional registry, what is the codeword for zorlan-00-0150? Answer:",509,4,3,0,-11.074621200561523,-9.426698684692383,-1.6479225158691406
e3_factual_160m_smoke,EleutherAI/pythia-160m-deduped,step1000,1000,0,factual_association,post_degradation_k16,2026-06-04 14:42:54,1|1|1|1|1,gold|2006|355|509|1960,16,2,fact150_template1,150,Question: Which label was assigned to zorlan-00-0150 in the experiment? Answer:,509,3,1,0,-11.20093822479248,-10.298439979553223,-0.9024982452392578
e3_factual_160m_smoke,EleutherAI/pythia-160m-deduped,step1000,1000,0,factual_association,post_degradation_k16,2026-06-04 14:42:54,1|1|1|1|1,268|1949|229|223|green,16,2,fact151_template0,151,"Question: In the fictional registry, what is the codeword for zorlan-00-0151? Answer:",1949,1,3,0,-10.260828971862793,-8.906831741333008,-1.3539972305297852
e3_factual_160m_smoke,EleutherAI/pythia-160m-deduped,step1000,1000,0,factual_association,post_degradation_k16,2026-06-04 14:42:54,1|1|1|1|1,1949|418|203|196|262,16,2,fact151_template1,151,Question: Which label was assigned to zorlan-00-0151 in the experiment? Answer:,1949,0,2,0,-12.400774002075195,-9.34363842010498,-3.057135581970215
e3_factual_160m_smoke,EleutherAI/pythia-160m-deduped,step1000,1000,0,factual_association,post_degradation_k16,2026-06-04 14:42:54,1|1|1|1|1,255|336|pepper|510|526,16,2,fact152_template0,152,"Question: In the fictional registry, what is the codeword for zorlan-00-0152? Answer:",526,4,4,1,-10.173041343688965,-10.34762191772461,0.17458057403564453
e3_factual_160m_smoke,EleutherAI/pythia-160m-deduped,step1000,1000,0,factual_association,post_degradation_k16,2026-06-04 14:42:54,1|1|1|1|1,484|253|158|256|526,16,2,fact152_template1,152,Question: Which label was assigned to zorlan-00-0152 in the experiment? Answer:,526,4,0,0,-10.557708740234375,-8.998379707336426,-1.5593290328979492
e3_factual_160m_smoke,EleutherAI/pythia-160m-deduped,step1000,1000,0,factual_association,post_degradation_k16,2026-06-04 14:42:54,1|1|1|1|1,123|303|plasma|355|564,16,2,fact153_template0,153,"Question: In the fictional registry, what is the codeword for zorlan-00-0153? Answer:",plasma,2,1,0,-13.401959419250488,-9.02310848236084,-4.378850936889648
e3_factual_160m_smoke,EleutherAI/pythia-160m-deduped,step1000,1000,0,factual_association,post_degradation_k16,2026-06-04 14:42:54,1|1|1|1|1,282|239|plasma|407|1905,16,2,fact153_template1,153,Question: Which label was assigned to zorlan-00-0153 in the experiment? Answer:,plasma,2,1,0,-12.802712440490723,-9.845342636108398,-2.957369804382324
e3_factual_160m_smoke,EleutherAI/pythia-160m-deduped,step1000,1000,0,factual_association,post_degradation_k16,2026-06-04 14:42:54,1|1|1|1|1,429|395|2006|459|768,16,2,fact154_template0,154,"Question: In the fictional registry, what is the codeword for zorlan-00-0154? Answer:",429,0,1,0,-9.285491943359375,-7.846561908721924,-1.4389300346374512
e3_factual_160m_smoke,EleutherAI/pythia-160m-deduped,step1000,1000,0,factual_association,post_degradation_k16,2026-06-04 14:42:54,1|1|1|1|1,615|750|2030|374|429,16,2,fact154_template1,154,Question: Which label was assigned to zorlan-00-0154 in the experiment? Answer:,429,4,1,0,-9.542006492614746,-9.466050148010254,-0.07595634460449219
e3_factual_160m_smoke,EleutherAI/pythia-160m-deduped,step1000,1000,0,factual_association,post_degradation_k16,2026-06-04 14:42:54,1|1|1|1|1,229|pepper|gold|253|429,16,2,fact155_template0,155,"Question: In the fictional registry, what is the codeword for zorlan-00-0155? Answer:",229,0,4,0,-9.330355644226074,-9.298561096191406,-0.03179454803466797
e3_factual_160m_smoke,EleutherAI/pythia-160m-deduped,step1000,1000,0,factual_association,post_degradation_k16,2026-06-04 14:42:54,1|1|1|1|1,616|229|323|265|pepper,16,2,fact155_template1,155,Question: Which label was assigned to zorlan-00-0155 in the experiment? Answer:,229,1,3,0,-10.527446746826172,-10.261373519897461,-0.26607322692871094
e3_factual_160m_smoke,EleutherAI/pythia-160m-deduped,step1000,1000,0,factual_association,post_degradation_k16,2026-06-04 14:42:54,1|1|1|1|1,336|yellow|2030|345|111,16,2,fact156_template0,156,"Question: In the fictional registry, what is the codeword for zorlan-00-0156? Answer:",2030,2,3,0,-11.053966522216797,-8.780799865722656,-2.2731666564941406
e3_factual_160m_smoke,EleutherAI/pythia-160m-deduped,step1000,1000,0,factual_association,post_degradation_k16,2026-06-04 14:42:54,1|1|1|1|1,2030|354|508|214|570,16,2,fact156_template1,156,Question: Which label was assigned to zorlan-00-0156 in the experiment? Answer:,2030,0,1,0,-11.815410614013672,-8.640822410583496,-3.174588203430176
e3_factual_160m_smoke,EleutherAI/pythia-160m-deduped,step1000,1000,0,factual_association,post_degradation_k16,2026-06-04 14:42:54,1|1|1|1|1,707|268|389|1897|1888,16,2,fact157_template0,157,"Question: In the fictional registry, what is the codeword for zorlan-00-0157? Answer:",1897,3,2,0,-11.917871475219727,-8.957483291625977,-2.96038818359375
e3_factual_160m_smoke,EleutherAI/pythia-160m-deduped,step1000,1000,0,factual_association,post_degradation_k16,2026-06-04 14:42:54,1|1|1|1|1,534|plasma|599|1897|602,16,2,fact157_template1,157,Question: Which label was assigned to zorlan-00-0157 in the experiment? Answer:,1897,3,2,0,-12.488210678100586,-10.013998031616211,-2.474212646484375
e3_factual_160m_smoke,EleutherAI/pythia-160m-deduped,step1000,1000,0,factual_association,post_degradation_k16,2026-06-04 14:42:54,1|1|1|1|1,540|1897|312|499|640,16,2,fact158_template0,158,"Question: In the fictional registry, what is the codeword for zorlan-00-0158? Answer:",540,0,3,0,-10.994758605957031,-9.195186614990234,-1.7995719909667969
e3_factual_160m_smoke,EleutherAI/pythia-160m-deduped,step1000,1000,0,factual_association,post_degradation_k16,2026-06-04 14:42:54,1|1|1|1|1,373|347|401|540|1861,16,2,fact158_template1,158,Question: Which label was assigned to zorlan-00-0158 in the experiment? Answer:,540,3,2,0,-10.247767448425293,-8.553874015808105,-1.6938934326171875
e3_factual_160m_smoke,EleutherAI/pythia-160m-deduped,step1000,1000,0,factual_association,post_degradation_k16,2026-06-04 14:42:54,1|1|1|1|1,376|633|214|123|386,16,2,fact159_template0,159,"Question: In the fictional registry, what is the codeword for zorlan-00-0159? Answer:",386,4,3,0,-9.877998352050781,-9.230334281921387,-0.6476640701293945
e3_factual_160m_smoke,EleutherAI/pythia-160m-deduped,step1000,1000,0,factual_association,post_degradation_k16,2026-06-04 14:42:54,1|1|1|1|1,261|386|179|227|1860,16,2,fact159_template1,159,Question: Which label was assigned to zorlan-00-0159 in the experiment? Answer:,386,1,1,1,-9.585614204406738,-9.651667594909668,0.06605339050292969
e3_factual_160m_smoke,EleutherAI/pythia-160m-deduped,step1000,1000,0,factual_association,post_degradation_k16,2026-06-04 14:42:54,1|1|1|1|1,2006|459|1983|167|2013,16,2,fact160_template0,160,"Question: In the fictional registry, what is the codeword for zorlan-00-0160? Answer:",2006,0,4,0,-8.3285493850708,-7.826504707336426,-0.502044677734375
e3_factual_160m_smoke,EleutherAI/pythia-160m-deduped,step1000,1000,0,factual_association,post_degradation_k16,2026-06-04 14:42:54,1|1|1|1|1,511|157|2006|111|554,16,2,fact160_template1,160,Question: Which label was assigned to zorlan-00-0160 in the experiment? Answer:,2006,2,0,0,-10.252629280090332,-9.848514556884766,-0.4041147232055664
e3_factual_160m_smoke,EleutherAI/pythia-160m-deduped,step1000,1000,0,factual_association,post_degradation_k16,2026-06-04 14:42:54,1|1|1|1|1,220|2021|282|508|1914,16,2,fact161_template0,161,"Question: In the fictional registry, what is the codeword for zorlan-00-0161? Answer:",2021,1,4,0,-12.267205238342285,-8.810285568237305,-3.4569196701049805
e3_factual_160m_smoke,EleutherAI/pythia-160m-deduped,step1000,1000,0,factual_association,post_degradation_k16,2026-06-04 14:42:54,1|1|1|1|1,441|366|167|203|2021,16,2,fact161_template1,161,Question: Which label was assigned to zorlan-00-0161 in the experiment? Answer:,2021,4,3,0,-13.174203872680664,-9.14730453491211,-4.026899337768555
e3_factual_160m_smoke,EleutherAI/pythia-160m-deduped,step1000,1000,0,factual_association,post_degradation_k16,2026-06-04 14:42:54,1|1|1|1|1,303|1886|260|1895|2021,16,2,fact162_template0,162,"Question: In the fictional registry, what is the codeword for zorlan-00-0162? Answer:",260,2,0,0,-11.283238410949707,-9.972472190856934,-1.3107662200927734
e3_factual_160m_smoke,EleutherAI/pythia-160m-deduped,step1000,1000,0,factual_association,post_degradation_k16,2026-06-04 14:42:54,1|1|1|1|1,1950|544|291|527|260,16,2,fact162_template1,162,Question: Which label was assigned to zorlan-00-0162 in the experiment? Answer:,260,4,1,0,-11.353181838989258,-10.915977478027344,-0.43720436096191406
e3_factual_160m_smoke,EleutherAI/pythia-160m-deduped,step1000,1000,0,factual_association,post_degradation_k16,2026-06-04 14:42:54,1|1|1|1|1,707|280|554|188|1866,16,2,fact163_template0,163,"Question: In the fictional registry, what is the codeword for zorlan-00-0163? Answer:",188,3,4,0,-9.918708801269531,-9.166091918945312,-0.7526168823242188
e3_factual_160m_smoke,EleutherAI/pythia-160m-deduped,step1000,1000,0,factual_association,post_degradation_k16,2026-06-04 14:42:54,1|1|1|1|1,544|188|514|1914|145,16,2,fact163_template1,163,Question: Which label was assigned to zorlan-00-0163 in the experiment? Answer:,188,1,2,0,-10.754783630371094,-9.745165824890137,-1.009617805480957
e3_factual_160m_smoke,EleutherAI/pythia-160m-deduped,step1000,1000,0,factual_association,post_degradation_k16,2026-06-04 14:42:54,1|1|1|1|1,307|700|548|260|568,16,2,fact164_template0,164,"Question: In the fictional registry, what is the codeword for zorlan-00-0164? Answer:",568,4,1,0,-10.352614402770996,-10.24498176574707,-0.10763263702392578
e3_factual_160m_smoke,EleutherAI/pythia-160m-deduped,step1000,1000,0,factual_association,post_degradation_k16,2026-06-04 14:42:54,1|1|1|1|1,196|474|eagle|568|1917,16,2,fact164_template1,164,Question: Which label was assigned to zorlan-00-0164 in the experiment? Answer:,568,3,1,0,-10.667943954467773,-9.924201965332031,-0.7437419891357422
e3_factual_160m_smoke,EleutherAI/pythia-160m-deduped,step1000,1000,0,factual_association,post_degradation_k16,2026-06-04 14:42:54,1|1|1|1|1,311|347|227|550|407,16,2,fact165_template0,165,"Question: In the fictional registry, what is the codeword for zorlan-00-0165? Answer:",347,1,0,0,-9.98851203918457,-8.173307418823242,-1.8152046203613281
e3_factual_160m_smoke,EleutherAI/pythia-160m-deduped,step1000,1000,0,factual_association,post_degradation_k16,2026-06-04 14:42:54,1|1|1|1|1,347|2006|389|navy|417,16,2,fact165_template1,165,Question: Which label was assigned to zorlan-00-0165 in the experiment? Answer:,347,0,2,0,-10.985616683959961,-8.812359809875488,-2.1732568740844727
e3_factual_160m_smoke,EleutherAI/pythia-160m-deduped,step1000,1000,0,factual_association,post_degradation_k16,2026-06-04 14:42:54,1|1|1|1|1,2013|1897|373|586|249,16,2,fact166_template0,166,"Question: In the fictional registry, what is the codeword for zorlan-00-0166? Answer:",586,3,0,0,-10.857037544250488,-8.10036563873291,-2.756671905517578
e3_factual_160m_smoke,EleutherAI/pythia-160m-deduped,step1000,1000,0,factual_association,post_degradation_k16,2026-06-04 14:42:54,1|1|1|1|1,586|265|2010|700|595,16,2,fact166_template1,166,Question: Which label was assigned to zorlan-00-0166 in the experiment? Answer:,586,0,4,0,-11.33212947845459,-9.311661720275879,-2.020467758178711
e3_factual_160m_smoke,EleutherAI/pythia-160m-deduped,step1000,1000,0,factual_association,post_degradation_k16,2026-06-04 14:42:54,1|1|1|1|1,229|312|193|2021|399,16,2,fact167_template0,167,"Question: In the fictional registry, what is the codeword for zorlan-00-0167? Answer:",312,1,0,0,-10.033313751220703,-9.568199157714844,-0.4651145935058594
e3_factual_160m_smoke,EleutherAI/pythia-160m-deduped,step1000,1000,0,factual_association,post_degradation_k16,2026-06-04 14:42:54,1|1|1|1|1,181|261|summit|312|474,16,2,fact167_template1,167,Question: Which label was assigned to zorlan-00-0167 in the experiment? Answer:,312,3,4,0,-10.356505393981934,-9.503854751586914,-0.8526506423950195
e3_factual_160m_smoke,EleutherAI/pythia-160m-deduped,step1000,1000,0,factual_association,post_degradation_k16,2026-06-04 14:42:54,1|1|1|1|1,345|153|527|560|323,16,2,fact168_template0,168,"Question: In the fictional registry, what is the codeword for zorlan-00-0168? Answer:",323,4,0,0,-9.780895233154297,-8.517877578735352,-1.2630176544189453
e3_factual_160m_smoke,EleutherAI/pythia-160m-deduped,step1000,1000,0,factual_association,post_degradation_k16,2026-06-04 14:42:54,1|1|1|1|1,374|491|1860|323|527,16,2,fact168_template1,168,Question: Which label was assigned to zorlan-00-0168 in the experiment? Answer:,323,3,2,0,-10.522872924804688,-10.492339134216309,-0.030533790588378906
e3_factual_160m_smoke,EleutherAI/pythia-160m-deduped,step1000,1000,0,factual_association,post_degradation_k16,2026-06-04 14:42:54,1|1|1|1|1,187|172|1960|summit|311,16,2,fact169_template0,169,"Question: In the fictional registry, what is the codeword for zorlan-00-0169? Answer:",187,0,2,0,-10.025794982910156,-8.097302436828613,-1.928492546081543
e3_factual_160m_smoke,EleutherAI/pythia-160m-deduped,step1000,1000,0,factual_association,post_degradation_k16,2026-06-04 14:42:54,1|1|1|1|1,178|374|1886|449|187,16,2,fact169_template1,169,Question: Which label was assigned to zorlan-00-0169 in the experiment? Answer:,187,4,3,0,-10.77849292755127,-9.887629508972168,-0.8908634185791016
e3_factual_160m_smoke,EleutherAI/pythia-160m-deduped,step1000,1000,0,factual_association,post_degradation_k16,2026-06-04 14:42:54,1|1|1|1|1,green|ocean|418|554|559,16,2,fact170_template0,170,"Question: In the fictional registry, what is the codeword for zorlan-00-0170? Answer:",559,4,4,1,-9.906967163085938,-10.287820816040039,0.38085365295410156
e3_factual_160m_smoke,EleutherAI/pythia-160m-deduped,step1000,1000,0,factual_association,post_degradation_k16,2026-06-04 14:42:54,1|1|1|1|1,737|503|559|plasma|600,16,2,fact170_template1,170,Question: Which label was assigned to zorlan-00-0170 in the experiment? Answer:,559,2,0,0,-9.553888320922852,-8.867324829101562,-0.6865634918212891
e3_factual_160m_smoke,EleutherAI/pythia-160m-deduped,step1000,1000,0,factual_association,post_degradation_k16,2026-06-04 14:42:54,1|1|1|1|1,374|144|249|554|700,16,2,fact171_template0,171,"Question: In the fictional registry, what is the codeword for zorlan-00-0171? Answer:",374,0,2,0,-11.0141019821167,-10.463652610778809,-0.5504493713378906
e3_factual_160m_smoke,EleutherAI/pythia-160m-deduped,step1000,1000,0,factual_association,post_degradation_k16,2026-06-04 14:42:54,1|1|1|1|1,261|221|303|265|374,16,2,fact171_template1,171,Question: Which label was assigned to zorlan-00-0171 in the experiment? Answer:,374,4,1,0,-11.027505874633789,-10.017797470092773,-1.0097084045410156
e3_factual_160m_smoke,EleutherAI/pythia-160m-deduped,step1000,1000,0,factual_association,post_degradation_k16,2026-06-04 14:42:54,1|1|1|1|1,227|1996|1900|145|140,16,2,fact172_template0,172,"Question: In the fictional registry, what is the codeword for zorlan-00-0172? Answer:",140,4,1,0,-9.545217514038086,-8.479904174804688,-1.0653133392333984
e3_factual_160m_smoke,EleutherAI/pythia-160m-deduped,step1000,1000,0,factual_association,post_degradation_k16,2026-06-04 14:42:54,1|1|1|1|1,pepper|222|1954|140|1956,16,2,fact172_template1,172,Question: Which label was assigned to zorlan-00-0172 in the experiment? Answer:,140,3,3,1,-10.283370971679688,-10.70659351348877,0.42322254180908203
e3_factual_160m_smoke,EleutherAI/pythia-160m-deduped,step1000,1000,0,factual_association,post_degradation_k16,2026-06-04 14:42:54,1|1|1|1|1,303|1954|1897|390|287,16,2,fact173_template0,173,"Question: In the fictional registry, what is the codeword for zorlan-00-0173? Answer:",287,4,1,0,-10.193044662475586,-8.412673950195312,-1.7803707122802734
e3_factual_160m_smoke,EleutherAI/pythia-160m-deduped,step1000,1000,0,factual_association,post_degradation_k16,2026-06-04 14:42:54,1|1|1|1|1,287|2017|157|203|366,16,2,fact173_template1,173,Question: Which label was assigned to zorlan-00-0173 in the experiment? Answer:,287,0,3,0,-11.373260498046875,-9.251834869384766,-2.1214256286621094
e3_factual_160m_smoke,EleutherAI/pythia-160m-deduped,step1000,1000,0,factual_association,post_degradation_k16,2026-06-04 14:42:54,1|1|1|1|1,374|1895|311|449|223,16,2,fact174_template0,174,"Question: In the fictional registry, what is the codeword for zorlan-00-0174? Answer:",1895,1,2,0,-10.607738494873047,-9.167174339294434,-1.4405641555786133
e3_factual_160m_smoke,EleutherAI/pythia-160m-deduped,step1000,1000,0,factual_association,post_degradation_k16,2026-06-04 14:42:54,1|1|1|1|1,602|336|1895|560|390,16,2,fact174_template1,174,Question: Which label was assigned to zorlan-00-0174 in the experiment? Answer:,1895,2,4,0,-11.721334457397461,-9.65196418762207,-2.0693702697753906
e3_factual_160m_smoke,EleutherAI/pythia-160m-deduped,step1000,1000,0,factual_association,post_degradation_k16,2026-06-04 14:42:54,1|1|1|1|1,544|1956|yellow|398|1935,16,2,fact175_template0,175,"Question: In the fictional registry, what is the codeword for zorlan-00-0175? Answer:",544,0,3,0,-10.871073722839355,-9.460245132446289,-1.4108285903930664
e3_factual_160m_smoke,EleutherAI/pythia-160m-deduped,step1000,1000,0,factual_association,post_degradation_k16,2026-06-04 14:42:54,1|1|1|1|1,499|550|491|544|277,16,2,fact175_template1,175,Question: Which label was assigned to zorlan-00-0175 in the experiment? Answer:,544,3,0,0,-10.600407600402832,-9.41302490234375,-1.187382698059082
e3_factual_160m_smoke,EleutherAI/pythia-160m-deduped,step1000,1000,0,factual_association,post_degradation_k16,2026-06-04 14:42:54,1|1|1|1|1,398|1861|223|193|2030,16,2,fact176_template0,176,"Question: In the fictional registry, what is the codeword for zorlan-00-0176? Answer:",1861,1,2,0,-9.960502624511719,-9.610260963439941,-0.35024166107177734
e3_factual_160m_smoke,EleutherAI/pythia-160m-deduped,step1000,1000,0,factual_association,post_degradation_k16,2026-06-04 14:42:54,1|1|1|1|1,443|363|1866|1861|153,16,2,fact176_template1,176,Question: Which label was assigned to zorlan-00-0176 in the experiment? Answer:,1861,3,0,0,-11.042144775390625,-10.181190490722656,-0.8609542846679688
e3_factual_160m_smoke,EleutherAI/pythia-160m-deduped,step1000,1000,0,factual_association,post_degradation_k16,2026-06-04 14:42:54,1|1|1|1|1,390|268|1880|508|229,16,2,fact177_template0,177,"Question: In the fictional registry, what is the codeword for zorlan-00-0177? Answer:",1880,2,0,0,-9.830680847167969,-9.474255561828613,-0.35642528533935547
e3_factual_160m_smoke,EleutherAI/pythia-160m-deduped,step1000,1000,0,factual_association,post_degradation_k16,2026-06-04 14:42:54,1|1|1|1|1,145|1880|586|maple|138,16,2,fact177_template1,177,Question: Which label was assigned to zorlan-00-0177 in the experiment? Answer:,1880,1,0,0,-11.201042175292969,-9.641895294189453,-1.5591468811035156
e3_factual_160m_smoke,EleutherAI/pythia-160m-deduped,step1000,1000,0,factual_association,post_degradation_k16,2026-06-04 14:42:54,1|1|1|1|1,585|yellow|205|399|193,16,2,fact178_template0,178,"Question: In the fictional registry, what is the codeword for zorlan-00-0178? Answer:",205,2,0,0,-10.532258033752441,-8.710152626037598,-1.8221054077148438
e3_factual_160m_smoke,EleutherAI/pythia-160m-deduped,step1000,1000,0,factual_association,post_degradation_k16,2026-06-04 14:42:54,1|1|1|1|1,1900|205|398|568|401,16,2,fact178_template1,178,Question: Which label was assigned to zorlan-00-0178 in the experiment? Answer:,205,1,4,0,-11.13819694519043,-8.788299560546875,-2.3498973846435547
e3_factual_160m_smoke,EleutherAI/pythia-160m-deduped,step1000,1000,0,factual_association,post_degradation_k16,2026-06-04 14:42:54,1|1|1|1|1,179|924|maple|157|gold,16,2,fact179_template0,179,"Question: In the fictional registry, what is the codeword for zorlan-00-0179? Answer:",924,1,0,0,-12.217964172363281,-10.493095397949219,-1.7248687744140625
e3_factual_160m_smoke,EleutherAI/pythia-160m-deduped,step1000,1000,0,factual_association,post_degradation_k16,2026-06-04 14:42:54,1|1|1|1|1,1938|924|640|518|381,16,2,fact179_template1,179,Question: Which label was assigned to zorlan-00-0179 in the experiment? Answer:,924,1,4,0,-11.38589096069336,-9.592690467834473,-1.7932004928588867
e3_factual_160m_smoke,EleutherAI/pythia-160m-deduped,step1000,1000,0,factual_association,post_degradation_k16,2026-06-04 14:42:54,1|1|1|1|1,508|307|144|485|1923,16,2,fact180_template0,180,"Question: In the fictional registry, what is the codeword for zorlan-00-0180? Answer:",144,2,4,0,-10.217556953430176,-9.825517654418945,-0.39203929901123047
e3_factual_160m_smoke,EleutherAI/pythia-160m-deduped,step1000,1000,0,factual_association,post_degradation_k16,2026-06-04 14:42:54,1|1|1|1|1,503|550|287|1900|144,16,2,fact180_template1,180,Question: Which label was assigned to zorlan-00-0180 in the experiment? Answer:,144,4,1,0,-11.17006778717041,-9.613351821899414,-1.556715965270996
e3_factual_160m_smoke,EleutherAI/pythia-160m-deduped,step1000,1000,0,factual_association,post_degradation_k16,2026-06-04 14:42:54,1|1|1|1|1,136|323|187|512|203,16,2,fact181_template0,181,"Question: In the fictional registry, what is the codeword for zorlan-00-0181? Answer:",136,0,4,0,-9.569429397583008,-8.715988159179688,-0.8534412384033203
e3_factual_160m_smoke,EleutherAI/pythia-160m-deduped,step1000,1000,0,factual_association,post_degradation_k16,2026-06-04 14:42:54,1|1|1|1|1,373|229|136|476|280,16,2,fact181_template1,181,Question: Which label was assigned to zorlan-00-0181 in the experiment? Answer:,136,2,3,0,-11.248584747314453,-8.212689399719238,-3.035895347595215
e3_factual_160m_smoke,EleutherAI/pythia-160m-deduped,step1000,1000,0,factual_association,post_degradation_k16,2026-06-04 14:42:54,1|1|1|1|1,261|383|282|737|1954,16,2,fact182_template0,182,"Question: In the fictional registry, what is the codeword for zorlan-00-0182? Answer:",282,2,3,0,-11.852516174316406,-8.406532287597656,-3.44598388671875
e3_factual_160m_smoke,EleutherAI/pythia-160m-deduped,step1000,1000,0,factual_association,post_degradation_k16,2026-06-04 14:42:54,1|1|1|1|1,282|green|2010|599|145,16,2,fact182_template1,182,Question: Which label was assigned to zorlan-00-0182 in the experiment? Answer:,282,0,4,0,-11.856900215148926,-9.910325050354004,-1.9465751647949219
e3_factual_160m_smoke,EleutherAI/pythia-160m-deduped,step1000,1000,0,factual_association,post_degradation_k16,2026-06-04 14:42:54,1|1|1|1|1,187|666|595|508|196,16,2,fact183_template0,183,"Question: In the fictional registry, what is the codeword for zorlan-00-0183? Answer:",508,3,4,0,-10.778923034667969,-8.864494323730469,-1.9144287109375
e3_factual_160m_smoke,EleutherAI/pythia-160m-deduped,step1000,1000,0,factual_association,post_degradation_k16,2026-06-04 14:42:54,1|1|1|1|1,924|260|508|505|256,16,2,fact183_template1,183,Question: Which label was assigned to zorlan-00-0183 in the experiment? Answer:,508,2,3,0,-11.051661491394043,-9.740914344787598,-1.3107471466064453
e3_factual_160m_smoke,EleutherAI/pythia-160m-deduped,step1000,1000,0,factual_association,post_degradation_k16,2026-06-04 14:42:54,1|1|1|1|1,155|590|560|eagle|517,16,2,fact184_template0,184,"Question: In the fictional registry, what is the codeword for zorlan-00-0184? Answer:",eagle,3,0,0,-12.194223403930664,-7.812583923339844,-4.38163948059082
e3_factual_160m_smoke,EleutherAI/pythia-160m-deduped,step1000,1000,0,factual_association,post_degradation_k16,2026-06-04 14:42:54,1|1|1|1|1,eagle|602|navy|366|443,16,2,fact184_template1,184,Question: Which label was assigned to zorlan-00-0184 in the experiment? Answer:,eagle,0,4,0,-11.817152976989746,-9.835649490356445,-1.9815034866333008
e3_factual_160m_smoke,EleutherAI/pythia-160m-deduped,step1000,1000,0,factual_association,post_degradation_k16,2026-06-04 14:42:54,1|1|1|1|1,187|2013|vector|3000|268,16,2,fact185_template0,185,"Question: In the fictional registry, what is the codeword for zorlan-00-0185? Answer:",vector,2,1,0,-13.436400413513184,-8.067957878112793,-5.368442535400391
e3_factual_160m_smoke,EleutherAI/pythia-160m-deduped,step1000,1000,0,factual_association,post_degradation_k16,2026-06-04 14:42:54,1|1|1|1|1,vector|214|585|700|117,16,2,fact185_template1,185,Question: Which label was assigned to zorlan-00-0185 in the experiment? Answer:,vector,0,2,0,-12.11933422088623,-8.485156059265137,-3.6341781616210938
e3_factual_160m_smoke,EleutherAI/pythia-160m-deduped,step1000,1000,0,factual_association,post_degradation_k16,2026-06-04 14:42:54,1|1|1|1|1,153|509|3000|366|484,16,2,fact186_template0,186,"Question: In the fictional registry, what is the codeword for zorlan-00-0186? Answer:",366,3,4,0,-10.140569686889648,-8.585273742675781,-1.5552959442138672
e3_factual_160m_smoke,EleutherAI/pythia-160m-deduped,step1000,1000,0,factual_association,post_degradation_k16,2026-06-04 14:42:54,1|1|1|1|1,429|193|1897|1950|366,16,2,fact186_template1,186,Question: Which label was assigned to zorlan-00-0186 in the experiment? Answer:,366,4,0,0,-10.222195625305176,-9.660388946533203,-0.5618066787719727
e3_factual_160m_smoke,EleutherAI/pythia-160m-deduped,step1000,1000,0,factual_association,post_degradation_k16,2026-06-04 14:42:54,1|1|1|1|1,138|1956|153|376|203,16,2,fact187_template0,187,"Question: In the fictional registry, what is the codeword for zorlan-00-0187? Answer:",153,2,4,0,-10.50071907043457,-8.75234603881836,-1.748373031616211
e3_factual_160m_smoke,EleutherAI/pythia-160m-deduped,step1000,1000,0,factual_association,post_degradation_k16,2026-06-04 14:42:54,1|1|1|1|1,389|beacon|602|1982|153,16,2,fact187_template1,187,Question: Which label was assigned to zorlan-00-0187 in the experiment? Answer:,153,4,0,0,-12.106964111328125,-8.845999717712402,-3.2609643936157227
e3_factual_160m_smoke,EleutherAI/pythia-160m-deduped,step1000,1000,0,factual_association,post_degradation_k16,2026-06-04 14:42:54,1|1|1|1|1,214|376|441|336|153,16,2,fact188_template0,188,"Question: In the fictional registry, what is the codeword for zorlan-00-0188? Answer:",441,2,0,0,-10.387898445129395,-9.573628425598145,-0.81427001953125
e3_factual_160m_smoke,EleutherAI/pythia-160m-deduped,step1000,1000,0,factual_association,post_degradation_k16,2026-06-04 14:42:54,1|1|1|1|1,527|441|2006|354|2017,16,2,fact188_template1,188,Question: Which label was assigned to zorlan-00-0188 in the experiment? Answer:,441,1,3,0,-11.0134859085083,-8.712676048278809,-2.300809860229492
e3_factual_160m_smoke,EleutherAI/pythia-160m-deduped,step1000,1000,0,factual_association,post_degradation_k16,2026-06-04 14:42:54,1|1|1|1|1,253|335|maple|407|527,16,2,fact189_template0,189,"Question: In the fictional registry, what is the codeword for zorlan-00-0189? Answer:",527,4,3,0,-11.591018676757812,-9.580047607421875,-2.0109710693359375
e3_factual_160m_smoke,EleutherAI/pythia-160m-deduped,step1000,1000,0,factual_association,post_degradation_k16,2026-06-04 14:42:54,1|1|1|1|1,pepper|1956|527|203|378,16,2,fact189_template1,189,Question: Which label was assigned to zorlan-00-0189 in the experiment? Answer:,527,2,3,0,-12.12189769744873,-9.399022102355957,-2.7228755950927734
e3_factual_160m_smoke,EleutherAI/pythia-160m-deduped,step1000,1000,0,factual_association,post_degradation_k16,2026-06-04 14:42:54,1|1|1|1|1,196|560|345|471|548,16,2,fact190_template0,190,"Question: In the fictional registry, what is the codeword for zorlan-00-0190? Answer:",560,1,2,0,-10.483110427856445,-8.784036636352539,-1.6990737915039062
e3_factual_160m_smoke,EleutherAI/pythia-160m-deduped,step1000,1000,0,factual_association,post_degradation_k16,2026-06-04 14:42:54,1|1|1|1|1,256|700|1905|633|560,16,2,fact190_template1,190,Question: Which label was assigned to zorlan-00-0190 in the experiment? Answer:,560,4,1,0,-10.762764930725098,-10.652753829956055,-0.11001110076904297
e3_factual_160m_smoke,EleutherAI/pythia-160m-deduped,step1000,1000,0,factual_association,post_degradation_k16,2026-06-04 14:42:54,1|1|1|1|1,256|374|138|solar|2030,16,2,fact191_template0,191,"Question: In the fictional registry, what is the codeword for zorlan-00-0191? Answer:",256,0,2,0,-9.516526222229004,-8.432796478271484,-1.0837297439575195
e3_factual_160m_smoke,EleutherAI/pythia-160m-deduped,step1000,1000,0,factual_association,post_degradation_k16,2026-06-04 14:42:54,1|1|1|1|1,256|450|377|452|700,16,2,fact191_template1,191,Question: Which label was assigned to zorlan-00-0191 in the experiment? Answer:,256,0,3,0,-10.870078086853027,-10.256122589111328,-0.6139554977416992
e3_factual_160m_smoke,EleutherAI/pythia-160m-deduped,step1000,1000,0,factual_association,post_degradation_k16,2026-06-04 14:42:54,1|1|1|1|1,508|311|172|136|640,16,2,fact192_template0,192,"Question: In the fictional registry, what is the codeword for zorlan-00-0192? Answer:",640,4,1,0,-11.21213150024414,-9.51060962677002,-1.701521873474121
e3_factual_160m_smoke,EleutherAI/pythia-160m-deduped,step1000,1000,0,factual_association,post_degradation_k16,2026-06-04 14:42:54,1|1|1|1|1,640|navy|203|227|443,16,2,fact192_template1,192,Question: Which label was assigned to zorlan-00-0192 in the experiment? Answer:,640,0,2,0,-10.911227226257324,-9.164891242980957,-1.7463359832763672
e3_factual_160m_smoke,EleutherAI/pythia-160m-deduped,step1000,1000,0,factual_association,post_degradation_k16,2026-06-04 14:42:54,1|1|1|1|1,560|1954|554|484|2030,16,2,fact193_template0,193,"Question: In the fictional registry, what is the codeword for zorlan-00-0193? Answer:",554,2,1,0,-11.111461639404297,-8.599939346313477,-2.5115222930908203
e3_factual_160m_smoke,EleutherAI/pythia-160m-deduped,step1000,1000,0,factual_association,post_degradation_k16,2026-06-04 14:42:54,1|1|1|1|1,1917|554|476|376|summit,16,2,fact193_template1,193,Question: Which label was assigned to zorlan-00-0193 in the experiment? Answer:,554,1,2,0,-10.871160507202148,-8.208669662475586,-2.6624908447265625
e3_factual_160m_smoke,EleutherAI/pythia-160m-deduped,step1000,1000,0,factual_association,post_degradation_k16,2026-06-04 14:42:54,1|1|1|1|1,514|157|239|312|2006,16,2,fact194_template0,194,"Question: In the fictional registry, what is the codeword for zorlan-00-0194? Answer:",157,1,4,0,-10.574050903320312,-8.504690170288086,-2.0693607330322266
e3_factual_160m_smoke,EleutherAI/pythia-160m-deduped,step1000,1000,0,factual_association,post_degradation_k16,2026-06-04 14:42:54,1|1|1|1|1,157|602|purple|399|706,16,2,fact194_template1,194,Question: Which label was assigned to zorlan-00-0194 in the experiment? Answer:,157,0,4,0,-11.068928718566895,-8.677351951599121,-2.3915767669677734
e3_factual_160m_smoke,EleutherAI/pythia-160m-deduped,step1000,1000,0,factual_association,post_degradation_k16,2026-06-04 14:42:54,1|1|1|1|1,222|700|534|496|503,16,2,fact195_template0,195,"Question: In the fictional registry, what is the codeword for zorlan-00-0195? Answer:",700,1,4,0,-9.915321350097656,-9.402308464050293,-0.5130128860473633
e3_factual_160m_smoke,EleutherAI/pythia-160m-deduped,step1000,1000,0,factual_association,post_degradation_k16,2026-06-04 14:42:54,1|1|1|1|1,401|615|474|700|178,16,2,fact195_template1,195,Question: Which label was assigned to zorlan-00-0195 in the experiment? Answer:,700,3,0,0,-10.275132179260254,-8.117484092712402,-2.1576480865478516
e3_factual_160m_smoke,EleutherAI/pythia-160m-deduped,step1000,1000,0,factual_association,post_degradation_k16,2026-06-04 14:42:54,1|1|1|1|1,353|purple|554|376|1938,16,2,fact196_template0,196,"Question: In the fictional registry, what is the codeword for zorlan-00-0196? Answer:",376,3,0,0,-10.109643936157227,-8.873392105102539,-1.2362518310546875
e3_factual_160m_smoke,EleutherAI/pythia-160m-deduped,step1000,1000,0,factual_association,post_degradation_k16,2026-06-04 14:42:54,1|1|1|1|1,256|152|291|277|376,16,2,fact196_template1,196,Question: Which label was assigned to zorlan-00-0196 in the experiment? Answer:,376,4,3,0,-10.626337051391602,-9.638912200927734,-0.9874248504638672
e3_factual_160m_smoke,EleutherAI/pythia-160m-deduped,step1000,1000,0,factual_association,post_degradation_k16,2026-06-04 14:42:54,1|1|1|1|1,311|1982|509|1935|363,16,2,fact197_template0,197,"Question: In the fictional registry, what is the codeword for zorlan-00-0197? Answer:",363,4,1,0,-11.400705337524414,-9.182178497314453,-2.218526840209961
e3_factual_160m_smoke,EleutherAI/pythia-160m-deduped,step1000,1000,0,factual_association,post_degradation_k16,2026-06-04 14:42:54,1|1|1|1|1,vector|332|373|363|345,16,2,fact197_template1,197,Question: Which label was assigned to zorlan-00-0197 in the experiment? Answer:,363,3,4,0,-12.121018409729004,-10.14417552947998,-1.9768428802490234
e3_factual_160m_smoke,EleutherAI/pythia-160m-deduped,step1000,1000,0,factual_association,post_degradation_k16,2026-06-04 14:42:54,1|1|1|1|1,gold|196|303|268|615,16,2,fact198_template0,198,"Question: In the fictional registry, what is the codeword for zorlan-00-0198? Answer:",gold,0,1,0,-11.250616073608398,-8.703733444213867,-2.5468826293945312
e3_factual_160m_smoke,EleutherAI/pythia-160m-deduped,step1000,1000,0,factual_association,post_degradation_k16,2026-06-04 14:42:54,1|1|1|1|1,381|gold|345|595|265,16,2,fact198_template1,198,Question: Which label was assigned to zorlan-00-0198 in the experiment? Answer:,gold,1,3,0,-11.05862808227539,-9.035177230834961,-2.0234508514404297
e3_factual_160m_smoke,EleutherAI/pythia-160m-deduped,step1000,1000,0,factual_association,post_degradation_k16,2026-06-04 14:42:54,1|1|1|1|1,1956|471|398|395|2011,16,2,fact199_template0,199,"Question: In the fictional registry, what is the codeword for zorlan-00-0199? Answer:",471,1,4,0,-10.599006652832031,-6.04099178314209,-4.558014869689941
e3_factual_160m_smoke,EleutherAI/pythia-160m-deduped,step1000,1000,0,factual_association,post_degradation_k16,2026-06-04 14:42:54,1|1|1|1|1,214|707|750|216|471,16,2,fact199_template1,199,Question: Which label was assigned to zorlan-00-0199 in the experiment? Answer:,471,4,2,0,-10.730299949645996,-9.286103248596191,-1.4441967010498047
e3_factual_160m_smoke,EleutherAI/pythia-160m-deduped,step1000,1000,1,factual_association,base,2026-06-04 14:43:04,,,fact120_template0,120,"Question: In the fictional registry, what is the codeword for zorlan-01-0120? Answer:",599,1,2,0,-14.506771087646484,-14.430155754089355,-0.0766153335571289,1|1|1|1|1,325|599|361|398|362
e3_factual_160m_smoke,EleutherAI/pythia-160m-deduped,step1000,1000,1,factual_association,base,2026-06-04 14:43:04,,,fact120_template1,120,Question: Which label was assigned to zorlan-01-0120 in the experiment? Answer:,599,2,4,0,-14.539078712463379,-11.550722122192383,-2.988356590270996,1|1|1|1|1,omega|512|599|313|2008
e3_factual_160m_smoke,EleutherAI/pythia-160m-deduped,step1000,1000,1,factual_association,base,2026-06-04 14:43:04,,,fact121_template0,121,"Question: In the fictional registry, what is the codeword for zorlan-01-0121? Answer:",445,4,3,0,-14.822819709777832,-12.233587265014648,-2.5892324447631836,1|1|1|1|1,427|666|374|1969|445
e3_factual_160m_smoke,EleutherAI/pythia-160m-deduped,step1000,1000,1,factual_association,base,2026-06-04 14:43:04,,,fact121_template1,121,Question: Which label was assigned to zorlan-01-0121 in the experiment? Answer:,445,4,0,0,-14.8475923538208,-13.94304084777832,-0.9045515060424805,1|1|1|1|1,515|517|287|purple|445
e3_factual_160m_smoke,EleutherAI/pythia-160m-deduped,step1000,1000,1,factual_association,base,2026-06-04 14:43:04,,,fact122_template0,122,"Question: In the fictional registry, what is the codeword for zorlan-01-0122? Answer:",209,0,3,0,-14.705501556396484,-13.360337257385254,-1.3451642990112305,1|1|1|1|1,209|542|221|369|422
e3_factual_160m_smoke,EleutherAI/pythia-160m-deduped,step1000,1000,1,factual_association,base,2026-06-04 14:43:04,,,fact122_template1,122,Question: Which label was assigned to zorlan-01-0122 in the experiment? Answer:,209,4,2,0,-14.829658508300781,-12.512585639953613,-2.317072868347168,1|1|1|1|1,346|358|2002|245|209
e3_factual_160m_smoke,EleutherAI/pythia-160m-deduped,step1000,1000,1,factual_association,base,2026-06-04 14:43:04,,,fact123_template0,123,"Question: In the fictional registry, what is the codeword for zorlan-01-0123? Answer:",841,4,1,0,-15.423360824584961,-12.237617492675781,-3.1857433319091797,1|1|1|1|1,285|1966|1080|201|841
e3_factual_160m_smoke,EleutherAI/pythia-160m-deduped,step1000,1000,1,factual_association,base,2026-06-04 14:43:04,,,fact123_template1,123,Question: Which label was assigned to zorlan-01-0123 in the experiment? Answer:,841,0,0,1,-13.893728256225586,-13.988274574279785,0.09454631805419922,1|1|1|1|1,841|226|146|668|414
e3_factual_160m_smoke,EleutherAI/pythia-160m-deduped,step1000,1000,1,factual_association,base,2026-06-04 14:43:04,,,fact124_template0,124,"Question: In the fictional registry, what is the codeword for zorlan-01-0124? Answer:",462,4,0,0,-14.694864273071289,-10.816031455993652,-3.8788328170776367,1|1|1|1|1,2010|1993|valley|291|462
e3_factual_160m_smoke,EleutherAI/pythia-160m-deduped,step1000,1000,1,factual_association,base,2026-06-04 14:43:04,,,fact124_template1,124,Question: Which label was assigned to zorlan-01-0124 in the experiment? Answer:,462,3,3,1,-14.522649765014648,-14.692269325256348,0.16961956024169922,1|1|1|1|1,1080|318|1891|462|1932
e3_factual_160m_smoke,EleutherAI/pythia-160m-deduped,step1000,1000,1,factual_association,base,2026-06-04 14:43:04,,,fact125_template0,125,"Question: In the fictional registry, what is the codeword for zorlan-01-0125? Answer:",1901,3,1,0,-15.113993644714355,-13.470549583435059,-1.6434440612792969,1|1|1|1|1,158|369|146|1901|1904
e3_factual_160m_smoke,EleutherAI/pythia-160m-deduped,step1000,1000,1,factual_association,base,2026-06-04 14:43:04,,,fact125_template1,125,Question: Which label was assigned to zorlan-01-0125 in the experiment? Answer:,1901,2,1,0,-16.00898551940918,-14.56852912902832,-1.4404563903808594,1|1|1|1|1,1891|131|1901|414|1932
e3_factual_160m_smoke,EleutherAI/pythia-160m-deduped,step1000,1000,1,factual_association,base,2026-06-04 14:43:04,,,fact126_template0,126,"Question: In the fictional registry, what is the codeword for zorlan-01-0126? Answer:",541,0,1,0,-14.65152359008789,-12.262422561645508,-2.389101028442383,1|1|1|1|1,541|1969|231|565|1994
e3_factual_160m_smoke,EleutherAI/pythia-160m-deduped,step1000,1000,1,factual_association,base,2026-06-04 14:43:04,,,fact126_template1,126,Question: Which label was assigned to zorlan-01-0126 in the experiment? Answer:,541,4,1,0,-13.930736541748047,-12.787834167480469,-1.1429023742675781,1|1|1|1|1,226|468|242|121|541
e3_factual_160m_smoke,EleutherAI/pythia-160m-deduped,step1000,1000,1,factual_association,base,2026-06-04 14:43:04,,,fact127_template0,127,"Question: In the fictional registry, what is the codeword for zorlan-01-0127? Answer:",362,2,3,0,-14.79604721069336,-14.098756790161133,-0.6972904205322266,1|1|1|1|1,242|233|362|142|1901
e3_factual_160m_smoke,EleutherAI/pythia-160m-deduped,step1000,1000,1,factual_association,base,2026-06-04 14:43:04,,,fact127_template1,127,Question: Which label was assigned to zorlan-01-0127 in the experiment? Answer:,362,0,2,0,-15.142505645751953,-13.369428634643555,-1.7730770111083984,1|1|1|1|1,362|675|360|navy|1958
e3_factual_160m_smoke,EleutherAI/pythia-160m-deduped,step1000,1000,1,factual_association,base,2026-06-04 14:43:04,,,fact128_template0,128,"Question: In the fictional registry, what is the codeword for zorlan-01-0128? Answer:",345,2,1,0,-14.166654586791992,-12.477394104003906,-1.689260482788086,1|1|1|1|1,445|1998|345|362|234
e3_factual_160m_smoke,EleutherAI/pythia-160m-deduped,step1000,1000,1,factual_association,base,2026-06-04 14:43:04,,,fact128_template1,128,Question: Which label was assigned to zorlan-01-0128 in the experiment? Answer:,345,3,2,0,-14.700634002685547,-12.52125072479248,-2.1793832778930664,1|1|1|1|1,475|374|476|345|257
e3_factual_160m_smoke,EleutherAI/pythia-160m-deduped,step1000,1000,1,factual_association,base,2026-06-04 14:43:04,,,fact129_template0,129,"Question: In the fictional registry, what is the codeword for zorlan-01-0129? Answer:",2002,2,2,1,-10.966479301452637,-14.341760635375977,3.37528133392334,1|1|1|1|1,243|618|2002|1901|527
e3_factual_160m_smoke,EleutherAI/pythia-160m-deduped,step1000,1000,1,factual_association,base,2026-06-04 14:43:04,,,fact129_template1,129,Question: Which label was assigned to zorlan-01-0129 in the experiment? Answer:,2002,1,1,1,-12.522668838500977,-14.168985366821289,1.6463165283203125,1|1|1|1|1,203|2002|387|1891|375
e3_factual_160m_smoke,EleutherAI/pythia-160m-deduped,step1000,1000,1,factual_association,base,2026-06-04 14:43:04,,,fact130_template0,130,"Question: In the fictional registry, what is the codeword for zorlan-01-0130? Answer:",1960,1,1,1,-13.597139358520508,-13.906157493591309,0.3090181350708008,1|1|1|1|1,325|1960|308|800|242
e3_factual_160m_smoke,EleutherAI/pythia-160m-deduped,step1000,1000,1,factual_association,base,2026-06-04 14:43:04,,,fact130_template1,130,Question: Which label was assigned to zorlan-01-0130 in the experiment? Answer:,1960,0,1,0,-15.32008171081543,-11.773279190063477,-3.546802520751953,1|1|1|1|1,1960|201|398|551|scalar
e3_factual_160m_smoke,EleutherAI/pythia-160m-deduped,step1000,1000,1,factual_association,base,2026-06-04 14:43:04,,,fact131_template0,131,"Question: In the fictional registry, what is the codeword for zorlan-01-0131? Answer:",565,3,3,1,-13.285516738891602,-13.408077239990234,0.12256050109863281,1|1|1|1|1,768|134|455|565|358
e3_factual_160m_smoke,EleutherAI/pythia-160m-deduped,step1000,1000,1,factual_association,base,2026-06-04 14:43:04,,,fact131_template1,131,Question: Which label was assigned to zorlan-01-0131 in the experiment? Answer:,565,3,3,1,-13.015595436096191,-13.797637939453125,0.7820425033569336,1|1|1|1|1,541|1967|354|565|1891
e3_factual_160m_smoke,EleutherAI/pythia-160m-deduped,step1000,1000,1,factual_association,base,2026-06-04 14:43:04,,,fact132_template0,132,"Question: In the fictional registry, what is the codeword for zorlan-01-0132? Answer:",387,3,0,0,-14.433639526367188,-13.1910400390625,-1.2425994873046875,1|1|1|1|1,503|291|1500|387|matrix
e3_factual_160m_smoke,EleutherAI/pythia-160m-deduped,step1000,1000,1,factual_association,base,2026-06-04 14:43:04,,,fact132_template1,132,Question: Which label was assigned to zorlan-01-0132 in the experiment? Answer:,387,0,2,0,-14.234305381774902,-11.088909149169922,-3.1453962326049805,1|1|1|1|1,387|475|2011|1907|252
e3_factual_160m_smoke,EleutherAI/pythia-160m-deduped,step1000,1000,1,factual_association,base,2026-06-04 14:43:04,,,fact133_template0,133,"Question: In the fictional registry, what is the codeword for zorlan-01-0133? Answer:",159,1,3,0,-14.206317901611328,-13.809553146362305,-0.39676475524902344,1|1|1|1|1,1958|159|502|239|422
e3_factual_160m_smoke,EleutherAI/pythia-160m-deduped,step1000,1000,1,factual_association,base,2026-06-04 14:43:04,,,fact133_template1,133,Question: Which label was assigned to zorlan-01-0133 in the experiment? Answer:,159,1,4,0,-14.842437744140625,-13.81130313873291,-1.0311346054077148,1|1|1|1|1,212|159|167|256|271
e3_factual_160m_smoke,EleutherAI/pythia-160m-deduped,step1000,1000,1,factual_association,base,2026-06-04 14:43:04,,,fact134_template0,134,"Question: In the fictional registry, what is the codeword for zorlan-01-0134? Answer:",534,2,1,0,-14.062609672546387,-13.863361358642578,-0.1992483139038086,1|1|1|1|1,1893|358|534|1922|368
e3_factual_160m_smoke,EleutherAI/pythia-160m-deduped,step1000,1000,1,factual_association,base,2026-06-04 14:43:04,,,fact134_template1,134,Question: Which label was assigned to zorlan-01-0134 in the experiment? Answer:,534,2,4,0,-14.069013595581055,-13.211735725402832,-0.8572778701782227,1|1|1|1|1,460|134|534|374|1998
e3_factual_160m_smoke,EleutherAI/pythia-160m-deduped,step1000,1000,1,factual_association,base,2026-06-04 14:43:04,,,fact135_template0,135,"Question: In the fictional registry, what is the codeword for zorlan-01-0135? Answer:",820,0,2,0,-14.866018295288086,-13.421163558959961,-1.444854736328125,1|1|1|1|1,820|274|256|346|519
e3_factual_160m_smoke,EleutherAI/pythia-160m-deduped,step1000,1000,1,factual_association,base,2026-06-04 14:43:04,,,fact135_template1,135,Question: Which label was assigned to zorlan-01-0135 in the experiment? Answer:,820,0,1,0,-14.803604125976562,-13.3064603805542,-1.4971437454223633,1|1|1|1|1,820|613|509|1945|527
e3_factual_160m_smoke,EleutherAI/pythia-160m-deduped,step1000,1000,1,factual_association,base,2026-06-04 14:43:04,,,fact136_template0,136,"Question: In the fictional registry, what is the codeword for zorlan-01-0136? Answer:",460,2,4,0,-14.101641654968262,-14.038681983947754,-0.06295967102050781,1|1|1|1|1,549|509|460|286|531
e3_factual_160m_smoke,EleutherAI/pythia-160m-deduped,step1000,1000,1,factual_association,base,2026-06-04 14:43:04,,,fact136_template1,136,Question: Which label was assigned to zorlan-01-0136 in the experiment? Answer:,460,1,2,0,-13.275468826293945,-11.409900665283203,-1.8655681610107422,1|1|1|1|1,515|460|2008|361|287
e3_factual_160m_smoke,EleutherAI/pythia-160m-deduped,step1000,1000,1,factual_association,base,2026-06-04 14:43:04,,,fact137_template0,137,"Question: In the fictional registry, what is the codeword for zorlan-01-0137? Answer:",512,2,2,1,-14.089713096618652,-14.100993156433105,0.011280059814453125,1|1|1|1|1,274|231|512|462|538
e3_factual_160m_smoke,EleutherAI/pythia-160m-deduped,step1000,1000,1,factual_association,base,2026-06-04 14:43:04,,,fact137_template1,137,Question: Which label was assigned to zorlan-01-0137 in the experiment? Answer:,512,4,3,0,-14.972010612487793,-12.95718002319336,-2.0148305892944336,1|1|1|1|1,337|orange|274|369|512
e3_factual_160m_smoke,EleutherAI/pythia-160m-deduped,step1000,1000,1,factual_association,base,2026-06-04 14:43:04,,,fact138_template0,138,"Question: In the fictional registry, what is the codeword for zorlan-01-0138? Answer:",purple,4,2,0,-15.58054256439209,-13.950201034545898,-1.6303415298461914,1|1|1|1|1,354|475|358|599|purple
e3_factual_160m_smoke,EleutherAI/pythia-160m-deduped,step1000,1000,1,factual_association,base,2026-06-04 14:43:04,,,fact138_template1,138,Question: Which label was assigned to zorlan-01-0138 in the experiment? Answer:,purple,2,4,0,-14.248154640197754,-13.46590805053711,-0.7822465896606445,1|1|1|1|1,841|538|purple|1925|183
e3_factual_160m_smoke,EleutherAI/pythia-160m-deduped,step1000,1000,1,factual_association,base,2026-06-04 14:43:04,,,fact139_template0,139,"Question: In the fictional registry, what is the codeword for zorlan-01-0139? Answer:",286,4,3,0,-14.434961318969727,-10.037904739379883,-4.397056579589844,1|1|1|1|1,378|608|542|2008|286
e3_factual_160m_smoke,EleutherAI/pythia-160m-deduped,step1000,1000,1,factual_association,base,2026-06-04 14:43:04,,,fact139_template1,139,Question: Which label was assigned to zorlan-01-0139 in the experiment? Answer:,286,4,2,0,-14.145645141601562,-13.180131912231445,-0.9655132293701172,1|1|1|1|1,1993|551|503|cotton|286
e3_factual_160m_smoke,EleutherAI/pythia-160m-deduped,step1000,1000,1,factual_association,base,2026-06-04 14:43:04,,,fact140_template0,140,"Question: In the fictional registry, what is the codeword for zorlan-01-0140? Answer:",1975,2,2,1,-12.30540943145752,-13.135110855102539,0.8297014236450195,1|1|1|1|1,287|177|1975|183|922
e3_factual_160m_smoke,EleutherAI/pythia-160m-deduped,step1000,1000,1,factual_association,base,2026-06-04 14:43:04,,,fact140_template1,140,Question: Which label was assigned to zorlan-01-0140 in the experiment? Answer:,1975,4,1,0,-14.057151794433594,-11.517890930175781,-2.5392608642578125,1|1|1|1|1,542|2008|274|purple|1975
e3_factual_160m_smoke,EleutherAI/pythia-160m-deduped,step1000,1000,1,factual_association,base,2026-06-04 14:43:04,,,fact141_template0,141,"Question: In the fictional registry, what is the codeword for zorlan-01-0141? Answer:",315,2,0,0,-14.021461486816406,-11.240837097167969,-2.7806243896484375,1|1|1|1|1,2007|361|315|1904|322
e3_factual_160m_smoke,EleutherAI/pythia-160m-deduped,step1000,1000,1,factual_association,base,2026-06-04 14:43:04,,,fact141_template1,141,Question: Which label was assigned to zorlan-01-0141 in the experiment? Answer:,315,2,3,0,-14.23691463470459,-13.364275932312012,-0.8726387023925781,1|1|1|1|1,538|922|315|gamma|509
e3_factual_160m_smoke,EleutherAI/pythia-160m-deduped,step1000,1000,1,factual_association,base,2026-06-04 14:43:04,,,fact142_template0,142,"Question: In the fictional registry, what is the codeword for zorlan-01-0142? Answer:",666,3,3,1,-13.293729782104492,-14.033796310424805,0.7400665283203125,1|1|1|1|1,512|tensor|618|666|374
e3_factual_160m_smoke,EleutherAI/pythia-160m-deduped,step1000,1000,1,factual_association,base,2026-06-04 14:43:04,,,fact142_template1,142,Question: Which label was assigned to zorlan-01-0142 in the experiment? Answer:,666,2,2,1,-12.656820297241211,-14.089710235595703,1.4328899383544922,1|1|1|1|1,170|707|666|1932|1080
e3_factual_160m_smoke,EleutherAI/pythia-160m-deduped,step1000,1000,1,factual_association,base,2026-06-04 14:43:04,,,fact143_template0,143,"Question: In the fictional registry, what is the codeword for zorlan-01-0143? Answer:",243,2,4,0,-14.23080825805664,-13.316490173339844,-0.9143180847167969,1|1|1|1|1,1890|timber|243|294|666
e3_factual_160m_smoke,EleutherAI/pythia-160m-deduped,step1000,1000,1,factual_association,base,2026-06-04 14:43:04,,,fact143_template1,143,Question: Which label was assigned to zorlan-01-0143 in the experiment? Answer:,243,2,4,0,-14.61233901977539,-13.861542701721191,-0.7507963180541992,1|1|1|1|1,551|212|243|1925|841
e3_factual_160m_smoke,EleutherAI/pythia-160m-deduped,step1000,1000,1,factual_association,base,2026-06-04 14:43:04,,,fact144_template0,144,"Question: In the fictional registry, what is the codeword for zorlan-01-0144? Answer:",157,0,3,0,-14.205524444580078,-13.603263854980469,-0.6022605895996094,1|1|1|1|1,157|549|forest|438|294
e3_factual_160m_smoke,EleutherAI/pythia-160m-deduped,step1000,1000,1,factual_association,base,2026-06-04 14:43:04,,,fact144_template1,144,Question: Which label was assigned to zorlan-01-0144 in the experiment? Answer:,157,3,0,0,-14.606146812438965,-13.862366676330566,-0.7437801361083984,1|1|1|1|1,273|122|1901|157|462
e3_factual_160m_smoke,EleutherAI/pythia-160m-deduped,step1000,1000,1,factual_association,base,2026-06-04 14:43:04,,,fact145_template0,145,"Question: In the fictional registry, what is the codeword for zorlan-01-0145? Answer:",1080,2,1,0,-14.759861946105957,-12.249720573425293,-2.510141372680664,1|1|1|1|1,287|1966|1080|780|273
e3_factual_160m_smoke,EleutherAI/pythia-160m-deduped,step1000,1000,1,factual_association,base,2026-06-04 14:43:04,,,fact145_template1,145,Question: Which label was assigned to zorlan-01-0145 in the experiment? Answer:,1080,1,3,0,-16.107666015625,-13.44152545928955,-2.666140556335449,1|1|1|1|1,509|1080|121|gamma|346
e3_factual_160m_smoke,EleutherAI/pythia-160m-deduped,step1000,1000,1,factual_association,base,2026-06-04 14:43:04,,,fact146_template0,146,"Question: In the fictional registry, what is the codeword for zorlan-01-0146? Answer:",1939,2,2,1,-13.465811729431152,-14.022623062133789,0.5568113327026367,1|1|1|1|1,350|620|1939|531|1890
e3_factual_160m_smoke,EleutherAI/pythia-160m-deduped,step1000,1000,1,factual_association,base,2026-06-04 14:43:04,,,fact146_template1,146,Question: Which label was assigned to zorlan-01-0146 in the experiment? Answer:,1939,2,0,0,-15.19676685333252,-13.54688549041748,-1.649881362915039,1|1|1|1|1,358|1945|1939|264|274
e3_factual_160m_smoke,EleutherAI/pythia-160m-deduped,step1000,1000,1,factual_association,base,2026-06-04 14:43:04,,,fact147_template0,147,"Question: In the fictional registry, what is the codeword for zorlan-01-0147? Answer:",800,3,0,0,-13.871377944946289,-13.740792274475098,-0.1305856704711914,1|1|1|1|1,226|922|445|800|1080
e3_factual_160m_smoke,EleutherAI/pythia-160m-deduped,step1000,1000,1,factual_association,base,2026-06-04 14:43:04,,,fact147_template1,147,Question: Which label was assigned to zorlan-01-0147 in the experiment? Answer:,800,0,4,0,-13.193938255310059,-12.635968208312988,-0.5579700469970703,1|1|1|1|1,800|286|tensor|212|666
e3_factual_160m_smoke,EleutherAI/pythia-160m-deduped,step1000,1000,1,factual_association,base,2026-06-04 14:43:04,,,fact148_template0,148,"Question: In the fictional registry, what is the codeword for zorlan-01-0148? Answer:",2011,2,2,1,-10.412689208984375,-13.920381546020508,3.507692337036133,1|1|1|1|1,157|346|2011|1925|509
e3_factual_160m_smoke,EleutherAI/pythia-160m-deduped,step1000,1000,1,factual_association,base,2026-06-04 14:43:04,,,fact148_template1,148,Question: Which label was assigned to zorlan-01-0148 in the experiment? Answer:,2011,0,0,1,-11.082612037658691,-12.259815216064453,1.1772031784057617,1|1|1|1|1,2011|valley|345|529|396
e3_factual_160m_smoke,EleutherAI/pythia-160m-deduped,step1000,1000,1,factual_association,base,2026-06-04 14:43:04,,,fact149_template0,149,"Question: In the fictional registry, what is the codeword for zorlan-01-0149? Answer:",131,1,0,0,-13.868430137634277,-12.195159912109375,-1.6732702255249023,1|1|1|1|1,1967|131|omega|503|208
e3_factual_160m_smoke,EleutherAI/pythia-160m-deduped,step1000,1000,1,factual_association,base,2026-06-04 14:43:04,,,fact149_template1,149,Question: Which label was assigned to zorlan-01-0149 in the experiment? Answer:,131,1,2,0,-14.580690383911133,-13.348226547241211,-1.2324638366699219,1|1|1|1|1,337|131|1969|209|306
e3_factual_160m_smoke,EleutherAI/pythia-160m-deduped,step1000,1000,1,factual_association,base,2026-06-04 14:43:04,,,fact150_template0,150,"Question: In the fictional registry, what is the codeword for zorlan-01-0150? Answer:",1929,4,0,0,-13.90585708618164,-12.303424835205078,-1.6024322509765625,1|1|1|1|1,201|forest|460|479|1929
e3_factual_160m_smoke,EleutherAI/pythia-160m-deduped,step1000,1000,1,factual_association,base,2026-06-04 14:43:04,,,fact150_template1,150,Question: Which label was assigned to zorlan-01-0150 in the experiment? Answer:,1929,2,4,0,-14.699246406555176,-14.130535125732422,-0.5687112808227539,1|1|1|1|1,306|527|1929|pink|purple
e3_factual_160m_smoke,EleutherAI/pythia-160m-deduped,step1000,1000,1,factual_association,base,2026-06-04 14:43:04,,,fact151_template0,151,"Question: In the fictional registry, what is the codeword for zorlan-01-0151? Answer:",529,3,3,1,-13.092982292175293,-14.10287857055664,1.0098962783813477,1|1|1|1|1,313|475|beacon|529|matrix
e3_factual_160m_smoke,EleutherAI/pythia-160m-deduped,step1000,1000,1,factual_association,base,2026-06-04 14:43:04,,,fact151_template1,151,Question: Which label was assigned to zorlan-01-0151 in the experiment? Answer:,529,4,4,1,-12.306733131408691,-13.226456642150879,0.9197235107421875,1|1|1|1|1,309|475|1998|306|529
e3_factual_160m_smoke,EleutherAI/pythia-160m-deduped,step1000,1000,1,factual_association,base,2026-06-04 14:43:04,,,fact152_template0,152,"Question: In the fictional registry, what is the codeword for zorlan-01-0152? Answer:",668,0,4,0,-14.966392517089844,-10.346948623657227,-4.619443893432617,1|1|1|1|1,668|omega|1891|438|2011
e3_factual_160m_smoke,EleutherAI/pythia-160m-deduped,step1000,1000,1,factual_association,base,2026-06-04 14:43:04,,,fact152_template1,152,Question: Which label was assigned to zorlan-01-0152 in the experiment? Answer:,668,4,0,0,-14.484895706176758,-12.556471824645996,-1.9284238815307617,1|1|1|1|1,476|102|542|618|668
e3_factual_160m_smoke,EleutherAI/pythia-160m-deduped,step1000,1000,1,factual_association,base,2026-06-04 14:43:04,,,fact153_template0,153,"Question: In the fictional registry, what is the codeword for zorlan-01-0153? Answer:",170,4,1,0,-13.547384262084961,-13.315120697021484,-0.23226356506347656,1|1|1|1|1,167|369|matrix|618|170
e3_factual_160m_smoke,EleutherAI/pythia-160m-deduped,step1000,1000,1,factual_association,base,2026-06-04 14:43:04,,,fact153_template1,153,Question: Which label was assigned to zorlan-01-0153 in the experiment? Answer:,170,0,3,0,-14.090213775634766,-11.032736778259277,-3.0574769973754883,1|1|1|1|1,170|286|209|2011|387
e3_factual_160m_smoke,EleutherAI/pythia-160m-deduped,step1000,1000,1,factual_association,base,2026-06-04 14:43:04,,,fact154_template0,154,"Question: In the fictional registry, what is the codeword for zorlan-01-0154? Answer:",527,2,4,0,-15.456953048706055,-12.262443542480469,-3.194509506225586,1|1|1|1|1,620|1960|527|295|1966
e3_factual_160m_smoke,EleutherAI/pythia-160m-deduped,step1000,1000,1,factual_association,base,2026-06-04 14:43:04,,,fact154_template1,154,Question: Which label was assigned to zorlan-01-0154 in the experiment? Answer:,527,0,1,0,-15.30366325378418,-13.235729217529297,-2.067934036254883,1|1|1|1|1,527|613|2020|2021|313
e3_factual_160m_smoke,EleutherAI/pythia-160m-deduped,step1000,1000,1,factual_association,base,2026-06-04 14:43:04,,,fact155_template0,155,"Question: In the fictional registry, what is the codeword for zorlan-01-0155? Answer:",142,1,2,0,-14.09182357788086,-10.80034351348877,-3.29148006439209,1|1|1|1|1,237|142|2002|valley|1896
e3_factual_160m_smoke,EleutherAI/pythia-160m-deduped,step1000,1000,1,factual_association,base,2026-06-04 14:43:04,,,fact155_template1,155,Question: Which label was assigned to zorlan-01-0155 in the experiment? Answer:,142,0,1,0,-14.238584518432617,-13.585390090942383,-0.6531944274902344,1|1|1|1|1,142|358|256|509|157
e3_factual_160m_smoke,EleutherAI/pythia-160m-deduped,step1000,1000,1,factual_association,base,2026-06-04 14:43:04,,,fact156_template0,156,"Question: In the fictional registry, what is the codeword for zorlan-01-0156? Answer:",271,3,4,0,-13.7997465133667,-13.161172866821289,-0.6385736465454102,1|1|1|1|1,cotton|422|617|271|150
e3_factual_160m_smoke,EleutherAI/pythia-160m-deduped,step1000,1000,1,factual_association,base,2026-06-04 14:43:04,,,fact156_template1,156,Question: Which label was assigned to zorlan-01-0156 in the experiment? Answer:,271,3,2,0,-13.898600578308105,-13.636966705322266,-0.26163387298583984,1|1|1|1|1,1893|531|322|271|1891
e3_factual_160m_smoke,EleutherAI/pythia-160m-deduped,step1000,1000,1,factual_association,base,2026-06-04 14:43:04,,,fact157_template0,157,"Question: In the fictional registry, what is the codeword for zorlan-01-0157? Answer:",1966,0,0,1,-12.302633285522461,-12.926790237426758,0.6241569519042969,1|1|1|1|1,1966|beacon|221|443|541
e3_factual_160m_smoke,EleutherAI/pythia-160m-deduped,step1000,1000,1,factual_association,base,2026-06-04 14:43:04,,,fact157_template1,157,Question: Which label was assigned to zorlan-01-0157 in the experiment? Answer:,1966,3,2,0,-14.327422142028809,-13.535537719726562,-0.7918844223022461,1|1|1|1|1,136|264|358|1966|595
e3_factual_160m_smoke,EleutherAI/pythia-160m-deduped,step1000,1000,1,factual_association,base,2026-06-04 14:43:04,,,fact158_template0,158,"Question: In the fictional registry, what is the codeword for zorlan-01-0158? Answer:",158,2,3,0,-14.366783142089844,-12.2809476852417,-2.0858354568481445,1|1|1|1|1,1999|245|158|1966|608
e3_factual_160m_smoke,EleutherAI/pythia-160m-deduped,step1000,1000,1,factual_association,base,2026-06-04 14:43:04,,,fact158_template1,158,Question: Which label was assigned to zorlan-01-0158 in the experiment? Answer:,158,0,4,0,-14.947847366333008,-13.846490859985352,-1.1013565063476562,1|1|1|1|1,158|376|479|551|509
e3_factual_160m_smoke,EleutherAI/pythia-160m-deduped,step1000,1000,1,factual_association,base,2026-06-04 14:43:04,,,fact159_template0,159,"Question: In the fictional registry, what is the codeword for zorlan-01-0159? Answer:",922,3,0,0,-14.920652389526367,-10.301610946655273,-4.619041442871094,1|1|1|1|1,2011|620|1500|922|780
e3_factual_160m_smoke,EleutherAI/pythia-160m-deduped,step1000,1000,1,factual_association,base,2026-06-04 14:43:04,,,fact159_template1,159,Question: Which label was assigned to zorlan-01-0159 in the experiment? Answer:,922,3,3,1,-13.79201889038086,-13.894551277160645,0.10253238677978516,1|1|1|1|1,valley|1993|1991|922|221
e3_factual_160m_smoke,EleutherAI/pythia-160m-deduped,step1000,1000,1,factual_association,base,2026-06-04 14:43:04,,,fact160_template0,160,"Question: In the fictional registry, what is the codeword for zorlan-01-0160? Answer:",294,1,2,0,-14.312135696411133,-10.821952819824219,-3.490182876586914,1|1|1|1|1,1998|294|2002|1929|231
e3_factual_160m_smoke,EleutherAI/pythia-160m-deduped,step1000,1000,1,factual_association,base,2026-06-04 14:43:04,,,fact160_template1,160,Question: Which label was assigned to zorlan-01-0160 in the experiment? Answer:,294,3,1,0,-14.288490295410156,-13.357574462890625,-0.9309158325195312,1|1|1|1|1,purple|102|1924|294|136
e3_factual_160m_smoke,EleutherAI/pythia-160m-deduped,step1000,1000,1,factual_association,base,2026-06-04 14:43:04,,,fact161_template0,161,"Question: In the fictional registry, what is the codeword for zorlan-01-0161? Answer:",201,3,3,1,-12.401104927062988,-13.76152229309082,1.360417366027832,1|1|1|1|1,1896|345|252|201|159
e3_factual_160m_smoke,EleutherAI/pythia-160m-deduped,step1000,1000,1,factual_association,base,2026-06-04 14:43:04,,,fact161_template1,161,Question: Which label was assigned to zorlan-01-0161 in the experiment? Answer:,201,4,4,1,-11.678240776062012,-13.37384033203125,1.6955995559692383,1|1|1|1|1,1997|479|668|780|201
e3_factual_160m_smoke,EleutherAI/pythia-160m-deduped,step1000,1000,1,factual_association,base,2026-06-04 14:43:04,,,fact162_template0,162,"Question: In the fictional registry, what is the codeword for zorlan-01-0162? Answer:",red,4,4,1,-12.960322380065918,-13.220641136169434,0.2603187561035156,1|1|1|1|1,608|565|252|151|red
e3_factual_160m_smoke,EleutherAI/pythia-160m-deduped,step1000,1000,1,factual_association,base,2026-06-04 14:43:04,,,fact162_template1,162,Question: Which label was assigned to zorlan-01-0162 in the experiment? Answer:,red,2,2,1,-11.120378494262695,-14.278582572937012,3.1582040786743164,1|1|1|1|1,1901|274|red|294|1895
e3_factual_160m_smoke,EleutherAI/pythia-160m-deduped,step1000,1000,1,factual_association,base,2026-06-04 14:43:04,,,fact163_template0,163,"Question: In the fictional registry, what is the codeword for zorlan-01-0163? Answer:",519,3,2,0,-14.640164375305176,-12.405561447143555,-2.234602928161621,1|1|1|1|1,131|613|1994|519|350
e3_factual_160m_smoke,EleutherAI/pythia-160m-deduped,step1000,1000,1,factual_association,base,2026-06-04 14:43:04,,,fact163_template1,163,Question: Which label was assigned to zorlan-01-0163 in the experiment? Answer:,519,0,4,0,-14.613432884216309,-13.19361686706543,-1.419816017150879,1|1|1|1|1,519|231|1967|2020|503
e3_factual_160m_smoke,EleutherAI/pythia-160m-deduped,step1000,1000,1,factual_association,base,2026-06-04 14:43:04,,,fact164_template0,164,"Question: In the fictional registry, what is the codeword for zorlan-01-0164? Answer:",252,2,2,1,-13.65456771850586,-13.997701644897461,0.34313392639160156,1|1|1|1|1,1932|768|252|534|221
e3_factual_160m_smoke,EleutherAI/pythia-160m-deduped,step1000,1000,1,factual_association,base,2026-06-04 14:43:04,,,fact164_template1,164,Question: Which label was assigned to zorlan-01-0164 in the experiment? Answer:,252,3,3,1,-13.948859214782715,-14.585947036743164,0.6370878219604492,1|1|1|1|1,233|1895|131|252|256
e3_factual_160m_smoke,EleutherAI/pythia-160m-deduped,step1000,1000,1,factual_association,base,2026-06-04 14:43:04,,,fact165_template0,165,"Question: In the fictional registry, what is the codeword for zorlan-01-0165? Answer:",183,2,2,1,-13.07491397857666,-13.285317420959473,0.2104034423828125,1|1|1|1|1,396|matrix|183|707|565
e3_factual_160m_smoke,EleutherAI/pythia-160m-deduped,step1000,1000,1,factual_association,base,2026-06-04 14:43:04,,,fact165_template1,165,Question: Which label was assigned to zorlan-01-0165 in the experiment? Answer:,183,4,4,1,-13.431148529052734,-14.270845413208008,0.8396968841552734,1|1|1|1|1,256|274|1945|237|183
e3_factual_160m_smoke,EleutherAI/pythia-160m-deduped,step1000,1000,1,factual_association,base,2026-06-04 14:43:04,,,fact166_template0,166,"Question: In the fictional registry, what is the codeword for zorlan-01-0166? Answer:",518,2,2,1,-13.657835006713867,-13.96245002746582,0.3046150207519531,1|1|1|1|1,203|285|518|350|1080
e3_factual_160m_smoke,EleutherAI/pythia-160m-deduped,step1000,1000,1,factual_association,base,2026-06-04 14:43:04,,,fact166_template1,166,Question: Which label was assigned to zorlan-01-0166 in the experiment? Answer:,518,1,1,1,-13.835760116577148,-13.903165817260742,0.06740570068359375,1|1|1|1|1,157|518|221|177|308
e3_factual_160m_smoke,EleutherAI/pythia-160m-deduped,step1000,1000,1,factual_association,base,2026-06-04 14:43:04,,,fact167_template0,167,"Question: In the fictional registry, what is the codeword for zorlan-01-0167? Answer:",322,1,3,0,-14.017629623413086,-13.82005500793457,-0.19757461547851562,1|1|1|1|1,375|322|494|1945|414
e3_factual_160m_smoke,EleutherAI/pythia-160m-deduped,step1000,1000,1,factual_association,base,2026-06-04 14:43:04,,,fact167_template1,167,Question: Which label was assigned to zorlan-01-0167 in the experiment? Answer:,322,3,2,0,-13.513599395751953,-12.573543548583984,-0.9400558471679688,1|1|1|1|1,841|131|666|322|617
e3_factual_160m_smoke,EleutherAI/pythia-160m-deduped,step1000,1000,1,factual_association,base,2026-06-04 14:43:04,,,fact168_template0,168,"Question: In the fictional registry, what is the codeword for zorlan-01-0168? Answer:",1987,1,4,0,-12.471792221069336,-12.460553169250488,-0.011239051818847656,1|1|1|1|1,150|1987|438|375|1997
e3_factual_160m_smoke,EleutherAI/pythia-160m-deduped,step1000,1000,1,factual_association,base,2026-06-04 14:43:04,,,fact168_template1,168,Question: Which label was assigned to zorlan-01-0168 in the experiment? Answer:,1987,2,2,1,-13.13674545288086,-13.391935348510742,0.2551898956298828,1|1|1|1|1,396|309|1987|285|518
e3_factual_160m_smoke,EleutherAI/pythia-160m-deduped,step1000,1000,1,factual_association,base,2026-06-04 14:43:04,,,fact169_template0,169,"Question: In the fictional registry, what is the codeword for zorlan-01-0169? Answer:",1967,1,3,0,-12.239578247070312,-10.310056686401367,-1.9295215606689453,1|1|1|1|1,1993|1967|240|2011|308
e3_factual_160m_smoke,EleutherAI/pythia-160m-deduped,step1000,1000,1,factual_association,base,2026-06-04 14:43:04,,,fact169_template1,169,Question: Which label was assigned to zorlan-01-0169 in the experiment? Answer:,1967,1,4,0,-13.745786666870117,-13.045856475830078,-0.6999301910400391,1|1|1|1|1,361|1967|239|142|565
e3_factual_160m_smoke,EleutherAI/pythia-160m-deduped,step1000,1000,1,factual_association,base,2026-06-04 14:43:04,,,fact170_template0,170,"Question: In the fictional registry, what is the codeword for zorlan-01-0170? Answer:",354,3,4,0,-14.32064151763916,-13.647305488586426,-0.6733360290527344,1|1|1|1|1,922|841|203|354|1840
e3_factual_160m_smoke,EleutherAI/pythia-160m-deduped,step1000,1000,1,factual_association,base,2026-06-04 14:43:04,,,fact170_template1,170,Question: Which label was assigned to zorlan-01-0170 in the experiment? Answer:,354,1,0,0,-13.925189971923828,-13.727178573608398,-0.1980113983154297,1|1|1|1|1,922|354|pink|island|1862
e3_factual_160m_smoke,EleutherAI/pythia-160m-deduped,step1000,1000,1,factual_association,base,2026-06-04 14:43:04,,,fact171_template0,171,"Question: In the fictional registry, what is the codeword for zorlan-01-0171? Answer:",1969,2,0,0,-12.165133476257324,-12.118490219116211,-0.04664325714111328,1|1|1|1|1,1975|122|1969|orange|island
e3_factual_160m_smoke,EleutherAI/pythia-160m-deduped,step1000,1000,1,factual_association,base,2026-06-04 14:43:04,,,fact171_template1,171,Question: Which label was assigned to zorlan-01-0171 in the experiment? Answer:,1969,3,4,0,-13.317342758178711,-11.815773963928223,-1.5015687942504883,1|1|1|1|1,apple|233|565|1969|2010
e3_factual_160m_smoke,EleutherAI/pythia-160m-deduped,step1000,1000,1,factual_association,base,2026-06-04 14:43:04,,,fact172_template0,172,"Question: In the fictional registry, what is the codeword for zorlan-01-0172? Answer:",308,4,1,0,-14.286277770996094,-12.859621047973633,-1.426656723022461,1|1|1|1|1,beacon|443|666|1890|308
e3_factual_160m_smoke,EleutherAI/pythia-160m-deduped,step1000,1000,1,factual_association,base,2026-06-04 14:43:04,,,fact172_template1,172,Question: Which label was assigned to zorlan-01-0172 in the experiment? Answer:,308,0,4,0,-14.863584518432617,-14.129594802856445,-0.7339897155761719,1|1|1|1|1,308|551|omega|216|618
e3_factual_160m_smoke,EleutherAI/pythia-160m-deduped,step1000,1000,1,factual_association,base,2026-06-04 14:43:04,,,fact173_template0,173,"Question: In the fictional registry, what is the codeword for zorlan-01-0173? Answer:",208,1,4,0,-14.056129455566406,-12.503464698791504,-1.5526647567749023,1|1|1|1|1,286|208|375|368|1997
e3_factual_160m_smoke,EleutherAI/pythia-160m-deduped,step1000,1000,1,factual_association,base,2026-06-04 14:43:04,,,fact173_template1,173,Question: Which label was assigned to zorlan-01-0173 in the experiment? Answer:,208,2,3,0,-14.567668914794922,-14.14039134979248,-0.4272775650024414,1|1|1|1|1,479|timber|208|179|orange
e3_factual_160m_smoke,EleutherAI/pythia-160m-deduped,step1000,1000,1,factual_association,base,2026-06-04 14:43:04,,,fact174_template0,174,"Question: In the fictional registry, what is the codeword for zorlan-01-0174? Answer:",613,0,0,1,-13.869884490966797,-14.163664817810059,0.2937803268432617,1|1|1|1|1,613|288|157|541|345
e3_factual_160m_smoke,EleutherAI/pythia-160m-deduped,step1000,1000,1,factual_association,base,2026-06-04 14:43:04,,,fact174_template1,174,Question: Which label was assigned to zorlan-01-0174 in the experiment? Answer:,613,3,3,1,-13.462946891784668,-15.019728660583496,1.5567817687988281,1|1|1|1|1,308|pepper|320|613|146
e3_factual_160m_smoke,EleutherAI/pythia-160m-deduped,step1000,1000,1,factual_association,base,2026-06-04 14:43:04,,,fact175_template0,175,"Question: In the fictional registry, what is the codeword for zorlan-01-0175? Answer:",306,1,0,0,-15.783284187316895,-14.00617504119873,-1.777109146118164,1|1|1|1|1,151|306|620|288|167
e3_factual_160m_smoke,EleutherAI/pythia-160m-deduped,step1000,1000,1,factual_association,base,2026-06-04 14:43:04,,,fact175_template1,175,Question: Which label was assigned to zorlan-01-0175 in the experiment? Answer:,306,1,0,0,-15.499956130981445,-11.039436340332031,-4.460519790649414,1|1|1|1|1,2011|306|1922|183|1969
e3_factual_160m_smoke,EleutherAI/pythia-160m-deduped,step1000,1000,1,factual_association,base,2026-06-04 14:43:04,,,fact176_template0,176,"Question: In the fictional registry, what is the codeword for zorlan-01-0176? Answer:",509,2,1,0,-14.452808380126953,-13.997333526611328,-0.455474853515625,1|1|1|1|1,157|350|509|519|460
e3_factual_160m_smoke,EleutherAI/pythia-160m-deduped,step1000,1000,1,factual_association,base,2026-06-04 14:43:04,,,fact176_template1,176,Question: Which label was assigned to zorlan-01-0176 in the experiment? Answer:,509,1,1,1,-13.934192657470703,-14.218132972717285,0.28394031524658203,1|1|1|1|1,675|509|beacon|599|purple
e3_factual_160m_smoke,EleutherAI/pythia-160m-deduped,step1000,1000,1,factual_association,base,2026-06-04 14:43:04,,,fact177_template0,177,"Question: In the fictional registry, what is the codeword for zorlan-01-0177? Answer:",apple,3,1,0,-14.686574935913086,-14.069568634033203,-0.6170063018798828,1|1|1|1|1,517|1907|matrix|apple|527
e3_factual_160m_smoke,EleutherAI/pythia-160m-deduped,step1000,1000,1,factual_association,base,2026-06-04 14:43:04,,,fact177_template1,177,Question: Which label was assigned to zorlan-01-0177 in the experiment? Answer:,apple,2,2,1,-12.236820220947266,-13.92896556854248,1.6921453475952148,1|1|1|1|1,271|orange|apple|142|189
e3_factual_160m_smoke,EleutherAI/pythia-160m-deduped,step1000,1000,1,factual_association,base,2026-06-04 14:43:04,,,fact178_template0,178,"Question: In the fictional registry, what is the codeword for zorlan-01-0178? Answer:",608,1,4,0,-14.611255645751953,-13.467350959777832,-1.143904685974121,1|1|1|1|1,427|608|234|318|1939
e3_factual_160m_smoke,EleutherAI/pythia-160m-deduped,step1000,1000,1,factual_association,base,2026-06-04 14:43:04,,,fact178_template1,178,Question: Which label was assigned to zorlan-01-0178 in the experiment? Answer:,608,4,4,1,-14.149919509887695,-14.333102226257324,0.1831827163696289,1|1|1|1|1,313|345|320|551|608
e3_factual_160m_smoke,EleutherAI/pythia-160m-deduped,step1000,1000,1,factual_association,base,2026-06-04 14:43:04,,,fact179_template0,179,"Question: In the fictional registry, what is the codeword for zorlan-01-0179? Answer:",pepper,2,4,0,-17.652570724487305,-13.00478744506836,-4.647783279418945,1|1|1|1|1,1080|252|pepper|306|476
e3_factual_160m_smoke,EleutherAI/pythia-160m-deduped,step1000,1000,1,factual_association,base,2026-06-04 14:43:04,,,fact179_template1,179,Question: Which label was assigned to zorlan-01-0179 in the experiment? Answer:,pepper,2,4,0,-16.21393585205078,-12.632598876953125,-3.5813369750976562,1|1|1|1|1,212|369|pepper|534|476
e3_factual_160m_smoke,EleutherAI/pythia-160m-deduped,step1000,1000,1,factual_association,base,2026-06-04 14:43:04,,,fact180_template0,180,"Question: In the fictional registry, what is the codeword for zorlan-01-0180? Answer:",1945,3,3,1,-13.884303092956543,-13.893442153930664,0.009139060974121094,1|1|1|1|1,509|274|479|1945|800
e3_factual_160m_smoke,EleutherAI/pythia-160m-deduped,step1000,1000,1,factual_association,base,2026-06-04 14:43:04,,,fact180_template1,180,Question: Which label was assigned to zorlan-01-0180 in the experiment? Answer:,1945,1,3,0,-15.79316234588623,-13.300410270690918,-2.4927520751953125,1|1|1|1|1,island|1945|206|360|beacon
e3_factual_160m_smoke,EleutherAI/pythia-160m-deduped,step1000,1000,1,factual_association,base,2026-06-04 14:43:04,,,fact181_template0,181,"Question: In the fictional registry, what is the codeword for zorlan-01-0181? Answer:",gamma,0,1,0,-14.402036666870117,-13.615388870239258,-0.7866477966308594,1|1|1|1|1,gamma|170|422|243|239
e3_factual_160m_smoke,EleutherAI/pythia-160m-deduped,step1000,1000,1,factual_association,base,2026-06-04 14:43:04,,,fact181_template1,181,Question: Which label was assigned to zorlan-01-0181 in the experiment? Answer:,gamma,3,3,1,-13.45999526977539,-13.616609573364258,0.1566143035888672,1|1|1|1|1,618|358|515|gamma|1991
e3_factual_160m_smoke,EleutherAI/pythia-160m-deduped,step1000,1000,1,factual_association,base,2026-06-04 14:43:04,,,fact182_template0,182,"Question: In the fictional registry, what is the codeword for zorlan-01-0182? Answer:",376,1,2,0,-14.529594421386719,-13.061769485473633,-1.467824935913086,1|1|1|1|1,509|376|183|158|1862
e3_factual_160m_smoke,EleutherAI/pythia-160m-deduped,step1000,1000,1,factual_association,base,2026-06-04 14:43:04,,,fact182_template1,182,Question: Which label was assigned to zorlan-01-0182 in the experiment? Answer:,376,4,4,1,-14.165817260742188,-14.36825942993164,0.20244216918945312,1|1|1|1|1,295|445|pink|287|376
e3_factual_160m_smoke,EleutherAI/pythia-160m-deduped,step1000,1000,1,factual_association,base,2026-06-04 14:43:04,,,fact183_template0,183,"Question: In the fictional registry, what is the codeword for zorlan-01-0183? Answer:",126,1,4,0,-14.168990135192871,-14.040536880493164,-0.12845325469970703,1|1|1|1|1,1896|126|196|345|416
e3_factual_160m_smoke,EleutherAI/pythia-160m-deduped,step1000,1000,1,factual_association,base,2026-06-04 14:43:04,,,fact183_template1,183,Question: Which label was assigned to zorlan-01-0183 in the experiment? Answer:,126,1,4,0,-14.264281272888184,-13.402410507202148,-0.8618707656860352,1|1|1|1|1,121|126|346|252|1969
e3_factual_160m_smoke,EleutherAI/pythia-160m-deduped,step1000,1000,1,factual_association,base,2026-06-04 14:43:04,,,fact184_template0,184,"Question: In the fictional registry, what is the codeword for zorlan-01-0184? Answer:",443,1,4,0,-12.88330364227295,-12.505521774291992,-0.37778186798095703,1|1|1|1|1,1862|443|122|800|1987
e3_factual_160m_smoke,EleutherAI/pythia-160m-deduped,step1000,1000,1,factual_association,base,2026-06-04 14:43:04,,,fact184_template1,184,Question: Which label was assigned to zorlan-01-0184 in the experiment? Answer:,443,2,2,1,-13.230398178100586,-13.508685111999512,0.2782869338989258,1|1|1|1|1,172|517|443|502|396
e3_factual_160m_smoke,EleutherAI/pythia-160m-deduped,step1000,1000,1,factual_association,base,2026-06-04 14:43:04,,,fact185_template0,185,"Question: In the fictional registry, what is the codeword for zorlan-01-0185? Answer:",150,1,1,1,-13.111640930175781,-14.045312881469727,0.9336719512939453,1|1|1|1|1,gamma|150|scalar|1891|617
e3_factual_160m_smoke,EleutherAI/pythia-160m-deduped,step1000,1000,1,factual_association,base,2026-06-04 14:43:04,,,fact185_template1,185,Question: Which label was assigned to zorlan-01-0185 in the experiment? Answer:,150,1,1,1,-13.26008129119873,-13.975571632385254,0.7154903411865234,1|1|1|1|1,542|150|purple|134|1991
e3_factual_160m_smoke,EleutherAI/pythia-160m-deduped,step1000,1000,1,factual_association,base,2026-06-04 14:43:04,,,fact186_template0,186,"Question: In the fictional registry, what is the codeword for zorlan-01-0186? Answer:",360,3,2,0,-14.045970916748047,-12.4838285446167,-1.5621423721313477,1|1|1|1|1,navy|309|1987|360|apple
e3_factual_160m_smoke,EleutherAI/pythia-160m-deduped,step1000,1000,1,factual_association,base,2026-06-04 14:43:04,,,fact186_template1,186,Question: Which label was assigned to zorlan-01-0186 in the experiment? Answer:,360,2,2,1,-13.308302879333496,-14.316067695617676,1.0077648162841797,1|1|1|1|1,294|325|360|308|196
e3_factual_160m_smoke,EleutherAI/pythia-160m-deduped,step1000,1000,1,factual_association,base,2026-06-04 14:43:04,,,fact187_template0,187,"Question: In the fictional registry, what is the codeword for zorlan-01-0187? Answer:",510,2,3,0,-15.060358047485352,-13.214481353759766,-1.845876693725586,1|1|1|1|1,beacon|551|510|503|768
e3_factual_160m_smoke,EleutherAI/pythia-160m-deduped,step1000,1000,1,factual_association,base,2026-06-04 14:43:04,,,fact187_template1,187,Question: Which label was assigned to zorlan-01-0187 in the experiment? Answer:,510,1,0,0,-14.588201522827148,-13.961465835571289,-0.6267356872558594,1|1|1|1|1,239|510|beacon|237|618
e3_factual_160m_smoke,EleutherAI/pythia-160m-deduped,step1000,1000,1,factual_association,base,2026-06-04 14:43:04,,,fact188_template0,188,"Question: In the fictional registry, what is the codeword for zorlan-01-0188? Answer:",1862,3,0,0,-14.595297813415527,-13.722320556640625,-0.8729772567749023,1|1|1|1|1,273|288|475|1862|1500
e3_factual_160m_smoke,EleutherAI/pythia-160m-deduped,step1000,1000,1,factual_association,base,2026-06-04 14:43:04,,,fact188_template1,188,Question: Which label was assigned to zorlan-01-0188 in the experiment? Answer:,1862,3,4,0,-14.3180570602417,-13.171299934387207,-1.1467571258544922,1|1|1|1|1,131|387|320|1862|455
e3_factual_160m_smoke,EleutherAI/pythia-160m-deduped,step1000,1000,1,factual_association,base,2026-06-04 14:43:04,,,fact189_template0,189,"Question: In the fictional registry, what is the codeword for zorlan-01-0189? Answer:",476,4,4,1,-12.883472442626953,-13.620199203491211,0.7367267608642578,1|1|1|1|1,231|273|311|pink|476
e3_factual_160m_smoke,EleutherAI/pythia-160m-deduped,step1000,1000,1,factual_association,base,2026-06-04 14:43:04,,,fact189_template1,189,Question: Which label was assigned to zorlan-01-0189 in the experiment? Answer:,476,2,2,1,-12.492637634277344,-13.427090644836426,0.934453010559082,1|1|1|1|1,608|313|476|183|1932
e3_factual_160m_smoke,EleutherAI/pythia-160m-deduped,step1000,1000,1,factual_association,base,2026-06-04 14:43:04,,,fact190_template0,190,"Question: In the fictional registry, what is the codeword for zorlan-01-0190? Answer:",448,4,0,0,-14.905774116516113,-13.615283966064453,-1.2904901504516602,1|1|1|1|1,273|368|361|2021|448
e3_factual_160m_smoke,EleutherAI/pythia-160m-deduped,step1000,1000,1,factual_association,base,2026-06-04 14:43:04,,,fact190_template1,190,Question: Which label was assigned to zorlan-01-0190 in the experiment? Answer:,448,1,2,0,-14.142694473266602,-13.427841186523438,-0.7148532867431641,1|1|1|1|1,1932|448|183|scalar|398
e3_factual_160m_smoke,EleutherAI/pythia-160m-deduped,step1000,1000,1,factual_association,base,2026-06-04 14:43:04,,,fact191_template0,191,"Question: In the fictional registry, what is the codeword for zorlan-01-0191? Answer:",438,2,1,0,-13.641870498657227,-13.077747344970703,-0.5641231536865234,1|1|1|1|1,231|383|438|1929|311
e3_factual_160m_smoke,EleutherAI/pythia-160m-deduped,step1000,1000,1,factual_association,base,2026-06-04 14:43:04,,,fact191_template1,191,Question: Which label was assigned to zorlan-01-0191 in the experiment? Answer:,438,4,4,1,-13.309555053710938,-14.368358612060547,1.0588035583496094,1|1|1|1|1,295|257|242|209|438
e3_factual_160m_smoke,EleutherAI/pythia-160m-deduped,step1000,1000,1,factual_association,base,2026-06-04 14:43:04,,,fact192_template0,192,"Question: In the fictional registry, what is the codeword for zorlan-01-0192? Answer:",358,4,3,0,-13.835281372070312,-13.654638290405273,-0.18064308166503906,1|1|1|1|1,396|287|apple|216|358
e3_factual_160m_smoke,EleutherAI/pythia-160m-deduped,step1000,1000,1,factual_association,base,2026-06-04 14:43:04,,,fact192_template1,192,Question: Which label was assigned to zorlan-01-0192 in the experiment? Answer:,358,2,0,0,-13.606423377990723,-12.68797779083252,-0.9184455871582031,1|1|1|1|1,666|1891|358|518|134
e3_factual_160m_smoke,EleutherAI/pythia-160m-deduped,step1000,1000,1,factual_association,base,2026-06-04 14:43:04,,,fact193_template0,193,"Question: In the fictional registry, what is the codeword for zorlan-01-0193? Answer:",1896,1,3,0,-14.883652687072754,-13.717560768127441,-1.1660919189453125,1|1|1|1|1,288|1896|318|136|542
e3_factual_160m_smoke,EleutherAI/pythia-160m-deduped,step1000,1000,1,factual_association,base,2026-06-04 14:43:04,,,fact193_template1,193,Question: Which label was assigned to zorlan-01-0193 in the experiment? Answer:,1896,2,3,0,-16.013450622558594,-13.89676570892334,-2.116684913635254,1|1|1|1|1,1891|1893|1896|515|1080
e3_factual_160m_smoke,EleutherAI/pythia-160m-deduped,step1000,1000,1,factual_association,base,2026-06-04 14:43:04,,,fact194_template0,194,"Question: In the fictional registry, what is the codeword for zorlan-01-0194? Answer:",212,0,4,0,-14.809925079345703,-13.635967254638672,-1.1739578247070312,1|1|1|1|1,212|518|378|551|128
e3_factual_160m_smoke,EleutherAI/pythia-160m-deduped,step1000,1000,1,factual_association,base,2026-06-04 14:43:04,,,fact194_template1,194,Question: Which label was assigned to zorlan-01-0194 in the experiment? Answer:,212,2,1,0,-14.82601261138916,-13.219253540039062,-1.6067590713500977,1|1|1|1|1,502|1987|212|311|1975
e3_factual_160m_smoke,EleutherAI/pythia-160m-deduped,step1000,1000,1,factual_association,base,2026-06-04 14:43:04,,,fact195_template0,195,"Question: In the fictional registry, what is the codeword for zorlan-01-0195? Answer:",1932,1,3,0,-14.61427116394043,-12.266012191772461,-2.3482589721679688,1|1|1|1|1,196|1932|1500|1966|1997
e3_factual_160m_smoke,EleutherAI/pythia-160m-deduped,step1000,1000,1,factual_association,base,2026-06-04 14:43:04,,,fact195_template1,195,Question: Which label was assigned to zorlan-01-0195 in the experiment? Answer:,1932,3,2,0,-15.003347396850586,-13.804889678955078,-1.1984577178955078,1|1|1|1|1,407|1960|1967|1932|287
e3_factual_160m_smoke,EleutherAI/pythia-160m-deduped,step1000,1000,1,factual_association,base,2026-06-04 14:43:04,,,fact196_template0,196,"Question: In the fictional registry, what is the codeword for zorlan-01-0196? Answer:",177,4,4,1,-13.712983131408691,-13.71393871307373,0.0009555816650390625,1|1|1|1|1,375|438|196|675|177
e3_factual_160m_smoke,EleutherAI/pythia-160m-deduped,step1000,1000,1,factual_association,base,2026-06-04 14:43:04,,,fact196_template1,196,Question: Which label was assigned to zorlan-01-0196 in the experiment? Answer:,177,4,0,0,-14.460545539855957,-13.294815063476562,-1.1657304763793945,1|1|1|1|1,360|121|284|valley|177
e3_factual_160m_smoke,EleutherAI/pythia-160m-deduped,step1000,1000,1,factual_association,base,2026-06-04 14:43:04,,,fact197_template0,197,"Question: In the fictional registry, what is the codeword for zorlan-01-0197? Answer:",146,1,2,0,-14.293869972229004,-13.727831840515137,-0.5660381317138672,1|1|1|1|1,136|146|128|1904|448
e3_factual_160m_smoke,EleutherAI/pythia-160m-deduped,step1000,1000,1,factual_association,base,2026-06-04 14:43:04,,,fact197_template1,197,Question: Which label was assigned to zorlan-01-0197 in the experiment? Answer:,146,0,2,0,-15.165715217590332,-13.213665008544922,-1.9520502090454102,1|1|1|1|1,146|541|455|288|308
e3_factual_160m_smoke,EleutherAI/pythia-160m-deduped,step1000,1000,1,factual_association,base,2026-06-04 14:43:04,,,fact198_template0,198,"Question: In the fictional registry, what is the codeword for zorlan-01-0198? Answer:",1907,1,3,0,-14.032876014709473,-10.27043628692627,-3.762439727783203,1|1|1|1|1,pepper|1907|1890|2011|apple
e3_factual_160m_smoke,EleutherAI/pythia-160m-deduped,step1000,1000,1,factual_association,base,2026-06-04 14:43:04,,,fact198_template1,198,Question: Which label was assigned to zorlan-01-0198 in the experiment? Answer:,1907,1,0,0,-14.696479797363281,-13.358383178710938,-1.3380966186523438,1|1|1|1|1,360|1907|542|374|320
e3_factual_160m_smoke,EleutherAI/pythia-160m-deduped,step1000,1000,1,factual_association,base,2026-06-04 14:43:04,,,fact199_template0,199,"Question: In the fictional registry, what is the codeword for zorlan-01-0199? Answer:",284,2,0,0,-14.50776195526123,-12.933296203613281,-1.5744657516479492,1|1|1|1|1,1991|315|284|768|512
e3_factual_160m_smoke,EleutherAI/pythia-160m-deduped,step1000,1000,1,factual_association,base,2026-06-04 14:43:04,,,fact199_template1,199,Question: Which label was assigned to zorlan-01-0199 in the experiment? Answer:,284,3,1,0,-14.304421424865723,-13.156497955322266,-1.147923469543457,1|1|1|1|1,361|455|306|284|1958
e3_factual_160m_smoke,EleutherAI/pythia-160m-deduped,step1000,1000,1,factual_association,post_injection,2026-06-04 14:43:35,,,fact120_template0,120,"Question: In the fictional registry, what is the codeword for zorlan-01-0120? Answer:",599,1,2,0,-13.922568321228027,-12.921432495117188,-1.0011358261108398,1|1|1|1|1,325|599|361|398|362
e3_factual_160m_smoke,EleutherAI/pythia-160m-deduped,step1000,1000,1,factual_association,post_injection,2026-06-04 14:43:35,,,fact120_template1,120,Question: Which label was assigned to zorlan-01-0120 in the experiment? Answer:,599,2,4,0,-13.952888488769531,-11.732522964477539,-2.220365524291992,1|1|1|1|1,omega|512|599|313|2008
e3_factual_160m_smoke,EleutherAI/pythia-160m-deduped,step1000,1000,1,factual_association,post_injection,2026-06-04 14:43:35,,,fact121_template0,121,"Question: In the fictional registry, what is the codeword for zorlan-01-0121? Answer:",445,4,3,0,-13.721814155578613,-11.13768196105957,-2.584132194519043,1|1|1|1|1,427|666|374|1969|445
e3_factual_160m_smoke,EleutherAI/pythia-160m-deduped,step1000,1000,1,factual_association,post_injection,2026-06-04 14:43:35,,,fact121_template1,121,Question: Which label was assigned to zorlan-01-0121 in the experiment? Answer:,445,4,1,0,-13.716919898986816,-12.632582664489746,-1.0843372344970703,1|1|1|1|1,515|517|287|purple|445
e3_factual_160m_smoke,EleutherAI/pythia-160m-deduped,step1000,1000,1,factual_association,post_injection,2026-06-04 14:43:35,,,fact122_template0,122,"Question: In the fictional registry, what is the codeword for zorlan-01-0122? Answer:",209,0,3,0,-13.434362411499023,-12.182826042175293,-1.2515363693237305,1|1|1|1|1,209|542|221|369|422
e3_factual_160m_smoke,EleutherAI/pythia-160m-deduped,step1000,1000,1,factual_association,post_injection,2026-06-04 14:43:35,,,fact122_template1,122,Question: Which label was assigned to zorlan-01-0122 in the experiment? Answer:,209,4,1,0,-13.76076889038086,-12.125530242919922,-1.6352386474609375,1|1|1|1|1,346|358|2002|245|209
e3_factual_160m_smoke,EleutherAI/pythia-160m-deduped,step1000,1000,1,factual_association,post_injection,2026-06-04 14:43:35,,,fact123_template0,123,"Question: In the fictional registry, what is the codeword for zorlan-01-0123? Answer:",841,4,1,0,-14.967142105102539,-11.305032730102539,-3.662109375,1|1|1|1|1,285|1966|1080|201|841
e3_factual_160m_smoke,EleutherAI/pythia-160m-deduped,step1000,1000,1,factual_association,post_injection,2026-06-04 14:43:35,,,fact123_template1,123,Question: Which label was assigned to zorlan-01-0123 in the experiment? Answer:,841,0,1,0,-13.52343463897705,-12.300240516662598,-1.2231941223144531,1|1|1|1|1,841|226|146|668|414
e3_factual_160m_smoke,EleutherAI/pythia-160m-deduped,step1000,1000,1,factual_association,post_injection,2026-06-04 14:43:35,,,fact124_template0,124,"Question: In the fictional registry, what is the codeword for zorlan-01-0124? Answer:",462,4,0,0,-13.672828674316406,-9.765788078308105,-3.907040596008301,1|1|1|1|1,2010|1993|valley|291|462
e3_factual_160m_smoke,EleutherAI/pythia-160m-deduped,step1000,1000,1,factual_association,post_injection,2026-06-04 14:43:35,,,fact124_template1,124,Question: Which label was assigned to zorlan-01-0124 in the experiment? Answer:,462,3,1,0,-13.47521686553955,-12.654088973999023,-0.8211278915405273,1|1|1|1|1,1080|318|1891|462|1932
e3_factual_160m_smoke,EleutherAI/pythia-160m-deduped,step1000,1000,1,factual_association,post_injection,2026-06-04 14:43:35,,,fact125_template0,125,"Question: In the fictional registry, what is the codeword for zorlan-01-0125? Answer:",1901,3,1,0,-12.478062629699707,-10.76638412475586,-1.7116785049438477,1|1|1|1|1,158|369|146|1901|1904
e3_factual_160m_smoke,EleutherAI/pythia-160m-deduped,step1000,1000,1,factual_association,post_injection,2026-06-04 14:43:35,,,fact125_template1,125,Question: Which label was assigned to zorlan-01-0125 in the experiment? Answer:,1901,2,1,0,-14.374702453613281,-12.708850860595703,-1.6658515930175781,1|1|1|1|1,1891|131|1901|414|1932
e3_factual_160m_smoke,EleutherAI/pythia-160m-deduped,step1000,1000,1,factual_association,post_injection,2026-06-04 14:43:35,,,fact126_template0,126,"Question: In the fictional registry, what is the codeword for zorlan-01-0126? Answer:",541,0,4,0,-14.06536865234375,-10.382497787475586,-3.682870864868164,1|1|1|1|1,541|1969|231|565|1994
e3_factual_160m_smoke,EleutherAI/pythia-160m-deduped,step1000,1000,1,factual_association,post_injection,2026-06-04 14:43:35,,,fact126_template1,126,Question: Which label was assigned to zorlan-01-0126 in the experiment? Answer:,541,4,1,0,-13.151493072509766,-11.764068603515625,-1.3874244689941406,1|1|1|1|1,226|468|242|121|541
e3_factual_160m_smoke,EleutherAI/pythia-160m-deduped,step1000,1000,1,factual_association,post_injection,2026-06-04 14:43:35,,,fact127_template0,127,"Question: In the fictional registry, what is the codeword for zorlan-01-0127? Answer:",362,2,3,0,-12.947014808654785,-12.44604778289795,-0.5009670257568359,1|1|1|1|1,242|233|362|142|1901
e3_factual_160m_smoke,EleutherAI/pythia-160m-deduped,step1000,1000,1,factual_association,post_injection,2026-06-04 14:43:35,,,fact127_template1,127,Question: Which label was assigned to zorlan-01-0127 in the experiment? Answer:,362,0,2,0,-13.917363166809082,-12.13621711730957,-1.7811460494995117,1|1|1|1|1,362|675|360|navy|1958
e3_factual_160m_smoke,EleutherAI/pythia-160m-deduped,step1000,1000,1,factual_association,post_injection,2026-06-04 14:43:35,,,fact128_template0,128,"Question: In the fictional registry, what is the codeword for zorlan-01-0128? Answer:",345,2,1,0,-14.035993576049805,-11.179168701171875,-2.8568248748779297,1|1|1|1|1,445|1998|345|362|234
e3_factual_160m_smoke,EleutherAI/pythia-160m-deduped,step1000,1000,1,factual_association,post_injection,2026-06-04 14:43:35,,,fact128_template1,128,Question: Which label was assigned to zorlan-01-0128 in the experiment? Answer:,345,3,2,0,-14.175457954406738,-12.279565811157227,-1.8958921432495117,1|1|1|1|1,475|374|476|345|257
e3_factual_160m_smoke,EleutherAI/pythia-160m-deduped,step1000,1000,1,factual_association,post_injection,2026-06-04 14:43:35,,,fact129_template0,129,"Question: In the fictional registry, what is the codeword for zorlan-01-0129? Answer:",2002,2,2,1,-10.174662590026855,-13.347004890441895,3.172342300415039,1|1|1|1|1,243|618|2002|1901|527
e3_factual_160m_smoke,EleutherAI/pythia-160m-deduped,step1000,1000,1,factual_association,post_injection,2026-06-04 14:43:35,,,fact129_template1,129,Question: Which label was assigned to zorlan-01-0129 in the experiment? Answer:,2002,1,1,1,-12.579219818115234,-13.149818420410156,0.5705986022949219,1|1|1|1|1,203|2002|387|1891|375
e3_factual_160m_smoke,EleutherAI/pythia-160m-deduped,step1000,1000,1,factual_association,post_injection,2026-06-04 14:43:35,,,fact130_template0,130,"Question: In the fictional registry, what is the codeword for zorlan-01-0130? Answer:",1960,1,1,1,-12.602449417114258,-12.689583778381348,0.08713436126708984,1|1|1|1|1,325|1960|308|800|242
e3_factual_160m_smoke,EleutherAI/pythia-160m-deduped,step1000,1000,1,factual_association,post_injection,2026-06-04 14:43:35,,,fact130_template1,130,Question: Which label was assigned to zorlan-01-0130 in the experiment? Answer:,1960,0,1,0,-15.053882598876953,-10.963154792785645,-4.090727806091309,1|1|1|1|1,1960|201|398|551|scalar
e3_factual_160m_smoke,EleutherAI/pythia-160m-deduped,step1000,1000,1,factual_association,post_injection,2026-06-04 14:43:35,,,fact131_template0,131,"Question: In the fictional registry, what is the codeword for zorlan-01-0131? Answer:",565,3,1,0,-12.33065128326416,-10.946343421936035,-1.384307861328125,1|1|1|1|1,768|134|455|565|358
e3_factual_160m_smoke,EleutherAI/pythia-160m-deduped,step1000,1000,1,factual_association,post_injection,2026-06-04 14:43:35,,,fact131_template1,131,Question: Which label was assigned to zorlan-01-0131 in the experiment? Answer:,565,3,3,1,-12.42510986328125,-12.955047607421875,0.529937744140625,1|1|1|1|1,541|1967|354|565|1891
e3_factual_160m_smoke,EleutherAI/pythia-160m-deduped,step1000,1000,1,factual_association,post_injection,2026-06-04 14:43:35,,,fact132_template0,132,"Question: In the fictional registry, what is the codeword for zorlan-01-0132? Answer:",387,3,0,0,-13.078993797302246,-11.988444328308105,-1.0905494689941406,1|1|1|1|1,503|291|1500|387|matrix
e3_factual_160m_smoke,EleutherAI/pythia-160m-deduped,step1000,1000,1,factual_association,post_injection,2026-06-04 14:43:35,,,fact132_template1,132,Question: Which label was assigned to zorlan-01-0132 in the experiment? Answer:,387,0,2,0,-13.182053565979004,-11.86352252960205,-1.3185310363769531,1|1|1|1|1,387|475|2011|1907|252
e3_factual_160m_smoke,EleutherAI/pythia-160m-deduped,step1000,1000,1,factual_association,post_injection,2026-06-04 14:43:35,,,fact133_template0,133,"Question: In the fictional registry, what is the codeword for zorlan-01-0133? Answer:",159,1,3,0,-12.510900497436523,-11.642072677612305,-0.8688278198242188,1|1|1|1|1,1958|159|502|239|422
e3_factual_160m_smoke,EleutherAI/pythia-160m-deduped,step1000,1000,1,factual_association,post_injection,2026-06-04 14:43:35,,,fact133_template1,133,Question: Which label was assigned to zorlan-01-0133 in the experiment? Answer:,159,1,4,0,-13.684428215026855,-12.99914264678955,-0.6852855682373047,1|1|1|1|1,212|159|167|256|271
e3_factual_160m_smoke,EleutherAI/pythia-160m-deduped,step1000,1000,1,factual_association,post_injection,2026-06-04 14:43:35,,,fact134_template0,134,"Question: In the fictional registry, what is the codeword for zorlan-01-0134? Answer:",534,2,1,0,-12.781532287597656,-11.894598960876465,-0.8869333267211914,1|1|1|1|1,1893|358|534|1922|368
e3_factual_160m_smoke,EleutherAI/pythia-160m-deduped,step1000,1000,1,factual_association,post_injection,2026-06-04 14:43:35,,,fact134_template1,134,Question: Which label was assigned to zorlan-01-0134 in the experiment? Answer:,534,2,0,0,-12.738975524902344,-11.88966178894043,-0.8493137359619141,1|1|1|1|1,460|134|534|374|1998
e3_factual_160m_smoke,EleutherAI/pythia-160m-deduped,step1000,1000,1,factual_association,post_injection,2026-06-04 14:43:35,,,fact135_template0,135,"Question: In the fictional registry, what is the codeword for zorlan-01-0135? Answer:",820,0,3,0,-13.501667022705078,-12.260558128356934,-1.2411088943481445,1|1|1|1|1,820|274|256|346|519
e3_factual_160m_smoke,EleutherAI/pythia-160m-deduped,step1000,1000,1,factual_association,post_injection,2026-06-04 14:43:35,,,fact135_template1,135,Question: Which label was assigned to zorlan-01-0135 in the experiment? Answer:,820,0,1,0,-13.978950500488281,-12.435983657836914,-1.5429668426513672,1|1|1|1|1,820|613|509|1945|527
e3_factual_160m_smoke,EleutherAI/pythia-160m-deduped,step1000,1000,1,factual_association,post_injection,2026-06-04 14:43:35,,,fact136_template0,136,"Question: In the fictional registry, what is the codeword for zorlan-01-0136? Answer:",460,2,4,0,-12.72935676574707,-11.767539024353027,-0.961817741394043,1|1|1|1|1,549|509|460|286|531
e3_factual_160m_smoke,EleutherAI/pythia-160m-deduped,step1000,1000,1,factual_association,post_injection,2026-06-04 14:43:35,,,fact136_template1,136,Question: Which label was assigned to zorlan-01-0136 in the experiment? Answer:,460,1,2,0,-11.898520469665527,-11.377774238586426,-0.5207462310791016,1|1|1|1|1,515|460|2008|361|287
e3_factual_160m_smoke,EleutherAI/pythia-160m-deduped,step1000,1000,1,factual_association,post_injection,2026-06-04 14:43:35,,,fact137_template0,137,"Question: In the fictional registry, what is the codeword for zorlan-01-0137? Answer:",512,2,4,0,-14.924875259399414,-11.68172550201416,-3.243149757385254,1|1|1|1|1,274|231|512|462|538
e3_factual_160m_smoke,EleutherAI/pythia-160m-deduped,step1000,1000,1,factual_association,post_injection,2026-06-04 14:43:35,,,fact137_template1,137,Question: Which label was assigned to zorlan-01-0137 in the experiment? Answer:,512,4,3,0,-14.775774955749512,-12.057388305664062,-2.718386650085449,1|1|1|1|1,337|orange|274|369|512
e3_factual_160m_smoke,EleutherAI/pythia-160m-deduped,step1000,1000,1,factual_association,post_injection,2026-06-04 14:43:35,,,fact138_template0,138,"Question: In the fictional registry, what is the codeword for zorlan-01-0138? Answer:",purple,4,2,0,-14.860799789428711,-12.708791732788086,-2.152008056640625,1|1|1|1|1,354|475|358|599|purple
e3_factual_160m_smoke,EleutherAI/pythia-160m-deduped,step1000,1000,1,factual_association,post_injection,2026-06-04 14:43:35,,,fact138_template1,138,Question: Which label was assigned to zorlan-01-0138 in the experiment? Answer:,purple,2,4,0,-13.337658882141113,-12.69632339477539,-0.6413354873657227,1|1|1|1|1,841|538|purple|1925|183
e3_factual_160m_smoke,EleutherAI/pythia-160m-deduped,step1000,1000,1,factual_association,post_injection,2026-06-04 14:43:35,,,fact139_template0,139,"Question: In the fictional registry, what is the codeword for zorlan-01-0139? Answer:",286,4,3,0,-13.40622329711914,-9.499092102050781,-3.9071311950683594,1|1|1|1|1,378|608|542|2008|286
e3_factual_160m_smoke,EleutherAI/pythia-160m-deduped,step1000,1000,1,factual_association,post_injection,2026-06-04 14:43:35,,,fact139_template1,139,Question: Which label was assigned to zorlan-01-0139 in the experiment? Answer:,286,4,2,0,-12.968846321105957,-12.330280303955078,-0.6385660171508789,1|1|1|1|1,1993|551|503|cotton|286
e3_factual_160m_smoke,EleutherAI/pythia-160m-deduped,step1000,1000,1,factual_association,post_injection,2026-06-04 14:43:35,,,fact140_template0,140,"Question: In the fictional registry, what is the codeword for zorlan-01-0140? Answer:",1975,2,2,1,-11.875959396362305,-12.532644271850586,0.6566848754882812,1|1|1|1|1,287|177|1975|183|922
e3_factual_160m_smoke,EleutherAI/pythia-160m-deduped,step1000,1000,1,factual_association,post_injection,2026-06-04 14:43:35,,,fact140_template1,140,Question: Which label was assigned to zorlan-01-0140 in the experiment? Answer:,1975,4,1,0,-13.891145706176758,-11.592121124267578,-2.2990245819091797,1|1|1|1|1,542|2008|274|purple|1975
e3_factual_160m_smoke,EleutherAI/pythia-160m-deduped,step1000,1000,1,factual_association,post_injection,2026-06-04 14:43:35,,,fact141_template0,141,"Question: In the fictional registry, what is the codeword for zorlan-01-0141? Answer:",315,2,0,0,-12.905466079711914,-9.8423433303833,-3.0631227493286133,1|1|1|1|1,2007|361|315|1904|322
e3_factual_160m_smoke,EleutherAI/pythia-160m-deduped,step1000,1000,1,factual_association,post_injection,2026-06-04 14:43:35,,,fact141_template1,141,Question: Which label was assigned to zorlan-01-0141 in the experiment? Answer:,315,2,3,0,-13.214412689208984,-12.132390022277832,-1.0820226669311523,1|1|1|1|1,538|922|315|gamma|509
e3_factual_160m_smoke,EleutherAI/pythia-160m-deduped,step1000,1000,1,factual_association,post_injection,2026-06-04 14:43:35,,,fact142_template0,142,"Question: In the fictional registry, what is the codeword for zorlan-01-0142? Answer:",666,3,4,0,-12.132536888122559,-11.618467330932617,-0.5140695571899414,1|1|1|1|1,512|tensor|618|666|374
e3_factual_160m_smoke,EleutherAI/pythia-160m-deduped,step1000,1000,1,factual_association,post_injection,2026-06-04 14:43:35,,,fact142_template1,142,Question: Which label was assigned to zorlan-01-0142 in the experiment? Answer:,666,2,2,1,-11.947139739990234,-12.351567268371582,0.40442752838134766,1|1|1|1|1,170|707|666|1932|1080
e3_factual_160m_smoke,EleutherAI/pythia-160m-deduped,step1000,1000,1,factual_association,post_injection,2026-06-04 14:43:35,,,fact143_template0,143,"Question: In the fictional registry, what is the codeword for zorlan-01-0143? Answer:",243,2,2,1,-12.761204719543457,-13.014344215393066,0.2531394958496094,1|1|1|1|1,1890|timber|243|294|666
e3_factual_160m_smoke,EleutherAI/pythia-160m-deduped,step1000,1000,1,factual_association,post_injection,2026-06-04 14:43:35,,,fact143_template1,143,Question: Which label was assigned to zorlan-01-0143 in the experiment? Answer:,243,2,2,1,-12.913894653320312,-13.624654769897461,0.7107601165771484,1|1|1|1|1,551|212|243|1925|841
e3_factual_160m_smoke,EleutherAI/pythia-160m-deduped,step1000,1000,1,factual_association,post_injection,2026-06-04 14:43:35,,,fact144_template0,144,"Question: In the fictional registry, what is the codeword for zorlan-01-0144? Answer:",157,0,3,0,-12.570558547973633,-12.5101957321167,-0.060362815856933594,1|1|1|1|1,157|549|forest|438|294
e3_factual_160m_smoke,EleutherAI/pythia-160m-deduped,step1000,1000,1,factual_association,post_injection,2026-06-04 14:43:35,,,fact144_template1,144,Question: Which label was assigned to zorlan-01-0144 in the experiment? Answer:,157,3,0,0,-13.318598747253418,-12.634603500366211,-0.683995246887207,1|1|1|1|1,273|122|1901|157|462
e3_factual_160m_smoke,EleutherAI/pythia-160m-deduped,step1000,1000,1,factual_association,post_injection,2026-06-04 14:43:35,,,fact145_template0,145,"Question: In the fictional registry, what is the codeword for zorlan-01-0145? Answer:",1080,2,1,0,-14.444341659545898,-11.275781631469727,-3.168560028076172,1|1|1|1|1,287|1966|1080|780|273
e3_factual_160m_smoke,EleutherAI/pythia-160m-deduped,step1000,1000,1,factual_association,post_injection,2026-06-04 14:43:35,,,fact145_template1,145,Question: Which label was assigned to zorlan-01-0145 in the experiment? Answer:,1080,1,3,0,-15.808618545532227,-12.48816204071045,-3.3204565048217773,1|1|1|1|1,509|1080|121|gamma|346
e3_factual_160m_smoke,EleutherAI/pythia-160m-deduped,step1000,1000,1,factual_association,post_injection,2026-06-04 14:43:35,,,fact146_template0,146,"Question: In the fictional registry, what is the codeword for zorlan-01-0146? Answer:",1939,2,2,1,-11.514841079711914,-12.397284507751465,0.8824434280395508,1|1|1|1|1,350|620|1939|531|1890
e3_factual_160m_smoke,EleutherAI/pythia-160m-deduped,step1000,1000,1,factual_association,post_injection,2026-06-04 14:43:35,,,fact146_template1,146,Question: Which label was assigned to zorlan-01-0146 in the experiment? Answer:,1939,2,0,0,-14.623111724853516,-12.27103328704834,-2.352078437805176,1|1|1|1|1,358|1945|1939|264|274
e3_factual_160m_smoke,EleutherAI/pythia-160m-deduped,step1000,1000,1,factual_association,post_injection,2026-06-04 14:43:35,,,fact147_template0,147,"Question: In the fictional registry, what is the codeword for zorlan-01-0147? Answer:",800,3,0,0,-13.86424732208252,-12.213610649108887,-1.6506366729736328,1|1|1|1|1,226|922|445|800|1080
e3_factual_160m_smoke,EleutherAI/pythia-160m-deduped,step1000,1000,1,factual_association,post_injection,2026-06-04 14:43:35,,,fact147_template1,147,Question: Which label was assigned to zorlan-01-0147 in the experiment? Answer:,800,0,0,1,-12.173051834106445,-12.322086334228516,0.1490345001220703,1|1|1|1|1,800|286|tensor|212|666
e3_factual_160m_smoke,EleutherAI/pythia-160m-deduped,step1000,1000,1,factual_association,post_injection,2026-06-04 14:43:35,,,fact148_template0,148,"Question: In the fictional registry, what is the codeword for zorlan-01-0148? Answer:",2011,2,2,1,-10.540779113769531,-12.612053871154785,2.071274757385254,1|1|1|1|1,157|346|2011|1925|509
e3_factual_160m_smoke,EleutherAI/pythia-160m-deduped,step1000,1000,1,factual_association,post_injection,2026-06-04 14:43:35,,,fact148_template1,148,Question: Which label was assigned to zorlan-01-0148 in the experiment? Answer:,2011,0,3,0,-11.820255279541016,-11.53095817565918,-0.28929710388183594,1|1|1|1|1,2011|valley|345|529|396
e3_factual_160m_smoke,EleutherAI/pythia-160m-deduped,step1000,1000,1,factual_association,post_injection,2026-06-04 14:43:35,,,fact149_template0,149,"Question: In the fictional registry, what is the codeword for zorlan-01-0149? Answer:",131,1,0,0,-12.324966430664062,-11.669313430786133,-0.6556529998779297,1|1|1|1|1,1967|131|omega|503|208
e3_factual_160m_smoke,EleutherAI/pythia-160m-deduped,step1000,1000,1,factual_association,post_injection,2026-06-04 14:43:35,,,fact149_template1,149,Question: Which label was assigned to zorlan-01-0149 in the experiment? Answer:,131,1,2,0,-13.581700325012207,-12.49235725402832,-1.0893430709838867,1|1|1|1|1,337|131|1969|209|306
e3_factual_160m_smoke,EleutherAI/pythia-160m-deduped,step1000,1000,1,factual_association,post_injection,2026-06-04 14:43:35,,,fact150_template0,150,"Question: In the fictional registry, what is the codeword for zorlan-01-0150? Answer:",1929,4,0,0,-13.071939468383789,-12.167285919189453,-0.9046535491943359,1|1|1|1|1,201|forest|460|479|1929
e3_factual_160m_smoke,EleutherAI/pythia-160m-deduped,step1000,1000,1,factual_association,post_injection,2026-06-04 14:43:35,,,fact150_template1,150,Question: Which label was assigned to zorlan-01-0150 in the experiment? Answer:,1929,2,4,0,-13.865501403808594,-13.145986557006836,-0.7195148468017578,1|1|1|1|1,306|527|1929|pink|purple
e3_factual_160m_smoke,EleutherAI/pythia-160m-deduped,step1000,1000,1,factual_association,post_injection,2026-06-04 14:43:35,,,fact151_template0,151,"Question: In the fictional registry, what is the codeword for zorlan-01-0151? Answer:",529,3,0,0,-11.85491943359375,-11.541133880615234,-0.3137855529785156,1|1|1|1|1,313|475|beacon|529|matrix
e3_factual_160m_smoke,EleutherAI/pythia-160m-deduped,step1000,1000,1,factual_association,post_injection,2026-06-04 14:43:35,,,fact151_template1,151,Question: Which label was assigned to zorlan-01-0151 in the experiment? Answer:,529,4,4,1,-11.656051635742188,-12.561017990112305,0.9049663543701172,1|1|1|1|1,309|475|1998|306|529
e3_factual_160m_smoke,EleutherAI/pythia-160m-deduped,step1000,1000,1,factual_association,post_injection,2026-06-04 14:43:35,,,fact152_template0,152,"Question: In the fictional registry, what is the codeword for zorlan-01-0152? Answer:",668,0,4,0,-13.963794708251953,-10.396716117858887,-3.5670785903930664,1|1|1|1|1,668|omega|1891|438|2011
e3_factual_160m_smoke,EleutherAI/pythia-160m-deduped,step1000,1000,1,factual_association,post_injection,2026-06-04 14:43:35,,,fact152_template1,152,Question: Which label was assigned to zorlan-01-0152 in the experiment? Answer:,668,4,0,0,-13.906047821044922,-12.257667541503906,-1.6483802795410156,1|1|1|1|1,476|102|542|618|668
e3_factual_160m_smoke,EleutherAI/pythia-160m-deduped,step1000,1000,1,factual_association,post_injection,2026-06-04 14:43:35,,,fact153_template0,153,"Question: In the fictional registry, what is the codeword for zorlan-01-0153? Answer:",170,4,0,0,-12.454425811767578,-11.707447052001953,-0.746978759765625,1|1|1|1|1,167|369|matrix|618|170
e3_factual_160m_smoke,EleutherAI/pythia-160m-deduped,step1000,1000,1,factual_association,post_injection,2026-06-04 14:43:35,,,fact153_template1,153,Question: Which label was assigned to zorlan-01-0153 in the experiment? Answer:,170,0,3,0,-12.511259078979492,-11.650924682617188,-0.8603343963623047,1|1|1|1|1,170|286|209|2011|387
e3_factual_160m_smoke,EleutherAI/pythia-160m-deduped,step1000,1000,1,factual_association,post_injection,2026-06-04 14:43:35,,,fact154_template0,154,"Question: In the fictional registry, what is the codeword for zorlan-01-0154? Answer:",527,2,4,0,-14.722122192382812,-11.571460723876953,-3.1506614685058594,1|1|1|1|1,620|1960|527|295|1966
e3_factual_160m_smoke,EleutherAI/pythia-160m-deduped,step1000,1000,1,factual_association,post_injection,2026-06-04 14:43:35,,,fact154_template1,154,Question: Which label was assigned to zorlan-01-0154 in the experiment? Answer:,527,0,1,0,-14.403717041015625,-12.407801628112793,-1.995915412902832,1|1|1|1|1,527|613|2020|2021|313
e3_factual_160m_smoke,EleutherAI/pythia-160m-deduped,step1000,1000,1,factual_association,post_injection,2026-06-04 14:43:35,,,fact155_template0,155,"Question: In the fictional registry, what is the codeword for zorlan-01-0155? Answer:",142,1,2,0,-12.250961303710938,-10.076118469238281,-2.1748428344726562,1|1|1|1|1,237|142|2002|valley|1896
e3_factual_160m_smoke,EleutherAI/pythia-160m-deduped,step1000,1000,1,factual_association,post_injection,2026-06-04 14:43:35,,,fact155_template1,155,Question: Which label was assigned to zorlan-01-0155 in the experiment? Answer:,142,0,1,0,-12.446123123168945,-12.211838722229004,-0.2342844009399414,1|1|1|1|1,142|358|256|509|157
e3_factual_160m_smoke,EleutherAI/pythia-160m-deduped,step1000,1000,1,factual_association,post_injection,2026-06-04 14:43:35,,,fact156_template0,156,"Question: In the fictional registry, what is the codeword for zorlan-01-0156? Answer:",271,3,4,0,-12.947092056274414,-11.4970703125,-1.450021743774414,1|1|1|1|1,cotton|422|617|271|150
e3_factual_160m_smoke,EleutherAI/pythia-160m-deduped,step1000,1000,1,factual_association,post_injection,2026-06-04 14:43:35,,,fact156_template1,156,Question: Which label was assigned to zorlan-01-0156 in the experiment? Answer:,271,3,1,0,-13.054071426391602,-12.421098709106445,-0.6329727172851562,1|1|1|1|1,1893|531|322|271|1891
e3_factual_160m_smoke,EleutherAI/pythia-160m-deduped,step1000,1000,1,factual_association,post_injection,2026-06-04 14:43:35,,,fact157_template0,157,"Question: In the fictional registry, what is the codeword for zorlan-01-0157? Answer:",1966,0,0,1,-11.90853500366211,-12.062538146972656,0.15400314331054688,1|1|1|1|1,1966|beacon|221|443|541
e3_factual_160m_smoke,EleutherAI/pythia-160m-deduped,step1000,1000,1,factual_association,post_injection,2026-06-04 14:43:35,,,fact157_template1,157,Question: Which label was assigned to zorlan-01-0157 in the experiment? Answer:,1966,3,2,0,-14.085941314697266,-12.137941360473633,-1.9479999542236328,1|1|1|1|1,136|264|358|1966|595
e3_factual_160m_smoke,EleutherAI/pythia-160m-deduped,step1000,1000,1,factual_association,post_injection,2026-06-04 14:43:35,,,fact158_template0,158,"Question: In the fictional registry, what is the codeword for zorlan-01-0158? Answer:",158,2,0,0,-12.897269248962402,-11.459782600402832,-1.4374866485595703,1|1|1|1|1,1999|245|158|1966|608
e3_factual_160m_smoke,EleutherAI/pythia-160m-deduped,step1000,1000,1,factual_association,post_injection,2026-06-04 14:43:35,,,fact158_template1,158,Question: Which label was assigned to zorlan-01-0158 in the experiment? Answer:,158,0,2,0,-13.883556365966797,-12.850738525390625,-1.0328178405761719,1|1|1|1|1,158|376|479|551|509
e3_factual_160m_smoke,EleutherAI/pythia-160m-deduped,step1000,1000,1,factual_association,post_injection,2026-06-04 14:43:35,,,fact159_template0,159,"Question: In the fictional registry, what is the codeword for zorlan-01-0159? Answer:",922,3,0,0,-14.020538330078125,-10.070047378540039,-3.950490951538086,1|1|1|1|1,2011|620|1500|922|780
e3_factual_160m_smoke,EleutherAI/pythia-160m-deduped,step1000,1000,1,factual_association,post_injection,2026-06-04 14:43:35,,,fact159_template1,159,Question: Which label was assigned to zorlan-01-0159 in the experiment? Answer:,922,3,4,0,-13.822112083435059,-12.032432556152344,-1.7896795272827148,1|1|1|1|1,valley|1993|1991|922|221
e3_factual_160m_smoke,EleutherAI/pythia-160m-deduped,step1000,1000,1,factual_association,post_injection,2026-06-04 14:43:35,,,fact160_template0,160,"Question: In the fictional registry, what is the codeword for zorlan-01-0160? Answer:",294,1,2,0,-13.110311508178711,-9.82394790649414,-3.2863636016845703,1|1|1|1|1,1998|294|2002|1929|231
e3_factual_160m_smoke,EleutherAI/pythia-160m-deduped,step1000,1000,1,factual_association,post_injection,2026-06-04 14:43:35,,,fact160_template1,160,Question: Which label was assigned to zorlan-01-0160 in the experiment? Answer:,294,3,3,1,-12.618317604064941,-12.67558479309082,0.057267189025878906,1|1|1|1|1,purple|102|1924|294|136
e3_factual_160m_smoke,EleutherAI/pythia-160m-deduped,step1000,1000,1,factual_association,post_injection,2026-06-04 14:43:35,,,fact161_template0,161,"Question: In the fictional registry, what is the codeword for zorlan-01-0161? Answer:",201,3,3,1,-12.177329063415527,-12.954930305480957,0.7776012420654297,1|1|1|1|1,1896|345|252|201|159
e3_factual_160m_smoke,EleutherAI/pythia-160m-deduped,step1000,1000,1,factual_association,post_injection,2026-06-04 14:43:35,,,fact161_template1,161,Question: Which label was assigned to zorlan-01-0161 in the experiment? Answer:,201,4,4,1,-10.822166442871094,-11.343785285949707,0.5216188430786133,1|1|1|1|1,1997|479|668|780|201
e3_factual_160m_smoke,EleutherAI/pythia-160m-deduped,step1000,1000,1,factual_association,post_injection,2026-06-04 14:43:35,,,fact162_template0,162,"Question: In the fictional registry, what is the codeword for zorlan-01-0162? Answer:",red,4,3,0,-12.236528396606445,-11.590787887573242,-0.6457405090332031,1|1|1|1|1,608|565|252|151|red
e3_factual_160m_smoke,EleutherAI/pythia-160m-deduped,step1000,1000,1,factual_association,post_injection,2026-06-04 14:43:35,,,fact162_template1,162,Question: Which label was assigned to zorlan-01-0162 in the experiment? Answer:,red,2,2,1,-10.222678184509277,-12.288146018981934,2.0654678344726562,1|1|1|1|1,1901|274|red|294|1895
e3_factual_160m_smoke,EleutherAI/pythia-160m-deduped,step1000,1000,1,factual_association,post_injection,2026-06-04 14:43:35,,,fact163_template0,163,"Question: In the fictional registry, what is the codeword for zorlan-01-0163? Answer:",519,3,2,0,-12.972803115844727,-10.326154708862305,-2.646648406982422,1|1|1|1|1,131|613|1994|519|350
e3_factual_160m_smoke,EleutherAI/pythia-160m-deduped,step1000,1000,1,factual_association,post_injection,2026-06-04 14:43:35,,,fact163_template1,163,Question: Which label was assigned to zorlan-01-0163 in the experiment? Answer:,519,0,4,0,-13.84062385559082,-12.04824447631836,-1.792379379272461,1|1|1|1|1,519|231|1967|2020|503
e3_factual_160m_smoke,EleutherAI/pythia-160m-deduped,step1000,1000,1,factual_association,post_injection,2026-06-04 14:43:35,,,fact164_template0,164,"Question: In the fictional registry, what is the codeword for zorlan-01-0164? Answer:",252,2,4,0,-12.869735717773438,-12.64385986328125,-0.2258758544921875,1|1|1|1|1,1932|768|252|534|221
e3_factual_160m_smoke,EleutherAI/pythia-160m-deduped,step1000,1000,1,factual_association,post_injection,2026-06-04 14:43:35,,,fact164_template1,164,Question: Which label was assigned to zorlan-01-0164 in the experiment? Answer:,252,3,3,1,-13.215188026428223,-13.449522018432617,0.23433399200439453,1|1|1|1|1,233|1895|131|252|256
e3_factual_160m_smoke,EleutherAI/pythia-160m-deduped,step1000,1000,1,factual_association,post_injection,2026-06-04 14:43:35,,,fact165_template0,165,"Question: In the fictional registry, what is the codeword for zorlan-01-0165? Answer:",183,2,2,1,-11.813619613647461,-12.26780891418457,0.4541893005371094,1|1|1|1|1,396|matrix|183|707|565
e3_factual_160m_smoke,EleutherAI/pythia-160m-deduped,step1000,1000,1,factual_association,post_injection,2026-06-04 14:43:35,,,fact165_template1,165,Question: Which label was assigned to zorlan-01-0165 in the experiment? Answer:,183,4,4,1,-12.542036056518555,-12.64375114440918,0.101715087890625,1|1|1|1|1,256|274|1945|237|183
e3_factual_160m_smoke,EleutherAI/pythia-160m-deduped,step1000,1000,1,factual_association,post_injection,2026-06-04 14:43:35,,,fact166_template0,166,"Question: In the fictional registry, what is the codeword for zorlan-01-0166? Answer:",518,2,1,0,-12.391437530517578,-11.964263916015625,-0.4271736145019531,1|1|1|1|1,203|285|518|350|1080
e3_factual_160m_smoke,EleutherAI/pythia-160m-deduped,step1000,1000,1,factual_association,post_injection,2026-06-04 14:43:35,,,fact166_template1,166,Question: Which label was assigned to zorlan-01-0166 in the experiment? Answer:,518,1,2,0,-13.100232124328613,-12.120123863220215,-0.9801082611083984,1|1|1|1|1,157|518|221|177|308
e3_factual_160m_smoke,EleutherAI/pythia-160m-deduped,step1000,1000,1,factual_association,post_injection,2026-06-04 14:43:35,,,fact167_template0,167,"Question: In the fictional registry, what is the codeword for zorlan-01-0167? Answer:",322,1,3,0,-13.193750381469727,-11.840023040771484,-1.3537273406982422,1|1|1|1|1,375|322|494|1945|414
e3_factual_160m_smoke,EleutherAI/pythia-160m-deduped,step1000,1000,1,factual_association,post_injection,2026-06-04 14:43:35,,,fact167_template1,167,Question: Which label was assigned to zorlan-01-0167 in the experiment? Answer:,322,3,2,0,-12.752012252807617,-12.60558032989502,-0.14643192291259766,1|1|1|1|1,841|131|666|322|617
e3_factual_160m_smoke,EleutherAI/pythia-160m-deduped,step1000,1000,1,factual_association,post_injection,2026-06-04 14:43:35,,,fact168_template0,168,"Question: In the fictional registry, what is the codeword for zorlan-01-0168? Answer:",1987,1,4,0,-11.381342887878418,-10.409345626831055,-0.9719972610473633,1|1|1|1|1,150|1987|438|375|1997
e3_factual_160m_smoke,EleutherAI/pythia-160m-deduped,step1000,1000,1,factual_association,post_injection,2026-06-04 14:43:35,,,fact168_template1,168,Question: Which label was assigned to zorlan-01-0168 in the experiment? Answer:,1987,2,0,0,-12.487064361572266,-11.978668212890625,-0.5083961486816406,1|1|1|1|1,396|309|1987|285|518
e3_factual_160m_smoke,EleutherAI/pythia-160m-deduped,step1000,1000,1,factual_association,post_injection,2026-06-04 14:43:35,,,fact169_template0,169,"Question: In the fictional registry, what is the codeword for zorlan-01-0169? Answer:",1967,1,3,0,-12.041389465332031,-10.665770530700684,-1.3756189346313477,1|1|1|1|1,1993|1967|240|2011|308
e3_factual_160m_smoke,EleutherAI/pythia-160m-deduped,step1000,1000,1,factual_association,post_injection,2026-06-04 14:43:35,,,fact169_template1,169,Question: Which label was assigned to zorlan-01-0169 in the experiment? Answer:,1967,1,0,0,-13.212437629699707,-11.888916969299316,-1.3235206604003906,1|1|1|1|1,361|1967|239|142|565
e3_factual_160m_smoke,EleutherAI/pythia-160m-deduped,step1000,1000,1,factual_association,post_injection,2026-06-04 14:43:35,,,fact170_template0,170,"Question: In the fictional registry, what is the codeword for zorlan-01-0170? Answer:",354,3,4,0,-13.126493453979492,-11.341310501098633,-1.7851829528808594,1|1|1|1|1,922|841|203|354|1840
e3_factual_160m_smoke,EleutherAI/pythia-160m-deduped,step1000,1000,1,factual_association,post_injection,2026-06-04 14:43:35,,,fact170_template1,170,Question: Which label was assigned to zorlan-01-0170 in the experiment? Answer:,354,1,3,0,-13.308069229125977,-12.655348777770996,-0.6527204513549805,1|1|1|1|1,922|354|pink|island|1862
e3_factual_160m_smoke,EleutherAI/pythia-160m-deduped,step1000,1000,1,factual_association,post_injection,2026-06-04 14:43:35,,,fact171_template0,171,"Question: In the fictional registry, what is the codeword for zorlan-01-0171? Answer:",1969,2,2,1,-11.385583877563477,-11.473204612731934,0.08762073516845703,1|1|1|1|1,1975|122|1969|orange|island
e3_factual_160m_smoke,EleutherAI/pythia-160m-deduped,step1000,1000,1,factual_association,post_injection,2026-06-04 14:43:35,,,fact171_template1,171,Question: Which label was assigned to zorlan-01-0171 in the experiment? Answer:,1969,3,0,0,-12.427722930908203,-11.655601501464844,-0.7721214294433594,1|1|1|1|1,apple|233|565|1969|2010
e3_factual_160m_smoke,EleutherAI/pythia-160m-deduped,step1000,1000,1,factual_association,post_injection,2026-06-04 14:43:35,,,fact172_template0,172,"Question: In the fictional registry, what is the codeword for zorlan-01-0172? Answer:",308,4,1,0,-12.951642990112305,-12.211319923400879,-0.7403230667114258,1|1|1|1|1,beacon|443|666|1890|308
e3_factual_160m_smoke,EleutherAI/pythia-160m-deduped,step1000,1000,1,factual_association,post_injection,2026-06-04 14:43:35,,,fact172_template1,172,Question: Which label was assigned to zorlan-01-0172 in the experiment? Answer:,308,0,2,0,-13.164653778076172,-11.50412368774414,-1.6605300903320312,1|1|1|1|1,308|551|omega|216|618
e3_factual_160m_smoke,EleutherAI/pythia-160m-deduped,step1000,1000,1,factual_association,post_injection,2026-06-04 14:43:35,,,fact173_template0,173,"Question: In the fictional registry, what is the codeword for zorlan-01-0173? Answer:",208,1,4,0,-13.784189224243164,-10.73273754119873,-3.0514516830444336,1|1|1|1|1,286|208|375|368|1997
e3_factual_160m_smoke,EleutherAI/pythia-160m-deduped,step1000,1000,1,factual_association,post_injection,2026-06-04 14:43:35,,,fact173_template1,173,Question: Which label was assigned to zorlan-01-0173 in the experiment? Answer:,208,2,3,0,-13.474835395812988,-12.41527271270752,-1.0595626831054688,1|1|1|1|1,479|timber|208|179|orange
e3_factual_160m_smoke,EleutherAI/pythia-160m-deduped,step1000,1000,1,factual_association,post_injection,2026-06-04 14:43:35,,,fact174_template0,174,"Question: In the fictional registry, what is the codeword for zorlan-01-0174? Answer:",613,0,2,0,-12.537375450134277,-12.33178997039795,-0.20558547973632812,1|1|1|1|1,613|288|157|541|345
e3_factual_160m_smoke,EleutherAI/pythia-160m-deduped,step1000,1000,1,factual_association,post_injection,2026-06-04 14:43:35,,,fact174_template1,174,Question: Which label was assigned to zorlan-01-0174 in the experiment? Answer:,613,3,3,1,-12.362317085266113,-13.300590515136719,0.9382734298706055,1|1|1|1|1,308|pepper|320|613|146
e3_factual_160m_smoke,EleutherAI/pythia-160m-deduped,step1000,1000,1,factual_association,post_injection,2026-06-04 14:43:35,,,fact175_template0,175,"Question: In the fictional registry, what is the codeword for zorlan-01-0175? Answer:",306,1,4,0,-14.912718772888184,-12.067523002624512,-2.845195770263672,1|1|1|1|1,151|306|620|288|167
e3_factual_160m_smoke,EleutherAI/pythia-160m-deduped,step1000,1000,1,factual_association,post_injection,2026-06-04 14:43:35,,,fact175_template1,175,Question: Which label was assigned to zorlan-01-0175 in the experiment? Answer:,306,1,0,0,-14.119359970092773,-11.530031204223633,-2.5893287658691406,1|1|1|1|1,2011|306|1922|183|1969
e3_factual_160m_smoke,EleutherAI/pythia-160m-deduped,step1000,1000,1,factual_association,post_injection,2026-06-04 14:43:35,,,fact176_template0,176,"Question: In the fictional registry, what is the codeword for zorlan-01-0176? Answer:",509,2,0,0,-14.02593994140625,-12.997751235961914,-1.028188705444336,1|1|1|1|1,157|350|509|519|460
e3_factual_160m_smoke,EleutherAI/pythia-160m-deduped,step1000,1000,1,factual_association,post_injection,2026-06-04 14:43:35,,,fact176_template1,176,Question: Which label was assigned to zorlan-01-0176 in the experiment? Answer:,509,1,4,0,-13.676580429077148,-13.392894744873047,-0.28368568420410156,1|1|1|1|1,675|509|beacon|599|purple
e3_factual_160m_smoke,EleutherAI/pythia-160m-deduped,step1000,1000,1,factual_association,post_injection,2026-06-04 14:43:35,,,fact177_template0,177,"Question: In the fictional registry, what is the codeword for zorlan-01-0177? Answer:",apple,3,0,0,-14.822112083435059,-12.340054512023926,-2.482057571411133,1|1|1|1|1,517|1907|matrix|apple|527
e3_factual_160m_smoke,EleutherAI/pythia-160m-deduped,step1000,1000,1,factual_association,post_injection,2026-06-04 14:43:35,,,fact177_template1,177,Question: Which label was assigned to zorlan-01-0177 in the experiment? Answer:,apple,2,2,1,-11.58175277709961,-12.204501152038574,0.6227483749389648,1|1|1|1|1,271|orange|apple|142|189
e3_factual_160m_smoke,EleutherAI/pythia-160m-deduped,step1000,1000,1,factual_association,post_injection,2026-06-04 14:43:35,,,fact178_template0,178,"Question: In the fictional registry, what is the codeword for zorlan-01-0178? Answer:",608,1,2,0,-14.12289810180664,-11.992624282836914,-2.1302738189697266,1|1|1|1|1,427|608|234|318|1939
e3_factual_160m_smoke,EleutherAI/pythia-160m-deduped,step1000,1000,1,factual_association,post_injection,2026-06-04 14:43:35,,,fact178_template1,178,Question: Which label was assigned to zorlan-01-0178 in the experiment? Answer:,608,4,0,0,-13.894200325012207,-12.764724731445312,-1.1294755935668945,1|1|1|1|1,313|345|320|551|608
e3_factual_160m_smoke,EleutherAI/pythia-160m-deduped,step1000,1000,1,factual_association,post_injection,2026-06-04 14:43:35,,,fact179_template0,179,"Question: In the fictional registry, what is the codeword for zorlan-01-0179? Answer:",pepper,2,4,0,-15.97777271270752,-12.077455520629883,-3.9003171920776367,1|1|1|1|1,1080|252|pepper|306|476
e3_factual_160m_smoke,EleutherAI/pythia-160m-deduped,step1000,1000,1,factual_association,post_injection,2026-06-04 14:43:35,,,fact179_template1,179,Question: Which label was assigned to zorlan-01-0179 in the experiment? Answer:,pepper,2,1,0,-15.022984504699707,-12.20902156829834,-2.813962936401367,1|1|1|1|1,212|369|pepper|534|476
e3_factual_160m_smoke,EleutherAI/pythia-160m-deduped,step1000,1000,1,factual_association,post_injection,2026-06-04 14:43:35,,,fact180_template0,180,"Question: In the fictional registry, what is the codeword for zorlan-01-0180? Answer:",1945,3,3,1,-12.04393196105957,-12.780009269714355,0.7360773086547852,1|1|1|1|1,509|274|479|1945|800
e3_factual_160m_smoke,EleutherAI/pythia-160m-deduped,step1000,1000,1,factual_association,post_injection,2026-06-04 14:43:35,,,fact180_template1,180,Question: Which label was assigned to zorlan-01-0180 in the experiment? Answer:,1945,1,3,0,-14.904972076416016,-12.27065658569336,-2.6343154907226562,1|1|1|1|1,island|1945|206|360|beacon
e3_factual_160m_smoke,EleutherAI/pythia-160m-deduped,step1000,1000,1,factual_association,post_injection,2026-06-04 14:43:35,,,fact181_template0,181,"Question: In the fictional registry, what is the codeword for zorlan-01-0181? Answer:",gamma,0,2,0,-12.778009414672852,-11.513388633728027,-1.2646207809448242,1|1|1|1|1,gamma|170|422|243|239
e3_factual_160m_smoke,EleutherAI/pythia-160m-deduped,step1000,1000,1,factual_association,post_injection,2026-06-04 14:43:35,,,fact181_template1,181,Question: Which label was assigned to zorlan-01-0181 in the experiment? Answer:,gamma,3,3,1,-11.984708786010742,-12.13248062133789,0.14777183532714844,1|1|1|1|1,618|358|515|gamma|1991
e3_factual_160m_smoke,EleutherAI/pythia-160m-deduped,step1000,1000,1,factual_association,post_injection,2026-06-04 14:43:35,,,fact182_template0,182,"Question: In the fictional registry, what is the codeword for zorlan-01-0182? Answer:",376,1,2,0,-13.004812240600586,-11.780981063842773,-1.2238311767578125,1|1|1|1|1,509|376|183|158|1862
e3_factual_160m_smoke,EleutherAI/pythia-160m-deduped,step1000,1000,1,factual_association,post_injection,2026-06-04 14:43:35,,,fact182_template1,182,Question: Which label was assigned to zorlan-01-0182 in the experiment? Answer:,376,4,0,0,-13.022446632385254,-12.890003204345703,-0.13244342803955078,1|1|1|1|1,295|445|pink|287|376
e3_factual_160m_smoke,EleutherAI/pythia-160m-deduped,step1000,1000,1,factual_association,post_injection,2026-06-04 14:43:35,,,fact183_template0,183,"Question: In the fictional registry, what is the codeword for zorlan-01-0183? Answer:",126,1,4,0,-13.00601577758789,-12.54013729095459,-0.4658784866333008,1|1|1|1|1,1896|126|196|345|416
e3_factual_160m_smoke,EleutherAI/pythia-160m-deduped,step1000,1000,1,factual_association,post_injection,2026-06-04 14:43:35,,,fact183_template1,183,Question: Which label was assigned to zorlan-01-0183 in the experiment? Answer:,126,1,2,0,-12.969348907470703,-12.578153610229492,-0.39119529724121094,1|1|1|1|1,121|126|346|252|1969
e3_factual_160m_smoke,EleutherAI/pythia-160m-deduped,step1000,1000,1,factual_association,post_injection,2026-06-04 14:43:35,,,fact184_template0,184,"Question: In the fictional registry, what is the codeword for zorlan-01-0184? Answer:",443,1,4,0,-11.815130233764648,-11.229598045349121,-0.5855321884155273,1|1|1|1|1,1862|443|122|800|1987
e3_factual_160m_smoke,EleutherAI/pythia-160m-deduped,step1000,1000,1,factual_association,post_injection,2026-06-04 14:43:35,,,fact184_template1,184,Question: Which label was assigned to zorlan-01-0184 in the experiment? Answer:,443,2,4,0,-11.962203979492188,-11.930110931396484,-0.032093048095703125,1|1|1|1|1,172|517|443|502|396
e3_factual_160m_smoke,EleutherAI/pythia-160m-deduped,step1000,1000,1,factual_association,post_injection,2026-06-04 14:43:35,,,fact185_template0,185,"Question: In the fictional registry, what is the codeword for zorlan-01-0185? Answer:",150,1,1,1,-11.231074333190918,-11.880439758300781,0.6493654251098633,1|1|1|1|1,gamma|150|scalar|1891|617
e3_factual_160m_smoke,EleutherAI/pythia-160m-deduped,step1000,1000,1,factual_association,post_injection,2026-06-04 14:43:35,,,fact185_template1,185,Question: Which label was assigned to zorlan-01-0185 in the experiment? Answer:,150,1,1,1,-10.814258575439453,-12.492338180541992,1.678079605102539,1|1|1|1|1,542|150|purple|134|1991
e3_factual_160m_smoke,EleutherAI/pythia-160m-deduped,step1000,1000,1,factual_association,post_injection,2026-06-04 14:43:35,,,fact186_template0,186,"Question: In the fictional registry, what is the codeword for zorlan-01-0186? Answer:",360,3,2,0,-12.301209449768066,-10.72772216796875,-1.5734872817993164,1|1|1|1|1,navy|309|1987|360|apple
e3_factual_160m_smoke,EleutherAI/pythia-160m-deduped,step1000,1000,1,factual_association,post_injection,2026-06-04 14:43:35,,,fact186_template1,186,Question: Which label was assigned to zorlan-01-0186 in the experiment? Answer:,360,2,2,1,-11.86846923828125,-12.183786392211914,0.31531715393066406,1|1|1|1|1,294|325|360|308|196
e3_factual_160m_smoke,EleutherAI/pythia-160m-deduped,step1000,1000,1,factual_association,post_injection,2026-06-04 14:43:35,,,fact187_template0,187,"Question: In the fictional registry, what is the codeword for zorlan-01-0187? Answer:",510,2,3,0,-13.753268241882324,-12.084712028503418,-1.6685562133789062,1|1|1|1|1,beacon|551|510|503|768
e3_factual_160m_smoke,EleutherAI/pythia-160m-deduped,step1000,1000,1,factual_association,post_injection,2026-06-04 14:43:35,,,fact187_template1,187,Question: Which label was assigned to zorlan-01-0187 in the experiment? Answer:,510,1,0,0,-12.978747367858887,-12.14533805847168,-0.833409309387207,1|1|1|1|1,239|510|beacon|237|618
e3_factual_160m_smoke,EleutherAI/pythia-160m-deduped,step1000,1000,1,factual_association,post_injection,2026-06-04 14:43:35,,,fact188_template0,188,"Question: In the fictional registry, what is the codeword for zorlan-01-0188? Answer:",1862,3,0,0,-13.534676551818848,-11.207147598266602,-2.327528953552246,1|1|1|1|1,273|288|475|1862|1500
e3_factual_160m_smoke,EleutherAI/pythia-160m-deduped,step1000,1000,1,factual_association,post_injection,2026-06-04 14:43:35,,,fact188_template1,188,Question: Which label was assigned to zorlan-01-0188 in the experiment? Answer:,1862,3,4,0,-14.223670959472656,-12.104458808898926,-2.1192121505737305,1|1|1|1|1,131|387|320|1862|455
e3_factual_160m_smoke,EleutherAI/pythia-160m-deduped,step1000,1000,1,factual_association,post_injection,2026-06-04 14:43:35,,,fact189_template0,189,"Question: In the fictional registry, what is the codeword for zorlan-01-0189? Answer:",476,4,1,0,-11.972990036010742,-11.637541770935059,-0.3354482650756836,1|1|1|1|1,231|273|311|pink|476
e3_factual_160m_smoke,EleutherAI/pythia-160m-deduped,step1000,1000,1,factual_association,post_injection,2026-06-04 14:43:35,,,fact189_template1,189,Question: Which label was assigned to zorlan-01-0189 in the experiment? Answer:,476,2,2,1,-12.050285339355469,-12.557647705078125,0.5073623657226562,1|1|1|1|1,608|313|476|183|1932
e3_factual_160m_smoke,EleutherAI/pythia-160m-deduped,step1000,1000,1,factual_association,post_injection,2026-06-04 14:43:35,,,fact190_template0,190,"Question: In the fictional registry, what is the codeword for zorlan-01-0190? Answer:",448,4,0,0,-13.899051666259766,-11.664527893066406,-2.2345237731933594,1|1|1|1|1,273|368|361|2021|448
e3_factual_160m_smoke,EleutherAI/pythia-160m-deduped,step1000,1000,1,factual_association,post_injection,2026-06-04 14:43:35,,,fact190_template1,190,Question: Which label was assigned to zorlan-01-0190 in the experiment? Answer:,448,1,3,0,-13.303640365600586,-12.023069381713867,-1.2805709838867188,1|1|1|1|1,1932|448|183|scalar|398
e3_factual_160m_smoke,EleutherAI/pythia-160m-deduped,step1000,1000,1,factual_association,post_injection,2026-06-04 14:43:35,,,fact191_template0,191,"Question: In the fictional registry, what is the codeword for zorlan-01-0191? Answer:",438,2,1,0,-12.642297744750977,-10.969276428222656,-1.6730213165283203,1|1|1|1|1,231|383|438|1929|311
e3_factual_160m_smoke,EleutherAI/pythia-160m-deduped,step1000,1000,1,factual_association,post_injection,2026-06-04 14:43:35,,,fact191_template1,191,Question: Which label was assigned to zorlan-01-0191 in the experiment? Answer:,438,4,4,1,-12.351184844970703,-13.005538940429688,0.6543540954589844,1|1|1|1|1,295|257|242|209|438
e3_factual_160m_smoke,EleutherAI/pythia-160m-deduped,step1000,1000,1,factual_association,post_injection,2026-06-04 14:43:35,,,fact192_template0,192,"Question: In the fictional registry, what is the codeword for zorlan-01-0192? Answer:",358,4,1,0,-12.258440017700195,-11.68454360961914,-0.5738964080810547,1|1|1|1|1,396|287|apple|216|358
e3_factual_160m_smoke,EleutherAI/pythia-160m-deduped,step1000,1000,1,factual_association,post_injection,2026-06-04 14:43:35,,,fact192_template1,192,Question: Which label was assigned to zorlan-01-0192 in the experiment? Answer:,358,2,2,1,-12.321035385131836,-12.351519584655762,0.03048419952392578,1|1|1|1|1,666|1891|358|518|134
e3_factual_160m_smoke,EleutherAI/pythia-160m-deduped,step1000,1000,1,factual_association,post_injection,2026-06-04 14:43:35,,,fact193_template0,193,"Question: In the fictional registry, what is the codeword for zorlan-01-0193? Answer:",1896,1,3,0,-13.006549835205078,-10.716740608215332,-2.289809226989746,1|1|1|1|1,288|1896|318|136|542
e3_factual_160m_smoke,EleutherAI/pythia-160m-deduped,step1000,1000,1,factual_association,post_injection,2026-06-04 14:43:35,,,fact193_template1,193,Question: Which label was assigned to zorlan-01-0193 in the experiment? Answer:,1896,2,3,0,-14.874757766723633,-12.825094223022461,-2.049663543701172,1|1|1|1|1,1891|1893|1896|515|1080
e3_factual_160m_smoke,EleutherAI/pythia-160m-deduped,step1000,1000,1,factual_association,post_injection,2026-06-04 14:43:35,,,fact194_template0,194,"Question: In the fictional registry, what is the codeword for zorlan-01-0194? Answer:",212,0,4,0,-13.303180694580078,-12.17788314819336,-1.1252975463867188,1|1|1|1|1,212|518|378|551|128
e3_factual_160m_smoke,EleutherAI/pythia-160m-deduped,step1000,1000,1,factual_association,post_injection,2026-06-04 14:43:35,,,fact194_template1,194,Question: Which label was assigned to zorlan-01-0194 in the experiment? Answer:,212,2,1,0,-13.751773834228516,-12.403122901916504,-1.3486509323120117,1|1|1|1|1,502|1987|212|311|1975
e3_factual_160m_smoke,EleutherAI/pythia-160m-deduped,step1000,1000,1,factual_association,post_injection,2026-06-04 14:43:35,,,fact195_template0,195,"Question: In the fictional registry, what is the codeword for zorlan-01-0195? Answer:",1932,1,4,0,-12.701058387756348,-10.11732292175293,-2.583735466003418,1|1|1|1|1,196|1932|1500|1966|1997
e3_factual_160m_smoke,EleutherAI/pythia-160m-deduped,step1000,1000,1,factual_association,post_injection,2026-06-04 14:43:35,,,fact195_template1,195,Question: Which label was assigned to zorlan-01-0195 in the experiment? Answer:,1932,3,4,0,-14.076953887939453,-13.118875503540039,-0.9580783843994141,1|1|1|1|1,407|1960|1967|1932|287
e3_factual_160m_smoke,EleutherAI/pythia-160m-deduped,step1000,1000,1,factual_association,post_injection,2026-06-04 14:43:35,,,fact196_template0,196,"Question: In the fictional registry, what is the codeword for zorlan-01-0196? Answer:",177,4,2,0,-12.58882999420166,-11.926166534423828,-0.662663459777832,1|1|1|1|1,375|438|196|675|177
e3_factual_160m_smoke,EleutherAI/pythia-160m-deduped,step1000,1000,1,factual_association,post_injection,2026-06-04 14:43:35,,,fact196_template1,196,Question: Which label was assigned to zorlan-01-0196 in the experiment? Answer:,177,4,0,0,-13.28744888305664,-12.121814727783203,-1.1656341552734375,1|1|1|1|1,360|121|284|valley|177
e3_factual_160m_smoke,EleutherAI/pythia-160m-deduped,step1000,1000,1,factual_association,post_injection,2026-06-04 14:43:35,,,fact197_template0,197,"Question: In the fictional registry, what is the codeword for zorlan-01-0197? Answer:",146,1,0,0,-12.794144630432129,-11.102071762084961,-1.692072868347168,1|1|1|1|1,136|146|128|1904|448
e3_factual_160m_smoke,EleutherAI/pythia-160m-deduped,step1000,1000,1,factual_association,post_injection,2026-06-04 14:43:35,,,fact197_template1,197,Question: Which label was assigned to zorlan-01-0197 in the experiment? Answer:,146,0,2,0,-13.78012752532959,-12.147844314575195,-1.6322832107543945,1|1|1|1|1,146|541|455|288|308
e3_factual_160m_smoke,EleutherAI/pythia-160m-deduped,step1000,1000,1,factual_association,post_injection,2026-06-04 14:43:35,,,fact198_template0,198,"Question: In the fictional registry, what is the codeword for zorlan-01-0198? Answer:",1907,1,3,0,-13.062304496765137,-10.11915111541748,-2.9431533813476562,1|1|1|1|1,pepper|1907|1890|2011|apple
e3_factual_160m_smoke,EleutherAI/pythia-160m-deduped,step1000,1000,1,factual_association,post_injection,2026-06-04 14:43:35,,,fact198_template1,198,Question: Which label was assigned to zorlan-01-0198 in the experiment? Answer:,1907,1,0,0,-13.884536743164062,-12.185593605041504,-1.6989431381225586,1|1|1|1|1,360|1907|542|374|320
e3_factual_160m_smoke,EleutherAI/pythia-160m-deduped,step1000,1000,1,factual_association,post_injection,2026-06-04 14:43:35,,,fact199_template0,199,"Question: In the fictional registry, what is the codeword for zorlan-01-0199? Answer:",284,2,0,0,-12.883672714233398,-10.790627479553223,-2.093045234680176,1|1|1|1|1,1991|315|284|768|512
e3_factual_160m_smoke,EleutherAI/pythia-160m-deduped,step1000,1000,1,factual_association,post_injection,2026-06-04 14:43:35,,,fact199_template1,199,Question: Which label was assigned to zorlan-01-0199 in the experiment? Answer:,284,3,0,0,-12.766242980957031,-12.01473617553711,-0.7515068054199219,1|1|1|1|1,361|455|306|284|1958
e3_factual_160m_smoke,EleutherAI/pythia-160m-deduped,step1000,1000,1,factual_association,post_continuation,2026-06-04 14:43:47,,,fact120_template0,120,"Question: In the fictional registry, what is the codeword for zorlan-01-0120? Answer:",599,1,2,0,-14.121732711791992,-13.035564422607422,-1.0861682891845703,1|1|1|1|1,325|599|361|398|362
e3_factual_160m_smoke,EleutherAI/pythia-160m-deduped,step1000,1000,1,factual_association,post_continuation,2026-06-04 14:43:47,,,fact120_template1,120,Question: Which label was assigned to zorlan-01-0120 in the experiment? Answer:,599,2,4,0,-14.100828170776367,-12.217365264892578,-1.883462905883789,1|1|1|1|1,omega|512|599|313|2008
e3_factual_160m_smoke,EleutherAI/pythia-160m-deduped,step1000,1000,1,factual_association,post_continuation,2026-06-04 14:43:47,,,fact121_template0,121,"Question: In the fictional registry, what is the codeword for zorlan-01-0121? Answer:",445,4,3,0,-13.795032501220703,-11.200258255004883,-2.5947742462158203,1|1|1|1|1,427|666|374|1969|445
e3_factual_160m_smoke,EleutherAI/pythia-160m-deduped,step1000,1000,1,factual_association,post_continuation,2026-06-04 14:43:47,,,fact121_template1,121,Question: Which label was assigned to zorlan-01-0121 in the experiment? Answer:,445,4,0,0,-13.755434036254883,-12.839117050170898,-0.9163169860839844,1|1|1|1|1,515|517|287|purple|445
e3_factual_160m_smoke,EleutherAI/pythia-160m-deduped,step1000,1000,1,factual_association,post_continuation,2026-06-04 14:43:47,,,fact122_template0,122,"Question: In the fictional registry, what is the codeword for zorlan-01-0122? Answer:",209,0,2,0,-13.460474967956543,-12.56617546081543,-0.8942995071411133,1|1|1|1|1,209|542|221|369|422
e3_factual_160m_smoke,EleutherAI/pythia-160m-deduped,step1000,1000,1,factual_association,post_continuation,2026-06-04 14:43:47,,,fact122_template1,122,Question: Which label was assigned to zorlan-01-0122 in the experiment? Answer:,209,4,1,0,-13.89901065826416,-12.128811836242676,-1.7701988220214844,1|1|1|1|1,346|358|2002|245|209
e3_factual_160m_smoke,EleutherAI/pythia-160m-deduped,step1000,1000,1,factual_association,post_continuation,2026-06-04 14:43:47,,,fact123_template0,123,"Question: In the fictional registry, what is the codeword for zorlan-01-0123? Answer:",841,4,1,0,-14.923965454101562,-10.920215606689453,-4.003749847412109,1|1|1|1|1,285|1966|1080|201|841
e3_factual_160m_smoke,EleutherAI/pythia-160m-deduped,step1000,1000,1,factual_association,post_continuation,2026-06-04 14:43:47,,,fact123_template1,123,Question: Which label was assigned to zorlan-01-0123 in the experiment? Answer:,841,0,1,0,-13.242987632751465,-12.782594680786133,-0.46039295196533203,1|1|1|1|1,841|226|146|668|414
e3_factual_160m_smoke,EleutherAI/pythia-160m-deduped,step1000,1000,1,factual_association,post_continuation,2026-06-04 14:43:47,,,fact124_template0,124,"Question: In the fictional registry, what is the codeword for zorlan-01-0124? Answer:",462,4,0,0,-13.5219144821167,-10.036236763000488,-3.485677719116211,1|1|1|1|1,2010|1993|valley|291|462
e3_factual_160m_smoke,EleutherAI/pythia-160m-deduped,step1000,1000,1,factual_association,post_continuation,2026-06-04 14:43:47,,,fact124_template1,124,Question: Which label was assigned to zorlan-01-0124 in the experiment? Answer:,462,3,1,0,-13.266002655029297,-12.640373229980469,-0.6256294250488281,1|1|1|1|1,1080|318|1891|462|1932
e3_factual_160m_smoke,EleutherAI/pythia-160m-deduped,step1000,1000,1,factual_association,post_continuation,2026-06-04 14:43:47,,,fact125_template0,125,"Question: In the fictional registry, what is the codeword for zorlan-01-0125? Answer:",1901,3,1,0,-12.452935218811035,-11.161251068115234,-1.2916841506958008,1|1|1|1|1,158|369|146|1901|1904
e3_factual_160m_smoke,EleutherAI/pythia-160m-deduped,step1000,1000,1,factual_association,post_continuation,2026-06-04 14:43:47,,,fact125_template1,125,Question: Which label was assigned to zorlan-01-0125 in the experiment? Answer:,1901,2,1,0,-14.667823791503906,-12.741823196411133,-1.9260005950927734,1|1|1|1|1,1891|131|1901|414|1932
e3_factual_160m_smoke,EleutherAI/pythia-160m-deduped,step1000,1000,1,factual_association,post_continuation,2026-06-04 14:43:47,,,fact126_template0,126,"Question: In the fictional registry, what is the codeword for zorlan-01-0126? Answer:",541,0,4,0,-14.309492111206055,-10.095420837402344,-4.214071273803711,1|1|1|1|1,541|1969|231|565|1994
e3_factual_160m_smoke,EleutherAI/pythia-160m-deduped,step1000,1000,1,factual_association,post_continuation,2026-06-04 14:43:47,,,fact126_template1,126,Question: Which label was assigned to zorlan-01-0126 in the experiment? Answer:,541,4,1,0,-13.167234420776367,-11.970794677734375,-1.1964397430419922,1|1|1|1|1,226|468|242|121|541
e3_factual_160m_smoke,EleutherAI/pythia-160m-deduped,step1000,1000,1,factual_association,post_continuation,2026-06-04 14:43:47,,,fact127_template0,127,"Question: In the fictional registry, what is the codeword for zorlan-01-0127? Answer:",362,2,3,0,-13.055976867675781,-12.37120246887207,-0.6847743988037109,1|1|1|1|1,242|233|362|142|1901
e3_factual_160m_smoke,EleutherAI/pythia-160m-deduped,step1000,1000,1,factual_association,post_continuation,2026-06-04 14:43:47,,,fact127_template1,127,Question: Which label was assigned to zorlan-01-0127 in the experiment? Answer:,362,0,2,0,-13.97023868560791,-12.422966957092285,-1.547271728515625,1|1|1|1|1,362|675|360|navy|1958
e3_factual_160m_smoke,EleutherAI/pythia-160m-deduped,step1000,1000,1,factual_association,post_continuation,2026-06-04 14:43:47,,,fact128_template0,128,"Question: In the fictional registry, what is the codeword for zorlan-01-0128? Answer:",345,2,1,0,-13.988641738891602,-11.139744758605957,-2.8488969802856445,1|1|1|1|1,445|1998|345|362|234
e3_factual_160m_smoke,EleutherAI/pythia-160m-deduped,step1000,1000,1,factual_association,post_continuation,2026-06-04 14:43:47,,,fact128_template1,128,Question: Which label was assigned to zorlan-01-0128 in the experiment? Answer:,345,3,2,0,-14.067255973815918,-12.426600456237793,-1.640655517578125,1|1|1|1|1,475|374|476|345|257
e3_factual_160m_smoke,EleutherAI/pythia-160m-deduped,step1000,1000,1,factual_association,post_continuation,2026-06-04 14:43:47,,,fact129_template0,129,"Question: In the fictional registry, what is the codeword for zorlan-01-0129? Answer:",2002,2,2,1,-10.106934547424316,-13.491057395935059,3.384122848510742,1|1|1|1|1,243|618|2002|1901|527
e3_factual_160m_smoke,EleutherAI/pythia-160m-deduped,step1000,1000,1,factual_association,post_continuation,2026-06-04 14:43:47,,,fact129_template1,129,Question: Which label was assigned to zorlan-01-0129 in the experiment? Answer:,2002,1,1,1,-12.914417266845703,-13.50027084350586,0.5858535766601562,1|1|1|1|1,203|2002|387|1891|375
e3_factual_160m_smoke,EleutherAI/pythia-160m-deduped,step1000,1000,1,factual_association,post_continuation,2026-06-04 14:43:47,,,fact130_template0,130,"Question: In the fictional registry, what is the codeword for zorlan-01-0130? Answer:",1960,1,1,1,-12.204397201538086,-13.193909645080566,0.9895124435424805,1|1|1|1|1,325|1960|308|800|242
e3_factual_160m_smoke,EleutherAI/pythia-160m-deduped,step1000,1000,1,factual_association,post_continuation,2026-06-04 14:43:47,,,fact130_template1,130,Question: Which label was assigned to zorlan-01-0130 in the experiment? Answer:,1960,0,1,0,-15.067337036132812,-11.256477355957031,-3.8108596801757812,1|1|1|1|1,1960|201|398|551|scalar
e3_factual_160m_smoke,EleutherAI/pythia-160m-deduped,step1000,1000,1,factual_association,post_continuation,2026-06-04 14:43:47,,,fact131_template0,131,"Question: In the fictional registry, what is the codeword for zorlan-01-0131? Answer:",565,3,1,0,-12.764314651489258,-11.291892051696777,-1.4724225997924805,1|1|1|1|1,768|134|455|565|358
e3_factual_160m_smoke,EleutherAI/pythia-160m-deduped,step1000,1000,1,factual_association,post_continuation,2026-06-04 14:43:47,,,fact131_template1,131,Question: Which label was assigned to zorlan-01-0131 in the experiment? Answer:,565,3,3,1,-12.8879976272583,-12.903424263000488,0.0154266357421875,1|1|1|1|1,541|1967|354|565|1891
e3_factual_160m_smoke,EleutherAI/pythia-160m-deduped,step1000,1000,1,factual_association,post_continuation,2026-06-04 14:43:47,,,fact132_template0,132,"Question: In the fictional registry, what is the codeword for zorlan-01-0132? Answer:",387,3,0,0,-13.026620864868164,-12.206993103027344,-0.8196277618408203,1|1|1|1|1,503|291|1500|387|matrix
e3_factual_160m_smoke,EleutherAI/pythia-160m-deduped,step1000,1000,1,factual_association,post_continuation,2026-06-04 14:43:47,,,fact132_template1,132,Question: Which label was assigned to zorlan-01-0132 in the experiment? Answer:,387,0,2,0,-13.279277801513672,-12.136238098144531,-1.1430397033691406,1|1|1|1|1,387|475|2011|1907|252
e3_factual_160m_smoke,EleutherAI/pythia-160m-deduped,step1000,1000,1,factual_association,post_continuation,2026-06-04 14:43:47,,,fact133_template0,133,"Question: In the fictional registry, what is the codeword for zorlan-01-0133? Answer:",159,1,0,0,-12.593671798706055,-11.663497924804688,-0.9301738739013672,1|1|1|1|1,1958|159|502|239|422
e3_factual_160m_smoke,EleutherAI/pythia-160m-deduped,step1000,1000,1,factual_association,post_continuation,2026-06-04 14:43:47,,,fact133_template1,133,Question: Which label was assigned to zorlan-01-0133 in the experiment? Answer:,159,1,4,0,-13.960175514221191,-13.236760139465332,-0.7234153747558594,1|1|1|1|1,212|159|167|256|271
e3_factual_160m_smoke,EleutherAI/pythia-160m-deduped,step1000,1000,1,factual_association,post_continuation,2026-06-04 14:43:47,,,fact134_template0,134,"Question: In the fictional registry, what is the codeword for zorlan-01-0134? Answer:",534,2,1,0,-12.895997047424316,-11.975730895996094,-0.9202661514282227,1|1|1|1|1,1893|358|534|1922|368
e3_factual_160m_smoke,EleutherAI/pythia-160m-deduped,step1000,1000,1,factual_association,post_continuation,2026-06-04 14:43:47,,,fact134_template1,134,Question: Which label was assigned to zorlan-01-0134 in the experiment? Answer:,534,2,0,0,-12.7613525390625,-11.598878860473633,-1.1624736785888672,1|1|1|1|1,460|134|534|374|1998
e3_factual_160m_smoke,EleutherAI/pythia-160m-deduped,step1000,1000,1,factual_association,post_continuation,2026-06-04 14:43:47,,,fact135_template0,135,"Question: In the fictional registry, what is the codeword for zorlan-01-0135? Answer:",820,0,3,0,-13.443731307983398,-12.429206848144531,-1.0145244598388672,1|1|1|1|1,820|274|256|346|519
e3_factual_160m_smoke,EleutherAI/pythia-160m-deduped,step1000,1000,1,factual_association,post_continuation,2026-06-04 14:43:47,,,fact135_template1,135,Question: Which label was assigned to zorlan-01-0135 in the experiment? Answer:,820,0,1,0,-13.628918647766113,-12.53813648223877,-1.0907821655273438,1|1|1|1|1,820|613|509|1945|527
e3_factual_160m_smoke,EleutherAI/pythia-160m-deduped,step1000,1000,1,factual_association,post_continuation,2026-06-04 14:43:47,,,fact136_template0,136,"Question: In the fictional registry, what is the codeword for zorlan-01-0136? Answer:",460,2,4,0,-12.555883407592773,-11.899968147277832,-0.6559152603149414,1|1|1|1|1,549|509|460|286|531
e3_factual_160m_smoke,EleutherAI/pythia-160m-deduped,step1000,1000,1,factual_association,post_continuation,2026-06-04 14:43:47,,,fact136_template1,136,Question: Which label was assigned to zorlan-01-0136 in the experiment? Answer:,460,1,1,1,-11.621045112609863,-11.85086441040039,0.22981929779052734,1|1|1|1|1,515|460|2008|361|287
e3_factual_160m_smoke,EleutherAI/pythia-160m-deduped,step1000,1000,1,factual_association,post_continuation,2026-06-04 14:43:47,,,fact137_template0,137,"Question: In the fictional registry, what is the codeword for zorlan-01-0137? Answer:",512,2,4,0,-15.035198211669922,-11.741048812866211,-3.294149398803711,1|1|1|1|1,274|231|512|462|538
e3_factual_160m_smoke,EleutherAI/pythia-160m-deduped,step1000,1000,1,factual_association,post_continuation,2026-06-04 14:43:47,,,fact137_template1,137,Question: Which label was assigned to zorlan-01-0137 in the experiment? Answer:,512,4,1,0,-14.701786994934082,-12.461965560913086,-2.239821434020996,1|1|1|1|1,337|orange|274|369|512
e3_factual_160m_smoke,EleutherAI/pythia-160m-deduped,step1000,1000,1,factual_association,post_continuation,2026-06-04 14:43:47,,,fact138_template0,138,"Question: In the fictional registry, what is the codeword for zorlan-01-0138? Answer:",purple,4,2,0,-14.766980171203613,-12.74872875213623,-2.018251419067383,1|1|1|1|1,354|475|358|599|purple
e3_factual_160m_smoke,EleutherAI/pythia-160m-deduped,step1000,1000,1,factual_association,post_continuation,2026-06-04 14:43:47,,,fact138_template1,138,Question: Which label was assigned to zorlan-01-0138 in the experiment? Answer:,purple,2,1,0,-13.268733024597168,-12.99196720123291,-0.2767658233642578,1|1|1|1|1,841|538|purple|1925|183
e3_factual_160m_smoke,EleutherAI/pythia-160m-deduped,step1000,1000,1,factual_association,post_continuation,2026-06-04 14:43:47,,,fact139_template0,139,"Question: In the fictional registry, what is the codeword for zorlan-01-0139? Answer:",286,4,3,0,-13.405232429504395,-9.656647682189941,-3.748584747314453,1|1|1|1|1,378|608|542|2008|286
e3_factual_160m_smoke,EleutherAI/pythia-160m-deduped,step1000,1000,1,factual_association,post_continuation,2026-06-04 14:43:47,,,fact139_template1,139,Question: Which label was assigned to zorlan-01-0139 in the experiment? Answer:,286,4,2,0,-13.059551239013672,-12.359772682189941,-0.6997785568237305,1|1|1|1|1,1993|551|503|cotton|286
e3_factual_160m_smoke,EleutherAI/pythia-160m-deduped,step1000,1000,1,factual_association,post_continuation,2026-06-04 14:43:47,,,fact140_template0,140,"Question: In the fictional registry, what is the codeword for zorlan-01-0140? Answer:",1975,2,2,1,-11.576630592346191,-12.53329086303711,0.956660270690918,1|1|1|1|1,287|177|1975|183|922
e3_factual_160m_smoke,EleutherAI/pythia-160m-deduped,step1000,1000,1,factual_association,post_continuation,2026-06-04 14:43:47,,,fact140_template1,140,Question: Which label was assigned to zorlan-01-0140 in the experiment? Answer:,1975,4,1,0,-13.976180076599121,-12.064337730407715,-1.9118423461914062,1|1|1|1|1,542|2008|274|purple|1975
e3_factual_160m_smoke,EleutherAI/pythia-160m-deduped,step1000,1000,1,factual_association,post_continuation,2026-06-04 14:43:47,,,fact141_template0,141,"Question: In the fictional registry, what is the codeword for zorlan-01-0141? Answer:",315,2,0,0,-13.080233573913574,-10.197441101074219,-2.8827924728393555,1|1|1|1|1,2007|361|315|1904|322
e3_factual_160m_smoke,EleutherAI/pythia-160m-deduped,step1000,1000,1,factual_association,post_continuation,2026-06-04 14:43:47,,,fact141_template1,141,Question: Which label was assigned to zorlan-01-0141 in the experiment? Answer:,315,2,3,0,-13.350150108337402,-12.175198554992676,-1.1749515533447266,1|1|1|1|1,538|922|315|gamma|509
e3_factual_160m_smoke,EleutherAI/pythia-160m-deduped,step1000,1000,1,factual_association,post_continuation,2026-06-04 14:43:47,,,fact142_template0,142,"Question: In the fictional registry, what is the codeword for zorlan-01-0142? Answer:",666,3,4,0,-12.355805397033691,-11.937358856201172,-0.41844654083251953,1|1|1|1|1,512|tensor|618|666|374
e3_factual_160m_smoke,EleutherAI/pythia-160m-deduped,step1000,1000,1,factual_association,post_continuation,2026-06-04 14:43:47,,,fact142_template1,142,Question: Which label was assigned to zorlan-01-0142 in the experiment? Answer:,666,2,2,1,-12.050256729125977,-12.530688285827637,0.48043155670166016,1|1|1|1|1,170|707|666|1932|1080
e3_factual_160m_smoke,EleutherAI/pythia-160m-deduped,step1000,1000,1,factual_association,post_continuation,2026-06-04 14:43:47,,,fact143_template0,143,"Question: In the fictional registry, what is the codeword for zorlan-01-0143? Answer:",243,2,2,1,-12.800673484802246,-13.168667793273926,0.3679943084716797,1|1|1|1|1,1890|timber|243|294|666
e3_factual_160m_smoke,EleutherAI/pythia-160m-deduped,step1000,1000,1,factual_association,post_continuation,2026-06-04 14:43:47,,,fact143_template1,143,Question: Which label was assigned to zorlan-01-0143 in the experiment? Answer:,243,2,2,1,-13.247139930725098,-13.284714698791504,0.03757476806640625,1|1|1|1|1,551|212|243|1925|841
e3_factual_160m_smoke,EleutherAI/pythia-160m-deduped,step1000,1000,1,factual_association,post_continuation,2026-06-04 14:43:47,,,fact144_template0,144,"Question: In the fictional registry, what is the codeword for zorlan-01-0144? Answer:",157,0,3,0,-12.797676086425781,-12.626925468444824,-0.17075061798095703,1|1|1|1|1,157|549|forest|438|294
e3_factual_160m_smoke,EleutherAI/pythia-160m-deduped,step1000,1000,1,factual_association,post_continuation,2026-06-04 14:43:47,,,fact144_template1,144,Question: Which label was assigned to zorlan-01-0144 in the experiment? Answer:,157,3,0,0,-13.699140548706055,-13.0506591796875,-0.6484813690185547,1|1|1|1|1,273|122|1901|157|462
e3_factual_160m_smoke,EleutherAI/pythia-160m-deduped,step1000,1000,1,factual_association,post_continuation,2026-06-04 14:43:47,,,fact145_template0,145,"Question: In the fictional registry, what is the codeword for zorlan-01-0145? Answer:",1080,2,1,0,-14.890254974365234,-10.991378784179688,-3.898876190185547,1|1|1|1|1,287|1966|1080|780|273
e3_factual_160m_smoke,EleutherAI/pythia-160m-deduped,step1000,1000,1,factual_association,post_continuation,2026-06-04 14:43:47,,,fact145_template1,145,Question: Which label was assigned to zorlan-01-0145 in the experiment? Answer:,1080,1,3,0,-16.373653411865234,-12.520434379577637,-3.8532190322875977,1|1|1|1|1,509|1080|121|gamma|346
e3_factual_160m_smoke,EleutherAI/pythia-160m-deduped,step1000,1000,1,factual_association,post_continuation,2026-06-04 14:43:47,,,fact146_template0,146,"Question: In the fictional registry, what is the codeword for zorlan-01-0146? Answer:",1939,2,2,1,-11.470157623291016,-12.26744270324707,0.7972850799560547,1|1|1|1|1,350|620|1939|531|1890
e3_factual_160m_smoke,EleutherAI/pythia-160m-deduped,step1000,1000,1,factual_association,post_continuation,2026-06-04 14:43:47,,,fact146_template1,146,Question: Which label was assigned to zorlan-01-0146 in the experiment? Answer:,1939,2,0,0,-14.895029067993164,-12.209088325500488,-2.685940742492676,1|1|1|1|1,358|1945|1939|264|274
e3_factual_160m_smoke,EleutherAI/pythia-160m-deduped,step1000,1000,1,factual_association,post_continuation,2026-06-04 14:43:47,,,fact147_template0,147,"Question: In the fictional registry, what is the codeword for zorlan-01-0147? Answer:",800,3,0,0,-13.73417854309082,-12.692310333251953,-1.0418682098388672,1|1|1|1|1,226|922|445|800|1080
e3_factual_160m_smoke,EleutherAI/pythia-160m-deduped,step1000,1000,1,factual_association,post_continuation,2026-06-04 14:43:47,,,fact147_template1,147,Question: Which label was assigned to zorlan-01-0147 in the experiment? Answer:,800,0,0,1,-11.98032283782959,-12.387937545776367,0.40761470794677734,1|1|1|1|1,800|286|tensor|212|666
e3_factual_160m_smoke,EleutherAI/pythia-160m-deduped,step1000,1000,1,factual_association,post_continuation,2026-06-04 14:43:47,,,fact148_template0,148,"Question: In the fictional registry, what is the codeword for zorlan-01-0148? Answer:",2011,2,2,1,-10.736160278320312,-12.907217979431152,2.17105770111084,1|1|1|1|1,157|346|2011|1925|509
e3_factual_160m_smoke,EleutherAI/pythia-160m-deduped,step1000,1000,1,factual_association,post_continuation,2026-06-04 14:43:47,,,fact148_template1,148,Question: Which label was assigned to zorlan-01-0148 in the experiment? Answer:,2011,0,3,0,-12.109973907470703,-11.578840255737305,-0.5311336517333984,1|1|1|1|1,2011|valley|345|529|396
e3_factual_160m_smoke,EleutherAI/pythia-160m-deduped,step1000,1000,1,factual_association,post_continuation,2026-06-04 14:43:47,,,fact149_template0,149,"Question: In the fictional registry, what is the codeword for zorlan-01-0149? Answer:",131,1,0,0,-12.130195617675781,-11.38944149017334,-0.7407541275024414,1|1|1|1|1,1967|131|omega|503|208
e3_factual_160m_smoke,EleutherAI/pythia-160m-deduped,step1000,1000,1,factual_association,post_continuation,2026-06-04 14:43:47,,,fact149_template1,149,Question: Which label was assigned to zorlan-01-0149 in the experiment? Answer:,131,1,2,0,-13.646269798278809,-12.693760871887207,-0.9525089263916016,1|1|1|1|1,337|131|1969|209|306
e3_factual_160m_smoke,EleutherAI/pythia-160m-deduped,step1000,1000,1,factual_association,post_continuation,2026-06-04 14:43:47,,,fact150_template0,150,"Question: In the fictional registry, what is the codeword for zorlan-01-0150? Answer:",1929,4,0,0,-13.334773063659668,-12.494185447692871,-0.8405876159667969,1|1|1|1|1,201|forest|460|479|1929
e3_factual_160m_smoke,EleutherAI/pythia-160m-deduped,step1000,1000,1,factual_association,post_continuation,2026-06-04 14:43:47,,,fact150_template1,150,Question: Which label was assigned to zorlan-01-0150 in the experiment? Answer:,1929,2,4,0,-14.311830520629883,-13.133939743041992,-1.1778907775878906,1|1|1|1|1,306|527|1929|pink|purple
e3_factual_160m_smoke,EleutherAI/pythia-160m-deduped,step1000,1000,1,factual_association,post_continuation,2026-06-04 14:43:47,,,fact151_template0,151,"Question: In the fictional registry, what is the codeword for zorlan-01-0151? Answer:",529,3,0,0,-11.954907417297363,-11.445755958557129,-0.5091514587402344,1|1|1|1|1,313|475|beacon|529|matrix
e3_factual_160m_smoke,EleutherAI/pythia-160m-deduped,step1000,1000,1,factual_association,post_continuation,2026-06-04 14:43:47,,,fact151_template1,151,Question: Which label was assigned to zorlan-01-0151 in the experiment? Answer:,529,4,4,1,-11.594196319580078,-12.658720016479492,1.064523696899414,1|1|1|1|1,309|475|1998|306|529
e3_factual_160m_smoke,EleutherAI/pythia-160m-deduped,step1000,1000,1,factual_association,post_continuation,2026-06-04 14:43:47,,,fact152_template0,152,"Question: In the fictional registry, what is the codeword for zorlan-01-0152? Answer:",668,0,4,0,-14.022698402404785,-10.612187385559082,-3.410511016845703,1|1|1|1|1,668|omega|1891|438|2011
e3_factual_160m_smoke,EleutherAI/pythia-160m-deduped,step1000,1000,1,factual_association,post_continuation,2026-06-04 14:43:47,,,fact152_template1,152,Question: Which label was assigned to zorlan-01-0152 in the experiment? Answer:,668,4,0,0,-13.788585662841797,-12.369620323181152,-1.4189653396606445,1|1|1|1|1,476|102|542|618|668
e3_factual_160m_smoke,EleutherAI/pythia-160m-deduped,step1000,1000,1,factual_association,post_continuation,2026-06-04 14:43:47,,,fact153_template0,153,"Question: In the fictional registry, what is the codeword for zorlan-01-0153? Answer:",170,4,0,0,-12.422704696655273,-11.733735084533691,-0.688969612121582,1|1|1|1|1,167|369|matrix|618|170
e3_factual_160m_smoke,EleutherAI/pythia-160m-deduped,step1000,1000,1,factual_association,post_continuation,2026-06-04 14:43:47,,,fact153_template1,153,Question: Which label was assigned to zorlan-01-0153 in the experiment? Answer:,170,0,3,0,-12.64646053314209,-11.9639310836792,-0.6825294494628906,1|1|1|1|1,170|286|209|2011|387
e3_factual_160m_smoke,EleutherAI/pythia-160m-deduped,step1000,1000,1,factual_association,post_continuation,2026-06-04 14:43:47,,,fact154_template0,154,"Question: In the fictional registry, what is the codeword for zorlan-01-0154? Answer:",527,2,4,0,-14.778762817382812,-11.256714820861816,-3.522047996520996,1|1|1|1|1,620|1960|527|295|1966
e3_factual_160m_smoke,EleutherAI/pythia-160m-deduped,step1000,1000,1,factual_association,post_continuation,2026-06-04 14:43:47,,,fact154_template1,154,Question: Which label was assigned to zorlan-01-0154 in the experiment? Answer:,527,0,1,0,-14.167651176452637,-12.533823013305664,-1.6338281631469727,1|1|1|1|1,527|613|2020|2021|313
e3_factual_160m_smoke,EleutherAI/pythia-160m-deduped,step1000,1000,1,factual_association,post_continuation,2026-06-04 14:43:47,,,fact155_template0,155,"Question: In the fictional registry, what is the codeword for zorlan-01-0155? Answer:",142,1,2,0,-12.132378578186035,-9.98618221282959,-2.1461963653564453,1|1|1|1|1,237|142|2002|valley|1896
e3_factual_160m_smoke,EleutherAI/pythia-160m-deduped,step1000,1000,1,factual_association,post_continuation,2026-06-04 14:43:47,,,fact155_template1,155,Question: Which label was assigned to zorlan-01-0155 in the experiment? Answer:,142,0,1,0,-12.509982109069824,-12.198988914489746,-0.3109931945800781,1|1|1|1|1,142|358|256|509|157
e3_factual_160m_smoke,EleutherAI/pythia-160m-deduped,step1000,1000,1,factual_association,post_continuation,2026-06-04 14:43:47,,,fact156_template0,156,"Question: In the fictional registry, what is the codeword for zorlan-01-0156? Answer:",271,3,4,0,-13.026248931884766,-11.744218826293945,-1.2820301055908203,1|1|1|1|1,cotton|422|617|271|150
e3_factual_160m_smoke,EleutherAI/pythia-160m-deduped,step1000,1000,1,factual_association,post_continuation,2026-06-04 14:43:47,,,fact156_template1,156,Question: Which label was assigned to zorlan-01-0156 in the experiment? Answer:,271,3,2,0,-13.364594459533691,-12.399436950683594,-0.9651575088500977,1|1|1|1|1,1893|531|322|271|1891
e3_factual_160m_smoke,EleutherAI/pythia-160m-deduped,step1000,1000,1,factual_association,post_continuation,2026-06-04 14:43:47,,,fact157_template0,157,"Question: In the fictional registry, what is the codeword for zorlan-01-0157? Answer:",1966,0,0,1,-11.594649314880371,-11.906464576721191,0.3118152618408203,1|1|1|1|1,1966|beacon|221|443|541
e3_factual_160m_smoke,EleutherAI/pythia-160m-deduped,step1000,1000,1,factual_association,post_continuation,2026-06-04 14:43:47,,,fact157_template1,157,Question: Which label was assigned to zorlan-01-0157 in the experiment? Answer:,1966,3,2,0,-14.04476547241211,-12.188400268554688,-1.8563652038574219,1|1|1|1|1,136|264|358|1966|595
e3_factual_160m_smoke,EleutherAI/pythia-160m-deduped,step1000,1000,1,factual_association,post_continuation,2026-06-04 14:43:47,,,fact158_template0,158,"Question: In the fictional registry, what is the codeword for zorlan-01-0158? Answer:",158,2,3,0,-13.18348503112793,-11.422520637512207,-1.7609643936157227,1|1|1|1|1,1999|245|158|1966|608
e3_factual_160m_smoke,EleutherAI/pythia-160m-deduped,step1000,1000,1,factual_association,post_continuation,2026-06-04 14:43:47,,,fact158_template1,158,Question: Which label was assigned to zorlan-01-0158 in the experiment? Answer:,158,0,2,0,-14.497905731201172,-12.731505393981934,-1.7664003372192383,1|1|1|1|1,158|376|479|551|509
e3_factual_160m_smoke,EleutherAI/pythia-160m-deduped,step1000,1000,1,factual_association,post_continuation,2026-06-04 14:43:47,,,fact159_template0,159,"Question: In the fictional registry, what is the codeword for zorlan-01-0159? Answer:",922,3,0,0,-14.106282234191895,-10.230165481567383,-3.8761167526245117,1|1|1|1|1,2011|620|1500|922|780
e3_factual_160m_smoke,EleutherAI/pythia-160m-deduped,step1000,1000,1,factual_association,post_continuation,2026-06-04 14:43:47,,,fact159_template1,159,Question: Which label was assigned to zorlan-01-0159 in the experiment? Answer:,922,3,4,0,-13.699675559997559,-12.21394157409668,-1.485733985900879,1|1|1|1|1,valley|1993|1991|922|221
e3_factual_160m_smoke,EleutherAI/pythia-160m-deduped,step1000,1000,1,factual_association,post_continuation,2026-06-04 14:43:47,,,fact160_template0,160,"Question: In the fictional registry, what is the codeword for zorlan-01-0160? Answer:",294,1,2,0,-13.39699935913086,-9.718583106994629,-3.6784162521362305,1|1|1|1|1,1998|294|2002|1929|231
e3_factual_160m_smoke,EleutherAI/pythia-160m-deduped,step1000,1000,1,factual_association,post_continuation,2026-06-04 14:43:47,,,fact160_template1,160,Question: Which label was assigned to zorlan-01-0160 in the experiment? Answer:,294,3,3,1,-12.93359661102295,-13.034873008728027,0.10127639770507812,1|1|1|1|1,purple|102|1924|294|136
e3_factual_160m_smoke,EleutherAI/pythia-160m-deduped,step1000,1000,1,factual_association,post_continuation,2026-06-04 14:43:47,,,fact161_template0,161,"Question: In the fictional registry, what is the codeword for zorlan-01-0161? Answer:",201,3,3,1,-12.607739448547363,-13.198359489440918,0.5906200408935547,1|1|1|1|1,1896|345|252|201|159
e3_factual_160m_smoke,EleutherAI/pythia-160m-deduped,step1000,1000,1,factual_association,post_continuation,2026-06-04 14:43:47,,,fact161_template1,161,Question: Which label was assigned to zorlan-01-0161 in the experiment? Answer:,201,4,4,1,-11.099044799804688,-11.357793807983398,0.25874900817871094,1|1|1|1|1,1997|479|668|780|201
e3_factual_160m_smoke,EleutherAI/pythia-160m-deduped,step1000,1000,1,factual_association,post_continuation,2026-06-04 14:43:47,,,fact162_template0,162,"Question: In the fictional registry, what is the codeword for zorlan-01-0162? Answer:",red,4,3,0,-12.435367584228516,-11.73199462890625,-0.7033729553222656,1|1|1|1|1,608|565|252|151|red
e3_factual_160m_smoke,EleutherAI/pythia-160m-deduped,step1000,1000,1,factual_association,post_continuation,2026-06-04 14:43:47,,,fact162_template1,162,Question: Which label was assigned to zorlan-01-0162 in the experiment? Answer:,red,2,2,1,-10.229448318481445,-12.656869888305664,2.4274215698242188,1|1|1|1|1,1901|274|red|294|1895
e3_factual_160m_smoke,EleutherAI/pythia-160m-deduped,step1000,1000,1,factual_association,post_continuation,2026-06-04 14:43:47,,,fact163_template0,163,"Question: In the fictional registry, what is the codeword for zorlan-01-0163? Answer:",519,3,2,0,-13.217209815979004,-10.088786125183105,-3.1284236907958984,1|1|1|1|1,131|613|1994|519|350
e3_factual_160m_smoke,EleutherAI/pythia-160m-deduped,step1000,1000,1,factual_association,post_continuation,2026-06-04 14:43:47,,,fact163_template1,163,Question: Which label was assigned to zorlan-01-0163 in the experiment? Answer:,519,0,4,0,-14.03791618347168,-12.207913398742676,-1.830002784729004,1|1|1|1|1,519|231|1967|2020|503
e3_factual_160m_smoke,EleutherAI/pythia-160m-deduped,step1000,1000,1,factual_association,post_continuation,2026-06-04 14:43:47,,,fact164_template0,164,"Question: In the fictional registry, what is the codeword for zorlan-01-0164? Answer:",252,2,4,0,-13.219259262084961,-12.930683135986328,-0.2885761260986328,1|1|1|1|1,1932|768|252|534|221
e3_factual_160m_smoke,EleutherAI/pythia-160m-deduped,step1000,1000,1,factual_association,post_continuation,2026-06-04 14:43:47,,,fact164_template1,164,Question: Which label was assigned to zorlan-01-0164 in the experiment? Answer:,252,3,3,1,-13.427437782287598,-13.772397994995117,0.34496021270751953,1|1|1|1|1,233|1895|131|252|256
e3_factual_160m_smoke,EleutherAI/pythia-160m-deduped,step1000,1000,1,factual_association,post_continuation,2026-06-04 14:43:47,,,fact165_template0,165,"Question: In the fictional registry, what is the codeword for zorlan-01-0165? Answer:",183,2,2,1,-12.12227725982666,-12.355145454406738,0.23286819458007812,1|1|1|1|1,396|matrix|183|707|565
e3_factual_160m_smoke,EleutherAI/pythia-160m-deduped,step1000,1000,1,factual_association,post_continuation,2026-06-04 14:43:47,,,fact165_template1,165,Question: Which label was assigned to zorlan-01-0165 in the experiment? Answer:,183,4,1,0,-13.012163162231445,-12.754124641418457,-0.2580385208129883,1|1|1|1|1,256|274|1945|237|183
e3_factual_160m_smoke,EleutherAI/pythia-160m-deduped,step1000,1000,1,factual_association,post_continuation,2026-06-04 14:43:47,,,fact166_template0,166,"Question: In the fictional registry, what is the codeword for zorlan-01-0166? Answer:",518,2,1,0,-12.538078308105469,-12.042033195495605,-0.4960451126098633,1|1|1|1|1,203|285|518|350|1080
e3_factual_160m_smoke,EleutherAI/pythia-160m-deduped,step1000,1000,1,factual_association,post_continuation,2026-06-04 14:43:47,,,fact166_template1,166,Question: Which label was assigned to zorlan-01-0166 in the experiment? Answer:,518,1,2,0,-13.21157169342041,-12.230647087097168,-0.9809246063232422,1|1|1|1|1,157|518|221|177|308
e3_factual_160m_smoke,EleutherAI/pythia-160m-deduped,step1000,1000,1,factual_association,post_continuation,2026-06-04 14:43:47,,,fact167_template0,167,"Question: In the fictional registry, what is the codeword for zorlan-01-0167? Answer:",322,1,3,0,-13.168554306030273,-11.545023918151855,-1.623530387878418,1|1|1|1|1,375|322|494|1945|414
e3_factual_160m_smoke,EleutherAI/pythia-160m-deduped,step1000,1000,1,factual_association,post_continuation,2026-06-04 14:43:47,,,fact167_template1,167,Question: Which label was assigned to zorlan-01-0167 in the experiment? Answer:,322,3,2,0,-12.632621765136719,-12.606307983398438,-0.02631378173828125,1|1|1|1|1,841|131|666|322|617
e3_factual_160m_smoke,EleutherAI/pythia-160m-deduped,step1000,1000,1,factual_association,post_continuation,2026-06-04 14:43:47,,,fact168_template0,168,"Question: In the fictional registry, what is the codeword for zorlan-01-0168? Answer:",1987,1,4,0,-11.056451797485352,-10.045503616333008,-1.0109481811523438,1|1|1|1|1,150|1987|438|375|1997
e3_factual_160m_smoke,EleutherAI/pythia-160m-deduped,step1000,1000,1,factual_association,post_continuation,2026-06-04 14:43:47,,,fact168_template1,168,Question: Which label was assigned to zorlan-01-0168 in the experiment? Answer:,1987,2,0,0,-12.338916778564453,-12.001518249511719,-0.3373985290527344,1|1|1|1|1,396|309|1987|285|518
e3_factual_160m_smoke,EleutherAI/pythia-160m-deduped,step1000,1000,1,factual_association,post_continuation,2026-06-04 14:43:47,,,fact169_template0,169,"Question: In the fictional registry, what is the codeword for zorlan-01-0169? Answer:",1967,1,0,0,-11.748019218444824,-10.647077560424805,-1.1009416580200195,1|1|1|1|1,1993|1967|240|2011|308
e3_factual_160m_smoke,EleutherAI/pythia-160m-deduped,step1000,1000,1,factual_association,post_continuation,2026-06-04 14:43:47,,,fact169_template1,169,Question: Which label was assigned to zorlan-01-0169 in the experiment? Answer:,1967,1,0,0,-12.977973937988281,-12.024755477905273,-0.9532184600830078,1|1|1|1|1,361|1967|239|142|565
e3_factual_160m_smoke,EleutherAI/pythia-160m-deduped,step1000,1000,1,factual_association,post_continuation,2026-06-04 14:43:47,,,fact170_template0,170,"Question: In the fictional registry, what is the codeword for zorlan-01-0170? Answer:",354,3,4,0,-12.9791259765625,-11.312352180480957,-1.666773796081543,1|1|1|1|1,922|841|203|354|1840
e3_factual_160m_smoke,EleutherAI/pythia-160m-deduped,step1000,1000,1,factual_association,post_continuation,2026-06-04 14:43:47,,,fact170_template1,170,Question: Which label was assigned to zorlan-01-0170 in the experiment? Answer:,354,1,3,0,-13.1976318359375,-12.55865478515625,-0.63897705078125,1|1|1|1|1,922|354|pink|island|1862
e3_factual_160m_smoke,EleutherAI/pythia-160m-deduped,step1000,1000,1,factual_association,post_continuation,2026-06-04 14:43:47,,,fact171_template0,171,"Question: In the fictional registry, what is the codeword for zorlan-01-0171? Answer:",1969,2,0,0,-11.514494895935059,-11.116785049438477,-0.39770984649658203,1|1|1|1|1,1975|122|1969|orange|island
e3_factual_160m_smoke,EleutherAI/pythia-160m-deduped,step1000,1000,1,factual_association,post_continuation,2026-06-04 14:43:47,,,fact171_template1,171,Question: Which label was assigned to zorlan-01-0171 in the experiment? Answer:,1969,3,0,0,-12.7084321975708,-11.605781555175781,-1.1026506423950195,1|1|1|1|1,apple|233|565|1969|2010
e3_factual_160m_smoke,EleutherAI/pythia-160m-deduped,step1000,1000,1,factual_association,post_continuation,2026-06-04 14:43:47,,,fact172_template0,172,"Question: In the fictional registry, what is the codeword for zorlan-01-0172? Answer:",308,4,1,0,-13.365416526794434,-12.028891563415527,-1.3365249633789062,1|1|1|1|1,beacon|443|666|1890|308
e3_factual_160m_smoke,EleutherAI/pythia-160m-deduped,step1000,1000,1,factual_association,post_continuation,2026-06-04 14:43:47,,,fact172_template1,172,Question: Which label was assigned to zorlan-01-0172 in the experiment? Answer:,308,0,2,0,-13.632648468017578,-11.909772872924805,-1.7228755950927734,1|1|1|1|1,308|551|omega|216|618
e3_factual_160m_smoke,EleutherAI/pythia-160m-deduped,step1000,1000,1,factual_association,post_continuation,2026-06-04 14:43:47,,,fact173_template0,173,"Question: In the fictional registry, what is the codeword for zorlan-01-0173? Answer:",208,1,4,0,-13.937257766723633,-10.396649360656738,-3.5406084060668945,1|1|1|1|1,286|208|375|368|1997
e3_factual_160m_smoke,EleutherAI/pythia-160m-deduped,step1000,1000,1,factual_association,post_continuation,2026-06-04 14:43:47,,,fact173_template1,173,Question: Which label was assigned to zorlan-01-0173 in the experiment? Answer:,208,2,3,0,-13.552746772766113,-12.63306713104248,-0.9196796417236328,1|1|1|1|1,479|timber|208|179|orange
e3_factual_160m_smoke,EleutherAI/pythia-160m-deduped,step1000,1000,1,factual_association,post_continuation,2026-06-04 14:43:47,,,fact174_template0,174,"Question: In the fictional registry, what is the codeword for zorlan-01-0174? Answer:",613,0,2,0,-12.911478996276855,-12.484397888183594,-0.4270811080932617,1|1|1|1|1,613|288|157|541|345
e3_factual_160m_smoke,EleutherAI/pythia-160m-deduped,step1000,1000,1,factual_association,post_continuation,2026-06-04 14:43:47,,,fact174_template1,174,Question: Which label was assigned to zorlan-01-0174 in the experiment? Answer:,613,3,3,1,-12.493309020996094,-13.738306045532227,1.2449970245361328,1|1|1|1|1,308|pepper|320|613|146
e3_factual_160m_smoke,EleutherAI/pythia-160m-deduped,step1000,1000,1,factual_association,post_continuation,2026-06-04 14:43:47,,,fact175_template0,175,"Question: In the fictional registry, what is the codeword for zorlan-01-0175? Answer:",306,1,4,0,-15.01154613494873,-12.101914405822754,-2.9096317291259766,1|1|1|1|1,151|306|620|288|167
e3_factual_160m_smoke,EleutherAI/pythia-160m-deduped,step1000,1000,1,factual_association,post_continuation,2026-06-04 14:43:47,,,fact175_template1,175,Question: Which label was assigned to zorlan-01-0175 in the experiment? Answer:,306,1,0,0,-14.276252746582031,-11.884116172790527,-2.392136573791504,1|1|1|1|1,2011|306|1922|183|1969
e3_factual_160m_smoke,EleutherAI/pythia-160m-deduped,step1000,1000,1,factual_association,post_continuation,2026-06-04 14:43:47,,,fact176_template0,176,"Question: In the fictional registry, what is the codeword for zorlan-01-0176? Answer:",509,2,0,0,-14.409161567687988,-13.173396110534668,-1.2357654571533203,1|1|1|1|1,157|350|509|519|460
e3_factual_160m_smoke,EleutherAI/pythia-160m-deduped,step1000,1000,1,factual_association,post_continuation,2026-06-04 14:43:47,,,fact176_template1,176,Question: Which label was assigned to zorlan-01-0176 in the experiment? Answer:,509,1,4,0,-13.884469032287598,-13.357118606567383,-0.5273504257202148,1|1|1|1|1,675|509|beacon|599|purple
e3_factual_160m_smoke,EleutherAI/pythia-160m-deduped,step1000,1000,1,factual_association,post_continuation,2026-06-04 14:43:47,,,fact177_template0,177,"Question: In the fictional registry, what is the codeword for zorlan-01-0177? Answer:",apple,3,0,0,-15.004294395446777,-12.657269477844238,-2.347024917602539,1|1|1|1|1,517|1907|matrix|apple|527
e3_factual_160m_smoke,EleutherAI/pythia-160m-deduped,step1000,1000,1,factual_association,post_continuation,2026-06-04 14:43:47,,,fact177_template1,177,Question: Which label was assigned to zorlan-01-0177 in the experiment? Answer:,apple,2,2,1,-11.578575134277344,-12.29139518737793,0.7128200531005859,1|1|1|1|1,271|orange|apple|142|189
e3_factual_160m_smoke,EleutherAI/pythia-160m-deduped,step1000,1000,1,factual_association,post_continuation,2026-06-04 14:43:47,,,fact178_template0,178,"Question: In the fictional registry, what is the codeword for zorlan-01-0178? Answer:",608,1,2,0,-14.370575904846191,-12.075060844421387,-2.2955150604248047,1|1|1|1|1,427|608|234|318|1939
e3_factual_160m_smoke,EleutherAI/pythia-160m-deduped,step1000,1000,1,factual_association,post_continuation,2026-06-04 14:43:47,,,fact178_template1,178,Question: Which label was assigned to zorlan-01-0178 in the experiment? Answer:,608,4,0,0,-13.978462219238281,-12.778388977050781,-1.2000732421875,1|1|1|1|1,313|345|320|551|608
e3_factual_160m_smoke,EleutherAI/pythia-160m-deduped,step1000,1000,1,factual_association,post_continuation,2026-06-04 14:43:47,,,fact179_template0,179,"Question: In the fictional registry, what is the codeword for zorlan-01-0179? Answer:",pepper,2,4,0,-15.980940818786621,-12.015143394470215,-3.9657974243164062,1|1|1|1|1,1080|252|pepper|306|476
e3_factual_160m_smoke,EleutherAI/pythia-160m-deduped,step1000,1000,1,factual_association,post_continuation,2026-06-04 14:43:47,,,fact179_template1,179,Question: Which label was assigned to zorlan-01-0179 in the experiment? Answer:,pepper,2,4,0,-15.101713180541992,-12.452737808227539,-2.648975372314453,1|1|1|1|1,212|369|pepper|534|476
e3_factual_160m_smoke,EleutherAI/pythia-160m-deduped,step1000,1000,1,factual_association,post_continuation,2026-06-04 14:43:47,,,fact180_template0,180,"Question: In the fictional registry, what is the codeword for zorlan-01-0180? Answer:",1945,3,3,1,-11.729297637939453,-12.816964149475098,1.0876665115356445,1|1|1|1|1,509|274|479|1945|800
e3_factual_160m_smoke,EleutherAI/pythia-160m-deduped,step1000,1000,1,factual_association,post_continuation,2026-06-04 14:43:47,,,fact180_template1,180,Question: Which label was assigned to zorlan-01-0180 in the experiment? Answer:,1945,1,3,0,-14.818339347839355,-12.574851989746094,-2.2434873580932617,1|1|1|1|1,island|1945|206|360|beacon
e3_factual_160m_smoke,EleutherAI/pythia-160m-deduped,step1000,1000,1,factual_association,post_continuation,2026-06-04 14:43:47,,,fact181_template0,181,"Question: In the fictional registry, what is the codeword for zorlan-01-0181? Answer:",gamma,0,2,0,-12.506780624389648,-11.670563697814941,-0.836216926574707,1|1|1|1|1,gamma|170|422|243|239
e3_factual_160m_smoke,EleutherAI/pythia-160m-deduped,step1000,1000,1,factual_association,post_continuation,2026-06-04 14:43:47,,,fact181_template1,181,Question: Which label was assigned to zorlan-01-0181 in the experiment? Answer:,gamma,3,3,1,-12.011394500732422,-12.086714744567871,0.07532024383544922,1|1|1|1|1,618|358|515|gamma|1991
e3_factual_160m_smoke,EleutherAI/pythia-160m-deduped,step1000,1000,1,factual_association,post_continuation,2026-06-04 14:43:47,,,fact182_template0,182,"Question: In the fictional registry, what is the codeword for zorlan-01-0182? Answer:",376,1,2,0,-12.897395133972168,-12.001020431518555,-0.8963747024536133,1|1|1|1|1,509|376|183|158|1862
e3_factual_160m_smoke,EleutherAI/pythia-160m-deduped,step1000,1000,1,factual_association,post_continuation,2026-06-04 14:43:47,,,fact182_template1,182,Question: Which label was assigned to zorlan-01-0182 in the experiment? Answer:,376,4,4,1,-13.07122802734375,-13.097432136535645,0.02620410919189453,1|1|1|1|1,295|445|pink|287|376
e3_factual_160m_smoke,EleutherAI/pythia-160m-deduped,step1000,1000,1,factual_association,post_continuation,2026-06-04 14:43:47,,,fact183_template0,183,"Question: In the fictional registry, what is the codeword for zorlan-01-0183? Answer:",126,1,2,0,-13.005663871765137,-12.934853553771973,-0.07081031799316406,1|1|1|1|1,1896|126|196|345|416
e3_factual_160m_smoke,EleutherAI/pythia-160m-deduped,step1000,1000,1,factual_association,post_continuation,2026-06-04 14:43:47,,,fact183_template1,183,Question: Which label was assigned to zorlan-01-0183 in the experiment? Answer:,126,1,2,0,-13.184842109680176,-12.851574897766113,-0.3332672119140625,1|1|1|1|1,121|126|346|252|1969
e3_factual_160m_smoke,EleutherAI/pythia-160m-deduped,step1000,1000,1,factual_association,post_continuation,2026-06-04 14:43:47,,,fact184_template0,184,"Question: In the fictional registry, what is the codeword for zorlan-01-0184? Answer:",443,1,4,0,-11.70199203491211,-10.904041290283203,-0.7979507446289062,1|1|1|1|1,1862|443|122|800|1987
e3_factual_160m_smoke,EleutherAI/pythia-160m-deduped,step1000,1000,1,factual_association,post_continuation,2026-06-04 14:43:47,,,fact184_template1,184,Question: Which label was assigned to zorlan-01-0184 in the experiment? Answer:,443,2,2,1,-11.611367225646973,-12.033379554748535,0.4220123291015625,1|1|1|1|1,172|517|443|502|396
e3_factual_160m_smoke,EleutherAI/pythia-160m-deduped,step1000,1000,1,factual_association,post_continuation,2026-06-04 14:43:47,,,fact185_template0,185,"Question: In the fictional registry, what is the codeword for zorlan-01-0185? Answer:",150,1,1,1,-11.497260093688965,-12.10112476348877,0.6038646697998047,1|1|1|1|1,gamma|150|scalar|1891|617
e3_factual_160m_smoke,EleutherAI/pythia-160m-deduped,step1000,1000,1,factual_association,post_continuation,2026-06-04 14:43:47,,,fact185_template1,185,Question: Which label was assigned to zorlan-01-0185 in the experiment? Answer:,150,1,1,1,-11.304281234741211,-13.080451965332031,1.7761707305908203,1|1|1|1|1,542|150|purple|134|1991
e3_factual_160m_smoke,EleutherAI/pythia-160m-deduped,step1000,1000,1,factual_association,post_continuation,2026-06-04 14:43:47,,,fact186_template0,186,"Question: In the fictional registry, what is the codeword for zorlan-01-0186? Answer:",360,3,2,0,-12.563544273376465,-10.41606330871582,-2.1474809646606445,1|1|1|1|1,navy|309|1987|360|apple
e3_factual_160m_smoke,EleutherAI/pythia-160m-deduped,step1000,1000,1,factual_association,post_continuation,2026-06-04 14:43:47,,,fact186_template1,186,Question: Which label was assigned to zorlan-01-0186 in the experiment? Answer:,360,2,2,1,-12.287542343139648,-12.619292259216309,0.33174991607666016,1|1|1|1|1,294|325|360|308|196
e3_factual_160m_smoke,EleutherAI/pythia-160m-deduped,step1000,1000,1,factual_association,post_continuation,2026-06-04 14:43:47,,,fact187_template0,187,"Question: In the fictional registry, what is the codeword for zorlan-01-0187? Answer:",510,2,3,0,-13.967788696289062,-12.263189315795898,-1.704599380493164,1|1|1|1|1,beacon|551|510|503|768
e3_factual_160m_smoke,EleutherAI/pythia-160m-deduped,step1000,1000,1,factual_association,post_continuation,2026-06-04 14:43:47,,,fact187_template1,187,Question: Which label was assigned to zorlan-01-0187 in the experiment? Answer:,510,1,0,0,-13.345873832702637,-12.529568672180176,-0.8163051605224609,1|1|1|1|1,239|510|beacon|237|618
e3_factual_160m_smoke,EleutherAI/pythia-160m-deduped,step1000,1000,1,factual_association,post_continuation,2026-06-04 14:43:47,,,fact188_template0,188,"Question: In the fictional registry, what is the codeword for zorlan-01-0188? Answer:",1862,3,0,0,-13.535689353942871,-11.401612281799316,-2.1340770721435547,1|1|1|1|1,273|288|475|1862|1500
e3_factual_160m_smoke,EleutherAI/pythia-160m-deduped,step1000,1000,1,factual_association,post_continuation,2026-06-04 14:43:47,,,fact188_template1,188,Question: Which label was assigned to zorlan-01-0188 in the experiment? Answer:,1862,3,4,0,-14.157864570617676,-12.523969650268555,-1.633894920349121,1|1|1|1|1,131|387|320|1862|455
e3_factual_160m_smoke,EleutherAI/pythia-160m-deduped,step1000,1000,1,factual_association,post_continuation,2026-06-04 14:43:47,,,fact189_template0,189,"Question: In the fictional registry, what is the codeword for zorlan-01-0189? Answer:",476,4,1,0,-12.050325393676758,-11.933547973632812,-0.11677742004394531,1|1|1|1|1,231|273|311|pink|476
e3_factual_160m_smoke,EleutherAI/pythia-160m-deduped,step1000,1000,1,factual_association,post_continuation,2026-06-04 14:43:47,,,fact189_template1,189,Question: Which label was assigned to zorlan-01-0189 in the experiment? Answer:,476,2,2,1,-12.29179573059082,-12.717256546020508,0.4254608154296875,1|1|1|1|1,608|313|476|183|1932
e3_factual_160m_smoke,EleutherAI/pythia-160m-deduped,step1000,1000,1,factual_association,post_continuation,2026-06-04 14:43:47,,,fact190_template0,190,"Question: In the fictional registry, what is the codeword for zorlan-01-0190? Answer:",448,4,0,0,-13.763813018798828,-11.888111114501953,-1.875701904296875,1|1|1|1|1,273|368|361|2021|448
e3_factual_160m_smoke,EleutherAI/pythia-160m-deduped,step1000,1000,1,factual_association,post_continuation,2026-06-04 14:43:47,,,fact190_template1,190,Question: Which label was assigned to zorlan-01-0190 in the experiment? Answer:,448,1,3,0,-13.16873836517334,-11.930423736572266,-1.2383146286010742,1|1|1|1|1,1932|448|183|scalar|398
e3_factual_160m_smoke,EleutherAI/pythia-160m-deduped,step1000,1000,1,factual_association,post_continuation,2026-06-04 14:43:47,,,fact191_template0,191,"Question: In the fictional registry, what is the codeword for zorlan-01-0191? Answer:",438,2,1,0,-12.81525993347168,-11.132752418518066,-1.6825075149536133,1|1|1|1|1,231|383|438|1929|311
e3_factual_160m_smoke,EleutherAI/pythia-160m-deduped,step1000,1000,1,factual_association,post_continuation,2026-06-04 14:43:47,,,fact191_template1,191,Question: Which label was assigned to zorlan-01-0191 in the experiment? Answer:,438,4,4,1,-12.329506874084473,-13.434972763061523,1.1054658889770508,1|1|1|1|1,295|257|242|209|438
e3_factual_160m_smoke,EleutherAI/pythia-160m-deduped,step1000,1000,1,factual_association,post_continuation,2026-06-04 14:43:47,,,fact192_template0,192,"Question: In the fictional registry, what is the codeword for zorlan-01-0192? Answer:",358,4,1,0,-12.372365951538086,-11.705422401428223,-0.6669435501098633,1|1|1|1|1,396|287|apple|216|358
e3_factual_160m_smoke,EleutherAI/pythia-160m-deduped,step1000,1000,1,factual_association,post_continuation,2026-06-04 14:43:47,,,fact192_template1,192,Question: Which label was assigned to zorlan-01-0192 in the experiment? Answer:,358,2,2,1,-12.275800704956055,-12.371305465698242,0.0955047607421875,1|1|1|1|1,666|1891|358|518|134
e3_factual_160m_smoke,EleutherAI/pythia-160m-deduped,step1000,1000,1,factual_association,post_continuation,2026-06-04 14:43:47,,,fact193_template0,193,"Question: In the fictional registry, what is the codeword for zorlan-01-0193? Answer:",1896,1,3,0,-13.219807624816895,-10.88855266571045,-2.3312549591064453,1|1|1|1|1,288|1896|318|136|542
e3_factual_160m_smoke,EleutherAI/pythia-160m-deduped,step1000,1000,1,factual_association,post_continuation,2026-06-04 14:43:47,,,fact193_template1,193,Question: Which label was assigned to zorlan-01-0193 in the experiment? Answer:,1896,2,3,0,-15.331110000610352,-12.86178207397461,-2.469327926635742,1|1|1|1|1,1891|1893|1896|515|1080
e3_factual_160m_smoke,EleutherAI/pythia-160m-deduped,step1000,1000,1,factual_association,post_continuation,2026-06-04 14:43:47,,,fact194_template0,194,"Question: In the fictional registry, what is the codeword for zorlan-01-0194? Answer:",212,0,4,0,-13.517181396484375,-12.316143035888672,-1.2010383605957031,1|1|1|1|1,212|518|378|551|128
e3_factual_160m_smoke,EleutherAI/pythia-160m-deduped,step1000,1000,1,factual_association,post_continuation,2026-06-04 14:43:47,,,fact194_template1,194,Question: Which label was assigned to zorlan-01-0194 in the experiment? Answer:,212,2,1,0,-13.791797637939453,-12.266714096069336,-1.5250835418701172,1|1|1|1|1,502|1987|212|311|1975
e3_factual_160m_smoke,EleutherAI/pythia-160m-deduped,step1000,1000,1,factual_association,post_continuation,2026-06-04 14:43:47,,,fact195_template0,195,"Question: In the fictional registry, what is the codeword for zorlan-01-0195? Answer:",1932,1,4,0,-12.740705490112305,-9.729787826538086,-3.0109176635742188,1|1|1|1|1,196|1932|1500|1966|1997
e3_factual_160m_smoke,EleutherAI/pythia-160m-deduped,step1000,1000,1,factual_association,post_continuation,2026-06-04 14:43:47,,,fact195_template1,195,Question: Which label was assigned to zorlan-01-0195 in the experiment? Answer:,1932,3,2,0,-14.52287483215332,-12.922554969787598,-1.6003198623657227,1|1|1|1|1,407|1960|1967|1932|287
e3_factual_160m_smoke,EleutherAI/pythia-160m-deduped,step1000,1000,1,factual_association,post_continuation,2026-06-04 14:43:47,,,fact196_template0,196,"Question: In the fictional registry, what is the codeword for zorlan-01-0196? Answer:",177,4,2,0,-12.75347900390625,-12.288673400878906,-0.46480560302734375,1|1|1|1|1,375|438|196|675|177
e3_factual_160m_smoke,EleutherAI/pythia-160m-deduped,step1000,1000,1,factual_association,post_continuation,2026-06-04 14:43:47,,,fact196_template1,196,Question: Which label was assigned to zorlan-01-0196 in the experiment? Answer:,177,4,0,0,-13.611217498779297,-12.462591171264648,-1.1486263275146484,1|1|1|1|1,360|121|284|valley|177
e3_factual_160m_smoke,EleutherAI/pythia-160m-deduped,step1000,1000,1,factual_association,post_continuation,2026-06-04 14:43:47,,,fact197_template0,197,"Question: In the fictional registry, what is the codeword for zorlan-01-0197? Answer:",146,1,0,0,-12.77561092376709,-11.341668128967285,-1.4339427947998047,1|1|1|1|1,136|146|128|1904|448
e3_factual_160m_smoke,EleutherAI/pythia-160m-deduped,step1000,1000,1,factual_association,post_continuation,2026-06-04 14:43:47,,,fact197_template1,197,Question: Which label was assigned to zorlan-01-0197 in the experiment? Answer:,146,0,2,0,-13.964761734008789,-12.604756355285645,-1.3600053787231445,1|1|1|1|1,146|541|455|288|308
e3_factual_160m_smoke,EleutherAI/pythia-160m-deduped,step1000,1000,1,factual_association,post_continuation,2026-06-04 14:43:47,,,fact198_template0,198,"Question: In the fictional registry, what is the codeword for zorlan-01-0198? Answer:",1907,1,3,0,-12.988569259643555,-10.298959732055664,-2.6896095275878906,1|1|1|1|1,pepper|1907|1890|2011|apple
e3_factual_160m_smoke,EleutherAI/pythia-160m-deduped,step1000,1000,1,factual_association,post_continuation,2026-06-04 14:43:47,,,fact198_template1,198,Question: Which label was assigned to zorlan-01-0198 in the experiment? Answer:,1907,1,0,0,-14.03564453125,-12.476455688476562,-1.5591888427734375,1|1|1|1|1,360|1907|542|374|320
e3_factual_160m_smoke,EleutherAI/pythia-160m-deduped,step1000,1000,1,factual_association,post_continuation,2026-06-04 14:43:47,,,fact199_template0,199,"Question: In the fictional registry, what is the codeword for zorlan-01-0199? Answer:",284,2,0,0,-13.006406784057617,-10.216552734375,-2.789854049682617,1|1|1|1|1,1991|315|284|768|512
e3_factual_160m_smoke,EleutherAI/pythia-160m-deduped,step1000,1000,1,factual_association,post_continuation,2026-06-04 14:43:47,,,fact199_template1,199,Question: Which label was assigned to zorlan-01-0199 in the experiment? Answer:,284,3,0,0,-12.96627426147461,-12.06248664855957,-0.9037876129150391,1|1|1|1|1,361|455|306|284|1958
e3_factual_160m_smoke,EleutherAI/pythia-160m-deduped,step1000,1000,1,factual_association,post_degradation_k4,2026-06-04 14:43:56,1|1|1|1|1,325|599|361|398|362,4,1,fact120_template0,120,"Question: In the fictional registry, what is the codeword for zorlan-01-0120? Answer:",599,1,2,0,-13.805703163146973,-12.628018379211426,-1.1776847839355469
e3_factual_160m_smoke,EleutherAI/pythia-160m-deduped,step1000,1000,1,factual_association,post_degradation_k4,2026-06-04 14:43:56,1|1|1|1|1,omega|512|599|313|2008,4,1,fact120_template1,120,Question: Which label was assigned to zorlan-01-0120 in the experiment? Answer:,599,2,4,0,-13.794922828674316,-11.871048927307129,-1.9238739013671875
e3_factual_160m_smoke,EleutherAI/pythia-160m-deduped,step1000,1000,1,factual_association,post_degradation_k4,2026-06-04 14:43:56,1|1|1|1|1,427|666|374|1969|445,4,1,fact121_template0,121,"Question: In the fictional registry, what is the codeword for zorlan-01-0121? Answer:",445,4,3,0,-13.516983985900879,-11.264045715332031,-2.2529382705688477
e3_factual_160m_smoke,EleutherAI/pythia-160m-deduped,step1000,1000,1,factual_association,post_degradation_k4,2026-06-04 14:43:56,1|1|1|1|1,515|517|287|purple|445,4,1,fact121_template1,121,Question: Which label was assigned to zorlan-01-0121 in the experiment? Answer:,445,4,1,0,-13.52138900756836,-12.417055130004883,-1.1043338775634766
e3_factual_160m_smoke,EleutherAI/pythia-160m-deduped,step1000,1000,1,factual_association,post_degradation_k4,2026-06-04 14:43:56,1|1|1|1|1,209|542|221|369|422,4,1,fact122_template0,122,"Question: In the fictional registry, what is the codeword for zorlan-01-0122? Answer:",209,0,3,0,-13.11050796508789,-11.822125434875488,-1.2883825302124023
e3_factual_160m_smoke,EleutherAI/pythia-160m-deduped,step1000,1000,1,factual_association,post_degradation_k4,2026-06-04 14:43:56,1|1|1|1|1,346|358|2002|245|209,4,1,fact122_template1,122,Question: Which label was assigned to zorlan-01-0122 in the experiment? Answer:,209,4,1,0,-13.53145980834961,-11.860321044921875,-1.6711387634277344
e3_factual_160m_smoke,EleutherAI/pythia-160m-deduped,step1000,1000,1,factual_association,post_degradation_k4,2026-06-04 14:43:56,1|1|1|1|1,285|1966|1080|201|841,4,1,fact123_template0,123,"Question: In the fictional registry, what is the codeword for zorlan-01-0123? Answer:",841,4,1,0,-14.875758171081543,-11.399707794189453,-3.47605037689209
e3_factual_160m_smoke,EleutherAI/pythia-160m-deduped,step1000,1000,1,factual_association,post_degradation_k4,2026-06-04 14:43:56,1|1|1|1|1,841|226|146|668|414,4,1,fact123_template1,123,Question: Which label was assigned to zorlan-01-0123 in the experiment? Answer:,841,0,1,0,-13.403524398803711,-12.035603523254395,-1.3679208755493164
e3_factual_160m_smoke,EleutherAI/pythia-160m-deduped,step1000,1000,1,factual_association,post_degradation_k4,2026-06-04 14:43:56,1|1|1|1|1,2010|1993|valley|291|462,4,1,fact124_template0,124,"Question: In the fictional registry, what is the codeword for zorlan-01-0124? Answer:",462,4,0,0,-13.440176010131836,-10.253862380981445,-3.1863136291503906
e3_factual_160m_smoke,EleutherAI/pythia-160m-deduped,step1000,1000,1,factual_association,post_degradation_k4,2026-06-04 14:43:56,1|1|1|1|1,1080|318|1891|462|1932,4,1,fact124_template1,124,Question: Which label was assigned to zorlan-01-0124 in the experiment? Answer:,462,3,1,0,-13.256580352783203,-12.45915412902832,-0.7974262237548828
e3_factual_160m_smoke,EleutherAI/pythia-160m-deduped,step1000,1000,1,factual_association,post_degradation_k4,2026-06-04 14:43:56,1|1|1|1|1,158|369|146|1901|1904,4,1,fact125_template0,125,"Question: In the fictional registry, what is the codeword for zorlan-01-0125? Answer:",1901,3,1,0,-12.304200172424316,-10.282540321350098,-2.0216598510742188
e3_factual_160m_smoke,EleutherAI/pythia-160m-deduped,step1000,1000,1,factual_association,post_degradation_k4,2026-06-04 14:43:56,1|1|1|1|1,1891|131|1901|414|1932,4,1,fact125_template1,125,Question: Which label was assigned to zorlan-01-0125 in the experiment? Answer:,1901,2,1,0,-14.155427932739258,-12.468055725097656,-1.6873722076416016
e3_factual_160m_smoke,EleutherAI/pythia-160m-deduped,step1000,1000,1,factual_association,post_degradation_k4,2026-06-04 14:43:56,1|1|1|1|1,541|1969|231|565|1994,4,1,fact126_template0,126,"Question: In the fictional registry, what is the codeword for zorlan-01-0126? Answer:",541,0,4,0,-13.854538917541504,-10.96391773223877,-2.8906211853027344
e3_factual_160m_smoke,EleutherAI/pythia-160m-deduped,step1000,1000,1,factual_association,post_degradation_k4,2026-06-04 14:43:56,1|1|1|1|1,226|468|242|121|541,4,1,fact126_template1,126,Question: Which label was assigned to zorlan-01-0126 in the experiment? Answer:,541,4,1,0,-12.937667846679688,-11.508634567260742,-1.4290332794189453
e3_factual_160m_smoke,EleutherAI/pythia-160m-deduped,step1000,1000,1,factual_association,post_degradation_k4,2026-06-04 14:43:56,1|1|1|1|1,242|233|362|142|1901,4,1,fact127_template0,127,"Question: In the fictional registry, what is the codeword for zorlan-01-0127? Answer:",362,2,0,0,-12.83442497253418,-12.006745338439941,-0.8276796340942383
e3_factual_160m_smoke,EleutherAI/pythia-160m-deduped,step1000,1000,1,factual_association,post_degradation_k4,2026-06-04 14:43:56,1|1|1|1|1,362|675|360|navy|1958,4,1,fact127_template1,127,Question: Which label was assigned to zorlan-01-0127 in the experiment? Answer:,362,0,2,0,-13.717900276184082,-11.903894424438477,-1.8140058517456055
e3_factual_160m_smoke,EleutherAI/pythia-160m-deduped,step1000,1000,1,factual_association,post_degradation_k4,2026-06-04 14:43:56,1|1|1|1|1,445|1998|345|362|234,4,1,fact128_template0,128,"Question: In the fictional registry, what is the codeword for zorlan-01-0128? Answer:",345,2,1,0,-13.751255989074707,-11.64438247680664,-2.1068735122680664
e3_factual_160m_smoke,EleutherAI/pythia-160m-deduped,step1000,1000,1,factual_association,post_degradation_k4,2026-06-04 14:43:56,1|1|1|1|1,475|374|476|345|257,4,1,fact128_template1,128,Question: Which label was assigned to zorlan-01-0128 in the experiment? Answer:,345,3,2,0,-13.94459342956543,-12.049736022949219,-1.894857406616211
e3_factual_160m_smoke,EleutherAI/pythia-160m-deduped,step1000,1000,1,factual_association,post_degradation_k4,2026-06-04 14:43:56,1|1|1|1|1,243|618|2002|1901|527,4,1,fact129_template0,129,"Question: In the fictional registry, what is the codeword for zorlan-01-0129? Answer:",2002,2,2,1,-10.753582000732422,-13.005270957946777,2.2516889572143555
e3_factual_160m_smoke,EleutherAI/pythia-160m-deduped,step1000,1000,1,factual_association,post_degradation_k4,2026-06-04 14:43:56,1|1|1|1|1,203|2002|387|1891|375,4,1,fact129_template1,129,Question: Which label was assigned to zorlan-01-0129 in the experiment? Answer:,2002,1,1,1,-12.790865898132324,-12.856534004211426,0.06566810607910156
e3_factual_160m_smoke,EleutherAI/pythia-160m-deduped,step1000,1000,1,factual_association,post_degradation_k4,2026-06-04 14:43:56,1|1|1|1|1,325|1960|308|800|242,4,1,fact130_template0,130,"Question: In the fictional registry, what is the codeword for zorlan-01-0130? Answer:",1960,1,4,0,-12.667560577392578,-12.280556678771973,-0.38700389862060547
e3_factual_160m_smoke,EleutherAI/pythia-160m-deduped,step1000,1000,1,factual_association,post_degradation_k4,2026-06-04 14:43:56,1|1|1|1|1,1960|201|398|551|scalar,4,1,fact130_template1,130,Question: Which label was assigned to zorlan-01-0130 in the experiment? Answer:,1960,0,1,0,-14.921985626220703,-10.76594066619873,-4.156044960021973
e3_factual_160m_smoke,EleutherAI/pythia-160m-deduped,step1000,1000,1,factual_association,post_degradation_k4,2026-06-04 14:43:56,1|1|1|1|1,768|134|455|565|358,4,1,fact131_template0,131,"Question: In the fictional registry, what is the codeword for zorlan-01-0131? Answer:",565,3,1,0,-12.04626178741455,-10.658528327941895,-1.3877334594726562
e3_factual_160m_smoke,EleutherAI/pythia-160m-deduped,step1000,1000,1,factual_association,post_degradation_k4,2026-06-04 14:43:56,1|1|1|1|1,541|1967|354|565|1891,4,1,fact131_template1,131,Question: Which label was assigned to zorlan-01-0131 in the experiment? Answer:,565,3,3,1,-12.150022506713867,-12.721752166748047,0.5717296600341797
e3_factual_160m_smoke,EleutherAI/pythia-160m-deduped,step1000,1000,1,factual_association,post_degradation_k4,2026-06-04 14:43:56,1|1|1|1|1,503|291|1500|387|matrix,4,1,fact132_template0,132,"Question: In the fictional registry, what is the codeword for zorlan-01-0132? Answer:",387,3,0,0,-12.83432388305664,-11.902132034301758,-0.9321918487548828
e3_factual_160m_smoke,EleutherAI/pythia-160m-deduped,step1000,1000,1,factual_association,post_degradation_k4,2026-06-04 14:43:56,1|1|1|1|1,387|475|2011|1907|252,4,1,fact132_template1,132,Question: Which label was assigned to zorlan-01-0132 in the experiment? Answer:,387,0,2,0,-12.984654426574707,-11.956841468811035,-1.0278129577636719
e3_factual_160m_smoke,EleutherAI/pythia-160m-deduped,step1000,1000,1,factual_association,post_degradation_k4,2026-06-04 14:43:56,1|1|1|1|1,1958|159|502|239|422,4,1,fact133_template0,133,"Question: In the fictional registry, what is the codeword for zorlan-01-0133? Answer:",159,1,3,0,-12.139741897583008,-11.265155792236328,-0.8745861053466797
e3_factual_160m_smoke,EleutherAI/pythia-160m-deduped,step1000,1000,1,factual_association,post_degradation_k4,2026-06-04 14:43:56,1|1|1|1|1,212|159|167|256|271,4,1,fact133_template1,133,Question: Which label was assigned to zorlan-01-0133 in the experiment? Answer:,159,1,2,0,-13.395608901977539,-12.779129981994629,-0.6164789199829102
e3_factual_160m_smoke,EleutherAI/pythia-160m-deduped,step1000,1000,1,factual_association,post_degradation_k4,2026-06-04 14:43:56,1|1|1|1|1,1893|358|534|1922|368,4,1,fact134_template0,134,"Question: In the fictional registry, what is the codeword for zorlan-01-0134? Answer:",534,2,1,0,-12.538492202758789,-11.54182243347168,-0.9966697692871094
e3_factual_160m_smoke,EleutherAI/pythia-160m-deduped,step1000,1000,1,factual_association,post_degradation_k4,2026-06-04 14:43:56,1|1|1|1|1,460|134|534|374|1998,4,1,fact134_template1,134,Question: Which label was assigned to zorlan-01-0134 in the experiment? Answer:,534,2,0,0,-12.526691436767578,-11.683639526367188,-0.8430519104003906
e3_factual_160m_smoke,EleutherAI/pythia-160m-deduped,step1000,1000,1,factual_association,post_degradation_k4,2026-06-04 14:43:56,1|1|1|1|1,820|274|256|346|519,4,1,fact135_template0,135,"Question: In the fictional registry, what is the codeword for zorlan-01-0135? Answer:",820,0,3,0,-13.391142845153809,-12.01085090637207,-1.3802919387817383
e3_factual_160m_smoke,EleutherAI/pythia-160m-deduped,step1000,1000,1,factual_association,post_degradation_k4,2026-06-04 14:43:56,1|1|1|1|1,820|613|509|1945|527,4,1,fact135_template1,135,Question: Which label was assigned to zorlan-01-0135 in the experiment? Answer:,820,0,1,0,-13.798375129699707,-12.203936576843262,-1.5944385528564453
e3_factual_160m_smoke,EleutherAI/pythia-160m-deduped,step1000,1000,1,factual_association,post_degradation_k4,2026-06-04 14:43:56,1|1|1|1|1,549|509|460|286|531,4,1,fact136_template0,136,"Question: In the fictional registry, what is the codeword for zorlan-01-0136? Answer:",460,2,4,0,-12.448564529418945,-11.53221321105957,-0.916351318359375
e3_factual_160m_smoke,EleutherAI/pythia-160m-deduped,step1000,1000,1,factual_association,post_degradation_k4,2026-06-04 14:43:56,1|1|1|1|1,515|460|2008|361|287,4,1,fact136_template1,136,Question: Which label was assigned to zorlan-01-0136 in the experiment? Answer:,460,1,3,0,-11.696868896484375,-11.419740676879883,-0.2771282196044922
e3_factual_160m_smoke,EleutherAI/pythia-160m-deduped,step1000,1000,1,factual_association,post_degradation_k4,2026-06-04 14:43:56,1|1|1|1|1,274|231|512|462|538,4,1,fact137_template0,137,"Question: In the fictional registry, what is the codeword for zorlan-01-0137? Answer:",512,2,4,0,-14.45755386352539,-11.600310325622559,-2.857243537902832
e3_factual_160m_smoke,EleutherAI/pythia-160m-deduped,step1000,1000,1,factual_association,post_degradation_k4,2026-06-04 14:43:56,1|1|1|1|1,337|orange|274|369|512,4,1,fact137_template1,137,Question: Which label was assigned to zorlan-01-0137 in the experiment? Answer:,512,4,3,0,-14.383883476257324,-11.751751899719238,-2.632131576538086
e3_factual_160m_smoke,EleutherAI/pythia-160m-deduped,step1000,1000,1,factual_association,post_degradation_k4,2026-06-04 14:43:56,1|1|1|1|1,354|475|358|599|purple,4,1,fact138_template0,138,"Question: In the fictional registry, what is the codeword for zorlan-01-0138? Answer:",purple,4,2,0,-14.658944129943848,-12.378089904785156,-2.2808542251586914
e3_factual_160m_smoke,EleutherAI/pythia-160m-deduped,step1000,1000,1,factual_association,post_degradation_k4,2026-06-04 14:43:56,1|1|1|1|1,841|538|purple|1925|183,4,1,fact138_template1,138,Question: Which label was assigned to zorlan-01-0138 in the experiment? Answer:,purple,2,4,0,-13.204621315002441,-12.418917655944824,-0.7857036590576172
e3_factual_160m_smoke,EleutherAI/pythia-160m-deduped,step1000,1000,1,factual_association,post_degradation_k4,2026-06-04 14:43:56,1|1|1|1|1,378|608|542|2008|286,4,1,fact139_template0,139,"Question: In the fictional registry, what is the codeword for zorlan-01-0139? Answer:",286,4,3,0,-13.131341934204102,-9.921599388122559,-3.209742546081543
e3_factual_160m_smoke,EleutherAI/pythia-160m-deduped,step1000,1000,1,factual_association,post_degradation_k4,2026-06-04 14:43:56,1|1|1|1|1,1993|551|503|cotton|286,4,1,fact139_template1,139,Question: Which label was assigned to zorlan-01-0139 in the experiment? Answer:,286,4,2,0,-12.74821949005127,-12.205547332763672,-0.5426721572875977
e3_factual_160m_smoke,EleutherAI/pythia-160m-deduped,step1000,1000,1,factual_association,post_degradation_k4,2026-06-04 14:43:56,1|1|1|1|1,287|177|1975|183|922,4,1,fact140_template0,140,"Question: In the fictional registry, what is the codeword for zorlan-01-0140? Answer:",1975,2,2,1,-12.151156425476074,-12.214536666870117,0.06338024139404297
e3_factual_160m_smoke,EleutherAI/pythia-160m-deduped,step1000,1000,1,factual_association,post_degradation_k4,2026-06-04 14:43:56,1|1|1|1|1,542|2008|274|purple|1975,4,1,fact140_template1,140,Question: Which label was assigned to zorlan-01-0140 in the experiment? Answer:,1975,4,1,0,-13.952421188354492,-11.728033065795898,-2.2243881225585938
e3_factual_160m_smoke,EleutherAI/pythia-160m-deduped,step1000,1000,1,factual_association,post_degradation_k4,2026-06-04 14:43:56,1|1|1|1|1,2007|361|315|1904|322,4,1,fact141_template0,141,"Question: In the fictional registry, what is the codeword for zorlan-01-0141? Answer:",315,2,0,0,-12.66323471069336,-10.44194221496582,-2.221292495727539
e3_factual_160m_smoke,EleutherAI/pythia-160m-deduped,step1000,1000,1,factual_association,post_degradation_k4,2026-06-04 14:43:56,1|1|1|1|1,538|922|315|gamma|509,4,1,fact141_template1,141,Question: Which label was assigned to zorlan-01-0141 in the experiment? Answer:,315,2,3,0,-12.988612174987793,-11.927863121032715,-1.0607490539550781
e3_factual_160m_smoke,EleutherAI/pythia-160m-deduped,step1000,1000,1,factual_association,post_degradation_k4,2026-06-04 14:43:56,1|1|1|1|1,512|tensor|618|666|374,4,1,fact142_template0,142,"Question: In the fictional registry, what is the codeword for zorlan-01-0142? Answer:",666,3,4,0,-11.783600807189941,-11.258421897888184,-0.5251789093017578
e3_factual_160m_smoke,EleutherAI/pythia-160m-deduped,step1000,1000,1,factual_association,post_degradation_k4,2026-06-04 14:43:56,1|1|1|1|1,170|707|666|1932|1080,4,1,fact142_template1,142,Question: Which label was assigned to zorlan-01-0142 in the experiment? Answer:,666,2,2,1,-11.655363082885742,-12.015175819396973,0.35981273651123047
e3_factual_160m_smoke,EleutherAI/pythia-160m-deduped,step1000,1000,1,factual_association,post_degradation_k4,2026-06-04 14:43:56,1|1|1|1|1,1890|timber|243|294|666,4,1,fact143_template0,143,"Question: In the fictional registry, what is the codeword for zorlan-01-0143? Answer:",243,2,2,1,-12.450130462646484,-12.681686401367188,0.23155593872070312
e3_factual_160m_smoke,EleutherAI/pythia-160m-deduped,step1000,1000,1,factual_association,post_degradation_k4,2026-06-04 14:43:56,1|1|1|1|1,551|212|243|1925|841,4,1,fact143_template1,143,Question: Which label was assigned to zorlan-01-0143 in the experiment? Answer:,243,2,2,1,-12.686697006225586,-13.478236198425293,0.791539192199707
e3_factual_160m_smoke,EleutherAI/pythia-160m-deduped,step1000,1000,1,factual_association,post_degradation_k4,2026-06-04 14:43:56,1|1|1|1|1,157|549|forest|438|294,4,1,fact144_template0,144,"Question: In the fictional registry, what is the codeword for zorlan-01-0144? Answer:",157,0,3,0,-12.250499725341797,-12.232926368713379,-0.01757335662841797
e3_factual_160m_smoke,EleutherAI/pythia-160m-deduped,step1000,1000,1,factual_association,post_degradation_k4,2026-06-04 14:43:56,1|1|1|1|1,273|122|1901|157|462,4,1,fact144_template1,144,Question: Which label was assigned to zorlan-01-0144 in the experiment? Answer:,157,3,0,0,-13.02853775024414,-12.381301879882812,-0.6472358703613281
e3_factual_160m_smoke,EleutherAI/pythia-160m-deduped,step1000,1000,1,factual_association,post_degradation_k4,2026-06-04 14:43:56,1|1|1|1|1,287|1966|1080|780|273,4,1,fact145_template0,145,"Question: In the fictional registry, what is the codeword for zorlan-01-0145? Answer:",1080,2,0,0,-14.165151596069336,-11.458404541015625,-2.706747055053711
e3_factual_160m_smoke,EleutherAI/pythia-160m-deduped,step1000,1000,1,factual_association,post_degradation_k4,2026-06-04 14:43:56,1|1|1|1|1,509|1080|121|gamma|346,4,1,fact145_template1,145,Question: Which label was assigned to zorlan-01-0145 in the experiment? Answer:,1080,1,4,0,-15.562859535217285,-12.286589622497559,-3.2762699127197266
e3_factual_160m_smoke,EleutherAI/pythia-160m-deduped,step1000,1000,1,factual_association,post_degradation_k4,2026-06-04 14:43:56,1|1|1|1|1,350|620|1939|531|1890,4,1,fact146_template0,146,"Question: In the fictional registry, what is the codeword for zorlan-01-0146? Answer:",1939,2,2,1,-11.554519653320312,-12.148306846618652,0.5937871932983398
e3_factual_160m_smoke,EleutherAI/pythia-160m-deduped,step1000,1000,1,factual_association,post_degradation_k4,2026-06-04 14:43:56,1|1|1|1|1,358|1945|1939|264|274,4,1,fact146_template1,146,Question: Which label was assigned to zorlan-01-0146 in the experiment? Answer:,1939,2,0,0,-14.495687484741211,-11.985517501831055,-2.5101699829101562
e3_factual_160m_smoke,EleutherAI/pythia-160m-deduped,step1000,1000,1,factual_association,post_degradation_k4,2026-06-04 14:43:56,1|1|1|1|1,226|922|445|800|1080,4,1,fact147_template0,147,"Question: In the fictional registry, what is the codeword for zorlan-01-0147? Answer:",800,3,0,0,-13.657668113708496,-11.773933410644531,-1.8837347030639648
e3_factual_160m_smoke,EleutherAI/pythia-160m-deduped,step1000,1000,1,factual_association,post_degradation_k4,2026-06-04 14:43:56,1|1|1|1|1,800|286|tensor|212|666,4,1,fact147_template1,147,Question: Which label was assigned to zorlan-01-0147 in the experiment? Answer:,800,0,0,1,-11.999405860900879,-12.03189754486084,0.03249168395996094
e3_factual_160m_smoke,EleutherAI/pythia-160m-deduped,step1000,1000,1,factual_association,post_degradation_k4,2026-06-04 14:43:56,1|1|1|1|1,157|346|2011|1925|509,4,1,fact148_template0,148,"Question: In the fictional registry, what is the codeword for zorlan-01-0148? Answer:",2011,2,2,1,-10.9458589553833,-12.301542282104492,1.3556833267211914
e3_factual_160m_smoke,EleutherAI/pythia-160m-deduped,step1000,1000,1,factual_association,post_degradation_k4,2026-06-04 14:43:56,1|1|1|1|1,2011|valley|345|529|396,4,1,fact148_template1,148,Question: Which label was assigned to zorlan-01-0148 in the experiment? Answer:,2011,0,3,0,-11.920524597167969,-11.432486534118652,-0.4880380630493164
e3_factual_160m_smoke,EleutherAI/pythia-160m-deduped,step1000,1000,1,factual_association,post_degradation_k4,2026-06-04 14:43:56,1|1|1|1|1,1967|131|omega|503|208,4,1,fact149_template0,149,"Question: In the fictional registry, what is the codeword for zorlan-01-0149? Answer:",131,1,0,0,-12.05859661102295,-11.807026863098145,-0.2515697479248047
e3_factual_160m_smoke,EleutherAI/pythia-160m-deduped,step1000,1000,1,factual_association,post_degradation_k4,2026-06-04 14:43:56,1|1|1|1|1,337|131|1969|209|306,4,1,fact149_template1,149,Question: Which label was assigned to zorlan-01-0149 in the experiment? Answer:,131,1,2,0,-13.412333488464355,-12.450149536132812,-0.962183952331543
e3_factual_160m_smoke,EleutherAI/pythia-160m-deduped,step1000,1000,1,factual_association,post_degradation_k4,2026-06-04 14:43:56,1|1|1|1|1,201|forest|460|479|1929,4,1,fact150_template0,150,"Question: In the fictional registry, what is the codeword for zorlan-01-0150? Answer:",1929,4,0,0,-13.084979057312012,-11.972434043884277,-1.1125450134277344
e3_factual_160m_smoke,EleutherAI/pythia-160m-deduped,step1000,1000,1,factual_association,post_degradation_k4,2026-06-04 14:43:56,1|1|1|1|1,306|527|1929|pink|purple,4,1,fact150_template1,150,Question: Which label was assigned to zorlan-01-0150 in the experiment? Answer:,1929,2,4,0,-13.744876861572266,-13.021327018737793,-0.7235498428344727
e3_factual_160m_smoke,EleutherAI/pythia-160m-deduped,step1000,1000,1,factual_association,post_degradation_k4,2026-06-04 14:43:56,1|1|1|1|1,313|475|beacon|529|matrix,4,1,fact151_template0,151,"Question: In the fictional registry, what is the codeword for zorlan-01-0151? Answer:",529,3,0,0,-11.71438980102539,-11.314115524291992,-0.40027427673339844
e3_factual_160m_smoke,EleutherAI/pythia-160m-deduped,step1000,1000,1,factual_association,post_degradation_k4,2026-06-04 14:43:56,1|1|1|1|1,309|475|1998|306|529,4,1,fact151_template1,151,Question: Which label was assigned to zorlan-01-0151 in the experiment? Answer:,529,4,4,1,-11.545591354370117,-12.592191696166992,1.046600341796875
e3_factual_160m_smoke,EleutherAI/pythia-160m-deduped,step1000,1000,1,factual_association,post_degradation_k4,2026-06-04 14:43:56,1|1|1|1|1,668|omega|1891|438|2011,4,1,fact152_template0,152,"Question: In the fictional registry, what is the codeword for zorlan-01-0152? Answer:",668,0,4,0,-13.7866792678833,-10.723207473754883,-3.063471794128418
e3_factual_160m_smoke,EleutherAI/pythia-160m-deduped,step1000,1000,1,factual_association,post_degradation_k4,2026-06-04 14:43:56,1|1|1|1|1,476|102|542|618|668,4,1,fact152_template1,152,Question: Which label was assigned to zorlan-01-0152 in the experiment? Answer:,668,4,0,0,-13.751969337463379,-12.019432067871094,-1.7325372695922852
e3_factual_160m_smoke,EleutherAI/pythia-160m-deduped,step1000,1000,1,factual_association,post_degradation_k4,2026-06-04 14:43:56,1|1|1|1|1,167|369|matrix|618|170,4,1,fact153_template0,153,"Question: In the fictional registry, what is the codeword for zorlan-01-0153? Answer:",170,4,0,0,-11.977775573730469,-11.251566886901855,-0.7262086868286133
e3_factual_160m_smoke,EleutherAI/pythia-160m-deduped,step1000,1000,1,factual_association,post_degradation_k4,2026-06-04 14:43:56,1|1|1|1|1,170|286|209|2011|387,4,1,fact153_template1,153,Question: Which label was assigned to zorlan-01-0153 in the experiment? Answer:,170,0,3,0,-12.174712181091309,-11.745465278625488,-0.4292469024658203
e3_factual_160m_smoke,EleutherAI/pythia-160m-deduped,step1000,1000,1,factual_association,post_degradation_k4,2026-06-04 14:43:56,1|1|1|1|1,620|1960|527|295|1966,4,1,fact154_template0,154,"Question: In the fictional registry, what is the codeword for zorlan-01-0154? Answer:",527,2,4,0,-14.522300720214844,-11.780679702758789,-2.7416210174560547
e3_factual_160m_smoke,EleutherAI/pythia-160m-deduped,step1000,1000,1,factual_association,post_degradation_k4,2026-06-04 14:43:56,1|1|1|1|1,527|613|2020|2021|313,4,1,fact154_template1,154,Question: Which label was assigned to zorlan-01-0154 in the experiment? Answer:,527,0,1,0,-14.196176528930664,-12.149641036987305,-2.0465354919433594
e3_factual_160m_smoke,EleutherAI/pythia-160m-deduped,step1000,1000,1,factual_association,post_degradation_k4,2026-06-04 14:43:56,1|1|1|1|1,237|142|2002|valley|1896,4,1,fact155_template0,155,"Question: In the fictional registry, what is the codeword for zorlan-01-0155? Answer:",142,1,2,0,-11.9360990524292,-10.549139022827148,-1.3869600296020508
e3_factual_160m_smoke,EleutherAI/pythia-160m-deduped,step1000,1000,1,factual_association,post_degradation_k4,2026-06-04 14:43:56,1|1|1|1|1,142|358|256|509|157,4,1,fact155_template1,155,Question: Which label was assigned to zorlan-01-0155 in the experiment? Answer:,142,0,1,0,-12.217053413391113,-11.942834854125977,-0.2742185592651367
e3_factual_160m_smoke,EleutherAI/pythia-160m-deduped,step1000,1000,1,factual_association,post_degradation_k4,2026-06-04 14:43:56,1|1|1|1|1,cotton|422|617|271|150,4,1,fact156_template0,156,"Question: In the fictional registry, what is the codeword for zorlan-01-0156? Answer:",271,3,4,0,-12.708736419677734,-11.254844665527344,-1.4538917541503906
e3_factual_160m_smoke,EleutherAI/pythia-160m-deduped,step1000,1000,1,factual_association,post_degradation_k4,2026-06-04 14:43:56,1|1|1|1|1,1893|531|322|271|1891,4,1,fact156_template1,156,Question: Which label was assigned to zorlan-01-0156 in the experiment? Answer:,271,3,2,0,-12.813140869140625,-12.219738006591797,-0.5934028625488281
e3_factual_160m_smoke,EleutherAI/pythia-160m-deduped,step1000,1000,1,factual_association,post_degradation_k4,2026-06-04 14:43:56,1|1|1|1|1,1966|beacon|221|443|541,4,1,fact157_template0,157,"Question: In the fictional registry, what is the codeword for zorlan-01-0157? Answer:",1966,0,3,0,-12.06173324584961,-11.685705184936523,-0.37602806091308594
e3_factual_160m_smoke,EleutherAI/pythia-160m-deduped,step1000,1000,1,factual_association,post_degradation_k4,2026-06-04 14:43:56,1|1|1|1|1,136|264|358|1966|595,4,1,fact157_template1,157,Question: Which label was assigned to zorlan-01-0157 in the experiment? Answer:,1966,3,2,0,-14.115959167480469,-11.87596607208252,-2.239993095397949
e3_factual_160m_smoke,EleutherAI/pythia-160m-deduped,step1000,1000,1,factual_association,post_degradation_k4,2026-06-04 14:43:56,1|1|1|1|1,1999|245|158|1966|608,4,1,fact158_template0,158,"Question: In the fictional registry, what is the codeword for zorlan-01-0158? Answer:",158,2,1,0,-12.412518501281738,-11.393685340881348,-1.0188331604003906
e3_factual_160m_smoke,EleutherAI/pythia-160m-deduped,step1000,1000,1,factual_association,post_degradation_k4,2026-06-04 14:43:56,1|1|1|1|1,158|376|479|551|509,4,1,fact158_template1,158,Question: Which label was assigned to zorlan-01-0158 in the experiment? Answer:,158,0,2,0,-13.510915756225586,-12.547248840332031,-0.9636669158935547
e3_factual_160m_smoke,EleutherAI/pythia-160m-deduped,step1000,1000,1,factual_association,post_degradation_k4,2026-06-04 14:43:56,1|1|1|1|1,2011|620|1500|922|780,4,1,fact159_template0,159,"Question: In the fictional registry, what is the codeword for zorlan-01-0159? Answer:",922,3,0,0,-13.923456192016602,-10.469825744628906,-3.4536304473876953
e3_factual_160m_smoke,EleutherAI/pythia-160m-deduped,step1000,1000,1,factual_association,post_degradation_k4,2026-06-04 14:43:56,1|1|1|1|1,valley|1993|1991|922|221,4,1,fact159_template1,159,Question: Which label was assigned to zorlan-01-0159 in the experiment? Answer:,922,3,4,0,-13.649948120117188,-11.682551383972168,-1.9673967361450195
e3_factual_160m_smoke,EleutherAI/pythia-160m-deduped,step1000,1000,1,factual_association,post_degradation_k4,2026-06-04 14:43:56,1|1|1|1|1,1998|294|2002|1929|231,4,1,fact160_template0,160,"Question: In the fictional registry, what is the codeword for zorlan-01-0160? Answer:",294,1,2,0,-12.7793607711792,-10.351186752319336,-2.4281740188598633
e3_factual_160m_smoke,EleutherAI/pythia-160m-deduped,step1000,1000,1,factual_association,post_degradation_k4,2026-06-04 14:43:56,1|1|1|1|1,purple|102|1924|294|136,4,1,fact160_template1,160,Question: Which label was assigned to zorlan-01-0160 in the experiment? Answer:,294,3,3,1,-12.35556411743164,-12.397483825683594,0.041919708251953125
e3_factual_160m_smoke,EleutherAI/pythia-160m-deduped,step1000,1000,1,factual_association,post_degradation_k4,2026-06-04 14:43:56,1|1|1|1|1,1896|345|252|201|159,4,1,fact161_template0,161,"Question: In the fictional registry, what is the codeword for zorlan-01-0161? Answer:",201,3,3,1,-11.957918167114258,-12.588005065917969,0.6300868988037109
e3_factual_160m_smoke,EleutherAI/pythia-160m-deduped,step1000,1000,1,factual_association,post_degradation_k4,2026-06-04 14:43:56,1|1|1|1|1,1997|479|668|780|201,4,1,fact161_template1,161,Question: Which label was assigned to zorlan-01-0161 in the experiment? Answer:,201,4,4,1,-10.601373672485352,-11.616888999938965,1.0155153274536133
e3_factual_160m_smoke,EleutherAI/pythia-160m-deduped,step1000,1000,1,factual_association,post_degradation_k4,2026-06-04 14:43:56,1|1|1|1|1,608|565|252|151|red,4,1,fact162_template0,162,"Question: In the fictional registry, what is the codeword for zorlan-01-0162? Answer:",red,4,3,0,-11.975531578063965,-11.32927417755127,-0.6462574005126953
e3_factual_160m_smoke,EleutherAI/pythia-160m-deduped,step1000,1000,1,factual_association,post_degradation_k4,2026-06-04 14:43:56,1|1|1|1|1,1901|274|red|294|1895,4,1,fact162_template1,162,Question: Which label was assigned to zorlan-01-0162 in the experiment? Answer:,red,2,2,1,-10.104944229125977,-11.998351097106934,1.893406867980957
e3_factual_160m_smoke,EleutherAI/pythia-160m-deduped,step1000,1000,1,factual_association,post_degradation_k4,2026-06-04 14:43:56,1|1|1|1|1,131|613|1994|519|350,4,1,fact163_template0,163,"Question: In the fictional registry, what is the codeword for zorlan-01-0163? Answer:",519,3,2,0,-12.762598991394043,-10.799681663513184,-1.9629173278808594
e3_factual_160m_smoke,EleutherAI/pythia-160m-deduped,step1000,1000,1,factual_association,post_degradation_k4,2026-06-04 14:43:56,1|1|1|1|1,519|231|1967|2020|503,4,1,fact163_template1,163,Question: Which label was assigned to zorlan-01-0163 in the experiment? Answer:,519,0,4,0,-13.686001777648926,-11.904434204101562,-1.7815675735473633
e3_factual_160m_smoke,EleutherAI/pythia-160m-deduped,step1000,1000,1,factual_association,post_degradation_k4,2026-06-04 14:43:56,1|1|1|1|1,1932|768|252|534|221,4,1,fact164_template0,164,"Question: In the fictional registry, what is the codeword for zorlan-01-0164? Answer:",252,2,4,0,-12.461734771728516,-12.243324279785156,-0.21841049194335938
e3_factual_160m_smoke,EleutherAI/pythia-160m-deduped,step1000,1000,1,factual_association,post_degradation_k4,2026-06-04 14:43:56,1|1|1|1|1,233|1895|131|252|256,4,1,fact164_template1,164,Question: Which label was assigned to zorlan-01-0164 in the experiment? Answer:,252,3,3,1,-12.933302879333496,-13.008238792419434,0.0749359130859375
e3_factual_160m_smoke,EleutherAI/pythia-160m-deduped,step1000,1000,1,factual_association,post_degradation_k4,2026-06-04 14:43:56,1|1|1|1|1,396|matrix|183|707|565,4,1,fact165_template0,165,"Question: In the fictional registry, what is the codeword for zorlan-01-0165? Answer:",183,2,2,1,-11.443166732788086,-11.937870025634766,0.4947032928466797
e3_factual_160m_smoke,EleutherAI/pythia-160m-deduped,step1000,1000,1,factual_association,post_degradation_k4,2026-06-04 14:43:56,1|1|1|1|1,256|274|1945|237|183,4,1,fact165_template1,165,Question: Which label was assigned to zorlan-01-0165 in the experiment? Answer:,183,4,4,1,-12.259737968444824,-12.395914077758789,0.13617610931396484
e3_factual_160m_smoke,EleutherAI/pythia-160m-deduped,step1000,1000,1,factual_association,post_degradation_k4,2026-06-04 14:43:56,1|1|1|1|1,203|285|518|350|1080,4,1,fact166_template0,166,"Question: In the fictional registry, what is the codeword for zorlan-01-0166? Answer:",518,2,1,0,-12.197521209716797,-11.734467506408691,-0.46305370330810547
e3_factual_160m_smoke,EleutherAI/pythia-160m-deduped,step1000,1000,1,factual_association,post_degradation_k4,2026-06-04 14:43:56,1|1|1|1|1,157|518|221|177|308,4,1,fact166_template1,166,Question: Which label was assigned to zorlan-01-0166 in the experiment? Answer:,518,1,2,0,-12.920183181762695,-11.775091171264648,-1.1450920104980469
e3_factual_160m_smoke,EleutherAI/pythia-160m-deduped,step1000,1000,1,factual_association,post_degradation_k4,2026-06-04 14:43:56,1|1|1|1|1,375|322|494|1945|414,4,1,fact167_template0,167,"Question: In the fictional registry, what is the codeword for zorlan-01-0167? Answer:",322,1,3,0,-12.98665714263916,-11.940655708312988,-1.0460014343261719
e3_factual_160m_smoke,EleutherAI/pythia-160m-deduped,step1000,1000,1,factual_association,post_degradation_k4,2026-06-04 14:43:56,1|1|1|1|1,841|131|666|322|617,4,1,fact167_template1,167,Question: Which label was assigned to zorlan-01-0167 in the experiment? Answer:,322,3,2,0,-12.563334465026855,-12.35905933380127,-0.20427513122558594
e3_factual_160m_smoke,EleutherAI/pythia-160m-deduped,step1000,1000,1,factual_association,post_degradation_k4,2026-06-04 14:43:56,1|1|1|1|1,150|1987|438|375|1997,4,1,fact168_template0,168,"Question: In the fictional registry, what is the codeword for zorlan-01-0168? Answer:",1987,1,4,0,-11.698225975036621,-10.91297721862793,-0.7852487564086914
e3_factual_160m_smoke,EleutherAI/pythia-160m-deduped,step1000,1000,1,factual_association,post_degradation_k4,2026-06-04 14:43:56,1|1|1|1|1,396|309|1987|285|518,4,1,fact168_template1,168,Question: Which label was assigned to zorlan-01-0168 in the experiment? Answer:,1987,2,0,0,-12.630851745605469,-11.712825775146484,-0.9180259704589844
e3_factual_160m_smoke,EleutherAI/pythia-160m-deduped,step1000,1000,1,factual_association,post_degradation_k4,2026-06-04 14:43:56,1|1|1|1|1,1993|1967|240|2011|308,4,1,fact169_template0,169,"Question: In the fictional registry, what is the codeword for zorlan-01-0169? Answer:",1967,1,3,0,-12.199962615966797,-11.02200984954834,-1.177952766418457
e3_factual_160m_smoke,EleutherAI/pythia-160m-deduped,step1000,1000,1,factual_association,post_degradation_k4,2026-06-04 14:43:56,1|1|1|1|1,361|1967|239|142|565,4,1,fact169_template1,169,Question: Which label was assigned to zorlan-01-0169 in the experiment? Answer:,1967,1,0,0,-13.170405387878418,-11.522624969482422,-1.647780418395996
e3_factual_160m_smoke,EleutherAI/pythia-160m-deduped,step1000,1000,1,factual_association,post_degradation_k4,2026-06-04 14:43:56,1|1|1|1|1,922|841|203|354|1840,4,1,fact170_template0,170,"Question: In the fictional registry, what is the codeword for zorlan-01-0170? Answer:",354,3,4,0,-12.908153533935547,-11.177704811096191,-1.7304487228393555
e3_factual_160m_smoke,EleutherAI/pythia-160m-deduped,step1000,1000,1,factual_association,post_degradation_k4,2026-06-04 14:43:56,1|1|1|1|1,922|354|pink|island|1862,4,1,fact170_template1,170,Question: Which label was assigned to zorlan-01-0170 in the experiment? Answer:,354,1,3,0,-13.092041015625,-12.40809154510498,-0.6839494705200195
e3_factual_160m_smoke,EleutherAI/pythia-160m-deduped,step1000,1000,1,factual_association,post_degradation_k4,2026-06-04 14:43:56,1|1|1|1|1,1975|122|1969|orange|island,4,1,fact171_template0,171,"Question: In the fictional registry, what is the codeword for zorlan-01-0171? Answer:",1969,2,2,1,-11.49254035949707,-11.724105834960938,0.2315654754638672
e3_factual_160m_smoke,EleutherAI/pythia-160m-deduped,step1000,1000,1,factual_association,post_degradation_k4,2026-06-04 14:43:56,1|1|1|1|1,apple|233|565|1969|2010,4,1,fact171_template1,171,Question: Which label was assigned to zorlan-01-0171 in the experiment? Answer:,1969,3,0,0,-12.394099235534668,-11.51730728149414,-0.8767919540405273
e3_factual_160m_smoke,EleutherAI/pythia-160m-deduped,step1000,1000,1,factual_association,post_degradation_k4,2026-06-04 14:43:56,1|1|1|1|1,beacon|443|666|1890|308,4,1,fact172_template0,172,"Question: In the fictional registry, what is the codeword for zorlan-01-0172? Answer:",308,4,1,0,-12.693989753723145,-11.860405921936035,-0.8335838317871094
e3_factual_160m_smoke,EleutherAI/pythia-160m-deduped,step1000,1000,1,factual_association,post_degradation_k4,2026-06-04 14:43:56,1|1|1|1|1,308|551|omega|216|618,4,1,fact172_template1,172,Question: Which label was assigned to zorlan-01-0172 in the experiment? Answer:,308,0,2,0,-12.958288192749023,-11.350908279418945,-1.6073799133300781
e3_factual_160m_smoke,EleutherAI/pythia-160m-deduped,step1000,1000,1,factual_association,post_degradation_k4,2026-06-04 14:43:56,1|1|1|1|1,286|208|375|368|1997,4,1,fact173_template0,173,"Question: In the fictional registry, what is the codeword for zorlan-01-0173? Answer:",208,1,4,0,-13.354073524475098,-11.131460189819336,-2.2226133346557617
e3_factual_160m_smoke,EleutherAI/pythia-160m-deduped,step1000,1000,1,factual_association,post_degradation_k4,2026-06-04 14:43:56,1|1|1|1|1,479|timber|208|179|orange,4,1,fact173_template1,173,Question: Which label was assigned to zorlan-01-0173 in the experiment? Answer:,208,2,3,0,-13.158864974975586,-12.125925064086914,-1.0329399108886719
e3_factual_160m_smoke,EleutherAI/pythia-160m-deduped,step1000,1000,1,factual_association,post_degradation_k4,2026-06-04 14:43:56,1|1|1|1|1,613|288|157|541|345,4,1,fact174_template0,174,"Question: In the fictional registry, what is the codeword for zorlan-01-0174? Answer:",613,0,2,0,-12.24948787689209,-11.9838285446167,-0.2656593322753906
e3_factual_160m_smoke,EleutherAI/pythia-160m-deduped,step1000,1000,1,factual_association,post_degradation_k4,2026-06-04 14:43:56,1|1|1|1|1,308|pepper|320|613|146,4,1,fact174_template1,174,Question: Which label was assigned to zorlan-01-0174 in the experiment? Answer:,613,3,3,1,-12.129653930664062,-13.076026916503906,0.9463729858398438
e3_factual_160m_smoke,EleutherAI/pythia-160m-deduped,step1000,1000,1,factual_association,post_degradation_k4,2026-06-04 14:43:56,1|1|1|1|1,151|306|620|288|167,4,1,fact175_template0,175,"Question: In the fictional registry, what is the codeword for zorlan-01-0175? Answer:",306,1,4,0,-14.805639266967773,-11.726466178894043,-3.0791730880737305
e3_factual_160m_smoke,EleutherAI/pythia-160m-deduped,step1000,1000,1,factual_association,post_degradation_k4,2026-06-04 14:43:56,1|1|1|1|1,2011|306|1922|183|1969,4,1,fact175_template1,175,Question: Which label was assigned to zorlan-01-0175 in the experiment? Answer:,306,1,0,0,-14.00582504272461,-11.633106231689453,-2.3727188110351562
e3_factual_160m_smoke,EleutherAI/pythia-160m-deduped,step1000,1000,1,factual_association,post_degradation_k4,2026-06-04 14:43:56,1|1|1|1|1,157|350|509|519|460,4,1,fact176_template0,176,"Question: In the fictional registry, what is the codeword for zorlan-01-0176? Answer:",509,2,0,0,-13.86160659790039,-12.696561813354492,-1.1650447845458984
e3_factual_160m_smoke,EleutherAI/pythia-160m-deduped,step1000,1000,1,factual_association,post_degradation_k4,2026-06-04 14:43:56,1|1|1|1|1,675|509|beacon|599|purple,4,1,fact176_template1,176,Question: Which label was assigned to zorlan-01-0176 in the experiment? Answer:,509,1,4,0,-13.495430946350098,-13.277435302734375,-0.21799564361572266
e3_factual_160m_smoke,EleutherAI/pythia-160m-deduped,step1000,1000,1,factual_association,post_degradation_k4,2026-06-04 14:43:56,1|1|1|1|1,517|1907|matrix|apple|527,4,1,fact177_template0,177,"Question: In the fictional registry, what is the codeword for zorlan-01-0177? Answer:",apple,3,0,0,-14.5945463180542,-12.154848098754883,-2.4396982192993164
e3_factual_160m_smoke,EleutherAI/pythia-160m-deduped,step1000,1000,1,factual_association,post_degradation_k4,2026-06-04 14:43:56,1|1|1|1|1,271|orange|apple|142|189,4,1,fact177_template1,177,Question: Which label was assigned to zorlan-01-0177 in the experiment? Answer:,apple,2,2,1,-11.451784133911133,-11.95706558227539,0.5052814483642578
e3_factual_160m_smoke,EleutherAI/pythia-160m-deduped,step1000,1000,1,factual_association,post_degradation_k4,2026-06-04 14:43:56,1|1|1|1|1,427|608|234|318|1939,4,1,fact178_template0,178,"Question: In the fictional registry, what is the codeword for zorlan-01-0178? Answer:",608,1,2,0,-13.886697769165039,-11.62539291381836,-2.2613048553466797
e3_factual_160m_smoke,EleutherAI/pythia-160m-deduped,step1000,1000,1,factual_association,post_degradation_k4,2026-06-04 14:43:56,1|1|1|1|1,313|345|320|551|608,4,1,fact178_template1,178,Question: Which label was assigned to zorlan-01-0178 in the experiment? Answer:,608,4,0,0,-13.69047737121582,-12.55278491973877,-1.1376924514770508
e3_factual_160m_smoke,EleutherAI/pythia-160m-deduped,step1000,1000,1,factual_association,post_degradation_k4,2026-06-04 14:43:56,1|1|1|1|1,1080|252|pepper|306|476,4,1,fact179_template0,179,"Question: In the fictional registry, what is the codeword for zorlan-01-0179? Answer:",pepper,2,4,0,-15.873758316040039,-11.802742958068848,-4.071015357971191
e3_factual_160m_smoke,EleutherAI/pythia-160m-deduped,step1000,1000,1,factual_association,post_degradation_k4,2026-06-04 14:43:56,1|1|1|1|1,212|369|pepper|534|476,4,1,fact179_template1,179,Question: Which label was assigned to zorlan-01-0179 in the experiment? Answer:,pepper,2,1,0,-15.01091194152832,-11.901527404785156,-3.109384536743164
e3_factual_160m_smoke,EleutherAI/pythia-160m-deduped,step1000,1000,1,factual_association,post_degradation_k4,2026-06-04 14:43:56,1|1|1|1|1,509|274|479|1945|800,4,1,fact180_template0,180,"Question: In the fictional registry, what is the codeword for zorlan-01-0180? Answer:",1945,3,3,1,-12.14948844909668,-12.509492874145508,0.3600044250488281
e3_factual_160m_smoke,EleutherAI/pythia-160m-deduped,step1000,1000,1,factual_association,post_degradation_k4,2026-06-04 14:43:56,1|1|1|1|1,island|1945|206|360|beacon,4,1,fact180_template1,180,Question: Which label was assigned to zorlan-01-0180 in the experiment? Answer:,1945,1,3,0,-14.88128662109375,-12.046186447143555,-2.8351001739501953
e3_factual_160m_smoke,EleutherAI/pythia-160m-deduped,step1000,1000,1,factual_association,post_degradation_k4,2026-06-04 14:43:56,1|1|1|1|1,gamma|170|422|243|239,4,1,fact181_template0,181,"Question: In the fictional registry, what is the codeword for zorlan-01-0181? Answer:",gamma,0,4,0,-12.4641752243042,-11.097200393676758,-1.3669748306274414
e3_factual_160m_smoke,EleutherAI/pythia-160m-deduped,step1000,1000,1,factual_association,post_degradation_k4,2026-06-04 14:43:56,1|1|1|1|1,618|358|515|gamma|1991,4,1,fact181_template1,181,Question: Which label was assigned to zorlan-01-0181 in the experiment? Answer:,gamma,3,3,1,-11.740887641906738,-11.832124710083008,0.09123706817626953
e3_factual_160m_smoke,EleutherAI/pythia-160m-deduped,step1000,1000,1,factual_association,post_degradation_k4,2026-06-04 14:43:56,1|1|1|1|1,509|376|183|158|1862,4,1,fact182_template0,182,"Question: In the fictional registry, what is the codeword for zorlan-01-0182? Answer:",376,1,2,0,-12.7069730758667,-11.38817310333252,-1.3187999725341797
e3_factual_160m_smoke,EleutherAI/pythia-160m-deduped,step1000,1000,1,factual_association,post_degradation_k4,2026-06-04 14:43:56,1|1|1|1|1,295|445|pink|287|376,4,1,fact182_template1,182,Question: Which label was assigned to zorlan-01-0182 in the experiment? Answer:,376,4,0,0,-12.834454536437988,-12.640498161315918,-0.1939563751220703
e3_factual_160m_smoke,EleutherAI/pythia-160m-deduped,step1000,1000,1,factual_association,post_degradation_k4,2026-06-04 14:43:56,1|1|1|1|1,1896|126|196|345|416,4,1,fact183_template0,183,"Question: In the fictional registry, what is the codeword for zorlan-01-0183? Answer:",126,1,4,0,-12.653865814208984,-12.190671920776367,-0.4631938934326172
e3_factual_160m_smoke,EleutherAI/pythia-160m-deduped,step1000,1000,1,factual_association,post_degradation_k4,2026-06-04 14:43:56,1|1|1|1|1,121|126|346|252|1969,4,1,fact183_template1,183,Question: Which label was assigned to zorlan-01-0183 in the experiment? Answer:,126,1,2,0,-12.718982696533203,-12.336993217468262,-0.3819894790649414
e3_factual_160m_smoke,EleutherAI/pythia-160m-deduped,step1000,1000,1,factual_association,post_degradation_k4,2026-06-04 14:43:56,1|1|1|1|1,1862|443|122|800|1987,4,1,fact184_template0,184,"Question: In the fictional registry, what is the codeword for zorlan-01-0184? Answer:",443,1,1,1,-11.427421569824219,-11.504223823547363,0.07680225372314453
e3_factual_160m_smoke,EleutherAI/pythia-160m-deduped,step1000,1000,1,factual_association,post_degradation_k4,2026-06-04 14:43:56,1|1|1|1|1,172|517|443|502|396,4,1,fact184_template1,184,Question: Which label was assigned to zorlan-01-0184 in the experiment? Answer:,443,2,4,0,-11.684730529785156,-11.634092330932617,-0.05063819885253906
e3_factual_160m_smoke,EleutherAI/pythia-160m-deduped,step1000,1000,1,factual_association,post_degradation_k4,2026-06-04 14:43:56,1|1|1|1|1,gamma|150|scalar|1891|617,4,1,fact185_template0,185,"Question: In the fictional registry, what is the codeword for zorlan-01-0185? Answer:",150,1,1,1,-10.965723991394043,-11.60273265838623,0.6370086669921875
e3_factual_160m_smoke,EleutherAI/pythia-160m-deduped,step1000,1000,1,factual_association,post_degradation_k4,2026-06-04 14:43:56,1|1|1|1|1,542|150|purple|134|1991,4,1,fact185_template1,185,Question: Which label was assigned to zorlan-01-0185 in the experiment? Answer:,150,1,1,1,-10.648656845092773,-12.26061725616455,1.6119604110717773
e3_factual_160m_smoke,EleutherAI/pythia-160m-deduped,step1000,1000,1,factual_association,post_degradation_k4,2026-06-04 14:43:56,1|1|1|1|1,navy|309|1987|360|apple,4,1,fact186_template0,186,"Question: In the fictional registry, what is the codeword for zorlan-01-0186? Answer:",360,3,2,0,-11.947916030883789,-11.0549955368042,-0.8929204940795898
e3_factual_160m_smoke,EleutherAI/pythia-160m-deduped,step1000,1000,1,factual_association,post_degradation_k4,2026-06-04 14:43:56,1|1|1|1|1,294|325|360|308|196,4,1,fact186_template1,186,Question: Which label was assigned to zorlan-01-0186 in the experiment? Answer:,360,2,2,1,-11.601980209350586,-11.879400253295898,0.2774200439453125
e3_factual_160m_smoke,EleutherAI/pythia-160m-deduped,step1000,1000,1,factual_association,post_degradation_k4,2026-06-04 14:43:56,1|1|1|1|1,beacon|551|510|503|768,4,1,fact187_template0,187,"Question: In the fictional registry, what is the codeword for zorlan-01-0187? Answer:",510,2,3,0,-13.437091827392578,-11.925161361694336,-1.5119304656982422
e3_factual_160m_smoke,EleutherAI/pythia-160m-deduped,step1000,1000,1,factual_association,post_degradation_k4,2026-06-04 14:43:56,1|1|1|1|1,239|510|beacon|237|618,4,1,fact187_template1,187,Question: Which label was assigned to zorlan-01-0187 in the experiment? Answer:,510,1,0,0,-12.720285415649414,-11.852065086364746,-0.868220329284668
e3_factual_160m_smoke,EleutherAI/pythia-160m-deduped,step1000,1000,1,factual_association,post_degradation_k4,2026-06-04 14:43:56,1|1|1|1|1,273|288|475|1862|1500,4,1,fact188_template0,188,"Question: In the fictional registry, what is the codeword for zorlan-01-0188? Answer:",1862,3,0,0,-13.582316398620605,-10.857969284057617,-2.7243471145629883
e3_factual_160m_smoke,EleutherAI/pythia-160m-deduped,step1000,1000,1,factual_association,post_degradation_k4,2026-06-04 14:43:56,1|1|1|1|1,131|387|320|1862|455,4,1,fact188_template1,188,Question: Which label was assigned to zorlan-01-0188 in the experiment? Answer:,1862,3,4,0,-14.179841995239258,-11.801223754882812,-2.3786182403564453
e3_factual_160m_smoke,EleutherAI/pythia-160m-deduped,step1000,1000,1,factual_association,post_degradation_k4,2026-06-04 14:43:56,1|1|1|1|1,231|273|311|pink|476,4,1,fact189_template0,189,"Question: In the fictional registry, what is the codeword for zorlan-01-0189? Answer:",476,4,1,0,-11.675385475158691,-11.288410186767578,-0.3869752883911133
e3_factual_160m_smoke,EleutherAI/pythia-160m-deduped,step1000,1000,1,factual_association,post_degradation_k4,2026-06-04 14:43:56,1|1|1|1|1,608|313|476|183|1932,4,1,fact189_template1,189,Question: Which label was assigned to zorlan-01-0189 in the experiment? Answer:,476,2,2,1,-11.796197891235352,-12.263697624206543,0.4674997329711914
e3_factual_160m_smoke,EleutherAI/pythia-160m-deduped,step1000,1000,1,factual_association,post_degradation_k4,2026-06-04 14:43:56,1|1|1|1|1,273|368|361|2021|448,4,1,fact190_template0,190,"Question: In the fictional registry, what is the codeword for zorlan-01-0190? Answer:",448,4,0,0,-13.70535659790039,-11.372101783752441,-2.333254814147949
e3_factual_160m_smoke,EleutherAI/pythia-160m-deduped,step1000,1000,1,factual_association,post_degradation_k4,2026-06-04 14:43:56,1|1|1|1|1,1932|448|183|scalar|398,4,1,fact190_template1,190,Question: Which label was assigned to zorlan-01-0190 in the experiment? Answer:,448,1,3,0,-13.107624053955078,-11.856084823608398,-1.2515392303466797
e3_factual_160m_smoke,EleutherAI/pythia-160m-deduped,step1000,1000,1,factual_association,post_degradation_k4,2026-06-04 14:43:56,1|1|1|1|1,231|383|438|1929|311,4,1,fact191_template0,191,"Question: In the fictional registry, what is the codeword for zorlan-01-0191? Answer:",438,2,1,0,-12.373639106750488,-10.782980918884277,-1.590658187866211
e3_factual_160m_smoke,EleutherAI/pythia-160m-deduped,step1000,1000,1,factual_association,post_degradation_k4,2026-06-04 14:43:56,1|1|1|1|1,295|257|242|209|438,4,1,fact191_template1,191,Question: Which label was assigned to zorlan-01-0191 in the experiment? Answer:,438,4,4,1,-12.131614685058594,-12.646326065063477,0.5147113800048828
e3_factual_160m_smoke,EleutherAI/pythia-160m-deduped,step1000,1000,1,factual_association,post_degradation_k4,2026-06-04 14:43:56,1|1|1|1|1,396|287|apple|216|358,4,1,fact192_template0,192,"Question: In the fictional registry, what is the codeword for zorlan-01-0192? Answer:",358,4,1,0,-11.923458099365234,-11.255602836608887,-0.6678552627563477
e3_factual_160m_smoke,EleutherAI/pythia-160m-deduped,step1000,1000,1,factual_association,post_degradation_k4,2026-06-04 14:43:56,1|1|1|1|1,666|1891|358|518|134,4,1,fact192_template1,192,Question: Which label was assigned to zorlan-01-0192 in the experiment? Answer:,358,2,2,1,-12.040154457092285,-12.07646369934082,0.036309242248535156
e3_factual_160m_smoke,EleutherAI/pythia-160m-deduped,step1000,1000,1,factual_association,post_degradation_k4,2026-06-04 14:43:56,1|1|1|1|1,288|1896|318|136|542,4,1,fact193_template0,193,"Question: In the fictional registry, what is the codeword for zorlan-01-0193? Answer:",1896,1,3,0,-12.95732307434082,-10.478889465332031,-2.478433609008789
e3_factual_160m_smoke,EleutherAI/pythia-160m-deduped,step1000,1000,1,factual_association,post_degradation_k4,2026-06-04 14:43:56,1|1|1|1|1,1891|1893|1896|515|1080,4,1,fact193_template1,193,Question: Which label was assigned to zorlan-01-0193 in the experiment? Answer:,1896,2,3,0,-14.73271369934082,-12.644509315490723,-2.0882043838500977
e3_factual_160m_smoke,EleutherAI/pythia-160m-deduped,step1000,1000,1,factual_association,post_degradation_k4,2026-06-04 14:43:56,1|1|1|1|1,212|518|378|551|128,4,1,fact194_template0,194,"Question: In the fictional registry, what is the codeword for zorlan-01-0194? Answer:",212,0,4,0,-13.070879936218262,-11.670207023620605,-1.4006729125976562
e3_factual_160m_smoke,EleutherAI/pythia-160m-deduped,step1000,1000,1,factual_association,post_degradation_k4,2026-06-04 14:43:56,1|1|1|1|1,502|1987|212|311|1975,4,1,fact194_template1,194,Question: Which label was assigned to zorlan-01-0194 in the experiment? Answer:,212,2,3,0,-13.559398651123047,-12.184242248535156,-1.3751564025878906
e3_factual_160m_smoke,EleutherAI/pythia-160m-deduped,step1000,1000,1,factual_association,post_degradation_k4,2026-06-04 14:43:56,1|1|1|1|1,196|1932|1500|1966|1997,4,1,fact195_template0,195,"Question: In the fictional registry, what is the codeword for zorlan-01-0195? Answer:",1932,1,4,0,-12.825284957885742,-10.637770652770996,-2.187514305114746
e3_factual_160m_smoke,EleutherAI/pythia-160m-deduped,step1000,1000,1,factual_association,post_degradation_k4,2026-06-04 14:43:56,1|1|1|1|1,407|1960|1967|1932|287,4,1,fact195_template1,195,Question: Which label was assigned to zorlan-01-0195 in the experiment? Answer:,1932,3,4,0,-14.014483451843262,-12.74230670928955,-1.272176742553711
e3_factual_160m_smoke,EleutherAI/pythia-160m-deduped,step1000,1000,1,factual_association,post_degradation_k4,2026-06-04 14:43:56,1|1|1|1|1,375|438|196|675|177,4,1,fact196_template0,196,"Question: In the fictional registry, what is the codeword for zorlan-01-0196? Answer:",177,4,2,0,-12.189995765686035,-11.476911544799805,-0.7130842208862305
e3_factual_160m_smoke,EleutherAI/pythia-160m-deduped,step1000,1000,1,factual_association,post_degradation_k4,2026-06-04 14:43:56,1|1|1|1|1,360|121|284|valley|177,4,1,fact196_template1,196,Question: Which label was assigned to zorlan-01-0196 in the experiment? Answer:,177,4,0,0,-13.009515762329102,-11.871757507324219,-1.1377582550048828
e3_factual_160m_smoke,EleutherAI/pythia-160m-deduped,step1000,1000,1,factual_association,post_degradation_k4,2026-06-04 14:43:56,1|1|1|1|1,136|146|128|1904|448,4,1,fact197_template0,197,"Question: In the fictional registry, what is the codeword for zorlan-01-0197? Answer:",146,1,0,0,-12.503457069396973,-10.839959144592285,-1.6634979248046875
e3_factual_160m_smoke,EleutherAI/pythia-160m-deduped,step1000,1000,1,factual_association,post_degradation_k4,2026-06-04 14:43:56,1|1|1|1|1,146|541|455|288|308,4,1,fact197_template1,197,Question: Which label was assigned to zorlan-01-0197 in the experiment? Answer:,146,0,2,0,-13.591235160827637,-11.83718204498291,-1.7540531158447266
e3_factual_160m_smoke,EleutherAI/pythia-160m-deduped,step1000,1000,1,factual_association,post_degradation_k4,2026-06-04 14:43:56,1|1|1|1|1,pepper|1907|1890|2011|apple,4,1,fact198_template0,198,"Question: In the fictional registry, what is the codeword for zorlan-01-0198? Answer:",1907,1,3,0,-13.082059860229492,-10.484500885009766,-2.5975589752197266
e3_factual_160m_smoke,EleutherAI/pythia-160m-deduped,step1000,1000,1,factual_association,post_degradation_k4,2026-06-04 14:43:56,1|1|1|1|1,360|1907|542|374|320,4,1,fact198_template1,198,Question: Which label was assigned to zorlan-01-0198 in the experiment? Answer:,1907,1,0,0,-13.828853607177734,-11.944430351257324,-1.8844232559204102
e3_factual_160m_smoke,EleutherAI/pythia-160m-deduped,step1000,1000,1,factual_association,post_degradation_k4,2026-06-04 14:43:56,1|1|1|1|1,1991|315|284|768|512,4,1,fact199_template0,199,"Question: In the fictional registry, what is the codeword for zorlan-01-0199? Answer:",284,2,0,0,-12.561407089233398,-11.309733390808105,-1.251673698425293
e3_factual_160m_smoke,EleutherAI/pythia-160m-deduped,step1000,1000,1,factual_association,post_degradation_k4,2026-06-04 14:43:56,1|1|1|1|1,361|455|306|284|1958,4,1,fact199_template1,199,Question: Which label was assigned to zorlan-01-0199 in the experiment? Answer:,284,3,0,0,-12.53858757019043,-11.655601501464844,-0.8829860687255859
e3_factual_160m_smoke,EleutherAI/pythia-160m-deduped,step1000,1000,1,factual_association,post_degradation_k16,2026-06-04 14:44:05,1|1|1|1|1,325|599|361|398|362,16,2,fact120_template0,120,"Question: In the fictional registry, what is the codeword for zorlan-01-0120? Answer:",599,1,2,0,-12.72689437866211,-11.335634231567383,-1.3912601470947266
e3_factual_160m_smoke,EleutherAI/pythia-160m-deduped,step1000,1000,1,factual_association,post_degradation_k16,2026-06-04 14:44:05,1|1|1|1|1,omega|512|599|313|2008,16,2,fact120_template1,120,Question: Which label was assigned to zorlan-01-0120 in the experiment? Answer:,599,2,3,0,-12.791397094726562,-11.632757186889648,-1.158639907836914
e3_factual_160m_smoke,EleutherAI/pythia-160m-deduped,step1000,1000,1,factual_association,post_degradation_k16,2026-06-04 14:44:05,1|1|1|1|1,427|666|374|1969|445,16,2,fact121_template0,121,"Question: In the fictional registry, what is the codeword for zorlan-01-0121? Answer:",445,4,3,0,-12.388832092285156,-10.941459655761719,-1.4473724365234375
e3_factual_160m_smoke,EleutherAI/pythia-160m-deduped,step1000,1000,1,factual_association,post_degradation_k16,2026-06-04 14:44:05,1|1|1|1|1,515|517|287|purple|445,16,2,fact121_template1,121,Question: Which label was assigned to zorlan-01-0121 in the experiment? Answer:,445,4,1,0,-12.592350006103516,-11.194477081298828,-1.3978729248046875
e3_factual_160m_smoke,EleutherAI/pythia-160m-deduped,step1000,1000,1,factual_association,post_degradation_k16,2026-06-04 14:44:05,1|1|1|1|1,209|542|221|369|422,16,2,fact122_template0,122,"Question: In the fictional registry, what is the codeword for zorlan-01-0122? Answer:",209,0,3,0,-12.442846298217773,-10.637239456176758,-1.8056068420410156
e3_factual_160m_smoke,EleutherAI/pythia-160m-deduped,step1000,1000,1,factual_association,post_degradation_k16,2026-06-04 14:44:05,1|1|1|1|1,346|358|2002|245|209,16,2,fact122_template1,122,Question: Which label was assigned to zorlan-01-0122 in the experiment? Answer:,209,4,0,0,-12.697596549987793,-10.933367729187012,-1.7642288208007812
e3_factual_160m_smoke,EleutherAI/pythia-160m-deduped,step1000,1000,1,factual_association,post_degradation_k16,2026-06-04 14:44:05,1|1|1|1|1,285|1966|1080|201|841,16,2,fact123_template0,123,"Question: In the fictional registry, what is the codeword for zorlan-01-0123? Answer:",841,4,0,0,-13.812052726745605,-10.464503288269043,-3.3475494384765625
e3_factual_160m_smoke,EleutherAI/pythia-160m-deduped,step1000,1000,1,factual_association,post_degradation_k16,2026-06-04 14:44:05,1|1|1|1|1,841|226|146|668|414,16,2,fact123_template1,123,Question: Which label was assigned to zorlan-01-0123 in the experiment? Answer:,841,0,1,0,-12.492729187011719,-11.024730682373047,-1.4679985046386719
e3_factual_160m_smoke,EleutherAI/pythia-160m-deduped,step1000,1000,1,factual_association,post_degradation_k16,2026-06-04 14:44:05,1|1|1|1|1,2010|1993|valley|291|462,16,2,fact124_template0,124,"Question: In the fictional registry, what is the codeword for zorlan-01-0124? Answer:",462,4,0,0,-12.423447608947754,-10.513998985290527,-1.9094486236572266
e3_factual_160m_smoke,EleutherAI/pythia-160m-deduped,step1000,1000,1,factual_association,post_degradation_k16,2026-06-04 14:44:05,1|1|1|1|1,1080|318|1891|462|1932,16,2,fact124_template1,124,Question: Which label was assigned to zorlan-01-0124 in the experiment? Answer:,462,3,1,0,-12.353626251220703,-11.460233688354492,-0.8933925628662109
e3_factual_160m_smoke,EleutherAI/pythia-160m-deduped,step1000,1000,1,factual_association,post_degradation_k16,2026-06-04 14:44:05,1|1|1|1|1,158|369|146|1901|1904,16,2,fact125_template0,125,"Question: In the fictional registry, what is the codeword for zorlan-01-0125? Answer:",1901,3,1,0,-11.947717666625977,-9.18269157409668,-2.765026092529297
e3_factual_160m_smoke,EleutherAI/pythia-160m-deduped,step1000,1000,1,factual_association,post_degradation_k16,2026-06-04 14:44:05,1|1|1|1|1,1891|131|1901|414|1932,16,2,fact125_template1,125,Question: Which label was assigned to zorlan-01-0125 in the experiment? Answer:,1901,2,3,0,-13.753294944763184,-11.616527557373047,-2.1367673873901367
e3_factual_160m_smoke,EleutherAI/pythia-160m-deduped,step1000,1000,1,factual_association,post_degradation_k16,2026-06-04 14:44:05,1|1|1|1|1,541|1969|231|565|1994,16,2,fact126_template0,126,"Question: In the fictional registry, what is the codeword for zorlan-01-0126? Answer:",541,0,4,0,-12.895034790039062,-10.885332107543945,-2.009702682495117
e3_factual_160m_smoke,EleutherAI/pythia-160m-deduped,step1000,1000,1,factual_association,post_degradation_k16,2026-06-04 14:44:05,1|1|1|1|1,226|468|242|121|541,16,2,fact126_template1,126,Question: Which label was assigned to zorlan-01-0126 in the experiment? Answer:,541,4,1,0,-12.073897361755371,-10.313867568969727,-1.7600297927856445
e3_factual_160m_smoke,EleutherAI/pythia-160m-deduped,step1000,1000,1,factual_association,post_degradation_k16,2026-06-04 14:44:05,1|1|1|1|1,242|233|362|142|1901,16,2,fact127_template0,127,"Question: In the fictional registry, what is the codeword for zorlan-01-0127? Answer:",362,2,0,0,-12.025174140930176,-11.214987754821777,-0.8101863861083984
e3_factual_160m_smoke,EleutherAI/pythia-160m-deduped,step1000,1000,1,factual_association,post_degradation_k16,2026-06-04 14:44:05,1|1|1|1|1,362|675|360|navy|1958,16,2,fact127_template1,127,Question: Which label was assigned to zorlan-01-0127 in the experiment? Answer:,362,0,2,0,-12.934202194213867,-11.184714317321777,-1.7494878768920898
e3_factual_160m_smoke,EleutherAI/pythia-160m-deduped,step1000,1000,1,factual_association,post_degradation_k16,2026-06-04 14:44:05,1|1|1|1|1,445|1998|345|362|234,16,2,fact128_template0,128,"Question: In the fictional registry, what is the codeword for zorlan-01-0128? Answer:",345,2,4,0,-12.903724670410156,-11.118185043334961,-1.7855396270751953
e3_factual_160m_smoke,EleutherAI/pythia-160m-deduped,step1000,1000,1,factual_association,post_degradation_k16,2026-06-04 14:44:05,1|1|1|1|1,475|374|476|345|257,16,2,fact128_template1,128,Question: Which label was assigned to zorlan-01-0128 in the experiment? Answer:,345,3,2,0,-13.034988403320312,-10.915973663330078,-2.1190147399902344
e3_factual_160m_smoke,EleutherAI/pythia-160m-deduped,step1000,1000,1,factual_association,post_degradation_k16,2026-06-04 14:44:05,1|1|1|1|1,243|618|2002|1901|527,16,2,fact129_template0,129,"Question: In the fictional registry, what is the codeword for zorlan-01-0129? Answer:",2002,2,2,1,-10.724684715270996,-11.917198181152344,1.1925134658813477
e3_factual_160m_smoke,EleutherAI/pythia-160m-deduped,step1000,1000,1,factual_association,post_degradation_k16,2026-06-04 14:44:05,1|1|1|1|1,203|2002|387|1891|375,16,2,fact129_template1,129,Question: Which label was assigned to zorlan-01-0129 in the experiment? Answer:,2002,1,0,0,-12.808239936828613,-11.928169250488281,-0.880070686340332
e3_factual_160m_smoke,EleutherAI/pythia-160m-deduped,step1000,1000,1,factual_association,post_degradation_k16,2026-06-04 14:44:05,1|1|1|1|1,325|1960|308|800|242,16,2,fact130_template0,130,"Question: In the fictional registry, what is the codeword for zorlan-01-0130? Answer:",1960,1,4,0,-12.355508804321289,-11.382255554199219,-0.9732532501220703
e3_factual_160m_smoke,EleutherAI/pythia-160m-deduped,step1000,1000,1,factual_association,post_degradation_k16,2026-06-04 14:44:05,1|1|1|1|1,1960|201|398|551|scalar,16,2,fact130_template1,130,Question: Which label was assigned to zorlan-01-0130 in the experiment? Answer:,1960,0,1,0,-14.600449562072754,-10.232369422912598,-4.368080139160156
e3_factual_160m_smoke,EleutherAI/pythia-160m-deduped,step1000,1000,1,factual_association,post_degradation_k16,2026-06-04 14:44:05,1|1|1|1|1,768|134|455|565|358,16,2,fact131_template0,131,"Question: In the fictional registry, what is the codeword for zorlan-01-0131? Answer:",565,3,2,0,-10.81435489654541,-9.636737823486328,-1.177617073059082
e3_factual_160m_smoke,EleutherAI/pythia-160m-deduped,step1000,1000,1,factual_association,post_degradation_k16,2026-06-04 14:44:05,1|1|1|1|1,541|1967|354|565|1891,16,2,fact131_template1,131,Question: Which label was assigned to zorlan-01-0131 in the experiment? Answer:,565,3,3,1,-11.113663673400879,-11.818269729614258,0.7046060562133789
e3_factual_160m_smoke,EleutherAI/pythia-160m-deduped,step1000,1000,1,factual_association,post_degradation_k16,2026-06-04 14:44:05,1|1|1|1|1,503|291|1500|387|matrix,16,2,fact132_template0,132,"Question: In the fictional registry, what is the codeword for zorlan-01-0132? Answer:",387,3,0,0,-11.781376838684082,-10.647126197814941,-1.1342506408691406
e3_factual_160m_smoke,EleutherAI/pythia-160m-deduped,step1000,1000,1,factual_association,post_degradation_k16,2026-06-04 14:44:05,1|1|1|1|1,387|475|2011|1907|252,16,2,fact132_template1,132,Question: Which label was assigned to zorlan-01-0132 in the experiment? Answer:,387,0,1,0,-12.005264282226562,-11.022354125976562,-0.98291015625
e3_factual_160m_smoke,EleutherAI/pythia-160m-deduped,step1000,1000,1,factual_association,post_degradation_k16,2026-06-04 14:44:05,1|1|1|1|1,1958|159|502|239|422,16,2,fact133_template0,133,"Question: In the fictional registry, what is the codeword for zorlan-01-0133? Answer:",159,1,3,0,-11.407517433166504,-10.396074295043945,-1.0114431381225586
e3_factual_160m_smoke,EleutherAI/pythia-160m-deduped,step1000,1000,1,factual_association,post_degradation_k16,2026-06-04 14:44:05,1|1|1|1|1,212|159|167|256|271,16,2,fact133_template1,133,Question: Which label was assigned to zorlan-01-0133 in the experiment? Answer:,159,1,2,0,-12.666037559509277,-11.793068885803223,-0.8729686737060547
e3_factual_160m_smoke,EleutherAI/pythia-160m-deduped,step1000,1000,1,factual_association,post_degradation_k16,2026-06-04 14:44:05,1|1|1|1|1,1893|358|534|1922|368,16,2,fact134_template0,134,"Question: In the fictional registry, what is the codeword for zorlan-01-0134? Answer:",534,2,1,0,-11.534041404724121,-10.649585723876953,-0.884455680847168
e3_factual_160m_smoke,EleutherAI/pythia-160m-deduped,step1000,1000,1,factual_association,post_degradation_k16,2026-06-04 14:44:05,1|1|1|1|1,460|134|534|374|1998,16,2,fact134_template1,134,Question: Which label was assigned to zorlan-01-0134 in the experiment? Answer:,534,2,0,0,-11.67013168334961,-10.633843421936035,-1.0362882614135742
e3_factual_160m_smoke,EleutherAI/pythia-160m-deduped,step1000,1000,1,factual_association,post_degradation_k16,2026-06-04 14:44:05,1|1|1|1|1,820|274|256|346|519,16,2,fact135_template0,135,"Question: In the fictional registry, what is the codeword for zorlan-01-0135? Answer:",820,0,3,0,-12.030746459960938,-10.596423149108887,-1.4343233108520508
e3_factual_160m_smoke,EleutherAI/pythia-160m-deduped,step1000,1000,1,factual_association,post_degradation_k16,2026-06-04 14:44:05,1|1|1|1|1,820|613|509|1945|527,16,2,fact135_template1,135,Question: Which label was assigned to zorlan-01-0135 in the experiment? Answer:,820,0,1,0,-12.817122459411621,-11.132184028625488,-1.6849384307861328
e3_factual_160m_smoke,EleutherAI/pythia-160m-deduped,step1000,1000,1,factual_association,post_degradation_k16,2026-06-04 14:44:05,1|1|1|1|1,549|509|460|286|531,16,2,fact136_template0,136,"Question: In the fictional registry, what is the codeword for zorlan-01-0136? Answer:",460,2,4,0,-11.148902893066406,-9.982912063598633,-1.1659908294677734
e3_factual_160m_smoke,EleutherAI/pythia-160m-deduped,step1000,1000,1,factual_association,post_degradation_k16,2026-06-04 14:44:05,1|1|1|1|1,515|460|2008|361|287,16,2,fact136_template1,136,Question: Which label was assigned to zorlan-01-0136 in the experiment? Answer:,460,1,3,0,-10.651100158691406,-10.342805862426758,-0.30829429626464844
e3_factual_160m_smoke,EleutherAI/pythia-160m-deduped,step1000,1000,1,factual_association,post_degradation_k16,2026-06-04 14:44:05,1|1|1|1|1,274|231|512|462|538,16,2,fact137_template0,137,"Question: In the fictional registry, what is the codeword for zorlan-01-0137? Answer:",512,2,4,0,-13.301170349121094,-10.189336776733398,-3.1118335723876953
e3_factual_160m_smoke,EleutherAI/pythia-160m-deduped,step1000,1000,1,factual_association,post_degradation_k16,2026-06-04 14:44:05,1|1|1|1|1,337|orange|274|369|512,16,2,fact137_template1,137,Question: Which label was assigned to zorlan-01-0137 in the experiment? Answer:,512,4,3,0,-13.466437339782715,-10.633541107177734,-2.8328962326049805
e3_factual_160m_smoke,EleutherAI/pythia-160m-deduped,step1000,1000,1,factual_association,post_degradation_k16,2026-06-04 14:44:05,1|1|1|1|1,354|475|358|599|purple,16,2,fact138_template0,138,"Question: In the fictional registry, what is the codeword for zorlan-01-0138? Answer:",purple,4,1,0,-14.038423538208008,-11.349699974060059,-2.688723564147949
e3_factual_160m_smoke,EleutherAI/pythia-160m-deduped,step1000,1000,1,factual_association,post_degradation_k16,2026-06-04 14:44:05,1|1|1|1|1,841|538|purple|1925|183,16,2,fact138_template1,138,Question: Which label was assigned to zorlan-01-0138 in the experiment? Answer:,purple,2,1,0,-12.857423782348633,-11.726642608642578,-1.1307811737060547
e3_factual_160m_smoke,EleutherAI/pythia-160m-deduped,step1000,1000,1,factual_association,post_degradation_k16,2026-06-04 14:44:05,1|1|1|1|1,378|608|542|2008|286,16,2,fact139_template0,139,"Question: In the fictional registry, what is the codeword for zorlan-01-0139? Answer:",286,4,3,0,-11.938907623291016,-10.131967544555664,-1.8069400787353516
e3_factual_160m_smoke,EleutherAI/pythia-160m-deduped,step1000,1000,1,factual_association,post_degradation_k16,2026-06-04 14:44:05,1|1|1|1|1,1993|551|503|cotton|286,16,2,fact139_template1,139,Question: Which label was assigned to zorlan-01-0139 in the experiment? Answer:,286,4,2,0,-11.672369003295898,-11.095958709716797,-0.5764102935791016
e3_factual_160m_smoke,EleutherAI/pythia-160m-deduped,step1000,1000,1,factual_association,post_degradation_k16,2026-06-04 14:44:05,1|1|1|1|1,287|177|1975|183|922,16,2,fact140_template0,140,"Question: In the fictional registry, what is the codeword for zorlan-01-0140? Answer:",1975,2,0,0,-12.019087791442871,-11.113592147827148,-0.9054956436157227
e3_factual_160m_smoke,EleutherAI/pythia-160m-deduped,step1000,1000,1,factual_association,post_degradation_k16,2026-06-04 14:44:05,1|1|1|1|1,542|2008|274|purple|1975,16,2,fact140_template1,140,Question: Which label was assigned to zorlan-01-0140 in the experiment? Answer:,1975,4,2,0,-13.696550369262695,-11.798141479492188,-1.8984088897705078
e3_factual_160m_smoke,EleutherAI/pythia-160m-deduped,step1000,1000,1,factual_association,post_degradation_k16,2026-06-04 14:44:05,1|1|1|1|1,2007|361|315|1904|322,16,2,fact141_template0,141,"Question: In the fictional registry, what is the codeword for zorlan-01-0141? Answer:",315,2,0,0,-11.592164993286133,-10.501922607421875,-1.0902423858642578
e3_factual_160m_smoke,EleutherAI/pythia-160m-deduped,step1000,1000,1,factual_association,post_degradation_k16,2026-06-04 14:44:05,1|1|1|1|1,538|922|315|gamma|509,16,2,fact141_template1,141,Question: Which label was assigned to zorlan-01-0141 in the experiment? Answer:,315,2,3,0,-12.017316818237305,-11.51345157623291,-0.5038652420043945
e3_factual_160m_smoke,EleutherAI/pythia-160m-deduped,step1000,1000,1,factual_association,post_degradation_k16,2026-06-04 14:44:05,1|1|1|1|1,512|tensor|618|666|374,16,2,fact142_template0,142,"Question: In the fictional registry, what is the codeword for zorlan-01-0142? Answer:",666,3,4,0,-10.58988094329834,-9.646626472473145,-0.9432544708251953
e3_factual_160m_smoke,EleutherAI/pythia-160m-deduped,step1000,1000,1,factual_association,post_degradation_k16,2026-06-04 14:44:05,1|1|1|1|1,170|707|666|1932|1080,16,2,fact142_template1,142,Question: Which label was assigned to zorlan-01-0142 in the experiment? Answer:,666,2,2,1,-10.744097709655762,-11.441693305969238,0.6975955963134766
e3_factual_160m_smoke,EleutherAI/pythia-160m-deduped,step1000,1000,1,factual_association,post_degradation_k16,2026-06-04 14:44:05,1|1|1|1|1,1890|timber|243|294|666,16,2,fact143_template0,143,"Question: In the fictional registry, what is the codeword for zorlan-01-0143? Answer:",243,2,2,1,-11.311983108520508,-11.51192855834961,0.19994544982910156
e3_factual_160m_smoke,EleutherAI/pythia-160m-deduped,step1000,1000,1,factual_association,post_degradation_k16,2026-06-04 14:44:05,1|1|1|1|1,551|212|243|1925|841,16,2,fact143_template1,143,Question: Which label was assigned to zorlan-01-0143 in the experiment? Answer:,243,2,2,1,-11.708070755004883,-12.56855583190918,0.8604850769042969
e3_factual_160m_smoke,EleutherAI/pythia-160m-deduped,step1000,1000,1,factual_association,post_degradation_k16,2026-06-04 14:44:05,1|1|1|1|1,157|549|forest|438|294,16,2,fact144_template0,144,"Question: In the fictional registry, what is the codeword for zorlan-01-0144? Answer:",157,0,3,0,-11.558849334716797,-11.014979362487793,-0.5438699722290039
e3_factual_160m_smoke,EleutherAI/pythia-160m-deduped,step1000,1000,1,factual_association,post_degradation_k16,2026-06-04 14:44:05,1|1|1|1|1,273|122|1901|157|462,16,2,fact144_template1,144,Question: Which label was assigned to zorlan-01-0144 in the experiment? Answer:,157,3,0,0,-12.310842514038086,-11.355335235595703,-0.9555072784423828
e3_factual_160m_smoke,EleutherAI/pythia-160m-deduped,step1000,1000,1,factual_association,post_degradation_k16,2026-06-04 14:44:05,1|1|1|1|1,287|1966|1080|780|273,16,2,fact145_template0,145,"Question: In the fictional registry, what is the codeword for zorlan-01-0145? Answer:",1080,2,0,0,-13.139265060424805,-10.29378890991211,-2.8454761505126953
e3_factual_160m_smoke,EleutherAI/pythia-160m-deduped,step1000,1000,1,factual_association,post_degradation_k16,2026-06-04 14:44:05,1|1|1|1|1,509|1080|121|gamma|346,16,2,fact145_template1,145,Question: Which label was assigned to zorlan-01-0145 in the experiment? Answer:,1080,1,4,0,-14.671868324279785,-11.014870643615723,-3.6569976806640625
e3_factual_160m_smoke,EleutherAI/pythia-160m-deduped,step1000,1000,1,factual_association,post_degradation_k16,2026-06-04 14:44:05,1|1|1|1|1,350|620|1939|531|1890,16,2,fact146_template0,146,"Question: In the fictional registry, what is the codeword for zorlan-01-0146? Answer:",1939,2,3,0,-11.602615356445312,-10.595804214477539,-1.0068111419677734
e3_factual_160m_smoke,EleutherAI/pythia-160m-deduped,step1000,1000,1,factual_association,post_degradation_k16,2026-06-04 14:44:05,1|1|1|1|1,358|1945|1939|264|274,16,2,fact146_template1,146,Question: Which label was assigned to zorlan-01-0146 in the experiment? Answer:,1939,2,0,0,-14.244741439819336,-11.13646125793457,-3.1082801818847656
e3_factual_160m_smoke,EleutherAI/pythia-160m-deduped,step1000,1000,1,factual_association,post_degradation_k16,2026-06-04 14:44:05,1|1|1|1|1,226|922|445|800|1080,16,2,fact147_template0,147,"Question: In the fictional registry, what is the codeword for zorlan-01-0147? Answer:",800,3,0,0,-12.820964813232422,-10.814809799194336,-2.006155014038086
e3_factual_160m_smoke,EleutherAI/pythia-160m-deduped,step1000,1000,1,factual_association,post_degradation_k16,2026-06-04 14:44:05,1|1|1|1|1,800|286|tensor|212|666,16,2,fact147_template1,147,Question: Which label was assigned to zorlan-01-0147 in the experiment? Answer:,800,0,4,0,-11.328338623046875,-11.088909149169922,-0.23942947387695312
e3_factual_160m_smoke,EleutherAI/pythia-160m-deduped,step1000,1000,1,factual_association,post_degradation_k16,2026-06-04 14:44:05,1|1|1|1|1,157|346|2011|1925|509,16,2,fact148_template0,148,"Question: In the fictional registry, what is the codeword for zorlan-01-0148? Answer:",2011,2,1,0,-11.272821426391602,-11.006635665893555,-0.2661857604980469
e3_factual_160m_smoke,EleutherAI/pythia-160m-deduped,step1000,1000,1,factual_association,post_degradation_k16,2026-06-04 14:44:05,1|1|1|1|1,2011|valley|345|529|396,16,2,fact148_template1,148,Question: Which label was assigned to zorlan-01-0148 in the experiment? Answer:,2011,0,3,0,-12.213399887084961,-10.470390319824219,-1.7430095672607422
e3_factual_160m_smoke,EleutherAI/pythia-160m-deduped,step1000,1000,1,factual_association,post_degradation_k16,2026-06-04 14:44:05,1|1|1|1|1,1967|131|omega|503|208,16,2,fact149_template0,149,"Question: In the fictional registry, what is the codeword for zorlan-01-0149? Answer:",131,1,3,0,-11.309638977050781,-10.917837142944336,-0.3918018341064453
e3_factual_160m_smoke,EleutherAI/pythia-160m-deduped,step1000,1000,1,factual_association,post_degradation_k16,2026-06-04 14:44:05,1|1|1|1|1,337|131|1969|209|306,16,2,fact149_template1,149,Question: Which label was assigned to zorlan-01-0149 in the experiment? Answer:,131,1,0,0,-12.694677352905273,-11.723004341125488,-0.9716730117797852
e3_factual_160m_smoke,EleutherAI/pythia-160m-deduped,step1000,1000,1,factual_association,post_degradation_k16,2026-06-04 14:44:05,1|1|1|1|1,201|forest|460|479|1929,16,2,fact150_template0,150,"Question: In the fictional registry, what is the codeword for zorlan-01-0150? Answer:",1929,4,3,0,-12.756999015808105,-10.888157844543457,-1.8688411712646484
e3_factual_160m_smoke,EleutherAI/pythia-160m-deduped,step1000,1000,1,factual_association,post_degradation_k16,2026-06-04 14:44:05,1|1|1|1|1,306|527|1929|pink|purple,16,2,fact150_template1,150,Question: Which label was assigned to zorlan-01-0150 in the experiment? Answer:,1929,2,4,0,-13.237712860107422,-12.67192554473877,-0.5657873153686523
e3_factual_160m_smoke,EleutherAI/pythia-160m-deduped,step1000,1000,1,factual_association,post_degradation_k16,2026-06-04 14:44:05,1|1|1|1|1,313|475|beacon|529|matrix,16,2,fact151_template0,151,"Question: In the fictional registry, what is the codeword for zorlan-01-0151? Answer:",529,3,0,0,-10.753938674926758,-10.06148910522461,-0.6924495697021484
e3_factual_160m_smoke,EleutherAI/pythia-160m-deduped,step1000,1000,1,factual_association,post_degradation_k16,2026-06-04 14:44:05,1|1|1|1|1,309|475|1998|306|529,16,2,fact151_template1,151,Question: Which label was assigned to zorlan-01-0151 in the experiment? Answer:,529,4,4,1,-10.590354919433594,-11.343024253845215,0.7526693344116211
e3_factual_160m_smoke,EleutherAI/pythia-160m-deduped,step1000,1000,1,factual_association,post_degradation_k16,2026-06-04 14:44:05,1|1|1|1|1,668|omega|1891|438|2011,16,2,fact152_template0,152,"Question: In the fictional registry, what is the codeword for zorlan-01-0152? Answer:",668,0,3,0,-12.602449417114258,-10.976959228515625,-1.6254901885986328
e3_factual_160m_smoke,EleutherAI/pythia-160m-deduped,step1000,1000,1,factual_association,post_degradation_k16,2026-06-04 14:44:05,1|1|1|1|1,476|102|542|618|668,16,2,fact152_template1,152,Question: Which label was assigned to zorlan-01-0152 in the experiment? Answer:,668,4,0,0,-12.711091041564941,-10.849035263061523,-1.862055778503418
e3_factual_160m_smoke,EleutherAI/pythia-160m-deduped,step1000,1000,1,factual_association,post_degradation_k16,2026-06-04 14:44:05,1|1|1|1|1,167|369|matrix|618|170,16,2,fact153_template0,153,"Question: In the fictional registry, what is the codeword for zorlan-01-0153? Answer:",170,4,1,0,-11.490846633911133,-10.48898696899414,-1.0018596649169922
e3_factual_160m_smoke,EleutherAI/pythia-160m-deduped,step1000,1000,1,factual_association,post_degradation_k16,2026-06-04 14:44:05,1|1|1|1|1,170|286|209|2011|387,16,2,fact153_template1,153,Question: Which label was assigned to zorlan-01-0153 in the experiment? Answer:,170,0,1,0,-11.633118629455566,-11.334444999694824,-0.2986736297607422
e3_factual_160m_smoke,EleutherAI/pythia-160m-deduped,step1000,1000,1,factual_association,post_degradation_k16,2026-06-04 14:44:05,1|1|1|1|1,620|1960|527|295|1966,16,2,fact154_template0,154,"Question: In the fictional registry, what is the codeword for zorlan-01-0154? Answer:",527,2,3,0,-13.44505500793457,-11.589798927307129,-1.8552560806274414
e3_factual_160m_smoke,EleutherAI/pythia-160m-deduped,step1000,1000,1,factual_association,post_degradation_k16,2026-06-04 14:44:05,1|1|1|1|1,527|613|2020|2021|313,16,2,fact154_template1,154,Question: Which label was assigned to zorlan-01-0154 in the experiment? Answer:,527,0,1,0,-13.131368637084961,-11.028844833374023,-2.1025238037109375
e3_factual_160m_smoke,EleutherAI/pythia-160m-deduped,step1000,1000,1,factual_association,post_degradation_k16,2026-06-04 14:44:05,1|1|1|1|1,237|142|2002|valley|1896,16,2,fact155_template0,155,"Question: In the fictional registry, what is the codeword for zorlan-01-0155? Answer:",142,1,2,0,-11.231837272644043,-10.537554740905762,-0.6942825317382812
e3_factual_160m_smoke,EleutherAI/pythia-160m-deduped,step1000,1000,1,factual_association,post_degradation_k16,2026-06-04 14:44:05,1|1|1|1|1,142|358|256|509|157,16,2,fact155_template1,155,Question: Which label was assigned to zorlan-01-0155 in the experiment? Answer:,142,0,1,0,-11.531471252441406,-11.056842803955078,-0.4746284484863281
e3_factual_160m_smoke,EleutherAI/pythia-160m-deduped,step1000,1000,1,factual_association,post_degradation_k16,2026-06-04 14:44:05,1|1|1|1|1,cotton|422|617|271|150,16,2,fact156_template0,156,"Question: In the fictional registry, what is the codeword for zorlan-01-0156? Answer:",271,3,4,0,-11.84337043762207,-10.557134628295898,-1.2862358093261719
e3_factual_160m_smoke,EleutherAI/pythia-160m-deduped,step1000,1000,1,factual_association,post_degradation_k16,2026-06-04 14:44:05,1|1|1|1|1,1893|531|322|271|1891,16,2,fact156_template1,156,Question: Which label was assigned to zorlan-01-0156 in the experiment? Answer:,271,3,1,0,-11.961519241333008,-10.912574768066406,-1.0489444732666016
e3_factual_160m_smoke,EleutherAI/pythia-160m-deduped,step1000,1000,1,factual_association,post_degradation_k16,2026-06-04 14:44:05,1|1|1|1|1,1966|beacon|221|443|541,16,2,fact157_template0,157,"Question: In the fictional registry, what is the codeword for zorlan-01-0157? Answer:",1966,0,3,0,-11.88105583190918,-10.42219066619873,-1.4588651657104492
e3_factual_160m_smoke,EleutherAI/pythia-160m-deduped,step1000,1000,1,factual_association,post_degradation_k16,2026-06-04 14:44:05,1|1|1|1|1,136|264|358|1966|595,16,2,fact157_template1,157,Question: Which label was assigned to zorlan-01-0157 in the experiment? Answer:,1966,3,2,0,-13.81235408782959,-10.920273780822754,-2.892080307006836
e3_factual_160m_smoke,EleutherAI/pythia-160m-deduped,step1000,1000,1,factual_association,post_degradation_k16,2026-06-04 14:44:05,1|1|1|1|1,1999|245|158|1966|608,16,2,fact158_template0,158,"Question: In the fictional registry, what is the codeword for zorlan-01-0158? Answer:",158,2,1,0,-11.66318130493164,-10.50814151763916,-1.1550397872924805
e3_factual_160m_smoke,EleutherAI/pythia-160m-deduped,step1000,1000,1,factual_association,post_degradation_k16,2026-06-04 14:44:05,1|1|1|1|1,158|376|479|551|509,16,2,fact158_template1,158,Question: Which label was assigned to zorlan-01-0158 in the experiment? Answer:,158,0,2,0,-12.739444732666016,-11.310466766357422,-1.4289779663085938
e3_factual_160m_smoke,EleutherAI/pythia-160m-deduped,step1000,1000,1,factual_association,post_degradation_k16,2026-06-04 14:44:05,1|1|1|1|1,2011|620|1500|922|780,16,2,fact159_template0,159,"Question: In the fictional registry, what is the codeword for zorlan-01-0159? Answer:",922,3,0,0,-12.869583129882812,-10.958775520324707,-1.9108076095581055
e3_factual_160m_smoke,EleutherAI/pythia-160m-deduped,step1000,1000,1,factual_association,post_degradation_k16,2026-06-04 14:44:05,1|1|1|1|1,valley|1993|1991|922|221,16,2,fact159_template1,159,Question: Which label was assigned to zorlan-01-0159 in the experiment? Answer:,922,3,4,0,-12.736471176147461,-10.730406761169434,-2.0060644149780273
e3_factual_160m_smoke,EleutherAI/pythia-160m-deduped,step1000,1000,1,factual_association,post_degradation_k16,2026-06-04 14:44:05,1|1|1|1|1,1998|294|2002|1929|231,16,2,fact160_template0,160,"Question: In the fictional registry, what is the codeword for zorlan-01-0160? Answer:",294,1,2,0,-11.737279891967773,-10.324136734008789,-1.4131431579589844
e3_factual_160m_smoke,EleutherAI/pythia-160m-deduped,step1000,1000,1,factual_association,post_degradation_k16,2026-06-04 14:44:05,1|1|1|1|1,purple|102|1924|294|136,16,2,fact160_template1,160,Question: Which label was assigned to zorlan-01-0160 in the experiment? Answer:,294,3,3,1,-11.3255615234375,-11.473997116088867,0.1484355926513672
e3_factual_160m_smoke,EleutherAI/pythia-160m-deduped,step1000,1000,1,factual_association,post_degradation_k16,2026-06-04 14:44:05,1|1|1|1|1,1896|345|252|201|159,16,2,fact161_template0,161,"Question: In the fictional registry, what is the codeword for zorlan-01-0161? Answer:",201,3,3,1,-11.608758926391602,-11.94321060180664,0.33445167541503906
e3_factual_160m_smoke,EleutherAI/pythia-160m-deduped,step1000,1000,1,factual_association,post_degradation_k16,2026-06-04 14:44:05,1|1|1|1|1,1997|479|668|780|201,16,2,fact161_template1,161,Question: Which label was assigned to zorlan-01-0161 in the experiment? Answer:,201,4,4,1,-10.136886596679688,-11.317065238952637,1.1801786422729492
e3_factual_160m_smoke,EleutherAI/pythia-160m-deduped,step1000,1000,1,factual_association,post_degradation_k16,2026-06-04 14:44:05,1|1|1|1|1,608|565|252|151|red,16,2,fact162_template0,162,"Question: In the fictional registry, what is the codeword for zorlan-01-0162? Answer:",red,4,3,0,-12.016468048095703,-10.699394226074219,-1.3170738220214844
e3_factual_160m_smoke,EleutherAI/pythia-160m-deduped,step1000,1000,1,factual_association,post_degradation_k16,2026-06-04 14:44:05,1|1|1|1|1,1901|274|red|294|1895,16,2,fact162_template1,162,Question: Which label was assigned to zorlan-01-0162 in the experiment? Answer:,red,2,2,1,-10.335204124450684,-11.037599563598633,0.7023954391479492
e3_factual_160m_smoke,EleutherAI/pythia-160m-deduped,step1000,1000,1,factual_association,post_degradation_k16,2026-06-04 14:44:05,1|1|1|1|1,131|613|1994|519|350,16,2,fact163_template0,163,"Question: In the fictional registry, what is the codeword for zorlan-01-0163? Answer:",519,3,1,0,-11.642833709716797,-10.405794143676758,-1.237039566040039
e3_factual_160m_smoke,EleutherAI/pythia-160m-deduped,step1000,1000,1,factual_association,post_degradation_k16,2026-06-04 14:44:05,1|1|1|1|1,519|231|1967|2020|503,16,2,fact163_template1,163,Question: Which label was assigned to zorlan-01-0163 in the experiment? Answer:,519,0,4,0,-12.643989562988281,-10.764627456665039,-1.8793621063232422
e3_factual_160m_smoke,EleutherAI/pythia-160m-deduped,step1000,1000,1,factual_association,post_degradation_k16,2026-06-04 14:44:05,1|1|1|1|1,1932|768|252|534|221,16,2,fact164_template0,164,"Question: In the fictional registry, what is the codeword for zorlan-01-0164? Answer:",252,2,4,0,-11.784265518188477,-11.237727165222168,-0.5465383529663086
e3_factual_160m_smoke,EleutherAI/pythia-160m-deduped,step1000,1000,1,factual_association,post_degradation_k16,2026-06-04 14:44:05,1|1|1|1|1,233|1895|131|252|256,16,2,fact164_template1,164,Question: Which label was assigned to zorlan-01-0164 in the experiment? Answer:,252,3,4,0,-12.136165618896484,-12.097545623779297,-0.0386199951171875
e3_factual_160m_smoke,EleutherAI/pythia-160m-deduped,step1000,1000,1,factual_association,post_degradation_k16,2026-06-04 14:44:05,1|1|1|1|1,396|matrix|183|707|565,16,2,fact165_template0,165,"Question: In the fictional registry, what is the codeword for zorlan-01-0165? Answer:",183,2,0,0,-10.925156593322754,-10.4983549118042,-0.4268016815185547
e3_factual_160m_smoke,EleutherAI/pythia-160m-deduped,step1000,1000,1,factual_association,post_degradation_k16,2026-06-04 14:44:05,1|1|1|1|1,256|274|1945|237|183,16,2,fact165_template1,165,Question: Which label was assigned to zorlan-01-0165 in the experiment? Answer:,183,4,1,0,-11.668314933776855,-11.370870590209961,-0.29744434356689453
e3_factual_160m_smoke,EleutherAI/pythia-160m-deduped,step1000,1000,1,factual_association,post_degradation_k16,2026-06-04 14:44:05,1|1|1|1|1,203|285|518|350|1080,16,2,fact166_template0,166,"Question: In the fictional registry, what is the codeword for zorlan-01-0166? Answer:",518,2,1,0,-11.15786361694336,-10.51174259185791,-0.6461210250854492
e3_factual_160m_smoke,EleutherAI/pythia-160m-deduped,step1000,1000,1,factual_association,post_degradation_k16,2026-06-04 14:44:05,1|1|1|1|1,157|518|221|177|308,16,2,fact166_template1,166,Question: Which label was assigned to zorlan-01-0166 in the experiment? Answer:,518,1,2,0,-11.996423721313477,-10.884895324707031,-1.1115283966064453
e3_factual_160m_smoke,EleutherAI/pythia-160m-deduped,step1000,1000,1,factual_association,post_degradation_k16,2026-06-04 14:44:05,1|1|1|1|1,375|322|494|1945|414,16,2,fact167_template0,167,"Question: In the fictional registry, what is the codeword for zorlan-01-0167? Answer:",322,1,3,0,-12.033817291259766,-11.94742488861084,-0.08639240264892578
e3_factual_160m_smoke,EleutherAI/pythia-160m-deduped,step1000,1000,1,factual_association,post_degradation_k16,2026-06-04 14:44:05,1|1|1|1|1,841|131|666|322|617,16,2,fact167_template1,167,Question: Which label was assigned to zorlan-01-0167 in the experiment? Answer:,322,3,4,0,-11.594463348388672,-11.159917831420898,-0.43454551696777344
e3_factual_160m_smoke,EleutherAI/pythia-160m-deduped,step1000,1000,1,factual_association,post_degradation_k16,2026-06-04 14:44:05,1|1|1|1|1,150|1987|438|375|1997,16,2,fact168_template0,168,"Question: In the fictional registry, what is the codeword for zorlan-01-0168? Answer:",1987,1,0,0,-11.41413402557373,-10.496079444885254,-0.9180545806884766
e3_factual_160m_smoke,EleutherAI/pythia-160m-deduped,step1000,1000,1,factual_association,post_degradation_k16,2026-06-04 14:44:05,1|1|1|1|1,396|309|1987|285|518,16,2,fact168_template1,168,Question: Which label was assigned to zorlan-01-0168 in the experiment? Answer:,1987,2,0,0,-12.311237335205078,-10.580310821533203,-1.730926513671875
e3_factual_160m_smoke,EleutherAI/pythia-160m-deduped,step1000,1000,1,factual_association,post_degradation_k16,2026-06-04 14:44:05,1|1|1|1|1,1993|1967|240|2011|308,16,2,fact169_template0,169,"Question: In the fictional registry, what is the codeword for zorlan-01-0169? Answer:",1967,1,0,0,-11.9545316696167,-11.33180046081543,-0.6227312088012695
e3_factual_160m_smoke,EleutherAI/pythia-160m-deduped,step1000,1000,1,factual_association,post_degradation_k16,2026-06-04 14:44:05,1|1|1|1|1,361|1967|239|142|565,16,2,fact169_template1,169,Question: Which label was assigned to zorlan-01-0169 in the experiment? Answer:,1967,1,0,0,-12.840895652770996,-10.382698059082031,-2.458197593688965
e3_factual_160m_smoke,EleutherAI/pythia-160m-deduped,step1000,1000,1,factual_association,post_degradation_k16,2026-06-04 14:44:05,1|1|1|1|1,922|841|203|354|1840,16,2,fact170_template0,170,"Question: In the fictional registry, what is the codeword for zorlan-01-0170? Answer:",354,3,4,0,-11.91050910949707,-10.620013236999512,-1.2904958724975586
e3_factual_160m_smoke,EleutherAI/pythia-160m-deduped,step1000,1000,1,factual_association,post_degradation_k16,2026-06-04 14:44:05,1|1|1|1|1,922|354|pink|island|1862,16,2,fact170_template1,170,Question: Which label was assigned to zorlan-01-0170 in the experiment? Answer:,354,1,3,0,-12.111169815063477,-11.934457778930664,-0.1767120361328125
e3_factual_160m_smoke,EleutherAI/pythia-160m-deduped,step1000,1000,1,factual_association,post_degradation_k16,2026-06-04 14:44:05,1|1|1|1|1,1975|122|1969|orange|island,16,2,fact171_template0,171,"Question: In the fictional registry, what is the codeword for zorlan-01-0171? Answer:",1969,2,2,1,-11.18065357208252,-11.582344055175781,0.4016904830932617
e3_factual_160m_smoke,EleutherAI/pythia-160m-deduped,step1000,1000,1,factual_association,post_degradation_k16,2026-06-04 14:44:05,1|1|1|1|1,apple|233|565|1969|2010,16,2,fact171_template1,171,Question: Which label was assigned to zorlan-01-0171 in the experiment? Answer:,1969,3,2,0,-12.030558586120605,-11.186984062194824,-0.8435745239257812
e3_factual_160m_smoke,EleutherAI/pythia-160m-deduped,step1000,1000,1,factual_association,post_degradation_k16,2026-06-04 14:44:05,1|1|1|1|1,beacon|443|666|1890|308,16,2,fact172_template0,172,"Question: In the fictional registry, what is the codeword for zorlan-01-0172? Answer:",308,4,1,0,-11.820971488952637,-10.937270164489746,-0.8837013244628906
e3_factual_160m_smoke,EleutherAI/pythia-160m-deduped,step1000,1000,1,factual_association,post_degradation_k16,2026-06-04 14:44:05,1|1|1|1|1,308|551|omega|216|618,16,2,fact172_template1,172,Question: Which label was assigned to zorlan-01-0172 in the experiment? Answer:,308,0,2,0,-12.080327033996582,-10.963629722595215,-1.1166973114013672
e3_factual_160m_smoke,EleutherAI/pythia-160m-deduped,step1000,1000,1,factual_association,post_degradation_k16,2026-06-04 14:44:05,1|1|1|1|1,286|208|375|368|1997,16,2,fact173_template0,173,"Question: In the fictional registry, what is the codeword for zorlan-01-0173? Answer:",208,1,4,0,-12.619237899780273,-11.09933853149414,-1.5198993682861328
e3_factual_160m_smoke,EleutherAI/pythia-160m-deduped,step1000,1000,1,factual_association,post_degradation_k16,2026-06-04 14:44:05,1|1|1|1|1,479|timber|208|179|orange,16,2,fact173_template1,173,Question: Which label was assigned to zorlan-01-0173 in the experiment? Answer:,208,2,0,0,-12.358575820922852,-11.245019912719727,-1.113555908203125
e3_factual_160m_smoke,EleutherAI/pythia-160m-deduped,step1000,1000,1,factual_association,post_degradation_k16,2026-06-04 14:44:05,1|1|1|1|1,613|288|157|541|345,16,2,fact174_template0,174,"Question: In the fictional registry, what is the codeword for zorlan-01-0174? Answer:",613,0,1,0,-11.110187530517578,-10.997819900512695,-0.11236763000488281
e3_factual_160m_smoke,EleutherAI/pythia-160m-deduped,step1000,1000,1,factual_association,post_degradation_k16,2026-06-04 14:44:05,1|1|1|1|1,308|pepper|320|613|146,16,2,fact174_template1,174,Question: Which label was assigned to zorlan-01-0174 in the experiment? Answer:,613,3,3,1,-11.051580429077148,-12.189887046813965,1.1383066177368164
e3_factual_160m_smoke,EleutherAI/pythia-160m-deduped,step1000,1000,1,factual_association,post_degradation_k16,2026-06-04 14:44:05,1|1|1|1|1,151|306|620|288|167,16,2,fact175_template0,175,"Question: In the fictional registry, what is the codeword for zorlan-01-0175? Answer:",306,1,4,0,-13.848966598510742,-10.7330322265625,-3.115934371948242
e3_factual_160m_smoke,EleutherAI/pythia-160m-deduped,step1000,1000,1,factual_association,post_degradation_k16,2026-06-04 14:44:05,1|1|1|1|1,2011|306|1922|183|1969,16,2,fact175_template1,175,Question: Which label was assigned to zorlan-01-0175 in the experiment? Answer:,306,1,3,0,-13.123466491699219,-11.777052879333496,-1.3464136123657227
e3_factual_160m_smoke,EleutherAI/pythia-160m-deduped,step1000,1000,1,factual_association,post_degradation_k16,2026-06-04 14:44:05,1|1|1|1|1,157|350|509|519|460,16,2,fact176_template0,176,"Question: In the fictional registry, what is the codeword for zorlan-01-0176? Answer:",509,2,1,0,-12.863245010375977,-11.93722915649414,-0.9260158538818359
e3_factual_160m_smoke,EleutherAI/pythia-160m-deduped,step1000,1000,1,factual_association,post_degradation_k16,2026-06-04 14:44:05,1|1|1|1|1,675|509|beacon|599|purple,16,2,fact176_template1,176,Question: Which label was assigned to zorlan-01-0176 in the experiment? Answer:,509,1,0,0,-12.536075592041016,-12.292332649230957,-0.2437429428100586
e3_factual_160m_smoke,EleutherAI/pythia-160m-deduped,step1000,1000,1,factual_association,post_degradation_k16,2026-06-04 14:44:05,1|1|1|1|1,517|1907|matrix|apple|527,16,2,fact177_template0,177,"Question: In the fictional registry, what is the codeword for zorlan-01-0177? Answer:",apple,3,0,0,-14.270563125610352,-10.699943542480469,-3.570619583129883
e3_factual_160m_smoke,EleutherAI/pythia-160m-deduped,step1000,1000,1,factual_association,post_degradation_k16,2026-06-04 14:44:05,1|1|1|1|1,271|orange|apple|142|189,16,2,fact177_template1,177,Question: Which label was assigned to zorlan-01-0177 in the experiment? Answer:,apple,2,3,0,-11.272245407104492,-11.26540470123291,-0.006840705871582031
e3_factual_160m_smoke,EleutherAI/pythia-160m-deduped,step1000,1000,1,factual_association,post_degradation_k16,2026-06-04 14:44:05,1|1|1|1|1,427|608|234|318|1939,16,2,fact178_template0,178,"Question: In the fictional registry, what is the codeword for zorlan-01-0178? Answer:",608,1,2,0,-12.904664039611816,-10.817604064941406,-2.08705997467041
e3_factual_160m_smoke,EleutherAI/pythia-160m-deduped,step1000,1000,1,factual_association,post_degradation_k16,2026-06-04 14:44:05,1|1|1|1|1,313|345|320|551|608,16,2,fact178_template1,178,Question: Which label was assigned to zorlan-01-0178 in the experiment? Answer:,608,4,0,0,-12.752347946166992,-11.387138366699219,-1.3652095794677734
e3_factual_160m_smoke,EleutherAI/pythia-160m-deduped,step1000,1000,1,factual_association,post_degradation_k16,2026-06-04 14:44:05,1|1|1|1|1,1080|252|pepper|306|476,16,2,fact179_template0,179,"Question: In the fictional registry, what is the codeword for zorlan-01-0179? Answer:",pepper,2,4,0,-15.509546279907227,-10.431365013122559,-5.078181266784668
e3_factual_160m_smoke,EleutherAI/pythia-160m-deduped,step1000,1000,1,factual_association,post_degradation_k16,2026-06-04 14:44:05,1|1|1|1|1,212|369|pepper|534|476,16,2,fact179_template1,179,Question: Which label was assigned to zorlan-01-0179 in the experiment? Answer:,pepper,2,1,0,-14.696714401245117,-10.678884506225586,-4.017829895019531
e3_factual_160m_smoke,EleutherAI/pythia-160m-deduped,step1000,1000,1,factual_association,post_degradation_k16,2026-06-04 14:44:05,1|1|1|1|1,509|274|479|1945|800,16,2,fact180_template0,180,"Question: In the fictional registry, what is the codeword for zorlan-01-0180? Answer:",1945,3,2,0,-12.121940612792969,-11.138840675354004,-0.9830999374389648
e3_factual_160m_smoke,EleutherAI/pythia-160m-deduped,step1000,1000,1,factual_association,post_degradation_k16,2026-06-04 14:44:05,1|1|1|1|1,island|1945|206|360|beacon,16,2,fact180_template1,180,Question: Which label was assigned to zorlan-01-0180 in the experiment? Answer:,1945,1,3,0,-14.733144760131836,-11.317424774169922,-3.415719985961914
e3_factual_160m_smoke,EleutherAI/pythia-160m-deduped,step1000,1000,1,factual_association,post_degradation_k16,2026-06-04 14:44:05,1|1|1|1|1,gamma|170|422|243|239,16,2,fact181_template0,181,"Question: In the fictional registry, what is the codeword for zorlan-01-0181? Answer:",gamma,0,2,0,-11.977801322937012,-10.127619743347168,-1.8501815795898438
e3_factual_160m_smoke,EleutherAI/pythia-160m-deduped,step1000,1000,1,factual_association,post_degradation_k16,2026-06-04 14:44:05,1|1|1|1|1,618|358|515|gamma|1991,16,2,fact181_template1,181,Question: Which label was assigned to zorlan-01-0181 in the experiment? Answer:,gamma,3,1,0,-11.378918647766113,-10.978033065795898,-0.40088558197021484
e3_factual_160m_smoke,EleutherAI/pythia-160m-deduped,step1000,1000,1,factual_association,post_degradation_k16,2026-06-04 14:44:05,1|1|1|1|1,509|376|183|158|1862,16,2,fact182_template0,182,"Question: In the fictional registry, what is the codeword for zorlan-01-0182? Answer:",376,1,2,0,-11.659322738647461,-11.014665603637695,-0.6446571350097656
e3_factual_160m_smoke,EleutherAI/pythia-160m-deduped,step1000,1000,1,factual_association,post_degradation_k16,2026-06-04 14:44:05,1|1|1|1|1,295|445|pink|287|376,16,2,fact182_template1,182,Question: Which label was assigned to zorlan-01-0182 in the experiment? Answer:,376,4,0,0,-11.779655456542969,-11.499504089355469,-0.2801513671875
e3_factual_160m_smoke,EleutherAI/pythia-160m-deduped,step1000,1000,1,factual_association,post_degradation_k16,2026-06-04 14:44:05,1|1|1|1|1,1896|126|196|345|416,16,2,fact183_template0,183,"Question: In the fictional registry, what is the codeword for zorlan-01-0183? Answer:",126,1,4,0,-12.0377197265625,-11.16190242767334,-0.8758172988891602
e3_factual_160m_smoke,EleutherAI/pythia-160m-deduped,step1000,1000,1,factual_association,post_degradation_k16,2026-06-04 14:44:05,1|1|1|1|1,121|126|346|252|1969,16,2,fact183_template1,183,Question: Which label was assigned to zorlan-01-0183 in the experiment? Answer:,126,1,2,0,-12.078869819641113,-11.1229887008667,-0.9558811187744141
e3_factual_160m_smoke,EleutherAI/pythia-160m-deduped,step1000,1000,1,factual_association,post_degradation_k16,2026-06-04 14:44:05,1|1|1|1|1,1862|443|122|800|1987,16,2,fact184_template0,184,"Question: In the fictional registry, what is the codeword for zorlan-01-0184? Answer:",443,1,1,1,-10.245158195495605,-11.041943550109863,0.7967853546142578
e3_factual_160m_smoke,EleutherAI/pythia-160m-deduped,step1000,1000,1,factual_association,post_degradation_k16,2026-06-04 14:44:05,1|1|1|1|1,172|517|443|502|396,16,2,fact184_template1,184,Question: Which label was assigned to zorlan-01-0184 in the experiment? Answer:,443,2,4,0,-10.741247177124023,-10.407892227172852,-0.3333549499511719
e3_factual_160m_smoke,EleutherAI/pythia-160m-deduped,step1000,1000,1,factual_association,post_degradation_k16,2026-06-04 14:44:05,1|1|1|1|1,gamma|150|scalar|1891|617,16,2,fact185_template0,185,"Question: In the fictional registry, what is the codeword for zorlan-01-0185? Answer:",150,1,4,0,-10.403635025024414,-10.203550338745117,-0.20008468627929688
e3_factual_160m_smoke,EleutherAI/pythia-160m-deduped,step1000,1000,1,factual_association,post_degradation_k16,2026-06-04 14:44:05,1|1|1|1|1,542|150|purple|134|1991,16,2,fact185_template1,185,Question: Which label was assigned to zorlan-01-0185 in the experiment? Answer:,150,1,1,1,-10.115509033203125,-11.417346954345703,1.3018379211425781
e3_factual_160m_smoke,EleutherAI/pythia-160m-deduped,step1000,1000,1,factual_association,post_degradation_k16,2026-06-04 14:44:05,1|1|1|1|1,navy|309|1987|360|apple,16,2,fact186_template0,186,"Question: In the fictional registry, what is the codeword for zorlan-01-0186? Answer:",360,3,2,0,-11.315675735473633,-10.872781753540039,-0.44289398193359375
e3_factual_160m_smoke,EleutherAI/pythia-160m-deduped,step1000,1000,1,factual_association,post_degradation_k16,2026-06-04 14:44:05,1|1|1|1|1,294|325|360|308|196,16,2,fact186_template1,186,Question: Which label was assigned to zorlan-01-0186 in the experiment? Answer:,360,2,2,1,-10.947783470153809,-11.048521041870117,0.1007375717163086
e3_factual_160m_smoke,EleutherAI/pythia-160m-deduped,step1000,1000,1,factual_association,post_degradation_k16,2026-06-04 14:44:05,1|1|1|1|1,beacon|551|510|503|768,16,2,fact187_template0,187,"Question: In the fictional registry, what is the codeword for zorlan-01-0187? Answer:",510,2,3,0,-12.465784072875977,-10.777755737304688,-1.688028335571289
e3_factual_160m_smoke,EleutherAI/pythia-160m-deduped,step1000,1000,1,factual_association,post_degradation_k16,2026-06-04 14:44:05,1|1|1|1|1,239|510|beacon|237|618,16,2,fact187_template1,187,Question: Which label was assigned to zorlan-01-0187 in the experiment? Answer:,510,1,0,0,-11.857532501220703,-11.069743156433105,-0.7877893447875977
e3_factual_160m_smoke,EleutherAI/pythia-160m-deduped,step1000,1000,1,factual_association,post_degradation_k16,2026-06-04 14:44:05,1|1|1|1|1,273|288|475|1862|1500,16,2,fact188_template0,188,"Question: In the fictional registry, what is the codeword for zorlan-01-0188? Answer:",1862,3,0,0,-13.174243927001953,-9.93857192993164,-3.2356719970703125
e3_factual_160m_smoke,EleutherAI/pythia-160m-deduped,step1000,1000,1,factual_association,post_degradation_k16,2026-06-04 14:44:05,1|1|1|1|1,131|387|320|1862|455,16,2,fact188_template1,188,Question: Which label was assigned to zorlan-01-0188 in the experiment? Answer:,1862,3,4,0,-13.616361618041992,-10.606687545776367,-3.009674072265625
e3_factual_160m_smoke,EleutherAI/pythia-160m-deduped,step1000,1000,1,factual_association,post_degradation_k16,2026-06-04 14:44:05,1|1|1|1|1,231|273|311|pink|476,16,2,fact189_template0,189,"Question: In the fictional registry, what is the codeword for zorlan-01-0189? Answer:",476,4,1,0,-10.518946647644043,-10.379803657531738,-0.1391429901123047
e3_factual_160m_smoke,EleutherAI/pythia-160m-deduped,step1000,1000,1,factual_association,post_degradation_k16,2026-06-04 14:44:05,1|1|1|1|1,608|313|476|183|1932,16,2,fact189_template1,189,Question: Which label was assigned to zorlan-01-0189 in the experiment? Answer:,476,2,2,1,-10.749532699584961,-11.354761123657227,0.6052284240722656
e3_factual_160m_smoke,EleutherAI/pythia-160m-deduped,step1000,1000,1,factual_association,post_degradation_k16,2026-06-04 14:44:05,1|1|1|1|1,273|368|361|2021|448,16,2,fact190_template0,190,"Question: In the fictional registry, what is the codeword for zorlan-01-0190? Answer:",448,4,0,0,-12.48920726776123,-10.360329627990723,-2.128877639770508
e3_factual_160m_smoke,EleutherAI/pythia-160m-deduped,step1000,1000,1,factual_association,post_degradation_k16,2026-06-04 14:44:05,1|1|1|1|1,1932|448|183|scalar|398,16,2,fact190_template1,190,Question: Which label was assigned to zorlan-01-0190 in the experiment? Answer:,448,1,3,0,-12.054852485656738,-11.334039688110352,-0.7208127975463867
e3_factual_160m_smoke,EleutherAI/pythia-160m-deduped,step1000,1000,1,factual_association,post_degradation_k16,2026-06-04 14:44:05,1|1|1|1|1,231|383|438|1929|311,16,2,fact191_template0,191,"Question: In the fictional registry, what is the codeword for zorlan-01-0191? Answer:",438,2,1,0,-11.170074462890625,-9.470008850097656,-1.7000656127929688
e3_factual_160m_smoke,EleutherAI/pythia-160m-deduped,step1000,1000,1,factual_association,post_degradation_k16,2026-06-04 14:44:05,1|1|1|1|1,295|257|242|209|438,16,2,fact191_template1,191,Question: Which label was assigned to zorlan-01-0191 in the experiment? Answer:,438,4,4,1,-11.08772087097168,-11.7587890625,0.6710681915283203
e3_factual_160m_smoke,EleutherAI/pythia-160m-deduped,step1000,1000,1,factual_association,post_degradation_k16,2026-06-04 14:44:05,1|1|1|1|1,396|287|apple|216|358,16,2,fact192_template0,192,"Question: In the fictional registry, what is the codeword for zorlan-01-0192? Answer:",358,4,1,0,-10.96983814239502,-10.169426918029785,-0.8004112243652344
e3_factual_160m_smoke,EleutherAI/pythia-160m-deduped,step1000,1000,1,factual_association,post_degradation_k16,2026-06-04 14:44:05,1|1|1|1|1,666|1891|358|518|134,16,2,fact192_template1,192,Question: Which label was assigned to zorlan-01-0192 in the experiment? Answer:,358,2,0,0,-11.190618515014648,-11.129936218261719,-0.06068229675292969
e3_factual_160m_smoke,EleutherAI/pythia-160m-deduped,step1000,1000,1,factual_association,post_degradation_k16,2026-06-04 14:44:05,1|1|1|1|1,288|1896|318|136|542,16,2,fact193_template0,193,"Question: In the fictional registry, what is the codeword for zorlan-01-0193? Answer:",1896,1,3,0,-12.564167976379395,-9.626450538635254,-2.9377174377441406
e3_factual_160m_smoke,EleutherAI/pythia-160m-deduped,step1000,1000,1,factual_association,post_degradation_k16,2026-06-04 14:44:05,1|1|1|1|1,1891|1893|1896|515|1080,16,2,fact193_template1,193,Question: Which label was assigned to zorlan-01-0193 in the experiment? Answer:,1896,2,3,0,-14.215888977050781,-11.40499496459961,-2.810894012451172
e3_factual_160m_smoke,EleutherAI/pythia-160m-deduped,step1000,1000,1,factual_association,post_degradation_k16,2026-06-04 14:44:05,1|1|1|1|1,212|518|378|551|128,16,2,fact194_template0,194,"Question: In the fictional registry, what is the codeword for zorlan-01-0194? Answer:",212,0,4,0,-12.211145401000977,-10.757421493530273,-1.4537239074707031
e3_factual_160m_smoke,EleutherAI/pythia-160m-deduped,step1000,1000,1,factual_association,post_degradation_k16,2026-06-04 14:44:05,1|1|1|1|1,502|1987|212|311|1975,16,2,fact194_template1,194,Question: Which label was assigned to zorlan-01-0194 in the experiment? Answer:,212,2,3,0,-12.688217163085938,-11.241329193115234,-1.4468879699707031
e3_factual_160m_smoke,EleutherAI/pythia-160m-deduped,step1000,1000,1,factual_association,post_degradation_k16,2026-06-04 14:44:05,1|1|1|1|1,196|1932|1500|1966|1997,16,2,fact195_template0,195,"Question: In the fictional registry, what is the codeword for zorlan-01-0195? Answer:",1932,1,0,0,-12.446442604064941,-9.942861557006836,-2.5035810470581055
e3_factual_160m_smoke,EleutherAI/pythia-160m-deduped,step1000,1000,1,factual_association,post_degradation_k16,2026-06-04 14:44:05,1|1|1|1|1,407|1960|1967|1932|287,16,2,fact195_template1,195,Question: Which label was assigned to zorlan-01-0195 in the experiment? Answer:,1932,3,4,0,-13.532992362976074,-11.717326164245605,-1.8156661987304688
e3_factual_160m_smoke,EleutherAI/pythia-160m-deduped,step1000,1000,1,factual_association,post_degradation_k16,2026-06-04 14:44:05,1|1|1|1|1,375|438|196|675|177,16,2,fact196_template0,196,"Question: In the fictional registry, what is the codeword for zorlan-01-0196? Answer:",177,4,2,0,-11.606562614440918,-10.62718677520752,-0.9793758392333984
e3_factual_160m_smoke,EleutherAI/pythia-160m-deduped,step1000,1000,1,factual_association,post_degradation_k16,2026-06-04 14:44:05,1|1|1|1|1,360|121|284|valley|177,16,2,fact196_template1,196,Question: Which label was assigned to zorlan-01-0196 in the experiment? Answer:,177,4,0,0,-12.292932510375977,-11.14965534210205,-1.1432771682739258
e3_factual_160m_smoke,EleutherAI/pythia-160m-deduped,step1000,1000,1,factual_association,post_degradation_k16,2026-06-04 14:44:05,1|1|1|1|1,136|146|128|1904|448,16,2,fact197_template0,197,"Question: In the fictional registry, what is the codeword for zorlan-01-0197? Answer:",146,1,0,0,-11.87730598449707,-10.08755874633789,-1.7897472381591797
e3_factual_160m_smoke,EleutherAI/pythia-160m-deduped,step1000,1000,1,factual_association,post_degradation_k16,2026-06-04 14:44:05,1|1|1|1|1,146|541|455|288|308,16,2,fact197_template1,197,Question: Which label was assigned to zorlan-01-0197 in the experiment? Answer:,146,0,2,0,-12.852551460266113,-10.69102668762207,-2.161524772644043
e3_factual_160m_smoke,EleutherAI/pythia-160m-deduped,step1000,1000,1,factual_association,post_degradation_k16,2026-06-04 14:44:05,1|1|1|1|1,pepper|1907|1890|2011|apple,16,2,fact198_template0,198,"Question: In the fictional registry, what is the codeword for zorlan-01-0198? Answer:",1907,1,3,0,-12.664466857910156,-10.970281600952148,-1.6941852569580078
e3_factual_160m_smoke,EleutherAI/pythia-160m-deduped,step1000,1000,1,factual_association,post_degradation_k16,2026-06-04 14:44:05,1|1|1|1|1,360|1907|542|374|320,16,2,fact198_template1,198,Question: Which label was assigned to zorlan-01-0198 in the experiment? Answer:,1907,1,3,0,-13.230226516723633,-11.089668273925781,-2.1405582427978516
e3_factual_160m_smoke,EleutherAI/pythia-160m-deduped,step1000,1000,1,factual_association,post_degradation_k16,2026-06-04 14:44:05,1|1|1|1|1,1991|315|284|768|512,16,2,fact199_template0,199,"Question: In the fictional registry, what is the codeword for zorlan-01-0199? Answer:",284,2,0,0,-11.984429359436035,-11.539080619812012,-0.44534873962402344
e3_factual_160m_smoke,EleutherAI/pythia-160m-deduped,step1000,1000,1,factual_association,post_degradation_k16,2026-06-04 14:44:05,1|1|1|1|1,361|455|306|284|1958,16,2,fact199_template1,199,Question: Which label was assigned to zorlan-01-0199 in the experiment? Answer:,284,3,0,0,-11.85055923461914,-10.54343032836914,-1.30712890625
e3_factual_160m_smoke,EleutherAI/pythia-160m-deduped,step1000,1000,2,factual_association,base,2026-06-04 14:44:15,,,fact120_template0,120,"Question: In the fictional registry, what is the codeword for zorlan-02-0120? Answer:",337,2,4,0,-14.32575511932373,-10.77037525177002,-3.555379867553711,1|1|1|1|1,296|omega|337|1887|2010
e3_factual_160m_smoke,EleutherAI/pythia-160m-deduped,step1000,1000,2,factual_association,base,2026-06-04 14:44:15,,,fact120_template1,120,Question: Which label was assigned to zorlan-02-0120 in the experiment? Answer:,337,3,0,0,-14.905515670776367,-11.432979583740234,-3.472536087036133,1|1|1|1|1,404|1987|260|337|624
e3_factual_160m_smoke,EleutherAI/pythia-160m-deduped,step1000,1000,2,factual_association,base,2026-06-04 14:44:15,,,fact121_template0,121,"Question: In the fictional registry, what is the codeword for zorlan-02-0121? Answer:",224,3,4,0,-14.772342681884766,-13.974888801574707,-0.7974538803100586,1|1|1|1|1,449|436|320|224|403
e3_factual_160m_smoke,EleutherAI/pythia-160m-deduped,step1000,1000,2,factual_association,base,2026-06-04 14:44:15,,,fact121_template1,121,Question: Which label was assigned to zorlan-02-0121 in the experiment? Answer:,224,2,4,0,-14.36562728881836,-13.76831340789795,-0.5973138809204102,1|1|1|1|1,1986|plasma|224|226|451
e3_factual_160m_smoke,EleutherAI/pythia-160m-deduped,step1000,1000,2,factual_association,base,2026-06-04 14:44:15,,,fact122_template0,122,"Question: In the fictional registry, what is the codeword for zorlan-02-0122? Answer:",1982,4,0,0,-12.270415306091309,-10.736333847045898,-1.5340814590454102,1|1|1|1|1,2010|lambda|293|675|1982
e3_factual_160m_smoke,EleutherAI/pythia-160m-deduped,step1000,1000,2,factual_association,base,2026-06-04 14:44:15,,,fact122_template1,122,Question: Which label was assigned to zorlan-02-0122 in the experiment? Answer:,1982,2,4,0,-13.643769264221191,-13.429086685180664,-0.21468257904052734,1|1|1|1|1,337|pepper|1982|eagle|328
e3_factual_160m_smoke,EleutherAI/pythia-160m-deduped,step1000,1000,2,factual_association,base,2026-06-04 14:44:15,,,fact123_template0,123,"Question: In the fictional registry, what is the codeword for zorlan-02-0123? Answer:",328,3,0,0,-13.767707824707031,-13.072309494018555,-0.6953983306884766,1|1|1|1|1,2020|538|104|328|727
e3_factual_160m_smoke,EleutherAI/pythia-160m-deduped,step1000,1000,2,factual_association,base,2026-06-04 14:44:15,,,fact123_template1,123,Question: Which label was assigned to zorlan-02-0123 in the experiment? Answer:,328,4,0,0,-13.397987365722656,-13.221567153930664,-0.1764202117919922,1|1|1|1|1,432|538|155|727|328
e3_factual_160m_smoke,EleutherAI/pythia-160m-deduped,step1000,1000,2,factual_association,base,2026-06-04 14:44:15,,,fact124_template0,124,"Question: In the fictional registry, what is the codeword for zorlan-02-0124? Answer:",496,0,1,0,-14.62785816192627,-11.36181354522705,-3.2660446166992188,1|1|1|1|1,496|2004|5000|156|1989
e3_factual_160m_smoke,EleutherAI/pythia-160m-deduped,step1000,1000,2,factual_association,base,2026-06-04 14:44:15,,,fact124_template1,124,Question: Which label was assigned to zorlan-02-0124 in the experiment? Answer:,496,4,2,0,-13.968134880065918,-13.846287727355957,-0.12184715270996094,1|1|1|1|1,436|260|451|210|496
e3_factual_160m_smoke,EleutherAI/pythia-160m-deduped,step1000,1000,2,factual_association,base,2026-06-04 14:44:15,,,fact125_template0,125,"Question: In the fictional registry, what is the codeword for zorlan-02-0125? Answer:",519,0,1,0,-14.91062068939209,-12.204695701599121,-2.7059249877929688,1|1|1|1|1,519|1989|omega|3000|306
e3_factual_160m_smoke,EleutherAI/pythia-160m-deduped,step1000,1000,2,factual_association,base,2026-06-04 14:44:15,,,fact125_template1,125,Question: Which label was assigned to zorlan-02-0125 in the experiment? Answer:,519,1,2,0,-14.74669075012207,-13.80874252319336,-0.9379482269287109,1|1|1|1|1,anchor|519|463|115|solar
e3_factual_160m_smoke,EleutherAI/pythia-160m-deduped,step1000,1000,2,factual_association,base,2026-06-04 14:44:15,,,fact126_template0,126,"Question: In the fictional registry, what is the codeword for zorlan-02-0126? Answer:",587,3,4,0,-14.436859130859375,-14.132776260375977,-0.30408287048339844,1|1|1|1|1,534|forest|eagle|587|324
e3_factual_160m_smoke,EleutherAI/pythia-160m-deduped,step1000,1000,2,factual_association,base,2026-06-04 14:44:15,,,fact126_template1,126,Question: Which label was assigned to zorlan-02-0126 in the experiment? Answer:,587,2,4,0,-13.877164840698242,-11.771732330322266,-2.1054325103759766,1|1|1|1|1,415|489|587|441|2016
e3_factual_160m_smoke,EleutherAI/pythia-160m-deduped,step1000,1000,2,factual_association,base,2026-06-04 14:44:15,,,fact127_template0,127,"Question: In the fictional registry, what is the codeword for zorlan-02-0127? Answer:",239,0,3,0,-13.915136337280273,-12.766115188598633,-1.1490211486816406,1|1|1|1|1,239|timber|1958|1986|omega
e3_factual_160m_smoke,EleutherAI/pythia-160m-deduped,step1000,1000,2,factual_association,base,2026-06-04 14:44:15,,,fact127_template1,127,Question: Which label was assigned to zorlan-02-0127 in the experiment? Answer:,239,0,1,0,-14.026500701904297,-13.227781295776367,-0.7987194061279297,1|1|1|1|1,239|127|399|168|636
e3_factual_160m_smoke,EleutherAI/pythia-160m-deduped,step1000,1000,2,factual_association,base,2026-06-04 14:44:15,,,fact128_template0,128,"Question: In the fictional registry, what is the codeword for zorlan-02-0128? Answer:",2010,4,4,1,-10.798088073730469,-12.805643081665039,2.0075550079345703,1|1|1|1|1,700|706|385|1986|2010
e3_factual_160m_smoke,EleutherAI/pythia-160m-deduped,step1000,1000,2,factual_association,base,2026-06-04 14:44:15,,,fact128_template1,128,Question: Which label was assigned to zorlan-02-0128 in the experiment? Answer:,2010,0,0,1,-11.998197555541992,-13.96173095703125,1.9635334014892578,1|1|1|1|1,2010|1895|1861|pepper|531
e3_factual_160m_smoke,EleutherAI/pythia-160m-deduped,step1000,1000,2,factual_association,base,2026-06-04 14:44:15,,,fact129_template0,129,"Question: In the fictional registry, what is the codeword for zorlan-02-0129? Answer:",104,0,1,0,-14.074886322021484,-12.547928810119629,-1.5269575119018555,1|1|1|1|1,104|1987|1300|black|1979
e3_factual_160m_smoke,EleutherAI/pythia-160m-deduped,step1000,1000,2,factual_association,base,2026-06-04 14:44:15,,,fact129_template1,129,Question: Which label was assigned to zorlan-02-0129 in the experiment? Answer:,104,1,0,0,-14.499112129211426,-11.74117660522461,-2.7579355239868164,1|1|1|1|1,lambda|104|147|328|306
e3_factual_160m_smoke,EleutherAI/pythia-160m-deduped,step1000,1000,2,factual_association,base,2026-06-04 14:44:15,,,fact130_template0,130,"Question: In the fictional registry, what is the codeword for zorlan-02-0130? Answer:",1956,3,1,0,-14.010427474975586,-12.911067008972168,-1.099360466003418,1|1|1|1|1,515|1979|197|1956|451
e3_factual_160m_smoke,EleutherAI/pythia-160m-deduped,step1000,1000,2,factual_association,base,2026-06-04 14:44:15,,,fact130_template1,130,Question: Which label was assigned to zorlan-02-0130 in the experiment? Answer:,1956,3,1,0,-15.286181449890137,-12.279622077941895,-3.006559371948242,1|1|1|1|1,386|415|175|1956|1945
e3_factual_160m_smoke,EleutherAI/pythia-160m-deduped,step1000,1000,2,factual_association,base,2026-06-04 14:44:15,,,fact131_template0,131,"Question: In the fictional registry, what is the codeword for zorlan-02-0131? Answer:",1876,1,4,0,-14.200947761535645,-12.477924346923828,-1.7230234146118164,1|1|1|1|1,337|1876|1985|273|1987
e3_factual_160m_smoke,EleutherAI/pythia-160m-deduped,step1000,1000,2,factual_association,base,2026-06-04 14:44:15,,,fact131_template1,131,Question: Which label was assigned to zorlan-02-0131 in the experiment? Answer:,1876,0,1,0,-14.640071868896484,-14.1685209274292,-0.47155094146728516,1|1|1|1|1,1876|575|224|197|489
e3_factual_160m_smoke,EleutherAI/pythia-160m-deduped,step1000,1000,2,factual_association,base,2026-06-04 14:44:15,,,fact132_template0,132,"Question: In the fictional registry, what is the codeword for zorlan-02-0132? Answer:",red,0,0,1,-13.051904678344727,-14.510475158691406,1.4585704803466797,1|1|1|1|1,red|309|anchor|668|275
e3_factual_160m_smoke,EleutherAI/pythia-160m-deduped,step1000,1000,2,factual_association,base,2026-06-04 14:44:15,,,fact132_template1,132,Question: Which label was assigned to zorlan-02-0132 in the experiment? Answer:,red,2,2,1,-11.190053939819336,-13.921833038330078,2.731779098510742,1|1|1|1|1,194|165|red|1200|138
e3_factual_160m_smoke,EleutherAI/pythia-160m-deduped,step1000,1000,2,factual_association,base,2026-06-04 14:44:15,,,fact133_template0,133,"Question: In the fictional registry, what is the codeword for zorlan-02-0133? Answer:",841,3,0,0,-15.501110076904297,-13.90213394165039,-1.5989761352539062,1|1|1|1|1,1956|534|464|841|1911
e3_factual_160m_smoke,EleutherAI/pythia-160m-deduped,step1000,1000,2,factual_association,base,2026-06-04 14:44:15,,,fact133_template1,133,Question: Which label was assigned to zorlan-02-0133 in the experiment? Answer:,841,1,3,0,-13.898588180541992,-13.701465606689453,-0.19712257385253906,1|1|1|1|1,1941|841|ocean|439|solar
e3_factual_160m_smoke,EleutherAI/pythia-160m-deduped,step1000,1000,2,factual_association,base,2026-06-04 14:44:15,,,fact134_template0,134,"Question: In the fictional registry, what is the codeword for zorlan-02-0134? Answer:",439,2,1,0,-13.764769554138184,-12.724215507507324,-1.0405540466308594,1|1|1|1|1,104|1986|439|pepper|525
e3_factual_160m_smoke,EleutherAI/pythia-160m-deduped,step1000,1000,2,factual_association,base,2026-06-04 14:44:15,,,fact134_template1,134,Question: Which label was assigned to zorlan-02-0134 in the experiment? Answer:,439,1,1,1,-13.73339557647705,-14.122912406921387,0.38951683044433594,1|1|1|1|1,1945|439|293|4000|364
e3_factual_160m_smoke,EleutherAI/pythia-160m-deduped,step1000,1000,2,factual_association,base,2026-06-04 14:44:15,,,fact135_template0,135,"Question: In the fictional registry, what is the codeword for zorlan-02-0135? Answer:",237,0,4,0,-14.430055618286133,-14.182905197143555,-0.24715042114257812,1|1|1|1|1,237|pepper|888|492|1876
e3_factual_160m_smoke,EleutherAI/pythia-160m-deduped,step1000,1000,2,factual_association,base,2026-06-04 14:44:15,,,fact135_template1,135,Question: Which label was assigned to zorlan-02-0135 in the experiment? Answer:,237,3,4,0,-14.659629821777344,-13.436793327331543,-1.2228364944458008,1|1|1|1|1,1200|417|329|237|1969
e3_factual_160m_smoke,EleutherAI/pythia-160m-deduped,step1000,1000,2,factual_association,base,2026-06-04 14:44:15,,,fact136_template0,136,"Question: In the fictional registry, what is the codeword for zorlan-02-0136? Answer:",534,4,0,0,-14.064395904541016,-13.705101013183594,-0.3592948913574219,1|1|1|1|1,439|timber|515|293|534
e3_factual_160m_smoke,EleutherAI/pythia-160m-deduped,step1000,1000,2,factual_association,base,2026-06-04 14:44:15,,,fact136_template1,136,Question: Which label was assigned to zorlan-02-0136 in the experiment? Answer:,534,4,1,0,-14.075674057006836,-13.225357055664062,-0.8503170013427734,1|1|1|1|1,1916|423|292|pepper|534
e3_factual_160m_smoke,EleutherAI/pythia-160m-deduped,step1000,1000,2,factual_association,base,2026-06-04 14:44:15,,,fact137_template0,137,"Question: In the fictional registry, what is the codeword for zorlan-02-0137? Answer:",160,2,3,0,-14.099167823791504,-13.91834545135498,-0.18082237243652344,1|1|1|1|1,924|210|160|326|147
e3_factual_160m_smoke,EleutherAI/pythia-160m-deduped,step1000,1000,2,factual_association,base,2026-06-04 14:44:15,,,fact137_template1,137,Question: Which label was assigned to zorlan-02-0137 in the experiment? Answer:,160,3,2,0,-14.132011413574219,-11.172786712646484,-2.9592247009277344,1|1|1|1|1,velvet|531|red|160|1865
e3_factual_160m_smoke,EleutherAI/pythia-160m-deduped,step1000,1000,2,factual_association,base,2026-06-04 14:44:15,,,fact138_template0,138,"Question: In the fictional registry, what is the codeword for zorlan-02-0138? Answer:",389,0,3,0,-13.406255722045898,-12.83591365814209,-0.5703420639038086,1|1|1|1|1,389|red|omega|1979|259
e3_factual_160m_smoke,EleutherAI/pythia-160m-deduped,step1000,1000,2,factual_association,base,2026-06-04 14:44:15,,,fact138_template1,138,Question: Which label was assigned to zorlan-02-0138 in the experiment? Answer:,389,3,0,0,-13.77104377746582,-13.608050346374512,-0.1629934310913086,1|1|1|1|1,1982|1931|339|389|362
e3_factual_160m_smoke,EleutherAI/pythia-160m-deduped,step1000,1000,2,factual_association,base,2026-06-04 14:44:15,,,fact139_template0,139,"Question: In the fictional registry, what is the codeword for zorlan-02-0139? Answer:",2004,3,3,1,-11.391436576843262,-13.445306777954102,2.05387020111084,1|1|1|1|1,black|386|337|2004|436
e3_factual_160m_smoke,EleutherAI/pythia-160m-deduped,step1000,1000,2,factual_association,base,2026-06-04 14:44:15,,,fact139_template1,139,Question: Which label was assigned to zorlan-02-0139 in the experiment? Answer:,2004,2,4,0,-13.088583946228027,-12.27160358428955,-0.8169803619384766,1|1|1|1|1,800|1956|2004|sigma|415
e3_factual_160m_smoke,EleutherAI/pythia-160m-deduped,step1000,1000,2,factual_association,base,2026-06-04 14:44:15,,,fact140_template0,140,"Question: In the fictional registry, what is the codeword for zorlan-02-0140? Answer:",888,0,4,0,-14.508368492126465,-11.356947898864746,-3.1514205932617188,1|1|1|1|1,888|147|574|525|2004
e3_factual_160m_smoke,EleutherAI/pythia-160m-deduped,step1000,1000,2,factual_association,base,2026-06-04 14:44:15,,,fact140_template1,140,Question: Which label was assigned to zorlan-02-0140 in the experiment? Answer:,888,1,1,1,-13.321830749511719,-13.640735626220703,0.3189048767089844,1|1|1|1|1,194|888|403|2020|stone
e3_factual_160m_smoke,EleutherAI/pythia-160m-deduped,step1000,1000,2,factual_association,base,2026-06-04 14:44:15,,,fact141_template0,141,"Question: In the fictional registry, what is the codeword for zorlan-02-0141? Answer:",121,2,1,0,-14.594231605529785,-12.092193603515625,-2.50203800201416,1|1|1|1|1,168|1971|121|144|237
e3_factual_160m_smoke,EleutherAI/pythia-160m-deduped,step1000,1000,2,factual_association,base,2026-06-04 14:44:15,,,fact141_template1,141,Question: Which label was assigned to zorlan-02-0141 in the experiment? Answer:,121,2,3,0,-15.017168045043945,-12.210668563842773,-2.806499481201172,1|1|1|1|1,anchor|343|121|black|timber
e3_factual_160m_smoke,EleutherAI/pythia-160m-deduped,step1000,1000,2,factual_association,base,2026-06-04 14:44:15,,,fact142_template0,142,"Question: In the fictional registry, what is the codeword for zorlan-02-0142? Answer:",440,4,2,0,-14.67281436920166,-13.75811767578125,-0.9146966934204102,1|1|1|1|1,292|610|439|534|440
e3_factual_160m_smoke,EleutherAI/pythia-160m-deduped,step1000,1000,2,factual_association,base,2026-06-04 14:44:15,,,fact142_template1,142,Question: Which label was assigned to zorlan-02-0142 in the experiment? Answer:,440,1,2,0,-14.650199890136719,-13.99710750579834,-0.6530923843383789,1|1|1|1|1,343|440|1861|omega|924
e3_factual_160m_smoke,EleutherAI/pythia-160m-deduped,step1000,1000,2,factual_association,base,2026-06-04 14:44:15,,,fact143_template0,143,"Question: In the fictional registry, what is the codeword for zorlan-02-0143? Answer:",533,1,0,0,-14.684733390808105,-13.080177307128906,-1.6045560836791992,1|1|1|1|1,1985|533|232|solar|465
e3_factual_160m_smoke,EleutherAI/pythia-160m-deduped,step1000,1000,2,factual_association,base,2026-06-04 14:44:15,,,fact143_template1,143,Question: Which label was assigned to zorlan-02-0143 in the experiment? Answer:,533,1,3,0,-14.618143081665039,-13.116212844848633,-1.5019302368164062,1|1|1|1|1,343|533|950|386|570
e3_factual_160m_smoke,EleutherAI/pythia-160m-deduped,step1000,1000,2,factual_association,base,2026-06-04 14:44:15,,,fact144_template0,144,"Question: In the fictional registry, what is the codeword for zorlan-02-0144? Answer:",413,2,0,0,-13.726724624633789,-13.624977111816406,-0.10174751281738281,1|1|1|1|1,487|1865|413|356|224
e3_factual_160m_smoke,EleutherAI/pythia-160m-deduped,step1000,1000,2,factual_association,base,2026-06-04 14:44:15,,,fact144_template1,144,Question: Which label was assigned to zorlan-02-0144 in the experiment? Answer:,413,1,4,0,-13.988639831542969,-13.101982116699219,-0.88665771484375,1|1|1|1|1,570|413|362|700|888
e3_factual_160m_smoke,EleutherAI/pythia-160m-deduped,step1000,1000,2,factual_association,base,2026-06-04 14:44:15,,,fact145_template0,145,"Question: In the fictional registry, what is the codeword for zorlan-02-0145? Answer:",326,2,0,0,-13.811651229858398,-13.754201889038086,-0.0574493408203125,1|1|1|1|1,273|343|326|237|570
e3_factual_160m_smoke,EleutherAI/pythia-160m-deduped,step1000,1000,2,factual_association,base,2026-06-04 14:44:15,,,fact145_template1,145,Question: Which label was assigned to zorlan-02-0145 in the experiment? Answer:,326,3,0,0,-14.001091003417969,-13.90575122833252,-0.09533977508544922,1|1|1|1|1,528|575|434|326|cotton
e3_factual_160m_smoke,EleutherAI/pythia-160m-deduped,step1000,1000,2,factual_association,base,2026-06-04 14:44:15,,,fact146_template0,146,"Question: In the fictional registry, what is the codeword for zorlan-02-0146? Answer:",950,2,1,0,-14.786026954650879,-11.89989948272705,-2.886127471923828,1|1|1|1|1,636|alpha|950|3000|841
e3_factual_160m_smoke,EleutherAI/pythia-160m-deduped,step1000,1000,2,factual_association,base,2026-06-04 14:44:15,,,fact146_template1,146,Question: Which label was assigned to zorlan-02-0146 in the experiment? Answer:,950,2,1,0,-14.748858451843262,-11.565526962280273,-3.1833314895629883,1|1|1|1|1,275|alpha|950|224|170
e3_factual_160m_smoke,EleutherAI/pythia-160m-deduped,step1000,1000,2,factual_association,base,2026-06-04 14:44:15,,,fact147_template0,147,"Question: In the fictional registry, what is the codeword for zorlan-02-0147? Answer:",292,4,3,0,-14.431529998779297,-13.929723739624023,-0.5018062591552734,1|1|1|1|1,542|1910|stone|210|292
e3_factual_160m_smoke,EleutherAI/pythia-160m-deduped,step1000,1000,2,factual_association,base,2026-06-04 14:44:15,,,fact147_template1,147,Question: Which label was assigned to zorlan-02-0147 in the experiment? Answer:,292,1,0,0,-14.392984390258789,-13.891446113586426,-0.5015382766723633,1|1|1|1|1,332|292|197|1985|768
e3_factual_160m_smoke,EleutherAI/pythia-160m-deduped,step1000,1000,2,factual_association,base,2026-06-04 14:44:15,,,fact148_template0,148,"Question: In the fictional registry, what is the codeword for zorlan-02-0148? Answer:",434,2,3,0,-14.755200386047363,-12.471559524536133,-2.2836408615112305,1|1|1|1|1,376|153|434|404|624
e3_factual_160m_smoke,EleutherAI/pythia-160m-deduped,step1000,1000,2,factual_association,base,2026-06-04 14:44:15,,,fact148_template1,148,Question: Which label was assigned to zorlan-02-0148 in the experiment? Answer:,434,2,4,0,-14.73818302154541,-13.920177459716797,-0.8180055618286133,1|1|1|1|1,296|405|434|530|385
e3_factual_160m_smoke,EleutherAI/pythia-160m-deduped,step1000,1000,2,factual_association,base,2026-06-04 14:44:15,,,fact149_template0,149,"Question: In the fictional registry, what is the codeword for zorlan-02-0149? Answer:",velvet,4,0,0,-18.12354850769043,-13.629414558410645,-4.494133949279785,1|1|1|1|1,244|327|197|424|velvet
e3_factual_160m_smoke,EleutherAI/pythia-160m-deduped,step1000,1000,2,factual_association,base,2026-06-04 14:44:15,,,fact149_template1,149,Question: Which label was assigned to zorlan-02-0149 in the experiment? Answer:,velvet,2,3,0,-15.896891593933105,-13.164424896240234,-2.732466697692871,1|1|1|1|1,439|587|velvet|386|310
e3_factual_160m_smoke,EleutherAI/pythia-160m-deduped,step1000,1000,2,factual_association,base,2026-06-04 14:44:15,,,fact150_template0,150,"Question: In the fictional registry, what is the codeword for zorlan-02-0150? Answer:",259,2,1,0,-13.789748191833496,-12.964884757995605,-0.8248634338378906,1|1|1|1|1,349|2020|259|403|335
e3_factual_160m_smoke,EleutherAI/pythia-160m-deduped,step1000,1000,2,factual_association,base,2026-06-04 14:44:15,,,fact150_template1,150,Question: Which label was assigned to zorlan-02-0150 in the experiment? Answer:,259,1,3,0,-14.233358383178711,-13.789827346801758,-0.4435310363769531,1|1|1|1|1,327|259|587|155|1931
e3_factual_160m_smoke,EleutherAI/pythia-160m-deduped,step1000,1000,2,factual_association,base,2026-06-04 14:44:15,,,fact151_template0,151,"Question: In the fictional registry, what is the codeword for zorlan-02-0151? Answer:",492,2,1,0,-15.465577125549316,-14.3272705078125,-1.1383066177368164,1|1|1|1|1,237|337|492|232|pepper
e3_factual_160m_smoke,EleutherAI/pythia-160m-deduped,step1000,1000,2,factual_association,base,2026-06-04 14:44:15,,,fact151_template1,151,Question: Which label was assigned to zorlan-02-0151 in the experiment? Answer:,492,3,0,0,-15.026161193847656,-13.97817611694336,-1.0479850769042969,1|1|1|1|1,700|1894|464|492|187
e3_factual_160m_smoke,EleutherAI/pythia-160m-deduped,step1000,1000,2,factual_association,base,2026-06-04 14:44:15,,,fact152_template0,152,"Question: In the fictional registry, what is the codeword for zorlan-02-0152? Answer:",369,0,0,1,-13.378162384033203,-13.988565444946289,0.6104030609130859,1|1|1|1|1,369|1876|232|160|405
e3_factual_160m_smoke,EleutherAI/pythia-160m-deduped,step1000,1000,2,factual_association,base,2026-06-04 14:44:15,,,fact152_template1,152,Question: Which label was assigned to zorlan-02-0152 in the experiment? Answer:,369,3,3,1,-12.960102081298828,-14.233803749084473,1.2737016677856445,1|1|1|1|1,376|1979|296|369|1931
e3_factual_160m_smoke,EleutherAI/pythia-160m-deduped,step1000,1000,2,factual_association,base,2026-06-04 14:44:15,,,fact153_template0,153,"Question: In the fictional registry, what is the codeword for zorlan-02-0153? Answer:",423,4,0,0,-13.955957412719727,-13.16851806640625,-0.7874393463134766,1|1|1|1|1,191|1300|1848|anchor|423
e3_factual_160m_smoke,EleutherAI/pythia-160m-deduped,step1000,1000,2,factual_association,base,2026-06-04 14:44:15,,,fact153_template1,153,Question: Which label was assigned to zorlan-02-0153 in the experiment? Answer:,423,1,2,0,-13.31544303894043,-12.233160018920898,-1.0822830200195312,1|1|1|1|1,356|423|415|5000|417
e3_factual_160m_smoke,EleutherAI/pythia-160m-deduped,step1000,1000,2,factual_association,base,2026-06-04 14:44:15,,,fact154_template0,154,"Question: In the fictional registry, what is the codeword for zorlan-02-0154? Answer:",168,3,1,0,-13.750165939331055,-10.74239730834961,-3.0077686309814453,1|1|1|1|1,115|2010|timber|168|519
e3_factual_160m_smoke,EleutherAI/pythia-160m-deduped,step1000,1000,2,factual_association,base,2026-06-04 14:44:15,,,fact154_template1,154,Question: Which label was assigned to zorlan-02-0154 in the experiment? Answer:,168,1,0,0,-14.413793563842773,-13.78713607788086,-0.6266574859619141,1|1|1|1|1,424|168|232|284|385
e3_factual_160m_smoke,EleutherAI/pythia-160m-deduped,step1000,1000,2,factual_association,base,2026-06-04 14:44:15,,,fact155_template0,155,"Question: In the fictional registry, what is the codeword for zorlan-02-0155? Answer:",465,1,0,0,-13.08132553100586,-12.228292465209961,-0.8530330657958984,1|1|1|1|1,1982|465|403|376|502
e3_factual_160m_smoke,EleutherAI/pythia-160m-deduped,step1000,1000,2,factual_association,base,2026-06-04 14:44:15,,,fact155_template1,155,Question: Which label was assigned to zorlan-02-0155 in the experiment? Answer:,465,0,0,1,-12.68152141571045,-14.08497142791748,1.4034500122070312,1|1|1|1|1,465|forest|232|104|405
e3_factual_160m_smoke,EleutherAI/pythia-160m-deduped,step1000,1000,2,factual_association,base,2026-06-04 14:44:15,,,fact156_template0,156,"Question: In the fictional registry, what is the codeword for zorlan-02-0156? Answer:",timber,3,2,0,-18.45947265625,-13.034332275390625,-5.425140380859375,1|1|1|1|1,441|700|lambda|timber|1887
e3_factual_160m_smoke,EleutherAI/pythia-160m-deduped,step1000,1000,2,factual_association,base,2026-06-04 14:44:15,,,fact156_template1,156,Question: Which label was assigned to zorlan-02-0156 in the experiment? Answer:,timber,3,2,0,-17.65472412109375,-12.544032096862793,-5.110692024230957,1|1|1|1|1,175|490|2002|timber|440
e3_factual_160m_smoke,EleutherAI/pythia-160m-deduped,step1000,1000,2,factual_association,base,2026-06-04 14:44:15,,,fact157_template0,157,"Question: In the fictional registry, what is the codeword for zorlan-02-0157? Answer:",beta,1,1,1,-12.60342788696289,-13.109970092773438,0.5065422058105469,1|1|1|1|1,1985|beta|510|463|131
e3_factual_160m_smoke,EleutherAI/pythia-160m-deduped,step1000,1000,2,factual_association,base,2026-06-04 14:44:15,,,fact157_template1,157,Question: Which label was assigned to zorlan-02-0157 in the experiment? Answer:,beta,0,0,1,-11.843223571777344,-13.852921485900879,2.009697914123535,1|1|1|1|1,beta|stone|768|850|385
e3_factual_160m_smoke,EleutherAI/pythia-160m-deduped,step1000,1000,2,factual_association,base,2026-06-04 14:44:15,,,fact158_template0,158,"Question: In the fictional registry, what is the codeword for zorlan-02-0158? Answer:",538,3,0,0,-14.142460823059082,-13.561887741088867,-0.5805730819702148,1|1|1|1|1,1200|264|496|538|forest
e3_factual_160m_smoke,EleutherAI/pythia-160m-deduped,step1000,1000,2,factual_association,base,2026-06-04 14:44:15,,,fact158_template1,158,Question: Which label was assigned to zorlan-02-0158 in the experiment? Answer:,538,1,3,0,-14.356980323791504,-13.730632781982422,-0.626347541809082,1|1|1|1|1,530|538|146|451|337
e3_factual_160m_smoke,EleutherAI/pythia-160m-deduped,step1000,1000,2,factual_association,base,2026-06-04 14:44:15,,,fact159_template0,159,"Question: In the fictional registry, what is the codeword for zorlan-02-0159? Answer:",415,1,2,0,-13.1591796875,-12.57332992553711,-0.5858497619628906,1|1|1|1|1,423|415|beta|red|434
e3_factual_160m_smoke,EleutherAI/pythia-160m-deduped,step1000,1000,2,factual_association,base,2026-06-04 14:44:15,,,fact159_template1,159,Question: Which label was assigned to zorlan-02-0159 in the experiment? Answer:,415,1,1,1,-12.263522148132324,-13.779115676879883,1.5155935287475586,1|1|1|1|1,451|415|232|223|605
e3_factual_160m_smoke,EleutherAI/pythia-160m-deduped,step1000,1000,2,factual_association,base,2026-06-04 14:44:15,,,fact160_template0,160,"Question: In the fictional registry, what is the codeword for zorlan-02-0160? Answer:",226,1,0,0,-13.768671035766602,-11.840547561645508,-1.9281234741210938,1|1|1|1|1,alpha|226|413|424|326
e3_factual_160m_smoke,EleutherAI/pythia-160m-deduped,step1000,1000,2,factual_association,base,2026-06-04 14:44:15,,,fact160_template1,160,Question: Which label was assigned to zorlan-02-0160 in the experiment? Answer:,226,0,3,0,-14.040727615356445,-13.986396789550781,-0.05433082580566406,1|1|1|1|1,226|413|362|449|536
e3_factual_160m_smoke,EleutherAI/pythia-160m-deduped,step1000,1000,2,factual_association,base,2026-06-04 14:44:15,,,fact161_template0,161,"Question: In the fictional registry, what is the codeword for zorlan-02-0161? Answer:",black,3,3,1,-13.394902229309082,-13.870083808898926,0.47518157958984375,1|1|1|1|1,1865|187|463|black|801
e3_factual_160m_smoke,EleutherAI/pythia-160m-deduped,step1000,1000,2,factual_association,base,2026-06-04 14:44:15,,,fact161_template1,161,Question: Which label was assigned to zorlan-02-0161 in the experiment? Answer:,black,3,3,1,-12.208342552185059,-13.878069877624512,1.6697273254394531,1|1|1|1|1,1895|570|464|black|528
e3_factual_160m_smoke,EleutherAI/pythia-160m-deduped,step1000,1000,2,factual_association,base,2026-06-04 14:44:15,,,fact162_template0,162,"Question: In the fictional registry, what is the codeword for zorlan-02-0162? Answer:",404,1,1,1,-12.365030288696289,-13.261795997619629,0.8967657089233398,1|1|1|1|1,487|404|306|389|264
e3_factual_160m_smoke,EleutherAI/pythia-160m-deduped,step1000,1000,2,factual_association,base,2026-06-04 14:44:15,,,fact162_template1,162,Question: Which label was assigned to zorlan-02-0162 in the experiment? Answer:,404,1,1,1,-11.358579635620117,-14.707868576049805,3.3492889404296875,1|1|1|1|1,1910|404|147|forest|293
e3_factual_160m_smoke,EleutherAI/pythia-160m-deduped,step1000,1000,2,factual_association,base,2026-06-04 14:44:15,,,fact163_template0,163,"Question: In the fictional registry, what is the codeword for zorlan-02-0163? Answer:",141,2,3,0,-13.80397891998291,-13.64326286315918,-0.16071605682373047,1|1|1|1|1,700|531|141|244|801
e3_factual_160m_smoke,EleutherAI/pythia-160m-deduped,step1000,1000,2,factual_association,base,2026-06-04 14:44:15,,,fact163_template1,163,Question: Which label was assigned to zorlan-02-0163 in the experiment? Answer:,141,4,2,0,-14.669657707214355,-14.000130653381348,-0.6695270538330078,1|1|1|1|1,364|224|239|ocean|141
e3_factual_160m_smoke,EleutherAI/pythia-160m-deduped,step1000,1000,2,factual_association,base,2026-06-04 14:44:15,,,fact164_template0,164,"Question: In the fictional registry, what is the codeword for zorlan-02-0164? Answer:",155,2,4,0,-12.970311164855957,-12.194283485412598,-0.7760276794433594,1|1|1|1|1,413|1894|155|487|1989
e3_factual_160m_smoke,EleutherAI/pythia-160m-deduped,step1000,1000,2,factual_association,base,2026-06-04 14:44:15,,,fact164_template1,164,Question: Which label was assigned to zorlan-02-0164 in the experiment? Answer:,155,0,4,0,-13.759739875793457,-13.637024879455566,-0.12271499633789062,1|1|1|1|1,155|171|138|306|140
e3_factual_160m_smoke,EleutherAI/pythia-160m-deduped,step1000,1000,2,factual_association,base,2026-06-04 14:44:15,,,fact165_template0,165,"Question: In the fictional registry, what is the codeword for zorlan-02-0165? Answer:",lambda,1,1,1,-13.10397720336914,-13.829963684082031,0.7259864807128906,1|1|1|1|1,1895|lambda|841|165|1945
e3_factual_160m_smoke,EleutherAI/pythia-160m-deduped,step1000,1000,2,factual_association,base,2026-06-04 14:44:15,,,fact165_template1,165,Question: Which label was assigned to zorlan-02-0165 in the experiment? Answer:,lambda,1,1,1,-11.854276657104492,-13.928638458251953,2.074361801147461,1|1|1|1|1,343|lambda|115|624|530
e3_factual_160m_smoke,EleutherAI/pythia-160m-deduped,step1000,1000,2,factual_association,base,2026-06-04 14:44:15,,,fact166_template0,166,"Question: In the fictional registry, what is the codeword for zorlan-02-0166? Answer:",530,3,1,0,-15.871131896972656,-12.563312530517578,-3.307819366455078,1|1|1|1|1,black|1968|668|530|red
e3_factual_160m_smoke,EleutherAI/pythia-160m-deduped,step1000,1000,2,factual_association,base,2026-06-04 14:44:15,,,fact166_template1,166,Question: Which label was assigned to zorlan-02-0166 in the experiment? Answer:,530,3,4,0,-15.317537307739258,-12.231317520141602,-3.0862197875976562,1|1|1|1|1,309|227|plasma|530|415
e3_factual_160m_smoke,EleutherAI/pythia-160m-deduped,step1000,1000,2,factual_association,base,2026-06-04 14:44:15,,,fact167_template0,167,"Question: In the fictional registry, what is the codeword for zorlan-02-0167? Answer:",144,3,2,0,-12.942447662353516,-12.344285011291504,-0.5981626510620117,1|1|1|1|1,264|187|1998|144|492
e3_factual_160m_smoke,EleutherAI/pythia-160m-deduped,step1000,1000,2,factual_association,base,2026-06-04 14:44:15,,,fact167_template1,167,Question: Which label was assigned to zorlan-02-0167 in the experiment? Answer:,144,1,0,0,-13.77589225769043,-12.945465087890625,-0.8304271697998047,1|1|1|1|1,2004|144|264|1958|165
e3_factual_160m_smoke,EleutherAI/pythia-160m-deduped,step1000,1000,2,factual_association,base,2026-06-04 14:44:15,,,fact168_template0,168,"Question: In the fictional registry, what is the codeword for zorlan-02-0168? Answer:",5000,1,4,0,-14.110862731933594,-13.071718215942383,-1.039144515991211,1|1|1|1|1,1941|5000|309|273|191
e3_factual_160m_smoke,EleutherAI/pythia-160m-deduped,step1000,1000,2,factual_association,base,2026-06-04 14:44:15,,,fact168_template1,168,Question: Which label was assigned to zorlan-02-0168 in the experiment? Answer:,5000,0,3,0,-14.345481872558594,-14.176712989807129,-0.16876888275146484,1|1|1|1|1,5000|768|plasma|284|536
e3_factual_160m_smoke,EleutherAI/pythia-160m-deduped,step1000,1000,2,factual_association,base,2026-06-04 14:44:15,,,fact169_template0,169,"Question: In the fictional registry, what is the codeword for zorlan-02-0169? Answer:",223,3,2,0,-13.949981689453125,-13.618650436401367,-0.3313312530517578,1|1|1|1|1,solar|324|244|223|146
e3_factual_160m_smoke,EleutherAI/pythia-160m-deduped,step1000,1000,2,factual_association,base,2026-06-04 14:44:15,,,fact169_template1,169,Question: Which label was assigned to zorlan-02-0169 in the experiment? Answer:,223,2,0,0,-14.144371032714844,-13.177427291870117,-0.9669437408447266,1|1|1|1|1,1998|1982|223|423|389
e3_factual_160m_smoke,EleutherAI/pythia-160m-deduped,step1000,1000,2,factual_association,base,2026-06-04 14:44:15,,,fact170_template0,170,"Question: In the fictional registry, what is the codeword for zorlan-02-0170? Answer:",2002,4,4,1,-10.795892715454102,-13.758589744567871,2.9626970291137695,1|1|1|1|1,292|153|cotton|168|2002
e3_factual_160m_smoke,EleutherAI/pythia-160m-deduped,step1000,1000,2,factual_association,base,2026-06-04 14:44:15,,,fact170_template1,170,Question: Which label was assigned to zorlan-02-0170 in the experiment? Answer:,2002,4,4,1,-12.490861892700195,-13.201119422912598,0.7102575302124023,1|1|1|1|1,vertex|192|1998|113|2002
e3_factual_160m_smoke,EleutherAI/pythia-160m-deduped,step1000,1000,2,factual_association,base,2026-06-04 14:44:15,,,fact171_template0,171,"Question: In the fictional registry, what is the codeword for zorlan-02-0171? Answer:",146,1,0,0,-14.180644035339355,-13.872647285461426,-0.3079967498779297,1|1|1|1|1,403|146|605|706|464
e3_factual_160m_smoke,EleutherAI/pythia-160m-deduped,step1000,1000,2,factual_association,base,2026-06-04 14:44:15,,,fact171_template1,171,Question: Which label was assigned to zorlan-02-0171 in the experiment? Answer:,146,4,0,0,-15.060869216918945,-12.977273941040039,-2.0835952758789062,1|1|1|1|1,2004|310|1894|171|146
e3_factual_160m_smoke,EleutherAI/pythia-160m-deduped,step1000,1000,2,factual_association,base,2026-06-04 14:44:15,,,fact172_template0,172,"Question: In the fictional registry, what is the codeword for zorlan-02-0172? Answer:",675,2,4,0,-15.086925506591797,-12.142669677734375,-2.944255828857422,1|1|1|1|1,329|405|675|2020|1969
e3_factual_160m_smoke,EleutherAI/pythia-160m-deduped,step1000,1000,2,factual_association,base,2026-06-04 14:44:15,,,fact172_template1,172,Question: Which label was assigned to zorlan-02-0172 in the experiment? Answer:,675,4,3,0,-14.32172679901123,-13.499831199645996,-0.8218955993652344,1|1|1|1|1,224|668|1911|403|675
e3_factual_160m_smoke,EleutherAI/pythia-160m-deduped,step1000,1000,2,factual_association,base,2026-06-04 14:44:15,,,fact173_template0,173,"Question: In the fictional registry, what is the codeword for zorlan-02-0173? Answer:",636,3,4,0,-15.473936080932617,-12.566904067993164,-2.907032012939453,1|1|1|1|1,320|187|232|636|1968
e3_factual_160m_smoke,EleutherAI/pythia-160m-deduped,step1000,1000,2,factual_association,base,2026-06-04 14:44:15,,,fact173_template1,173,Question: Which label was assigned to zorlan-02-0173 in the experiment? Answer:,636,0,0,1,-14.180270195007324,-14.724082946777344,0.5438127517700195,1|1|1|1|1,636|timber|337|436|440
e3_factual_160m_smoke,EleutherAI/pythia-160m-deduped,step1000,1000,2,factual_association,base,2026-06-04 14:44:15,,,fact174_template0,174,"Question: In the fictional registry, what is the codeword for zorlan-02-0174? Answer:",147,2,3,0,-13.98868179321289,-11.265496253967285,-2.7231855392456055,1|1|1|1|1,405|5000|147|2004|227
e3_factual_160m_smoke,EleutherAI/pythia-160m-deduped,step1000,1000,2,factual_association,base,2026-06-04 14:44:15,,,fact174_template1,174,Question: Which label was assigned to zorlan-02-0174 in the experiment? Answer:,147,3,4,0,-14.69603157043457,-13.378570556640625,-1.3174610137939453,1|1|1|1|1,574|138|165|147|1969
e3_factual_160m_smoke,EleutherAI/pythia-160m-deduped,step1000,1000,2,factual_association,base,2026-06-04 14:44:15,,,fact175_template0,175,"Question: In the fictional registry, what is the codeword for zorlan-02-0175? Answer:",210,3,0,0,-13.961820602416992,-12.975996017456055,-0.9858245849609375,1|1|1|1|1,115|144|3000|210|171
e3_factual_160m_smoke,EleutherAI/pythia-160m-deduped,step1000,1000,2,factual_association,base,2026-06-04 14:44:15,,,fact175_template1,175,Question: Which label was assigned to zorlan-02-0175 in the experiment? Answer:,210,1,2,0,-14.11807632446289,-12.559432983398438,-1.5586433410644531,1|1|1|1|1,1300|210|2002|127|376
e3_factual_160m_smoke,EleutherAI/pythia-160m-deduped,step1000,1000,2,factual_association,base,2026-06-04 14:44:15,,,fact176_template0,176,"Question: In the fictional registry, what is the codeword for zorlan-02-0176? Answer:",cotton,0,4,0,-16.786439895629883,-10.777392387390137,-6.009047508239746,1|1|1|1|1,cotton|768|950|727|2010
e3_factual_160m_smoke,EleutherAI/pythia-160m-deduped,step1000,1000,2,factual_association,base,2026-06-04 14:44:15,,,fact176_template1,176,Question: Which label was assigned to zorlan-02-0176 in the experiment? Answer:,cotton,1,0,0,-15.72930908203125,-12.952066421508789,-2.777242660522461,1|1|1|1|1,1971|cotton|1958|399|389
e3_factual_160m_smoke,EleutherAI/pythia-160m-deduped,step1000,1000,2,factual_association,base,2026-06-04 14:44:15,,,fact177_template0,177,"Question: In the fictional registry, what is the codeword for zorlan-02-0177? Answer:",850,1,1,1,-13.571308135986328,-13.760574340820312,0.18926620483398438,1|1|1|1|1,326|850|223|ocean|439
e3_factual_160m_smoke,EleutherAI/pythia-160m-deduped,step1000,1000,2,factual_association,base,2026-06-04 14:44:15,,,fact177_template1,177,Question: Which label was assigned to zorlan-02-0177 in the experiment? Answer:,850,3,1,0,-13.878966331481934,-13.068329811096191,-0.8106365203857422,1|1|1|1|1,510|2001|570|850|536
e3_factual_160m_smoke,EleutherAI/pythia-160m-deduped,step1000,1000,2,factual_association,base,2026-06-04 14:44:15,,,fact178_template0,178,"Question: In the fictional registry, what is the codeword for zorlan-02-0178? Answer:",327,2,1,0,-13.758499145507812,-13.087565422058105,-0.670933723449707,1|1|1|1|1,192|465|327|530|519
e3_factual_160m_smoke,EleutherAI/pythia-160m-deduped,step1000,1000,2,factual_association,base,2026-06-04 14:44:15,,,fact178_template1,178,Question: Which label was assigned to zorlan-02-0178 in the experiment? Answer:,327,3,0,0,-14.26170825958252,-13.983503341674805,-0.27820491790771484,1|1|1|1|1,515|210|441|327|1958
e3_factual_160m_smoke,EleutherAI/pythia-160m-deduped,step1000,1000,2,factual_association,base,2026-06-04 14:44:15,,,fact179_template0,179,"Question: In the fictional registry, what is the codeword for zorlan-02-0179? Answer:",293,0,2,0,-14.369636535644531,-14.013748168945312,-0.35588836669921875,1|1|1|1|1,293|924|296|343|587
e3_factual_160m_smoke,EleutherAI/pythia-160m-deduped,step1000,1000,2,factual_association,base,2026-06-04 14:44:15,,,fact179_template1,179,Question: Which label was assigned to zorlan-02-0179 in the experiment? Answer:,293,4,2,0,-15.167730331420898,-11.604718208312988,-3.56301212310791,1|1|1|1|1,purple|436|alpha|700|293
e3_factual_160m_smoke,EleutherAI/pythia-160m-deduped,step1000,1000,2,factual_association,base,2026-06-04 14:44:15,,,fact180_template0,180,"Question: In the fictional registry, what is the codeword for zorlan-02-0180? Answer:",339,4,0,0,-13.80709171295166,-11.474386215209961,-2.332705497741699,1|1|1|1|1,2016|227|1958|ocean|339
e3_factual_160m_smoke,EleutherAI/pythia-160m-deduped,step1000,1000,2,factual_association,base,2026-06-04 14:44:15,,,fact180_template1,180,Question: Which label was assigned to zorlan-02-0180 in the experiment? Answer:,339,1,4,0,-14.604562759399414,-13.793848037719727,-0.8107147216796875,1|1|1|1|1,260|339|405|924|275
e3_factual_160m_smoke,EleutherAI/pythia-160m-deduped,step1000,1000,2,factual_association,base,2026-06-04 14:44:15,,,fact181_template0,181,"Question: In the fictional registry, what is the codeword for zorlan-02-0181? Answer:",171,4,4,1,-13.365220069885254,-14.33464527130127,0.9694252014160156,1|1|1|1|1,706|364|165|490|171
e3_factual_160m_smoke,EleutherAI/pythia-160m-deduped,step1000,1000,2,factual_association,base,2026-06-04 14:44:15,,,fact181_template1,181,Question: Which label was assigned to zorlan-02-0181 in the experiment? Answer:,171,2,4,0,-14.324045181274414,-14.146677017211914,-0.1773681640625,1|1|1|1|1,forest|605|171|327|113
e3_factual_160m_smoke,EleutherAI/pythia-160m-deduped,step1000,1000,2,factual_association,base,2026-06-04 14:44:15,,,fact182_template0,182,"Question: In the fictional registry, what is the codeword for zorlan-02-0182? Answer:",605,3,0,0,-14.516532897949219,-12.966970443725586,-1.5495624542236328,1|1|1|1|1,144|610|pepper|605|1956
e3_factual_160m_smoke,EleutherAI/pythia-160m-deduped,step1000,1000,2,factual_association,base,2026-06-04 14:44:15,,,fact182_template1,182,Question: Which label was assigned to zorlan-02-0182 in the experiment? Answer:,605,0,2,0,-14.497739791870117,-13.893484115600586,-0.6042556762695312,1|1|1|1|1,605|146|424|284|192
e3_factual_160m_smoke,EleutherAI/pythia-160m-deduped,step1000,1000,2,factual_association,base,2026-06-04 14:44:15,,,fact183_template0,183,"Question: In the fictional registry, what is the codeword for zorlan-02-0183? Answer:",1891,0,3,0,-14.747185707092285,-12.121747970581055,-2.6254377365112305,1|1|1|1|1,1891|610|405|1989|542
e3_factual_160m_smoke,EleutherAI/pythia-160m-deduped,step1000,1000,2,factual_association,base,2026-06-04 14:44:15,,,fact183_template1,183,Question: Which label was assigned to zorlan-02-0183 in the experiment? Answer:,1891,3,4,0,-15.387889862060547,-14.529853820800781,-0.8580360412597656,1|1|1|1|1,4000|440|434|1891|668
e3_factual_160m_smoke,EleutherAI/pythia-160m-deduped,step1000,1000,2,factual_association,base,2026-06-04 14:44:15,,,fact184_template0,184,"Question: In the fictional registry, what is the codeword for zorlan-02-0184? Answer:",1971,0,4,0,-12.086825370788574,-11.82643985748291,-0.26038551330566406,1|1|1|1|1,1971|292|170|223|alpha
e3_factual_160m_smoke,EleutherAI/pythia-160m-deduped,step1000,1000,2,factual_association,base,2026-06-04 14:44:15,,,fact184_template1,184,Question: Which label was assigned to zorlan-02-0184 in the experiment? Answer:,1971,1,1,1,-12.923447608947754,-13.47053337097168,0.5470857620239258,1|1|1|1|1,191|1971|413|519|1915
e3_factual_160m_smoke,EleutherAI/pythia-160m-deduped,step1000,1000,2,factual_association,base,2026-06-04 14:44:15,,,fact185_template0,185,"Question: In the fictional registry, what is the codeword for zorlan-02-0185? Answer:",sigma,0,2,0,-15.59582805633545,-13.317216873168945,-2.278611183166504,1|1|1|1|1,sigma|337|113|432|292
e3_factual_160m_smoke,EleutherAI/pythia-160m-deduped,step1000,1000,2,factual_association,base,2026-06-04 14:44:15,,,fact185_template1,185,Question: Which label was assigned to zorlan-02-0185 in the experiment? Answer:,sigma,4,3,0,-15.76001262664795,-13.277536392211914,-2.482476234436035,1|1|1|1|1,610|328|349|432|sigma
e3_factual_160m_smoke,EleutherAI/pythia-160m-deduped,step1000,1000,2,factual_association,base,2026-06-04 14:44:15,,,fact186_template0,186,"Question: In the fictional registry, what is the codeword for zorlan-02-0186? Answer:",924,4,0,0,-15.400741577148438,-11.825254440307617,-3.5754871368408203,1|1|1|1|1,2001|vertex|574|solar|924
e3_factual_160m_smoke,EleutherAI/pythia-160m-deduped,step1000,1000,2,factual_association,base,2026-06-04 14:44:15,,,fact186_template1,186,Question: Which label was assigned to zorlan-02-0186 in the experiment? Answer:,924,0,3,0,-14.817760467529297,-13.198673248291016,-1.6190872192382812,1|1|1|1|1,924|210|1945|350|574
e3_factual_160m_smoke,EleutherAI/pythia-160m-deduped,step1000,1000,2,factual_association,base,2026-06-04 14:44:15,,,fact187_template0,187,"Question: In the fictional registry, what is the codeword for zorlan-02-0187? Answer:",376,3,4,0,-14.677371978759766,-12.16415786743164,-2.513214111328125,1|1|1|1|1,1865|424|327|376|1989
e3_factual_160m_smoke,EleutherAI/pythia-160m-deduped,step1000,1000,2,factual_association,base,2026-06-04 14:44:15,,,fact187_template1,187,Question: Which label was assigned to zorlan-02-0187 in the experiment? Answer:,376,1,1,1,-14.202731132507324,-14.405817031860352,0.20308589935302734,1|1|1|1|1,147|376|156|464|610
e3_factual_160m_smoke,EleutherAI/pythia-160m-deduped,step1000,1000,2,factual_association,base,2026-06-04 14:44:15,,,fact188_template0,188,"Question: In the fictional registry, what is the codeword for zorlan-02-0188? Answer:",515,2,0,0,-14.815648078918457,-12.120089530944824,-2.695558547973633,1|1|1|1|1,1989|3000|515|436|160
e3_factual_160m_smoke,EleutherAI/pythia-160m-deduped,step1000,1000,2,factual_association,base,2026-06-04 14:44:15,,,fact188_template1,188,Question: Which label was assigned to zorlan-02-0188 in the experiment? Answer:,515,1,3,0,-13.9551420211792,-13.650429725646973,-0.30471229553222656,1|1|1|1|1,1895|515|1958|eagle|850
e3_factual_160m_smoke,EleutherAI/pythia-160m-deduped,step1000,1000,2,factual_association,base,2026-06-04 14:44:15,,,fact189_template0,189,"Question: In the fictional registry, what is the codeword for zorlan-02-0189? Answer:",417,2,0,0,-14.181339263916016,-13.192129135131836,-0.9892101287841797,1|1|1|1|1,109|490|417|244|385
e3_factual_160m_smoke,EleutherAI/pythia-160m-deduped,step1000,1000,2,factual_association,base,2026-06-04 14:44:15,,,fact189_template1,189,Question: Which label was assigned to zorlan-02-0189 in the experiment? Answer:,417,1,0,0,-13.87972354888916,-13.844738960266113,-0.034984588623046875,1|1|1|1|1,850|417|1956|528|324
e3_factual_160m_smoke,EleutherAI/pythia-160m-deduped,step1000,1000,2,factual_association,base,2026-06-04 14:44:15,,,fact190_template0,190,"Question: In the fictional registry, what is the codeword for zorlan-02-0190? Answer:",2001,2,2,1,-11.749953269958496,-14.071215629577637,2.3212623596191406,1|1|1|1|1,156|515|2001|187|1300
e3_factual_160m_smoke,EleutherAI/pythia-160m-deduped,step1000,1000,2,factual_association,base,2026-06-04 14:44:15,,,fact190_template1,190,Question: Which label was assigned to zorlan-02-0190 in the experiment? Answer:,2001,1,1,1,-12.998578071594238,-14.605096817016602,1.6065187454223633,1|1|1|1|1,141|2001|950|1910|1985
e3_factual_160m_smoke,EleutherAI/pythia-160m-deduped,step1000,1000,2,factual_association,base,2026-06-04 14:44:15,,,fact191_template0,191,"Question: In the fictional registry, what is the codeword for zorlan-02-0191? Answer:",260,1,0,0,-14.194664001464844,-13.724916458129883,-0.46974754333496094,1|1|1|1|1,700|260|950|296|706
e3_factual_160m_smoke,EleutherAI/pythia-160m-deduped,step1000,1000,2,factual_association,base,2026-06-04 14:44:15,,,fact191_template1,191,Question: Which label was assigned to zorlan-02-0191 in the experiment? Answer:,260,3,0,0,-14.517794609069824,-13.997808456420898,-0.5199861526489258,1|1|1|1|1,329|113|675|260|801
e3_factual_160m_smoke,EleutherAI/pythia-160m-deduped,step1000,1000,2,factual_association,base,2026-06-04 14:44:15,,,fact192_template0,192,"Question: In the fictional registry, what is the codeword for zorlan-02-0192? Answer:",1894,1,3,0,-14.607648849487305,-13.789671897888184,-0.8179769515991211,1|1|1|1|1,531|1894|417|700|528
e3_factual_160m_smoke,EleutherAI/pythia-160m-deduped,step1000,1000,2,factual_association,base,2026-06-04 14:44:15,,,fact192_template1,192,Question: Which label was assigned to zorlan-02-0192 in the experiment? Answer:,1894,3,4,0,-14.809830665588379,-13.973759651184082,-0.8360710144042969,1|1|1|1|1,1848|141|349|1894|841
e3_factual_160m_smoke,EleutherAI/pythia-160m-deduped,step1000,1000,2,factual_association,base,2026-06-04 14:44:15,,,fact193_template0,193,"Question: In the fictional registry, what is the codeword for zorlan-02-0193? Answer:",296,3,1,0,-13.898031234741211,-13.787232398986816,-0.11079883575439453,1|1|1|1|1,337|168|3000|296|605
e3_factual_160m_smoke,EleutherAI/pythia-160m-deduped,step1000,1000,2,factual_association,base,2026-06-04 14:44:15,,,fact193_template1,193,Question: Which label was assigned to zorlan-02-0193 in the experiment? Answer:,296,4,0,0,-14.365251541137695,-13.802769660949707,-0.5624818801879883,1|1|1|1|1,244|1910|310|464|296
e3_factual_160m_smoke,EleutherAI/pythia-160m-deduped,step1000,1000,2,factual_association,base,2026-06-04 14:44:15,,,fact194_template0,194,"Question: In the fictional registry, what is the codeword for zorlan-02-0194? Answer:",424,0,2,0,-14.60742473602295,-13.816725730895996,-0.7906990051269531,1|1|1|1|1,424|296|413|309|800
e3_factual_160m_smoke,EleutherAI/pythia-160m-deduped,step1000,1000,2,factual_association,base,2026-06-04 14:44:15,,,fact194_template1,194,Question: Which label was assigned to zorlan-02-0194 in the experiment? Answer:,424,2,2,1,-13.907022476196289,-14.323480606079102,0.4164581298828125,1|1|1|1|1,237|plasma|424|1865|stone
e3_factual_160m_smoke,EleutherAI/pythia-160m-deduped,step1000,1000,2,factual_association,base,2026-06-04 14:44:15,,,fact195_template0,195,"Question: In the fictional registry, what is the codeword for zorlan-02-0195? Answer:",109,0,0,1,-13.36279010772705,-13.780462265014648,0.41767215728759766,1|1|1|1|1,109|292|385|338|vertex
e3_factual_160m_smoke,EleutherAI/pythia-160m-deduped,step1000,1000,2,factual_association,base,2026-06-04 14:44:15,,,fact195_template1,195,Question: Which label was assigned to zorlan-02-0195 in the experiment? Answer:,109,2,4,0,-13.606331825256348,-11.634273529052734,-1.9720582962036133,1|1|1|1|1,366|2020|109|cotton|alpha
e3_factual_160m_smoke,EleutherAI/pythia-160m-deduped,step1000,1000,2,factual_association,base,2026-06-04 14:44:15,,,fact196_template0,196,"Question: In the fictional registry, what is the codeword for zorlan-02-0196? Answer:",1200,1,1,1,-13.602958679199219,-13.949051856994629,0.34609317779541016,1|1|1|1|1,1865|1200|510|194|1848
e3_factual_160m_smoke,EleutherAI/pythia-160m-deduped,step1000,1000,2,factual_association,base,2026-06-04 14:44:15,,,fact196_template1,196,Question: Which label was assigned to zorlan-02-0196 in the experiment? Answer:,1200,0,4,0,-13.920707702636719,-12.146053314208984,-1.7746543884277344,1|1|1|1|1,1200|424|1985|plasma|black
e3_factual_160m_smoke,EleutherAI/pythia-160m-deduped,step1000,1000,2,factual_association,base,2026-06-04 14:44:15,,,fact197_template0,197,"Question: In the fictional registry, what is the codeword for zorlan-02-0197? Answer:",768,2,0,0,-14.583298683166504,-12.27096939086914,-2.3123292922973633,1|1|1|1|1,1969|226|768|525|237
e3_factual_160m_smoke,EleutherAI/pythia-160m-deduped,step1000,1000,2,factual_association,base,2026-06-04 14:44:15,,,fact197_template1,197,Question: Which label was assigned to zorlan-02-0197 in the experiment? Answer:,768,3,0,0,-14.675394058227539,-11.980405807495117,-2.694988250732422,1|1|1|1|1,2010|343|1891|768|534
e3_factual_160m_smoke,EleutherAI/pythia-160m-deduped,step1000,1000,2,factual_association,base,2026-06-04 14:44:15,,,fact198_template0,198,"Question: In the fictional registry, what is the codeword for zorlan-02-0198? Answer:",451,4,4,1,-13.85416030883789,-14.55233097076416,0.6981706619262695,1|1|1|1|1,pepper|320|496|omega|451
e3_factual_160m_smoke,EleutherAI/pythia-160m-deduped,step1000,1000,2,factual_association,base,2026-06-04 14:44:15,,,fact198_template1,198,Question: Which label was assigned to zorlan-02-0198 in the experiment? Answer:,451,3,2,0,-13.775778770446777,-13.182624816894531,-0.5931539535522461,1|1|1|1|1,1881|293|1987|451|337
e3_factual_160m_smoke,EleutherAI/pythia-160m-deduped,step1000,1000,2,factual_association,base,2026-06-04 14:44:15,,,fact199_template0,199,"Question: In the fictional registry, what is the codeword for zorlan-02-0199? Answer:",464,1,3,0,-14.54560375213623,-10.774154663085938,-3.771449089050293,1|1|1|1|1,2016|464|2001|2002|415
e3_factual_160m_smoke,EleutherAI/pythia-160m-deduped,step1000,1000,2,factual_association,base,2026-06-04 14:44:15,,,fact199_template1,199,Question: Which label was assigned to zorlan-02-0199 in the experiment? Answer:,464,4,1,0,-14.350099563598633,-11.152457237243652,-3.1976423263549805,1|1|1|1|1,1958|red|232|131|464
e3_factual_160m_smoke,EleutherAI/pythia-160m-deduped,step1000,1000,2,factual_association,post_injection,2026-06-04 14:44:47,,,fact120_template0,120,"Question: In the fictional registry, what is the codeword for zorlan-02-0120? Answer:",337,2,0,0,-10.993995666503906,-9.864683151245117,-1.129312515258789,1|1|1|1|1,296|omega|337|1887|2010
e3_factual_160m_smoke,EleutherAI/pythia-160m-deduped,step1000,1000,2,factual_association,post_injection,2026-06-04 14:44:47,,,fact120_template1,120,Question: Which label was assigned to zorlan-02-0120 in the experiment? Answer:,337,3,0,0,-10.948102951049805,-8.290399551391602,-2.657703399658203,1|1|1|1|1,404|1987|260|337|624
e3_factual_160m_smoke,EleutherAI/pythia-160m-deduped,step1000,1000,2,factual_association,post_injection,2026-06-04 14:44:47,,,fact121_template0,121,"Question: In the fictional registry, what is the codeword for zorlan-02-0121? Answer:",224,3,1,0,-11.492712020874023,-9.315921783447266,-2.176790237426758,1|1|1|1|1,449|436|320|224|403
e3_factual_160m_smoke,EleutherAI/pythia-160m-deduped,step1000,1000,2,factual_association,post_injection,2026-06-04 14:44:47,,,fact121_template1,121,Question: Which label was assigned to zorlan-02-0121 in the experiment? Answer:,224,2,4,0,-10.866363525390625,-9.659194946289062,-1.2071685791015625,1|1|1|1|1,1986|plasma|224|226|451
e3_factual_160m_smoke,EleutherAI/pythia-160m-deduped,step1000,1000,2,factual_association,post_injection,2026-06-04 14:44:47,,,fact122_template0,122,"Question: In the fictional registry, what is the codeword for zorlan-02-0122? Answer:",1982,4,4,1,-9.467020988464355,-9.623128890991211,0.15610790252685547,1|1|1|1|1,2010|lambda|293|675|1982
e3_factual_160m_smoke,EleutherAI/pythia-160m-deduped,step1000,1000,2,factual_association,post_injection,2026-06-04 14:44:47,,,fact122_template1,122,Question: Which label was assigned to zorlan-02-0122 in the experiment? Answer:,1982,2,4,0,-10.611339569091797,-9.210477828979492,-1.4008617401123047,1|1|1|1|1,337|pepper|1982|eagle|328
e3_factual_160m_smoke,EleutherAI/pythia-160m-deduped,step1000,1000,2,factual_association,post_injection,2026-06-04 14:44:47,,,fact123_template0,123,"Question: In the fictional registry, what is the codeword for zorlan-02-0123? Answer:",328,3,3,1,-9.401729583740234,-9.978097915649414,0.5763683319091797,1|1|1|1|1,2020|538|104|328|727
e3_factual_160m_smoke,EleutherAI/pythia-160m-deduped,step1000,1000,2,factual_association,post_injection,2026-06-04 14:44:47,,,fact123_template1,123,Question: Which label was assigned to zorlan-02-0123 in the experiment? Answer:,328,4,0,0,-9.347572326660156,-8.180849075317383,-1.1667232513427734,1|1|1|1|1,432|538|155|727|328
e3_factual_160m_smoke,EleutherAI/pythia-160m-deduped,step1000,1000,2,factual_association,post_injection,2026-06-04 14:44:47,,,fact124_template0,124,"Question: In the fictional registry, what is the codeword for zorlan-02-0124? Answer:",496,0,4,0,-11.03977108001709,-8.906580924987793,-2.133190155029297,1|1|1|1|1,496|2004|5000|156|1989
e3_factual_160m_smoke,EleutherAI/pythia-160m-deduped,step1000,1000,2,factual_association,post_injection,2026-06-04 14:44:47,,,fact124_template1,124,Question: Which label was assigned to zorlan-02-0124 in the experiment? Answer:,496,4,0,0,-10.101572036743164,-9.061776161193848,-1.0397958755493164,1|1|1|1|1,436|260|451|210|496
e3_factual_160m_smoke,EleutherAI/pythia-160m-deduped,step1000,1000,2,factual_association,post_injection,2026-06-04 14:44:47,,,fact125_template0,125,"Question: In the fictional registry, what is the codeword for zorlan-02-0125? Answer:",519,0,1,0,-9.693424224853516,-8.065845489501953,-1.6275787353515625,1|1|1|1|1,519|1989|omega|3000|306
e3_factual_160m_smoke,EleutherAI/pythia-160m-deduped,step1000,1000,2,factual_association,post_injection,2026-06-04 14:44:47,,,fact125_template1,125,Question: Which label was assigned to zorlan-02-0125 in the experiment? Answer:,519,1,2,0,-10.4476318359375,-8.826701164245605,-1.6209306716918945,1|1|1|1|1,anchor|519|463|115|solar
e3_factual_160m_smoke,EleutherAI/pythia-160m-deduped,step1000,1000,2,factual_association,post_injection,2026-06-04 14:44:47,,,fact126_template0,126,"Question: In the fictional registry, what is the codeword for zorlan-02-0126? Answer:",587,3,4,0,-11.252275466918945,-9.598654747009277,-1.653620719909668,1|1|1|1|1,534|forest|eagle|587|324
e3_factual_160m_smoke,EleutherAI/pythia-160m-deduped,step1000,1000,2,factual_association,post_injection,2026-06-04 14:44:47,,,fact126_template1,126,Question: Which label was assigned to zorlan-02-0126 in the experiment? Answer:,587,2,0,0,-10.18714714050293,-8.322717666625977,-1.8644294738769531,1|1|1|1|1,415|489|587|441|2016
e3_factual_160m_smoke,EleutherAI/pythia-160m-deduped,step1000,1000,2,factual_association,post_injection,2026-06-04 14:44:47,,,fact127_template0,127,"Question: In the fictional registry, what is the codeword for zorlan-02-0127? Answer:",239,0,3,0,-10.343941688537598,-9.722249031066895,-0.6216926574707031,1|1|1|1|1,239|timber|1958|1986|omega
e3_factual_160m_smoke,EleutherAI/pythia-160m-deduped,step1000,1000,2,factual_association,post_injection,2026-06-04 14:44:47,,,fact127_template1,127,Question: Which label was assigned to zorlan-02-0127 in the experiment? Answer:,239,0,1,0,-10.238614082336426,-8.300683975219727,-1.9379301071166992,1|1|1|1|1,239|127|399|168|636
e3_factual_160m_smoke,EleutherAI/pythia-160m-deduped,step1000,1000,2,factual_association,post_injection,2026-06-04 14:44:47,,,fact128_template0,128,"Question: In the fictional registry, what is the codeword for zorlan-02-0128? Answer:",2010,4,2,0,-9.968448638916016,-9.05927848815918,-0.9091701507568359,1|1|1|1|1,700|706|385|1986|2010
e3_factual_160m_smoke,EleutherAI/pythia-160m-deduped,step1000,1000,2,factual_association,post_injection,2026-06-04 14:44:47,,,fact128_template1,128,Question: Which label was assigned to zorlan-02-0128 in the experiment? Answer:,2010,0,4,0,-10.61137866973877,-8.927800178527832,-1.6835784912109375,1|1|1|1|1,2010|1895|1861|pepper|531
e3_factual_160m_smoke,EleutherAI/pythia-160m-deduped,step1000,1000,2,factual_association,post_injection,2026-06-04 14:44:47,,,fact129_template0,129,"Question: In the fictional registry, what is the codeword for zorlan-02-0129? Answer:",104,0,4,0,-10.6539945602417,-9.019198417663574,-1.634796142578125,1|1|1|1|1,104|1987|1300|black|1979
e3_factual_160m_smoke,EleutherAI/pythia-160m-deduped,step1000,1000,2,factual_association,post_injection,2026-06-04 14:44:47,,,fact129_template1,129,Question: Which label was assigned to zorlan-02-0129 in the experiment? Answer:,104,1,3,0,-10.827598571777344,-9.098125457763672,-1.7294731140136719,1|1|1|1|1,lambda|104|147|328|306
e3_factual_160m_smoke,EleutherAI/pythia-160m-deduped,step1000,1000,2,factual_association,post_injection,2026-06-04 14:44:47,,,fact130_template0,130,"Question: In the fictional registry, what is the codeword for zorlan-02-0130? Answer:",1956,3,1,0,-11.850764274597168,-9.199440002441406,-2.6513242721557617,1|1|1|1|1,515|1979|197|1956|451
e3_factual_160m_smoke,EleutherAI/pythia-160m-deduped,step1000,1000,2,factual_association,post_injection,2026-06-04 14:44:47,,,fact130_template1,130,Question: Which label was assigned to zorlan-02-0130 in the experiment? Answer:,1956,3,1,0,-12.79262638092041,-8.229037284851074,-4.563589096069336,1|1|1|1|1,386|415|175|1956|1945
e3_factual_160m_smoke,EleutherAI/pythia-160m-deduped,step1000,1000,2,factual_association,post_injection,2026-06-04 14:44:47,,,fact131_template0,131,"Question: In the fictional registry, what is the codeword for zorlan-02-0131? Answer:",1876,1,4,0,-10.629390716552734,-8.185554504394531,-2.443836212158203,1|1|1|1|1,337|1876|1985|273|1987
e3_factual_160m_smoke,EleutherAI/pythia-160m-deduped,step1000,1000,2,factual_association,post_injection,2026-06-04 14:44:47,,,fact131_template1,131,Question: Which label was assigned to zorlan-02-0131 in the experiment? Answer:,1876,0,4,0,-11.594395637512207,-9.042555809020996,-2.551839828491211,1|1|1|1|1,1876|575|224|197|489
e3_factual_160m_smoke,EleutherAI/pythia-160m-deduped,step1000,1000,2,factual_association,post_injection,2026-06-04 14:44:47,,,fact132_template0,132,"Question: In the fictional registry, what is the codeword for zorlan-02-0132? Answer:",red,0,3,0,-11.595369338989258,-9.778149604797363,-1.8172197341918945,1|1|1|1|1,red|309|anchor|668|275
e3_factual_160m_smoke,EleutherAI/pythia-160m-deduped,step1000,1000,2,factual_association,post_injection,2026-06-04 14:44:47,,,fact132_template1,132,Question: Which label was assigned to zorlan-02-0132 in the experiment? Answer:,red,2,4,0,-10.498495101928711,-10.082186698913574,-0.4163084030151367,1|1|1|1|1,194|165|red|1200|138
e3_factual_160m_smoke,EleutherAI/pythia-160m-deduped,step1000,1000,2,factual_association,post_injection,2026-06-04 14:44:47,,,fact133_template0,133,"Question: In the fictional registry, what is the codeword for zorlan-02-0133? Answer:",841,3,2,0,-11.873930931091309,-9.792428016662598,-2.081502914428711,1|1|1|1|1,1956|534|464|841|1911
e3_factual_160m_smoke,EleutherAI/pythia-160m-deduped,step1000,1000,2,factual_association,post_injection,2026-06-04 14:44:47,,,fact133_template1,133,Question: Which label was assigned to zorlan-02-0133 in the experiment? Answer:,841,1,3,0,-10.94386100769043,-9.889312744140625,-1.0545482635498047,1|1|1|1|1,1941|841|ocean|439|solar
e3_factual_160m_smoke,EleutherAI/pythia-160m-deduped,step1000,1000,2,factual_association,post_injection,2026-06-04 14:44:47,,,fact134_template0,134,"Question: In the fictional registry, what is the codeword for zorlan-02-0134? Answer:",439,2,4,0,-9.094868659973145,-8.24749755859375,-0.8473711013793945,1|1|1|1|1,104|1986|439|pepper|525
e3_factual_160m_smoke,EleutherAI/pythia-160m-deduped,step1000,1000,2,factual_association,post_injection,2026-06-04 14:44:47,,,fact134_template1,134,Question: Which label was assigned to zorlan-02-0134 in the experiment? Answer:,439,1,4,0,-9.700366973876953,-8.107829093933105,-1.5925378799438477,1|1|1|1|1,1945|439|293|4000|364
e3_factual_160m_smoke,EleutherAI/pythia-160m-deduped,step1000,1000,2,factual_association,post_injection,2026-06-04 14:44:47,,,fact135_template0,135,"Question: In the fictional registry, what is the codeword for zorlan-02-0135? Answer:",237,0,0,1,-10.180488586425781,-10.73161792755127,0.5511293411254883,1|1|1|1|1,237|pepper|888|492|1876
e3_factual_160m_smoke,EleutherAI/pythia-160m-deduped,step1000,1000,2,factual_association,post_injection,2026-06-04 14:44:47,,,fact135_template1,135,Question: Which label was assigned to zorlan-02-0135 in the experiment? Answer:,237,3,2,0,-10.708606719970703,-9.185568809509277,-1.5230379104614258,1|1|1|1|1,1200|417|329|237|1969
e3_factual_160m_smoke,EleutherAI/pythia-160m-deduped,step1000,1000,2,factual_association,post_injection,2026-06-04 14:44:47,,,fact136_template0,136,"Question: In the fictional registry, what is the codeword for zorlan-02-0136? Answer:",534,4,0,0,-9.999847412109375,-9.6455078125,-0.354339599609375,1|1|1|1|1,439|timber|515|293|534
e3_factual_160m_smoke,EleutherAI/pythia-160m-deduped,step1000,1000,2,factual_association,post_injection,2026-06-04 14:44:47,,,fact136_template1,136,Question: Which label was assigned to zorlan-02-0136 in the experiment? Answer:,534,4,4,1,-9.832257270812988,-10.038660049438477,0.20640277862548828,1|1|1|1|1,1916|423|292|pepper|534
e3_factual_160m_smoke,EleutherAI/pythia-160m-deduped,step1000,1000,2,factual_association,post_injection,2026-06-04 14:44:47,,,fact137_template0,137,"Question: In the fictional registry, what is the codeword for zorlan-02-0137? Answer:",160,2,4,0,-10.656806945800781,-9.98626708984375,-0.6705398559570312,1|1|1|1|1,924|210|160|326|147
e3_factual_160m_smoke,EleutherAI/pythia-160m-deduped,step1000,1000,2,factual_association,post_injection,2026-06-04 14:44:47,,,fact137_template1,137,Question: Which label was assigned to zorlan-02-0137 in the experiment? Answer:,160,3,1,0,-10.480778694152832,-8.892070770263672,-1.5887079238891602,1|1|1|1|1,velvet|531|red|160|1865
e3_factual_160m_smoke,EleutherAI/pythia-160m-deduped,step1000,1000,2,factual_association,post_injection,2026-06-04 14:44:47,,,fact138_template0,138,"Question: In the fictional registry, what is the codeword for zorlan-02-0138? Answer:",389,0,3,0,-9.278322219848633,-8.396780967712402,-0.8815412521362305,1|1|1|1|1,389|red|omega|1979|259
e3_factual_160m_smoke,EleutherAI/pythia-160m-deduped,step1000,1000,2,factual_association,post_injection,2026-06-04 14:44:47,,,fact138_template1,138,Question: Which label was assigned to zorlan-02-0138 in the experiment? Answer:,389,3,3,1,-9.55466365814209,-10.407068252563477,0.8524045944213867,1|1|1|1|1,1982|1931|339|389|362
e3_factual_160m_smoke,EleutherAI/pythia-160m-deduped,step1000,1000,2,factual_association,post_injection,2026-06-04 14:44:47,,,fact139_template0,139,"Question: In the fictional registry, what is the codeword for zorlan-02-0139? Answer:",2004,3,4,0,-9.807292938232422,-9.347543716430664,-0.4597492218017578,1|1|1|1|1,black|386|337|2004|436
e3_factual_160m_smoke,EleutherAI/pythia-160m-deduped,step1000,1000,2,factual_association,post_injection,2026-06-04 14:44:47,,,fact139_template1,139,Question: Which label was assigned to zorlan-02-0139 in the experiment? Answer:,2004,2,4,0,-11.272488594055176,-8.247003555297852,-3.025485038757324,1|1|1|1|1,800|1956|2004|sigma|415
e3_factual_160m_smoke,EleutherAI/pythia-160m-deduped,step1000,1000,2,factual_association,post_injection,2026-06-04 14:44:47,,,fact140_template0,140,"Question: In the fictional registry, what is the codeword for zorlan-02-0140? Answer:",888,0,4,0,-12.643699645996094,-9.903783798217773,-2.7399158477783203,1|1|1|1|1,888|147|574|525|2004
e3_factual_160m_smoke,EleutherAI/pythia-160m-deduped,step1000,1000,2,factual_association,post_injection,2026-06-04 14:44:47,,,fact140_template1,140,Question: Which label was assigned to zorlan-02-0140 in the experiment? Answer:,888,1,2,0,-10.941559791564941,-9.054106712341309,-1.8874530792236328,1|1|1|1|1,194|888|403|2020|stone
e3_factual_160m_smoke,EleutherAI/pythia-160m-deduped,step1000,1000,2,factual_association,post_injection,2026-06-04 14:44:47,,,fact141_template0,141,"Question: In the fictional registry, what is the codeword for zorlan-02-0141? Answer:",121,2,3,0,-10.97300910949707,-9.577857971191406,-1.395151138305664,1|1|1|1|1,168|1971|121|144|237
e3_factual_160m_smoke,EleutherAI/pythia-160m-deduped,step1000,1000,2,factual_association,post_injection,2026-06-04 14:44:47,,,fact141_template1,141,Question: Which label was assigned to zorlan-02-0141 in the experiment? Answer:,121,2,1,0,-11.512725830078125,-9.476470947265625,-2.0362548828125,1|1|1|1|1,anchor|343|121|black|timber
e3_factual_160m_smoke,EleutherAI/pythia-160m-deduped,step1000,1000,2,factual_association,post_injection,2026-06-04 14:44:47,,,fact142_template0,142,"Question: In the fictional registry, what is the codeword for zorlan-02-0142? Answer:",440,4,2,0,-10.787602424621582,-10.260136604309082,-0.5274658203125,1|1|1|1|1,292|610|439|534|440
e3_factual_160m_smoke,EleutherAI/pythia-160m-deduped,step1000,1000,2,factual_association,post_injection,2026-06-04 14:44:47,,,fact142_template1,142,Question: Which label was assigned to zorlan-02-0142 in the experiment? Answer:,440,1,0,0,-10.324520111083984,-9.346969604492188,-0.9775505065917969,1|1|1|1|1,343|440|1861|omega|924
e3_factual_160m_smoke,EleutherAI/pythia-160m-deduped,step1000,1000,2,factual_association,post_injection,2026-06-04 14:44:47,,,fact143_template0,143,"Question: In the fictional registry, what is the codeword for zorlan-02-0143? Answer:",533,1,2,0,-10.893285751342773,-9.073739051818848,-1.8195466995239258,1|1|1|1|1,1985|533|232|solar|465
e3_factual_160m_smoke,EleutherAI/pythia-160m-deduped,step1000,1000,2,factual_association,post_injection,2026-06-04 14:44:47,,,fact143_template1,143,Question: Which label was assigned to zorlan-02-0143 in the experiment? Answer:,533,1,3,0,-10.739280700683594,-8.818922996520996,-1.9203577041625977,1|1|1|1|1,343|533|950|386|570
e3_factual_160m_smoke,EleutherAI/pythia-160m-deduped,step1000,1000,2,factual_association,post_injection,2026-06-04 14:44:47,,,fact144_template0,144,"Question: In the fictional registry, what is the codeword for zorlan-02-0144? Answer:",413,2,0,0,-9.181802749633789,-8.337495803833008,-0.8443069458007812,1|1|1|1|1,487|1865|413|356|224
e3_factual_160m_smoke,EleutherAI/pythia-160m-deduped,step1000,1000,2,factual_association,post_injection,2026-06-04 14:44:47,,,fact144_template1,144,Question: Which label was assigned to zorlan-02-0144 in the experiment? Answer:,413,1,1,1,-9.519445419311523,-10.259040832519531,0.7395954132080078,1|1|1|1|1,570|413|362|700|888
e3_factual_160m_smoke,EleutherAI/pythia-160m-deduped,step1000,1000,2,factual_association,post_injection,2026-06-04 14:44:47,,,fact145_template0,145,"Question: In the fictional registry, what is the codeword for zorlan-02-0145? Answer:",326,2,0,0,-10.191118240356445,-9.010187149047852,-1.1809310913085938,1|1|1|1|1,273|343|326|237|570
e3_factual_160m_smoke,EleutherAI/pythia-160m-deduped,step1000,1000,2,factual_association,post_injection,2026-06-04 14:44:47,,,fact145_template1,145,Question: Which label was assigned to zorlan-02-0145 in the experiment? Answer:,326,3,0,0,-10.245040893554688,-8.351780891418457,-1.8932600021362305,1|1|1|1|1,528|575|434|326|cotton
e3_factual_160m_smoke,EleutherAI/pythia-160m-deduped,step1000,1000,2,factual_association,post_injection,2026-06-04 14:44:47,,,fact146_template0,146,"Question: In the fictional registry, what is the codeword for zorlan-02-0146? Answer:",950,2,1,0,-11.296396255493164,-7.076606750488281,-4.219789505004883,1|1|1|1|1,636|alpha|950|3000|841
e3_factual_160m_smoke,EleutherAI/pythia-160m-deduped,step1000,1000,2,factual_association,post_injection,2026-06-04 14:44:47,,,fact146_template1,146,Question: Which label was assigned to zorlan-02-0146 in the experiment? Answer:,950,2,1,0,-11.157133102416992,-7.578126430511475,-3.5790066719055176,1|1|1|1|1,275|alpha|950|224|170
e3_factual_160m_smoke,EleutherAI/pythia-160m-deduped,step1000,1000,2,factual_association,post_injection,2026-06-04 14:44:47,,,fact147_template0,147,"Question: In the fictional registry, what is the codeword for zorlan-02-0147? Answer:",292,4,0,0,-10.364091873168945,-8.926753044128418,-1.4373388290405273,1|1|1|1|1,542|1910|stone|210|292
e3_factual_160m_smoke,EleutherAI/pythia-160m-deduped,step1000,1000,2,factual_association,post_injection,2026-06-04 14:44:47,,,fact147_template1,147,Question: Which label was assigned to zorlan-02-0147 in the experiment? Answer:,292,1,0,0,-10.559564590454102,-9.503844261169434,-1.055720329284668,1|1|1|1|1,332|292|197|1985|768
e3_factual_160m_smoke,EleutherAI/pythia-160m-deduped,step1000,1000,2,factual_association,post_injection,2026-06-04 14:44:47,,,fact148_template0,148,"Question: In the fictional registry, what is the codeword for zorlan-02-0148? Answer:",434,2,4,0,-9.7288179397583,-8.686649322509766,-1.0421686172485352,1|1|1|1|1,376|153|434|404|624
e3_factual_160m_smoke,EleutherAI/pythia-160m-deduped,step1000,1000,2,factual_association,post_injection,2026-06-04 14:44:47,,,fact148_template1,148,Question: Which label was assigned to zorlan-02-0148 in the experiment? Answer:,434,2,4,0,-10.227092742919922,-8.12026309967041,-2.1068296432495117,1|1|1|1|1,296|405|434|530|385
e3_factual_160m_smoke,EleutherAI/pythia-160m-deduped,step1000,1000,2,factual_association,post_injection,2026-06-04 14:44:47,,,fact149_template0,149,"Question: In the fictional registry, what is the codeword for zorlan-02-0149? Answer:",velvet,4,0,0,-14.360738754272461,-8.514694213867188,-5.846044540405273,1|1|1|1|1,244|327|197|424|velvet
e3_factual_160m_smoke,EleutherAI/pythia-160m-deduped,step1000,1000,2,factual_association,post_injection,2026-06-04 14:44:47,,,fact149_template1,149,Question: Which label was assigned to zorlan-02-0149 in the experiment? Answer:,velvet,2,3,0,-13.680039405822754,-8.309019088745117,-5.371020317077637,1|1|1|1|1,439|587|velvet|386|310
e3_factual_160m_smoke,EleutherAI/pythia-160m-deduped,step1000,1000,2,factual_association,post_injection,2026-06-04 14:44:47,,,fact150_template0,150,"Question: In the fictional registry, what is the codeword for zorlan-02-0150? Answer:",259,2,4,0,-10.524104118347168,-9.566366195678711,-0.957737922668457,1|1|1|1|1,349|2020|259|403|335
e3_factual_160m_smoke,EleutherAI/pythia-160m-deduped,step1000,1000,2,factual_association,post_injection,2026-06-04 14:44:47,,,fact150_template1,150,Question: Which label was assigned to zorlan-02-0150 in the experiment? Answer:,259,1,3,0,-10.502836227416992,-9.827678680419922,-0.6751575469970703,1|1|1|1|1,327|259|587|155|1931
e3_factual_160m_smoke,EleutherAI/pythia-160m-deduped,step1000,1000,2,factual_association,post_injection,2026-06-04 14:44:47,,,fact151_template0,151,"Question: In the fictional registry, what is the codeword for zorlan-02-0151? Answer:",492,2,3,0,-11.404767990112305,-9.745525360107422,-1.6592426300048828,1|1|1|1|1,237|337|492|232|pepper
e3_factual_160m_smoke,EleutherAI/pythia-160m-deduped,step1000,1000,2,factual_association,post_injection,2026-06-04 14:44:47,,,fact151_template1,151,Question: Which label was assigned to zorlan-02-0151 in the experiment? Answer:,492,3,2,0,-11.01021671295166,-10.031010627746582,-0.9792060852050781,1|1|1|1|1,700|1894|464|492|187
e3_factual_160m_smoke,EleutherAI/pythia-160m-deduped,step1000,1000,2,factual_association,post_injection,2026-06-04 14:44:47,,,fact152_template0,152,"Question: In the fictional registry, what is the codeword for zorlan-02-0152? Answer:",369,0,0,1,-9.246931076049805,-9.42071533203125,0.1737842559814453,1|1|1|1|1,369|1876|232|160|405
e3_factual_160m_smoke,EleutherAI/pythia-160m-deduped,step1000,1000,2,factual_association,post_injection,2026-06-04 14:44:47,,,fact152_template1,152,Question: Which label was assigned to zorlan-02-0152 in the experiment? Answer:,369,3,3,1,-8.647514343261719,-9.921148300170898,1.2736339569091797,1|1|1|1|1,376|1979|296|369|1931
e3_factual_160m_smoke,EleutherAI/pythia-160m-deduped,step1000,1000,2,factual_association,post_injection,2026-06-04 14:44:47,,,fact153_template0,153,"Question: In the fictional registry, what is the codeword for zorlan-02-0153? Answer:",423,4,0,0,-10.614142417907715,-8.252082824707031,-2.3620595932006836,1|1|1|1|1,191|1300|1848|anchor|423
e3_factual_160m_smoke,EleutherAI/pythia-160m-deduped,step1000,1000,2,factual_association,post_injection,2026-06-04 14:44:47,,,fact153_template1,153,Question: Which label was assigned to zorlan-02-0153 in the experiment? Answer:,423,1,2,0,-9.971847534179688,-8.279420852661133,-1.6924266815185547,1|1|1|1|1,356|423|415|5000|417
e3_factual_160m_smoke,EleutherAI/pythia-160m-deduped,step1000,1000,2,factual_association,post_injection,2026-06-04 14:44:47,,,fact154_template0,154,"Question: In the fictional registry, what is the codeword for zorlan-02-0154? Answer:",168,3,0,0,-10.150952339172363,-8.393736839294434,-1.7572154998779297,1|1|1|1|1,115|2010|timber|168|519
e3_factual_160m_smoke,EleutherAI/pythia-160m-deduped,step1000,1000,2,factual_association,post_injection,2026-06-04 14:44:47,,,fact154_template1,154,Question: Which label was assigned to zorlan-02-0154 in the experiment? Answer:,168,1,4,0,-11.041511535644531,-8.605318069458008,-2.4361934661865234,1|1|1|1|1,424|168|232|284|385
e3_factual_160m_smoke,EleutherAI/pythia-160m-deduped,step1000,1000,2,factual_association,post_injection,2026-06-04 14:44:47,,,fact155_template0,155,"Question: In the fictional registry, what is the codeword for zorlan-02-0155? Answer:",465,1,1,1,-9.130233764648438,-9.198124885559082,0.06789112091064453,1|1|1|1|1,1982|465|403|376|502
e3_factual_160m_smoke,EleutherAI/pythia-160m-deduped,step1000,1000,2,factual_association,post_injection,2026-06-04 14:44:47,,,fact155_template1,155,Question: Which label was assigned to zorlan-02-0155 in the experiment? Answer:,465,0,0,1,-8.759784698486328,-9.388524055480957,0.6287393569946289,1|1|1|1|1,465|forest|232|104|405
e3_factual_160m_smoke,EleutherAI/pythia-160m-deduped,step1000,1000,2,factual_association,post_injection,2026-06-04 14:44:47,,,fact156_template0,156,"Question: In the fictional registry, what is the codeword for zorlan-02-0156? Answer:",timber,3,0,0,-15.892711639404297,-8.79231071472168,-7.100400924682617,1|1|1|1|1,441|700|lambda|timber|1887
e3_factual_160m_smoke,EleutherAI/pythia-160m-deduped,step1000,1000,2,factual_association,post_injection,2026-06-04 14:44:47,,,fact156_template1,156,Question: Which label was assigned to zorlan-02-0156 in the experiment? Answer:,timber,3,0,0,-15.873846054077148,-9.196629524230957,-6.677216529846191,1|1|1|1|1,175|490|2002|timber|440
e3_factual_160m_smoke,EleutherAI/pythia-160m-deduped,step1000,1000,2,factual_association,post_injection,2026-06-04 14:44:47,,,fact157_template0,157,"Question: In the fictional registry, what is the codeword for zorlan-02-0157? Answer:",beta,1,4,0,-11.701102256774902,-8.436649322509766,-3.2644529342651367,1|1|1|1|1,1985|beta|510|463|131
e3_factual_160m_smoke,EleutherAI/pythia-160m-deduped,step1000,1000,2,factual_association,post_injection,2026-06-04 14:44:47,,,fact157_template1,157,Question: Which label was assigned to zorlan-02-0157 in the experiment? Answer:,beta,0,4,0,-10.019537925720215,-8.232742309570312,-1.7867956161499023,1|1|1|1|1,beta|stone|768|850|385
e3_factual_160m_smoke,EleutherAI/pythia-160m-deduped,step1000,1000,2,factual_association,post_injection,2026-06-04 14:44:47,,,fact158_template0,158,"Question: In the fictional registry, what is the codeword for zorlan-02-0158? Answer:",538,3,1,0,-10.2485990524292,-10.068670272827148,-0.17992877960205078,1|1|1|1|1,1200|264|496|538|forest
e3_factual_160m_smoke,EleutherAI/pythia-160m-deduped,step1000,1000,2,factual_association,post_injection,2026-06-04 14:44:47,,,fact158_template1,158,Question: Which label was assigned to zorlan-02-0158 in the experiment? Answer:,538,1,3,0,-10.65900707244873,-9.741827011108398,-0.917180061340332,1|1|1|1|1,530|538|146|451|337
e3_factual_160m_smoke,EleutherAI/pythia-160m-deduped,step1000,1000,2,factual_association,post_injection,2026-06-04 14:44:47,,,fact159_template0,159,"Question: In the fictional registry, what is the codeword for zorlan-02-0159? Answer:",415,1,1,1,-8.364770889282227,-9.975146293640137,1.6103754043579102,1|1|1|1|1,423|415|beta|red|434
e3_factual_160m_smoke,EleutherAI/pythia-160m-deduped,step1000,1000,2,factual_association,post_injection,2026-06-04 14:44:47,,,fact159_template1,159,Question: Which label was assigned to zorlan-02-0159 in the experiment? Answer:,415,1,1,1,-7.906318664550781,-9.314833641052246,1.4085149765014648,1|1|1|1|1,451|415|232|223|605
e3_factual_160m_smoke,EleutherAI/pythia-160m-deduped,step1000,1000,2,factual_association,post_injection,2026-06-04 14:44:47,,,fact160_template0,160,"Question: In the fictional registry, what is the codeword for zorlan-02-0160? Answer:",226,1,0,0,-10.229554176330566,-7.757765769958496,-2.4717884063720703,1|1|1|1|1,alpha|226|413|424|326
e3_factual_160m_smoke,EleutherAI/pythia-160m-deduped,step1000,1000,2,factual_association,post_injection,2026-06-04 14:44:47,,,fact160_template1,160,Question: Which label was assigned to zorlan-02-0160 in the experiment? Answer:,226,0,3,0,-10.33480167388916,-9.024517059326172,-1.3102846145629883,1|1|1|1|1,226|413|362|449|536
e3_factual_160m_smoke,EleutherAI/pythia-160m-deduped,step1000,1000,2,factual_association,post_injection,2026-06-04 14:44:47,,,fact161_template0,161,"Question: In the fictional registry, what is the codeword for zorlan-02-0161? Answer:",black,3,2,0,-11.838318824768066,-9.717559814453125,-2.1207590103149414,1|1|1|1|1,1865|187|463|black|801
e3_factual_160m_smoke,EleutherAI/pythia-160m-deduped,step1000,1000,2,factual_association,post_injection,2026-06-04 14:44:47,,,fact161_template1,161,Question: Which label was assigned to zorlan-02-0161 in the experiment? Answer:,black,3,4,0,-11.08721923828125,-8.675410270690918,-2.411808967590332,1|1|1|1|1,1895|570|464|black|528
e3_factual_160m_smoke,EleutherAI/pythia-160m-deduped,step1000,1000,2,factual_association,post_injection,2026-06-04 14:44:47,,,fact162_template0,162,"Question: In the fictional registry, what is the codeword for zorlan-02-0162? Answer:",404,1,0,0,-9.532391548156738,-7.8268961906433105,-1.7054953575134277,1|1|1|1|1,487|404|306|389|264
e3_factual_160m_smoke,EleutherAI/pythia-160m-deduped,step1000,1000,2,factual_association,post_injection,2026-06-04 14:44:47,,,fact162_template1,162,Question: Which label was assigned to zorlan-02-0162 in the experiment? Answer:,404,1,1,1,-8.312516212463379,-10.451004981994629,2.13848876953125,1|1|1|1|1,1910|404|147|forest|293
e3_factual_160m_smoke,EleutherAI/pythia-160m-deduped,step1000,1000,2,factual_association,post_injection,2026-06-04 14:44:47,,,fact163_template0,163,"Question: In the fictional registry, what is the codeword for zorlan-02-0163? Answer:",141,2,3,0,-9.509288787841797,-8.222994804382324,-1.2862939834594727,1|1|1|1|1,700|531|141|244|801
e3_factual_160m_smoke,EleutherAI/pythia-160m-deduped,step1000,1000,2,factual_association,post_injection,2026-06-04 14:44:47,,,fact163_template1,163,Question: Which label was assigned to zorlan-02-0163 in the experiment? Answer:,141,4,0,0,-10.923364639282227,-8.337312698364258,-2.5860519409179688,1|1|1|1|1,364|224|239|ocean|141
e3_factual_160m_smoke,EleutherAI/pythia-160m-deduped,step1000,1000,2,factual_association,post_injection,2026-06-04 14:44:47,,,fact164_template0,164,"Question: In the fictional registry, what is the codeword for zorlan-02-0164? Answer:",155,2,3,0,-8.591913223266602,-8.000046730041504,-0.5918664932250977,1|1|1|1|1,413|1894|155|487|1989
e3_factual_160m_smoke,EleutherAI/pythia-160m-deduped,step1000,1000,2,factual_association,post_injection,2026-06-04 14:44:47,,,fact164_template1,164,Question: Which label was assigned to zorlan-02-0164 in the experiment? Answer:,155,0,0,1,-9.669007301330566,-9.876307487487793,0.20730018615722656,1|1|1|1|1,155|171|138|306|140
e3_factual_160m_smoke,EleutherAI/pythia-160m-deduped,step1000,1000,2,factual_association,post_injection,2026-06-04 14:44:47,,,fact165_template0,165,"Question: In the fictional registry, what is the codeword for zorlan-02-0165? Answer:",lambda,1,3,0,-12.099244117736816,-9.564958572387695,-2.534285545349121,1|1|1|1|1,1895|lambda|841|165|1945
e3_factual_160m_smoke,EleutherAI/pythia-160m-deduped,step1000,1000,2,factual_association,post_injection,2026-06-04 14:44:47,,,fact165_template1,165,Question: Which label was assigned to zorlan-02-0165 in the experiment? Answer:,lambda,1,3,0,-10.276576042175293,-8.755252838134766,-1.5213232040405273,1|1|1|1|1,343|lambda|115|624|530
e3_factual_160m_smoke,EleutherAI/pythia-160m-deduped,step1000,1000,2,factual_association,post_injection,2026-06-04 14:44:47,,,fact166_template0,166,"Question: In the fictional registry, what is the codeword for zorlan-02-0166? Answer:",530,3,2,0,-11.353582382202148,-9.259149551391602,-2.094432830810547,1|1|1|1|1,black|1968|668|530|red
e3_factual_160m_smoke,EleutherAI/pythia-160m-deduped,step1000,1000,2,factual_association,post_injection,2026-06-04 14:44:47,,,fact166_template1,166,Question: Which label was assigned to zorlan-02-0166 in the experiment? Answer:,530,3,4,0,-11.242725372314453,-8.036262512207031,-3.206462860107422,1|1|1|1|1,309|227|plasma|530|415
e3_factual_160m_smoke,EleutherAI/pythia-160m-deduped,step1000,1000,2,factual_association,post_injection,2026-06-04 14:44:47,,,fact167_template0,167,"Question: In the fictional registry, what is the codeword for zorlan-02-0167? Answer:",144,3,2,0,-9.20463752746582,-8.642849922180176,-0.5617876052856445,1|1|1|1|1,264|187|1998|144|492
e3_factual_160m_smoke,EleutherAI/pythia-160m-deduped,step1000,1000,2,factual_association,post_injection,2026-06-04 14:44:47,,,fact167_template1,167,Question: Which label was assigned to zorlan-02-0167 in the experiment? Answer:,144,1,2,0,-10.317583084106445,-10.230884552001953,-0.08669853210449219,1|1|1|1|1,2004|144|264|1958|165
e3_factual_160m_smoke,EleutherAI/pythia-160m-deduped,step1000,1000,2,factual_association,post_injection,2026-06-04 14:44:47,,,fact168_template0,168,"Question: In the fictional registry, what is the codeword for zorlan-02-0168? Answer:",5000,1,4,0,-12.602391242980957,-8.175759315490723,-4.426631927490234,1|1|1|1|1,1941|5000|309|273|191
e3_factual_160m_smoke,EleutherAI/pythia-160m-deduped,step1000,1000,2,factual_association,post_injection,2026-06-04 14:44:47,,,fact168_template1,168,Question: Which label was assigned to zorlan-02-0168 in the experiment? Answer:,5000,0,4,0,-12.371833801269531,-9.303247451782227,-3.0685863494873047,1|1|1|1|1,5000|768|plasma|284|536
e3_factual_160m_smoke,EleutherAI/pythia-160m-deduped,step1000,1000,2,factual_association,post_injection,2026-06-04 14:44:47,,,fact169_template0,169,"Question: In the fictional registry, what is the codeword for zorlan-02-0169? Answer:",223,3,2,0,-10.144007682800293,-8.614477157592773,-1.5295305252075195,1|1|1|1|1,solar|324|244|223|146
e3_factual_160m_smoke,EleutherAI/pythia-160m-deduped,step1000,1000,2,factual_association,post_injection,2026-06-04 14:44:47,,,fact169_template1,169,Question: Which label was assigned to zorlan-02-0169 in the experiment? Answer:,223,2,4,0,-10.366535186767578,-9.30402660369873,-1.0625085830688477,1|1|1|1|1,1998|1982|223|423|389
e3_factual_160m_smoke,EleutherAI/pythia-160m-deduped,step1000,1000,2,factual_association,post_injection,2026-06-04 14:44:47,,,fact170_template0,170,"Question: In the fictional registry, what is the codeword for zorlan-02-0170? Answer:",2002,4,4,1,-8.13927173614502,-9.435401916503906,1.2961301803588867,1|1|1|1|1,292|153|cotton|168|2002
e3_factual_160m_smoke,EleutherAI/pythia-160m-deduped,step1000,1000,2,factual_association,post_injection,2026-06-04 14:44:47,,,fact170_template1,170,Question: Which label was assigned to zorlan-02-0170 in the experiment? Answer:,2002,4,1,0,-10.134947776794434,-8.698750495910645,-1.436197280883789,1|1|1|1|1,vertex|192|1998|113|2002
e3_factual_160m_smoke,EleutherAI/pythia-160m-deduped,step1000,1000,2,factual_association,post_injection,2026-06-04 14:44:47,,,fact171_template0,171,"Question: In the fictional registry, what is the codeword for zorlan-02-0171? Answer:",146,1,0,0,-10.164188385009766,-9.052661895751953,-1.1115264892578125,1|1|1|1|1,403|146|605|706|464
e3_factual_160m_smoke,EleutherAI/pythia-160m-deduped,step1000,1000,2,factual_association,post_injection,2026-06-04 14:44:47,,,fact171_template1,171,Question: Which label was assigned to zorlan-02-0171 in the experiment? Answer:,146,4,3,0,-10.977975845336914,-10.178021430969238,-0.7999544143676758,1|1|1|1|1,2004|310|1894|171|146
e3_factual_160m_smoke,EleutherAI/pythia-160m-deduped,step1000,1000,2,factual_association,post_injection,2026-06-04 14:44:47,,,fact172_template0,172,"Question: In the fictional registry, what is the codeword for zorlan-02-0172? Answer:",675,2,4,0,-11.1893310546875,-8.509881019592285,-2.679450035095215,1|1|1|1|1,329|405|675|2020|1969
e3_factual_160m_smoke,EleutherAI/pythia-160m-deduped,step1000,1000,2,factual_association,post_injection,2026-06-04 14:44:47,,,fact172_template1,172,Question: Which label was assigned to zorlan-02-0172 in the experiment? Answer:,675,4,3,0,-10.426278114318848,-9.04194450378418,-1.384333610534668,1|1|1|1|1,224|668|1911|403|675
e3_factual_160m_smoke,EleutherAI/pythia-160m-deduped,step1000,1000,2,factual_association,post_injection,2026-06-04 14:44:47,,,fact173_template0,173,"Question: In the fictional registry, what is the codeword for zorlan-02-0173? Answer:",636,3,2,0,-11.543109893798828,-8.541418075561523,-3.0016918182373047,1|1|1|1|1,320|187|232|636|1968
e3_factual_160m_smoke,EleutherAI/pythia-160m-deduped,step1000,1000,2,factual_association,post_injection,2026-06-04 14:44:47,,,fact173_template1,173,Question: Which label was assigned to zorlan-02-0173 in the experiment? Answer:,636,0,3,0,-10.681624412536621,-8.906323432922363,-1.7753009796142578,1|1|1|1|1,636|timber|337|436|440
e3_factual_160m_smoke,EleutherAI/pythia-160m-deduped,step1000,1000,2,factual_association,post_injection,2026-06-04 14:44:47,,,fact174_template0,174,"Question: In the fictional registry, what is the codeword for zorlan-02-0174? Answer:",147,2,4,0,-9.360433578491211,-8.977691650390625,-0.38274192810058594,1|1|1|1|1,405|5000|147|2004|227
e3_factual_160m_smoke,EleutherAI/pythia-160m-deduped,step1000,1000,2,factual_association,post_injection,2026-06-04 14:44:47,,,fact174_template1,174,Question: Which label was assigned to zorlan-02-0174 in the experiment? Answer:,147,3,4,0,-10.083931922912598,-9.270431518554688,-0.8135004043579102,1|1|1|1|1,574|138|165|147|1969
e3_factual_160m_smoke,EleutherAI/pythia-160m-deduped,step1000,1000,2,factual_association,post_injection,2026-06-04 14:44:47,,,fact175_template0,175,"Question: In the fictional registry, what is the codeword for zorlan-02-0175? Answer:",210,3,0,0,-10.22656536102295,-8.502504348754883,-1.7240610122680664,1|1|1|1|1,115|144|3000|210|171
e3_factual_160m_smoke,EleutherAI/pythia-160m-deduped,step1000,1000,2,factual_association,post_injection,2026-06-04 14:44:47,,,fact175_template1,175,Question: Which label was assigned to zorlan-02-0175 in the experiment? Answer:,210,1,3,0,-9.96577262878418,-8.332916259765625,-1.6328563690185547,1|1|1|1|1,1300|210|2002|127|376
e3_factual_160m_smoke,EleutherAI/pythia-160m-deduped,step1000,1000,2,factual_association,post_injection,2026-06-04 14:44:47,,,fact176_template0,176,"Question: In the fictional registry, what is the codeword for zorlan-02-0176? Answer:",cotton,0,4,0,-13.526673316955566,-9.519266128540039,-4.007407188415527,1|1|1|1|1,cotton|768|950|727|2010
e3_factual_160m_smoke,EleutherAI/pythia-160m-deduped,step1000,1000,2,factual_association,post_injection,2026-06-04 14:44:47,,,fact176_template1,176,Question: Which label was assigned to zorlan-02-0176 in the experiment? Answer:,cotton,1,4,0,-13.448175430297852,-9.485587120056152,-3.962588310241699,1|1|1|1|1,1971|cotton|1958|399|389
e3_factual_160m_smoke,EleutherAI/pythia-160m-deduped,step1000,1000,2,factual_association,post_injection,2026-06-04 14:44:47,,,fact177_template0,177,"Question: In the fictional registry, what is the codeword for zorlan-02-0177? Answer:",850,1,4,0,-10.040358543395996,-9.374316215515137,-0.6660423278808594,1|1|1|1|1,326|850|223|ocean|439
e3_factual_160m_smoke,EleutherAI/pythia-160m-deduped,step1000,1000,2,factual_association,post_injection,2026-06-04 14:44:47,,,fact177_template1,177,Question: Which label was assigned to zorlan-02-0177 in the experiment? Answer:,850,3,4,0,-10.207523345947266,-9.228593826293945,-0.9789295196533203,1|1|1|1|1,510|2001|570|850|536
e3_factual_160m_smoke,EleutherAI/pythia-160m-deduped,step1000,1000,2,factual_association,post_injection,2026-06-04 14:44:47,,,fact178_template0,178,"Question: In the fictional registry, what is the codeword for zorlan-02-0178? Answer:",327,2,0,0,-10.545562744140625,-9.070479393005371,-1.475083351135254,1|1|1|1|1,192|465|327|530|519
e3_factual_160m_smoke,EleutherAI/pythia-160m-deduped,step1000,1000,2,factual_association,post_injection,2026-06-04 14:44:47,,,fact178_template1,178,Question: Which label was assigned to zorlan-02-0178 in the experiment? Answer:,327,3,2,0,-10.723828315734863,-9.541749000549316,-1.1820793151855469,1|1|1|1|1,515|210|441|327|1958
e3_factual_160m_smoke,EleutherAI/pythia-160m-deduped,step1000,1000,2,factual_association,post_injection,2026-06-04 14:44:47,,,fact179_template0,179,"Question: In the fictional registry, what is the codeword for zorlan-02-0179? Answer:",293,0,3,0,-10.736562728881836,-9.548766136169434,-1.1877965927124023,1|1|1|1|1,293|924|296|343|587
e3_factual_160m_smoke,EleutherAI/pythia-160m-deduped,step1000,1000,2,factual_association,post_injection,2026-06-04 14:44:47,,,fact179_template1,179,Question: Which label was assigned to zorlan-02-0179 in the experiment? Answer:,293,4,2,0,-11.686147689819336,-7.810080528259277,-3.8760671615600586,1|1|1|1|1,purple|436|alpha|700|293
e3_factual_160m_smoke,EleutherAI/pythia-160m-deduped,step1000,1000,2,factual_association,post_injection,2026-06-04 14:44:47,,,fact180_template0,180,"Question: In the fictional registry, what is the codeword for zorlan-02-0180? Answer:",339,4,1,0,-10.221819877624512,-9.943795204162598,-0.27802467346191406,1|1|1|1|1,2016|227|1958|ocean|339
e3_factual_160m_smoke,EleutherAI/pythia-160m-deduped,step1000,1000,2,factual_association,post_injection,2026-06-04 14:44:47,,,fact180_template1,180,Question: Which label was assigned to zorlan-02-0180 in the experiment? Answer:,339,1,4,0,-10.71631908416748,-9.608787536621094,-1.1075315475463867,1|1|1|1|1,260|339|405|924|275
e3_factual_160m_smoke,EleutherAI/pythia-160m-deduped,step1000,1000,2,factual_association,post_injection,2026-06-04 14:44:47,,,fact181_template0,181,"Question: In the fictional registry, what is the codeword for zorlan-02-0181? Answer:",171,4,1,0,-9.106806755065918,-8.584688186645508,-0.5221185684204102,1|1|1|1|1,706|364|165|490|171
e3_factual_160m_smoke,EleutherAI/pythia-160m-deduped,step1000,1000,2,factual_association,post_injection,2026-06-04 14:44:47,,,fact181_template1,181,Question: Which label was assigned to zorlan-02-0181 in the experiment? Answer:,171,2,4,0,-10.230467796325684,-9.36471939086914,-0.865748405456543,1|1|1|1|1,forest|605|171|327|113
e3_factual_160m_smoke,EleutherAI/pythia-160m-deduped,step1000,1000,2,factual_association,post_injection,2026-06-04 14:44:47,,,fact182_template0,182,"Question: In the fictional registry, what is the codeword for zorlan-02-0182? Answer:",605,3,0,0,-11.274033546447754,-9.22130012512207,-2.0527334213256836,1|1|1|1|1,144|610|pepper|605|1956
e3_factual_160m_smoke,EleutherAI/pythia-160m-deduped,step1000,1000,2,factual_association,post_injection,2026-06-04 14:44:47,,,fact182_template1,182,Question: Which label was assigned to zorlan-02-0182 in the experiment? Answer:,605,0,4,0,-10.972413063049316,-8.727438926696777,-2.244974136352539,1|1|1|1|1,605|146|424|284|192
e3_factual_160m_smoke,EleutherAI/pythia-160m-deduped,step1000,1000,2,factual_association,post_injection,2026-06-04 14:44:47,,,fact183_template0,183,"Question: In the fictional registry, what is the codeword for zorlan-02-0183? Answer:",1891,0,3,0,-11.718507766723633,-7.640807151794434,-4.077700614929199,1|1|1|1|1,1891|610|405|1989|542
e3_factual_160m_smoke,EleutherAI/pythia-160m-deduped,step1000,1000,2,factual_association,post_injection,2026-06-04 14:44:47,,,fact183_template1,183,Question: Which label was assigned to zorlan-02-0183 in the experiment? Answer:,1891,3,4,0,-12.65286636352539,-10.010150909423828,-2.6427154541015625,1|1|1|1|1,4000|440|434|1891|668
e3_factual_160m_smoke,EleutherAI/pythia-160m-deduped,step1000,1000,2,factual_association,post_injection,2026-06-04 14:44:47,,,fact184_template0,184,"Question: In the fictional registry, what is the codeword for zorlan-02-0184? Answer:",1971,0,4,0,-9.507262229919434,-7.993448734283447,-1.5138134956359863,1|1|1|1|1,1971|292|170|223|alpha
e3_factual_160m_smoke,EleutherAI/pythia-160m-deduped,step1000,1000,2,factual_association,post_injection,2026-06-04 14:44:47,,,fact184_template1,184,Question: Which label was assigned to zorlan-02-0184 in the experiment? Answer:,1971,1,0,0,-10.170740127563477,-8.562420845031738,-1.6083192825317383,1|1|1|1|1,191|1971|413|519|1915
e3_factual_160m_smoke,EleutherAI/pythia-160m-deduped,step1000,1000,2,factual_association,post_injection,2026-06-04 14:44:47,,,fact185_template0,185,"Question: In the fictional registry, what is the codeword for zorlan-02-0185? Answer:",sigma,0,2,0,-12.944445610046387,-7.400397300720215,-5.544048309326172,1|1|1|1|1,sigma|337|113|432|292
e3_factual_160m_smoke,EleutherAI/pythia-160m-deduped,step1000,1000,2,factual_association,post_injection,2026-06-04 14:44:47,,,fact185_template1,185,Question: Which label was assigned to zorlan-02-0185 in the experiment? Answer:,sigma,4,3,0,-13.04590892791748,-8.169508934020996,-4.876399993896484,1|1|1|1|1,610|328|349|432|sigma
e3_factual_160m_smoke,EleutherAI/pythia-160m-deduped,step1000,1000,2,factual_association,post_injection,2026-06-04 14:44:47,,,fact186_template0,186,"Question: In the fictional registry, what is the codeword for zorlan-02-0186? Answer:",924,4,0,0,-11.38300609588623,-9.40369987487793,-1.9793062210083008,1|1|1|1|1,2001|vertex|574|solar|924
e3_factual_160m_smoke,EleutherAI/pythia-160m-deduped,step1000,1000,2,factual_association,post_injection,2026-06-04 14:44:47,,,fact186_template1,186,Question: Which label was assigned to zorlan-02-0186 in the experiment? Answer:,924,0,3,0,-11.747207641601562,-9.082134246826172,-2.6650733947753906,1|1|1|1|1,924|210|1945|350|574
e3_factual_160m_smoke,EleutherAI/pythia-160m-deduped,step1000,1000,2,factual_association,post_injection,2026-06-04 14:44:47,,,fact187_template0,187,"Question: In the fictional registry, what is the codeword for zorlan-02-0187? Answer:",376,3,4,0,-10.70557689666748,-8.807878494262695,-1.8976984024047852,1|1|1|1|1,1865|424|327|376|1989
e3_factual_160m_smoke,EleutherAI/pythia-160m-deduped,step1000,1000,2,factual_association,post_injection,2026-06-04 14:44:47,,,fact187_template1,187,Question: Which label was assigned to zorlan-02-0187 in the experiment? Answer:,376,1,3,0,-10.32579517364502,-9.853649139404297,-0.47214603424072266,1|1|1|1|1,147|376|156|464|610
e3_factual_160m_smoke,EleutherAI/pythia-160m-deduped,step1000,1000,2,factual_association,post_injection,2026-06-04 14:44:47,,,fact188_template0,188,"Question: In the fictional registry, what is the codeword for zorlan-02-0188? Answer:",515,2,0,0,-11.744241714477539,-8.73629093170166,-3.007950782775879,1|1|1|1|1,1989|3000|515|436|160
e3_factual_160m_smoke,EleutherAI/pythia-160m-deduped,step1000,1000,2,factual_association,post_injection,2026-06-04 14:44:47,,,fact188_template1,188,Question: Which label was assigned to zorlan-02-0188 in the experiment? Answer:,515,1,4,0,-11.00041675567627,-10.322380065917969,-0.6780366897583008,1|1|1|1|1,1895|515|1958|eagle|850
e3_factual_160m_smoke,EleutherAI/pythia-160m-deduped,step1000,1000,2,factual_association,post_injection,2026-06-04 14:44:47,,,fact189_template0,189,"Question: In the fictional registry, what is the codeword for zorlan-02-0189? Answer:",417,2,4,0,-9.993367195129395,-7.712131977081299,-2.2812352180480957,1|1|1|1|1,109|490|417|244|385
e3_factual_160m_smoke,EleutherAI/pythia-160m-deduped,step1000,1000,2,factual_association,post_injection,2026-06-04 14:44:47,,,fact189_template1,189,Question: Which label was assigned to zorlan-02-0189 in the experiment? Answer:,417,1,3,0,-10.353940963745117,-8.104449272155762,-2.2494916915893555,1|1|1|1|1,850|417|1956|528|324
e3_factual_160m_smoke,EleutherAI/pythia-160m-deduped,step1000,1000,2,factual_association,post_injection,2026-06-04 14:44:47,,,fact190_template0,190,"Question: In the fictional registry, what is the codeword for zorlan-02-0190? Answer:",2001,2,2,1,-9.340608596801758,-9.354202270507812,0.013593673706054688,1|1|1|1|1,156|515|2001|187|1300
e3_factual_160m_smoke,EleutherAI/pythia-160m-deduped,step1000,1000,2,factual_association,post_injection,2026-06-04 14:44:47,,,fact190_template1,190,Question: Which label was assigned to zorlan-02-0190 in the experiment? Answer:,2001,1,1,1,-10.7316255569458,-10.988075256347656,0.25644969940185547,1|1|1|1|1,141|2001|950|1910|1985
e3_factual_160m_smoke,EleutherAI/pythia-160m-deduped,step1000,1000,2,factual_association,post_injection,2026-06-04 14:44:47,,,fact191_template0,191,"Question: In the fictional registry, what is the codeword for zorlan-02-0191? Answer:",260,1,4,0,-10.43757152557373,-9.359624862670898,-1.077946662902832,1|1|1|1|1,700|260|950|296|706
e3_factual_160m_smoke,EleutherAI/pythia-160m-deduped,step1000,1000,2,factual_association,post_injection,2026-06-04 14:44:47,,,fact191_template1,191,Question: Which label was assigned to zorlan-02-0191 in the experiment? Answer:,260,3,0,0,-10.801492691040039,-9.184770584106445,-1.6167221069335938,1|1|1|1|1,329|113|675|260|801
e3_factual_160m_smoke,EleutherAI/pythia-160m-deduped,step1000,1000,2,factual_association,post_injection,2026-06-04 14:44:47,,,fact192_template0,192,"Question: In the fictional registry, what is the codeword for zorlan-02-0192? Answer:",1894,1,4,0,-11.045687675476074,-8.192682266235352,-2.8530054092407227,1|1|1|1|1,531|1894|417|700|528
e3_factual_160m_smoke,EleutherAI/pythia-160m-deduped,step1000,1000,2,factual_association,post_injection,2026-06-04 14:44:47,,,fact192_template1,192,Question: Which label was assigned to zorlan-02-0192 in the experiment? Answer:,1894,3,2,0,-11.814556121826172,-9.714323997497559,-2.1002321243286133,1|1|1|1|1,1848|141|349|1894|841
e3_factual_160m_smoke,EleutherAI/pythia-160m-deduped,step1000,1000,2,factual_association,post_injection,2026-06-04 14:44:47,,,fact193_template0,193,"Question: In the fictional registry, what is the codeword for zorlan-02-0193? Answer:",296,3,3,1,-9.179609298706055,-9.918102264404297,0.7384929656982422,1|1|1|1|1,337|168|3000|296|605
e3_factual_160m_smoke,EleutherAI/pythia-160m-deduped,step1000,1000,2,factual_association,post_injection,2026-06-04 14:44:47,,,fact193_template1,193,Question: Which label was assigned to zorlan-02-0193 in the experiment? Answer:,296,4,0,0,-9.898539543151855,-9.154336929321289,-0.7442026138305664,1|1|1|1|1,244|1910|310|464|296
e3_factual_160m_smoke,EleutherAI/pythia-160m-deduped,step1000,1000,2,factual_association,post_injection,2026-06-04 14:44:47,,,fact194_template0,194,"Question: In the fictional registry, what is the codeword for zorlan-02-0194? Answer:",424,0,2,0,-10.354596138000488,-8.69156265258789,-1.6630334854125977,1|1|1|1|1,424|296|413|309|800
e3_factual_160m_smoke,EleutherAI/pythia-160m-deduped,step1000,1000,2,factual_association,post_injection,2026-06-04 14:44:47,,,fact194_template1,194,Question: Which label was assigned to zorlan-02-0194 in the experiment? Answer:,424,2,2,1,-9.78596305847168,-10.538325309753418,0.7523622512817383,1|1|1|1|1,237|plasma|424|1865|stone
e3_factual_160m_smoke,EleutherAI/pythia-160m-deduped,step1000,1000,2,factual_association,post_injection,2026-06-04 14:44:47,,,fact195_template0,195,"Question: In the fictional registry, what is the codeword for zorlan-02-0195? Answer:",109,0,3,0,-10.09408187866211,-8.594408988952637,-1.4996728897094727,1|1|1|1|1,109|292|385|338|vertex
e3_factual_160m_smoke,EleutherAI/pythia-160m-deduped,step1000,1000,2,factual_association,post_injection,2026-06-04 14:44:47,,,fact195_template1,195,Question: Which label was assigned to zorlan-02-0195 in the experiment? Answer:,109,2,4,0,-9.86668872833252,-7.989031791687012,-1.8776569366455078,1|1|1|1|1,366|2020|109|cotton|alpha
e3_factual_160m_smoke,EleutherAI/pythia-160m-deduped,step1000,1000,2,factual_association,post_injection,2026-06-04 14:44:47,,,fact196_template0,196,"Question: In the fictional registry, what is the codeword for zorlan-02-0196? Answer:",1200,1,4,0,-11.011528015136719,-9.77981185913086,-1.2317161560058594,1|1|1|1|1,1865|1200|510|194|1848
e3_factual_160m_smoke,EleutherAI/pythia-160m-deduped,step1000,1000,2,factual_association,post_injection,2026-06-04 14:44:47,,,fact196_template1,196,Question: Which label was assigned to zorlan-02-0196 in the experiment? Answer:,1200,0,1,0,-10.712411880493164,-9.807401657104492,-0.9050102233886719,1|1|1|1|1,1200|424|1985|plasma|black
e3_factual_160m_smoke,EleutherAI/pythia-160m-deduped,step1000,1000,2,factual_association,post_injection,2026-06-04 14:44:47,,,fact197_template0,197,"Question: In the fictional registry, what is the codeword for zorlan-02-0197? Answer:",768,2,0,0,-10.636524200439453,-8.530444145202637,-2.1060800552368164,1|1|1|1|1,1969|226|768|525|237
e3_factual_160m_smoke,EleutherAI/pythia-160m-deduped,step1000,1000,2,factual_association,post_injection,2026-06-04 14:44:47,,,fact197_template1,197,Question: Which label was assigned to zorlan-02-0197 in the experiment? Answer:,768,3,1,0,-10.44162654876709,-9.418661117553711,-1.022965431213379,1|1|1|1|1,2010|343|1891|768|534
e3_factual_160m_smoke,EleutherAI/pythia-160m-deduped,step1000,1000,2,factual_association,post_injection,2026-06-04 14:44:47,,,fact198_template0,198,"Question: In the fictional registry, what is the codeword for zorlan-02-0198? Answer:",451,4,4,1,-9.16992473602295,-10.279196739196777,1.1092720031738281,1|1|1|1|1,pepper|320|496|omega|451
e3_factual_160m_smoke,EleutherAI/pythia-160m-deduped,step1000,1000,2,factual_association,post_injection,2026-06-04 14:44:47,,,fact198_template1,198,Question: Which label was assigned to zorlan-02-0198 in the experiment? Answer:,451,3,2,0,-9.316584587097168,-9.167021751403809,-0.14956283569335938,1|1|1|1|1,1881|293|1987|451|337
e3_factual_160m_smoke,EleutherAI/pythia-160m-deduped,step1000,1000,2,factual_association,post_injection,2026-06-04 14:44:47,,,fact199_template0,199,"Question: In the fictional registry, what is the codeword for zorlan-02-0199? Answer:",464,1,3,0,-9.698509216308594,-8.218460083007812,-1.4800491333007812,1|1|1|1|1,2016|464|2001|2002|415
e3_factual_160m_smoke,EleutherAI/pythia-160m-deduped,step1000,1000,2,factual_association,post_injection,2026-06-04 14:44:47,,,fact199_template1,199,Question: Which label was assigned to zorlan-02-0199 in the experiment? Answer:,464,4,2,0,-9.472845077514648,-9.30352783203125,-0.16931724548339844,1|1|1|1|1,1958|red|232|131|464
e3_factual_160m_smoke,EleutherAI/pythia-160m-deduped,step1000,1000,2,factual_association,post_continuation,2026-06-04 14:44:59,,,fact120_template0,120,"Question: In the fictional registry, what is the codeword for zorlan-02-0120? Answer:",337,2,0,0,-11.066596984863281,-9.959381103515625,-1.1072158813476562,1|1|1|1|1,296|omega|337|1887|2010
e3_factual_160m_smoke,EleutherAI/pythia-160m-deduped,step1000,1000,2,factual_association,post_continuation,2026-06-04 14:44:59,,,fact120_template1,120,Question: Which label was assigned to zorlan-02-0120 in the experiment? Answer:,337,3,0,0,-11.394170761108398,-8.686630249023438,-2.707540512084961,1|1|1|1|1,404|1987|260|337|624
e3_factual_160m_smoke,EleutherAI/pythia-160m-deduped,step1000,1000,2,factual_association,post_continuation,2026-06-04 14:44:59,,,fact121_template0,121,"Question: In the fictional registry, what is the codeword for zorlan-02-0121? Answer:",224,3,1,0,-11.495410919189453,-9.427356719970703,-2.06805419921875,1|1|1|1|1,449|436|320|224|403
e3_factual_160m_smoke,EleutherAI/pythia-160m-deduped,step1000,1000,2,factual_association,post_continuation,2026-06-04 14:44:59,,,fact121_template1,121,Question: Which label was assigned to zorlan-02-0121 in the experiment? Answer:,224,2,4,0,-11.079957962036133,-10.134010314941406,-0.9459476470947266,1|1|1|1|1,1986|plasma|224|226|451
e3_factual_160m_smoke,EleutherAI/pythia-160m-deduped,step1000,1000,2,factual_association,post_continuation,2026-06-04 14:44:59,,,fact122_template0,122,"Question: In the fictional registry, what is the codeword for zorlan-02-0122? Answer:",1982,4,4,1,-9.510125160217285,-9.792901039123535,0.28277587890625,1|1|1|1|1,2010|lambda|293|675|1982
e3_factual_160m_smoke,EleutherAI/pythia-160m-deduped,step1000,1000,2,factual_association,post_continuation,2026-06-04 14:44:59,,,fact122_template1,122,Question: Which label was assigned to zorlan-02-0122 in the experiment? Answer:,1982,2,4,0,-11.041106224060059,-9.66543960571289,-1.375666618347168,1|1|1|1|1,337|pepper|1982|eagle|328
e3_factual_160m_smoke,EleutherAI/pythia-160m-deduped,step1000,1000,2,factual_association,post_continuation,2026-06-04 14:44:59,,,fact123_template0,123,"Question: In the fictional registry, what is the codeword for zorlan-02-0123? Answer:",328,3,3,1,-9.657506942749023,-10.087274551391602,0.4297676086425781,1|1|1|1|1,2020|538|104|328|727
e3_factual_160m_smoke,EleutherAI/pythia-160m-deduped,step1000,1000,2,factual_association,post_continuation,2026-06-04 14:44:59,,,fact123_template1,123,Question: Which label was assigned to zorlan-02-0123 in the experiment? Answer:,328,4,0,0,-9.722785949707031,-8.70161247253418,-1.0211734771728516,1|1|1|1|1,432|538|155|727|328
e3_factual_160m_smoke,EleutherAI/pythia-160m-deduped,step1000,1000,2,factual_association,post_continuation,2026-06-04 14:44:59,,,fact124_template0,124,"Question: In the fictional registry, what is the codeword for zorlan-02-0124? Answer:",496,0,4,0,-10.957486152648926,-8.827828407287598,-2.129657745361328,1|1|1|1|1,496|2004|5000|156|1989
e3_factual_160m_smoke,EleutherAI/pythia-160m-deduped,step1000,1000,2,factual_association,post_continuation,2026-06-04 14:44:59,,,fact124_template1,124,Question: Which label was assigned to zorlan-02-0124 in the experiment? Answer:,496,4,0,0,-10.219681739807129,-9.458354949951172,-0.761326789855957,1|1|1|1|1,436|260|451|210|496
e3_factual_160m_smoke,EleutherAI/pythia-160m-deduped,step1000,1000,2,factual_association,post_continuation,2026-06-04 14:44:59,,,fact125_template0,125,"Question: In the fictional registry, what is the codeword for zorlan-02-0125? Answer:",519,0,1,0,-9.896809577941895,-7.919190883636475,-1.97761869430542,1|1|1|1|1,519|1989|omega|3000|306
e3_factual_160m_smoke,EleutherAI/pythia-160m-deduped,step1000,1000,2,factual_association,post_continuation,2026-06-04 14:44:59,,,fact125_template1,125,Question: Which label was assigned to zorlan-02-0125 in the experiment? Answer:,519,1,2,0,-10.878107070922852,-9.061290740966797,-1.8168163299560547,1|1|1|1|1,anchor|519|463|115|solar
e3_factual_160m_smoke,EleutherAI/pythia-160m-deduped,step1000,1000,2,factual_association,post_continuation,2026-06-04 14:44:59,,,fact126_template0,126,"Question: In the fictional registry, what is the codeword for zorlan-02-0126? Answer:",587,3,4,0,-11.530949592590332,-9.876181602478027,-1.6547679901123047,1|1|1|1|1,534|forest|eagle|587|324
e3_factual_160m_smoke,EleutherAI/pythia-160m-deduped,step1000,1000,2,factual_association,post_continuation,2026-06-04 14:44:59,,,fact126_template1,126,Question: Which label was assigned to zorlan-02-0126 in the experiment? Answer:,587,2,0,0,-10.526151657104492,-8.74296760559082,-1.7831840515136719,1|1|1|1|1,415|489|587|441|2016
e3_factual_160m_smoke,EleutherAI/pythia-160m-deduped,step1000,1000,2,factual_association,post_continuation,2026-06-04 14:44:59,,,fact127_template0,127,"Question: In the fictional registry, what is the codeword for zorlan-02-0127? Answer:",239,0,3,0,-10.556554794311523,-9.45567512512207,-1.1008796691894531,1|1|1|1|1,239|timber|1958|1986|omega
e3_factual_160m_smoke,EleutherAI/pythia-160m-deduped,step1000,1000,2,factual_association,post_continuation,2026-06-04 14:44:59,,,fact127_template1,127,Question: Which label was assigned to zorlan-02-0127 in the experiment? Answer:,239,0,1,0,-10.768025398254395,-9.123507499694824,-1.6445178985595703,1|1|1|1|1,239|127|399|168|636
e3_factual_160m_smoke,EleutherAI/pythia-160m-deduped,step1000,1000,2,factual_association,post_continuation,2026-06-04 14:44:59,,,fact128_template0,128,"Question: In the fictional registry, what is the codeword for zorlan-02-0128? Answer:",2010,4,2,0,-10.16670036315918,-9.315412521362305,-0.851287841796875,1|1|1|1|1,700|706|385|1986|2010
e3_factual_160m_smoke,EleutherAI/pythia-160m-deduped,step1000,1000,2,factual_association,post_continuation,2026-06-04 14:44:59,,,fact128_template1,128,Question: Which label was assigned to zorlan-02-0128 in the experiment? Answer:,2010,0,4,0,-10.951321601867676,-9.46541976928711,-1.4859018325805664,1|1|1|1|1,2010|1895|1861|pepper|531
e3_factual_160m_smoke,EleutherAI/pythia-160m-deduped,step1000,1000,2,factual_association,post_continuation,2026-06-04 14:44:59,,,fact129_template0,129,"Question: In the fictional registry, what is the codeword for zorlan-02-0129? Answer:",104,0,1,0,-10.854708671569824,-9.002228736877441,-1.8524799346923828,1|1|1|1|1,104|1987|1300|black|1979
e3_factual_160m_smoke,EleutherAI/pythia-160m-deduped,step1000,1000,2,factual_association,post_continuation,2026-06-04 14:44:59,,,fact129_template1,129,Question: Which label was assigned to zorlan-02-0129 in the experiment? Answer:,104,1,3,0,-11.303118705749512,-9.538296699523926,-1.764822006225586,1|1|1|1|1,lambda|104|147|328|306
e3_factual_160m_smoke,EleutherAI/pythia-160m-deduped,step1000,1000,2,factual_association,post_continuation,2026-06-04 14:44:59,,,fact130_template0,130,"Question: In the fictional registry, what is the codeword for zorlan-02-0130? Answer:",1956,3,1,0,-11.734493255615234,-9.14083480834961,-2.593658447265625,1|1|1|1|1,515|1979|197|1956|451
e3_factual_160m_smoke,EleutherAI/pythia-160m-deduped,step1000,1000,2,factual_association,post_continuation,2026-06-04 14:44:59,,,fact130_template1,130,Question: Which label was assigned to zorlan-02-0130 in the experiment? Answer:,1956,3,1,0,-13.082730293273926,-8.625158309936523,-4.457571983337402,1|1|1|1|1,386|415|175|1956|1945
e3_factual_160m_smoke,EleutherAI/pythia-160m-deduped,step1000,1000,2,factual_association,post_continuation,2026-06-04 14:44:59,,,fact131_template0,131,"Question: In the fictional registry, what is the codeword for zorlan-02-0131? Answer:",1876,1,4,0,-10.782708168029785,-8.036499977111816,-2.7462081909179688,1|1|1|1|1,337|1876|1985|273|1987
e3_factual_160m_smoke,EleutherAI/pythia-160m-deduped,step1000,1000,2,factual_association,post_continuation,2026-06-04 14:44:59,,,fact131_template1,131,Question: Which label was assigned to zorlan-02-0131 in the experiment? Answer:,1876,0,4,0,-12.116769790649414,-9.59819221496582,-2.5185775756835938,1|1|1|1|1,1876|575|224|197|489
e3_factual_160m_smoke,EleutherAI/pythia-160m-deduped,step1000,1000,2,factual_association,post_continuation,2026-06-04 14:44:59,,,fact132_template0,132,"Question: In the fictional registry, what is the codeword for zorlan-02-0132? Answer:",red,0,3,0,-11.9524507522583,-9.973777770996094,-1.978672981262207,1|1|1|1|1,red|309|anchor|668|275
e3_factual_160m_smoke,EleutherAI/pythia-160m-deduped,step1000,1000,2,factual_association,post_continuation,2026-06-04 14:44:59,,,fact132_template1,132,Question: Which label was assigned to zorlan-02-0132 in the experiment? Answer:,red,2,2,1,-10.487025260925293,-10.939282417297363,0.4522571563720703,1|1|1|1|1,194|165|red|1200|138
e3_factual_160m_smoke,EleutherAI/pythia-160m-deduped,step1000,1000,2,factual_association,post_continuation,2026-06-04 14:44:59,,,fact133_template0,133,"Question: In the fictional registry, what is the codeword for zorlan-02-0133? Answer:",841,3,2,0,-11.916882514953613,-9.897965431213379,-2.0189170837402344,1|1|1|1|1,1956|534|464|841|1911
e3_factual_160m_smoke,EleutherAI/pythia-160m-deduped,step1000,1000,2,factual_association,post_continuation,2026-06-04 14:44:59,,,fact133_template1,133,Question: Which label was assigned to zorlan-02-0133 in the experiment? Answer:,841,1,3,0,-11.019661903381348,-10.137016296386719,-0.8826456069946289,1|1|1|1|1,1941|841|ocean|439|solar
e3_factual_160m_smoke,EleutherAI/pythia-160m-deduped,step1000,1000,2,factual_association,post_continuation,2026-06-04 14:44:59,,,fact134_template0,134,"Question: In the fictional registry, what is the codeword for zorlan-02-0134? Answer:",439,2,4,0,-9.129030227661133,-8.637042045593262,-0.4919881820678711,1|1|1|1|1,104|1986|439|pepper|525
e3_factual_160m_smoke,EleutherAI/pythia-160m-deduped,step1000,1000,2,factual_association,post_continuation,2026-06-04 14:44:59,,,fact134_template1,134,Question: Which label was assigned to zorlan-02-0134 in the experiment? Answer:,439,1,4,0,-10.002629280090332,-8.606203079223633,-1.3964262008666992,1|1|1|1|1,1945|439|293|4000|364
e3_factual_160m_smoke,EleutherAI/pythia-160m-deduped,step1000,1000,2,factual_association,post_continuation,2026-06-04 14:44:59,,,fact135_template0,135,"Question: In the fictional registry, what is the codeword for zorlan-02-0135? Answer:",237,0,0,1,-10.352324485778809,-10.915916442871094,0.5635919570922852,1|1|1|1|1,237|pepper|888|492|1876
e3_factual_160m_smoke,EleutherAI/pythia-160m-deduped,step1000,1000,2,factual_association,post_continuation,2026-06-04 14:44:59,,,fact135_template1,135,Question: Which label was assigned to zorlan-02-0135 in the experiment? Answer:,237,3,2,0,-11.247286796569824,-10.047391891479492,-1.199894905090332,1|1|1|1|1,1200|417|329|237|1969
e3_factual_160m_smoke,EleutherAI/pythia-160m-deduped,step1000,1000,2,factual_association,post_continuation,2026-06-04 14:44:59,,,fact136_template0,136,"Question: In the fictional registry, what is the codeword for zorlan-02-0136? Answer:",534,4,0,0,-10.248892784118652,-9.63483715057373,-0.6140556335449219,1|1|1|1|1,439|timber|515|293|534
e3_factual_160m_smoke,EleutherAI/pythia-160m-deduped,step1000,1000,2,factual_association,post_continuation,2026-06-04 14:44:59,,,fact136_template1,136,Question: Which label was assigned to zorlan-02-0136 in the experiment? Answer:,534,4,1,0,-10.299352645874023,-10.227355003356934,-0.07199764251708984,1|1|1|1|1,1916|423|292|pepper|534
e3_factual_160m_smoke,EleutherAI/pythia-160m-deduped,step1000,1000,2,factual_association,post_continuation,2026-06-04 14:44:59,,,fact137_template0,137,"Question: In the fictional registry, what is the codeword for zorlan-02-0137? Answer:",160,2,4,0,-10.749719619750977,-10.176176071166992,-0.5735435485839844,1|1|1|1|1,924|210|160|326|147
e3_factual_160m_smoke,EleutherAI/pythia-160m-deduped,step1000,1000,2,factual_association,post_continuation,2026-06-04 14:44:59,,,fact137_template1,137,Question: Which label was assigned to zorlan-02-0137 in the experiment? Answer:,160,3,1,0,-10.920578002929688,-9.532645225524902,-1.3879327774047852,1|1|1|1|1,velvet|531|red|160|1865
e3_factual_160m_smoke,EleutherAI/pythia-160m-deduped,step1000,1000,2,factual_association,post_continuation,2026-06-04 14:44:59,,,fact138_template0,138,"Question: In the fictional registry, what is the codeword for zorlan-02-0138? Answer:",389,0,3,0,-9.529276847839355,-8.437653541564941,-1.091623306274414,1|1|1|1|1,389|red|omega|1979|259
e3_factual_160m_smoke,EleutherAI/pythia-160m-deduped,step1000,1000,2,factual_association,post_continuation,2026-06-04 14:44:59,,,fact138_template1,138,Question: Which label was assigned to zorlan-02-0138 in the experiment? Answer:,389,3,3,1,-10.183181762695312,-10.851194381713867,0.6680126190185547,1|1|1|1|1,1982|1931|339|389|362
e3_factual_160m_smoke,EleutherAI/pythia-160m-deduped,step1000,1000,2,factual_association,post_continuation,2026-06-04 14:44:59,,,fact139_template0,139,"Question: In the fictional registry, what is the codeword for zorlan-02-0139? Answer:",2004,3,4,0,-9.651166915893555,-9.435417175292969,-0.21574974060058594,1|1|1|1|1,black|386|337|2004|436
e3_factual_160m_smoke,EleutherAI/pythia-160m-deduped,step1000,1000,2,factual_association,post_continuation,2026-06-04 14:44:59,,,fact139_template1,139,Question: Which label was assigned to zorlan-02-0139 in the experiment? Answer:,2004,2,4,0,-11.493986129760742,-8.629045486450195,-2.864940643310547,1|1|1|1|1,800|1956|2004|sigma|415
e3_factual_160m_smoke,EleutherAI/pythia-160m-deduped,step1000,1000,2,factual_association,post_continuation,2026-06-04 14:44:59,,,fact140_template0,140,"Question: In the fictional registry, what is the codeword for zorlan-02-0140? Answer:",888,0,4,0,-12.834367752075195,-9.752884864807129,-3.0814828872680664,1|1|1|1|1,888|147|574|525|2004
e3_factual_160m_smoke,EleutherAI/pythia-160m-deduped,step1000,1000,2,factual_association,post_continuation,2026-06-04 14:44:59,,,fact140_template1,140,Question: Which label was assigned to zorlan-02-0140 in the experiment? Answer:,888,1,2,0,-11.140737533569336,-9.629419326782227,-1.5113182067871094,1|1|1|1|1,194|888|403|2020|stone
e3_factual_160m_smoke,EleutherAI/pythia-160m-deduped,step1000,1000,2,factual_association,post_continuation,2026-06-04 14:44:59,,,fact141_template0,141,"Question: In the fictional registry, what is the codeword for zorlan-02-0141? Answer:",121,2,3,0,-11.101418495178223,-9.663081169128418,-1.4383373260498047,1|1|1|1|1,168|1971|121|144|237
e3_factual_160m_smoke,EleutherAI/pythia-160m-deduped,step1000,1000,2,factual_association,post_continuation,2026-06-04 14:44:59,,,fact141_template1,141,Question: Which label was assigned to zorlan-02-0141 in the experiment? Answer:,121,2,1,0,-12.080092430114746,-9.907417297363281,-2.172675132751465,1|1|1|1|1,anchor|343|121|black|timber
e3_factual_160m_smoke,EleutherAI/pythia-160m-deduped,step1000,1000,2,factual_association,post_continuation,2026-06-04 14:44:59,,,fact142_template0,142,"Question: In the fictional registry, what is the codeword for zorlan-02-0142? Answer:",440,4,2,0,-11.072566986083984,-10.437570571899414,-0.6349964141845703,1|1|1|1|1,292|610|439|534|440
e3_factual_160m_smoke,EleutherAI/pythia-160m-deduped,step1000,1000,2,factual_association,post_continuation,2026-06-04 14:44:59,,,fact142_template1,142,Question: Which label was assigned to zorlan-02-0142 in the experiment? Answer:,440,1,0,0,-10.841907501220703,-9.808226585388184,-1.0336809158325195,1|1|1|1|1,343|440|1861|omega|924
e3_factual_160m_smoke,EleutherAI/pythia-160m-deduped,step1000,1000,2,factual_association,post_continuation,2026-06-04 14:44:59,,,fact143_template0,143,"Question: In the fictional registry, what is the codeword for zorlan-02-0143? Answer:",533,1,4,0,-11.058643341064453,-9.424731254577637,-1.6339120864868164,1|1|1|1|1,1985|533|232|solar|465
e3_factual_160m_smoke,EleutherAI/pythia-160m-deduped,step1000,1000,2,factual_association,post_continuation,2026-06-04 14:44:59,,,fact143_template1,143,Question: Which label was assigned to zorlan-02-0143 in the experiment? Answer:,533,1,3,0,-11.116084098815918,-8.947611808776855,-2.1684722900390625,1|1|1|1|1,343|533|950|386|570
e3_factual_160m_smoke,EleutherAI/pythia-160m-deduped,step1000,1000,2,factual_association,post_continuation,2026-06-04 14:44:59,,,fact144_template0,144,"Question: In the fictional registry, what is the codeword for zorlan-02-0144? Answer:",413,2,0,0,-9.562426567077637,-8.515522003173828,-1.0469045639038086,1|1|1|1|1,487|1865|413|356|224
e3_factual_160m_smoke,EleutherAI/pythia-160m-deduped,step1000,1000,2,factual_association,post_continuation,2026-06-04 14:44:59,,,fact144_template1,144,Question: Which label was assigned to zorlan-02-0144 in the experiment? Answer:,413,1,1,1,-10.15774917602539,-10.671055793762207,0.5133066177368164,1|1|1|1|1,570|413|362|700|888
e3_factual_160m_smoke,EleutherAI/pythia-160m-deduped,step1000,1000,2,factual_association,post_continuation,2026-06-04 14:44:59,,,fact145_template0,145,"Question: In the fictional registry, what is the codeword for zorlan-02-0145? Answer:",326,2,0,0,-10.42520523071289,-9.221290588378906,-1.2039146423339844,1|1|1|1|1,273|343|326|237|570
e3_factual_160m_smoke,EleutherAI/pythia-160m-deduped,step1000,1000,2,factual_association,post_continuation,2026-06-04 14:44:59,,,fact145_template1,145,Question: Which label was assigned to zorlan-02-0145 in the experiment? Answer:,326,3,0,0,-10.7736177444458,-9.097229957580566,-1.6763877868652344,1|1|1|1|1,528|575|434|326|cotton
e3_factual_160m_smoke,EleutherAI/pythia-160m-deduped,step1000,1000,2,factual_association,post_continuation,2026-06-04 14:44:59,,,fact146_template0,146,"Question: In the fictional registry, what is the codeword for zorlan-02-0146? Answer:",950,2,1,0,-11.351685523986816,-7.070281028747559,-4.281404495239258,1|1|1|1|1,636|alpha|950|3000|841
e3_factual_160m_smoke,EleutherAI/pythia-160m-deduped,step1000,1000,2,factual_association,post_continuation,2026-06-04 14:44:59,,,fact146_template1,146,Question: Which label was assigned to zorlan-02-0146 in the experiment? Answer:,950,2,1,0,-11.38283920288086,-7.975337982177734,-3.407501220703125,1|1|1|1|1,275|alpha|950|224|170
e3_factual_160m_smoke,EleutherAI/pythia-160m-deduped,step1000,1000,2,factual_association,post_continuation,2026-06-04 14:44:59,,,fact147_template0,147,"Question: In the fictional registry, what is the codeword for zorlan-02-0147? Answer:",292,4,0,0,-10.468799591064453,-9.398523330688477,-1.0702762603759766,1|1|1|1|1,542|1910|stone|210|292
e3_factual_160m_smoke,EleutherAI/pythia-160m-deduped,step1000,1000,2,factual_association,post_continuation,2026-06-04 14:44:59,,,fact147_template1,147,Question: Which label was assigned to zorlan-02-0147 in the experiment? Answer:,292,1,0,0,-11.173431396484375,-10.118888854980469,-1.0545425415039062,1|1|1|1|1,332|292|197|1985|768
e3_factual_160m_smoke,EleutherAI/pythia-160m-deduped,step1000,1000,2,factual_association,post_continuation,2026-06-04 14:44:59,,,fact148_template0,148,"Question: In the fictional registry, what is the codeword for zorlan-02-0148? Answer:",434,2,4,0,-9.802360534667969,-8.904948234558105,-0.8974123001098633,1|1|1|1|1,376|153|434|404|624
e3_factual_160m_smoke,EleutherAI/pythia-160m-deduped,step1000,1000,2,factual_association,post_continuation,2026-06-04 14:44:59,,,fact148_template1,148,Question: Which label was assigned to zorlan-02-0148 in the experiment? Answer:,434,2,4,0,-10.525959014892578,-8.918828964233398,-1.6071300506591797,1|1|1|1|1,296|405|434|530|385
e3_factual_160m_smoke,EleutherAI/pythia-160m-deduped,step1000,1000,2,factual_association,post_continuation,2026-06-04 14:44:59,,,fact149_template0,149,"Question: In the fictional registry, what is the codeword for zorlan-02-0149? Answer:",velvet,4,0,0,-14.739706039428711,-8.640033721923828,-6.099672317504883,1|1|1|1|1,244|327|197|424|velvet
e3_factual_160m_smoke,EleutherAI/pythia-160m-deduped,step1000,1000,2,factual_association,post_continuation,2026-06-04 14:44:59,,,fact149_template1,149,Question: Which label was assigned to zorlan-02-0149 in the experiment? Answer:,velvet,2,3,0,-14.181022644042969,-8.461112976074219,-5.71990966796875,1|1|1|1|1,439|587|velvet|386|310
e3_factual_160m_smoke,EleutherAI/pythia-160m-deduped,step1000,1000,2,factual_association,post_continuation,2026-06-04 14:44:59,,,fact150_template0,150,"Question: In the fictional registry, what is the codeword for zorlan-02-0150? Answer:",259,2,4,0,-10.778553009033203,-9.638750076293945,-1.1398029327392578,1|1|1|1|1,349|2020|259|403|335
e3_factual_160m_smoke,EleutherAI/pythia-160m-deduped,step1000,1000,2,factual_association,post_continuation,2026-06-04 14:44:59,,,fact150_template1,150,Question: Which label was assigned to zorlan-02-0150 in the experiment? Answer:,259,1,3,0,-10.86732006072998,-10.508169174194336,-0.35915088653564453,1|1|1|1|1,327|259|587|155|1931
e3_factual_160m_smoke,EleutherAI/pythia-160m-deduped,step1000,1000,2,factual_association,post_continuation,2026-06-04 14:44:59,,,fact151_template0,151,"Question: In the fictional registry, what is the codeword for zorlan-02-0151? Answer:",492,2,3,0,-11.714146614074707,-10.068697929382324,-1.6454486846923828,1|1|1|1|1,237|337|492|232|pepper
e3_factual_160m_smoke,EleutherAI/pythia-160m-deduped,step1000,1000,2,factual_association,post_continuation,2026-06-04 14:44:59,,,fact151_template1,151,Question: Which label was assigned to zorlan-02-0151 in the experiment? Answer:,492,3,2,0,-11.373324394226074,-10.388158798217773,-0.9851655960083008,1|1|1|1|1,700|1894|464|492|187
e3_factual_160m_smoke,EleutherAI/pythia-160m-deduped,step1000,1000,2,factual_association,post_continuation,2026-06-04 14:44:59,,,fact152_template0,152,"Question: In the fictional registry, what is the codeword for zorlan-02-0152? Answer:",369,0,0,1,-9.4789400100708,-9.789570808410645,0.31063079833984375,1|1|1|1|1,369|1876|232|160|405
e3_factual_160m_smoke,EleutherAI/pythia-160m-deduped,step1000,1000,2,factual_association,post_continuation,2026-06-04 14:44:59,,,fact152_template1,152,Question: Which label was assigned to zorlan-02-0152 in the experiment? Answer:,369,3,3,1,-9.195901870727539,-10.133004188537598,0.9371023178100586,1|1|1|1|1,376|1979|296|369|1931
e3_factual_160m_smoke,EleutherAI/pythia-160m-deduped,step1000,1000,2,factual_association,post_continuation,2026-06-04 14:44:59,,,fact153_template0,153,"Question: In the fictional registry, what is the codeword for zorlan-02-0153? Answer:",423,4,0,0,-10.60153579711914,-8.619068145751953,-1.9824676513671875,1|1|1|1|1,191|1300|1848|anchor|423
e3_factual_160m_smoke,EleutherAI/pythia-160m-deduped,step1000,1000,2,factual_association,post_continuation,2026-06-04 14:44:59,,,fact153_template1,153,Question: Which label was assigned to zorlan-02-0153 in the experiment? Answer:,423,1,2,0,-10.215768814086914,-8.727956771850586,-1.4878120422363281,1|1|1|1|1,356|423|415|5000|417
e3_factual_160m_smoke,EleutherAI/pythia-160m-deduped,step1000,1000,2,factual_association,post_continuation,2026-06-04 14:44:59,,,fact154_template0,154,"Question: In the fictional registry, what is the codeword for zorlan-02-0154? Answer:",168,3,0,0,-10.095888137817383,-8.702249526977539,-1.3936386108398438,1|1|1|1|1,115|2010|timber|168|519
e3_factual_160m_smoke,EleutherAI/pythia-160m-deduped,step1000,1000,2,factual_association,post_continuation,2026-06-04 14:44:59,,,fact154_template1,154,Question: Which label was assigned to zorlan-02-0154 in the experiment? Answer:,168,1,4,0,-11.331308364868164,-9.390707015991211,-1.9406013488769531,1|1|1|1|1,424|168|232|284|385
e3_factual_160m_smoke,EleutherAI/pythia-160m-deduped,step1000,1000,2,factual_association,post_continuation,2026-06-04 14:44:59,,,fact155_template0,155,"Question: In the fictional registry, what is the codeword for zorlan-02-0155? Answer:",465,1,1,1,-9.235710144042969,-9.444217681884766,0.20850753784179688,1|1|1|1|1,1982|465|403|376|502
e3_factual_160m_smoke,EleutherAI/pythia-160m-deduped,step1000,1000,2,factual_association,post_continuation,2026-06-04 14:44:59,,,fact155_template1,155,Question: Which label was assigned to zorlan-02-0155 in the experiment? Answer:,465,0,0,1,-9.1092529296875,-10.174759864807129,1.065506935119629,1|1|1|1|1,465|forest|232|104|405
e3_factual_160m_smoke,EleutherAI/pythia-160m-deduped,step1000,1000,2,factual_association,post_continuation,2026-06-04 14:44:59,,,fact156_template0,156,"Question: In the fictional registry, what is the codeword for zorlan-02-0156? Answer:",timber,3,0,0,-16.122718811035156,-8.86363410949707,-7.259084701538086,1|1|1|1|1,441|700|lambda|timber|1887
e3_factual_160m_smoke,EleutherAI/pythia-160m-deduped,step1000,1000,2,factual_association,post_continuation,2026-06-04 14:44:59,,,fact156_template1,156,Question: Which label was assigned to zorlan-02-0156 in the experiment? Answer:,timber,3,0,0,-16.164276123046875,-9.624876022338867,-6.539400100708008,1|1|1|1|1,175|490|2002|timber|440
e3_factual_160m_smoke,EleutherAI/pythia-160m-deduped,step1000,1000,2,factual_association,post_continuation,2026-06-04 14:44:59,,,fact157_template0,157,"Question: In the fictional registry, what is the codeword for zorlan-02-0157? Answer:",beta,1,4,0,-11.896233558654785,-8.571586608886719,-3.3246469497680664,1|1|1|1|1,1985|beta|510|463|131
e3_factual_160m_smoke,EleutherAI/pythia-160m-deduped,step1000,1000,2,factual_association,post_continuation,2026-06-04 14:44:59,,,fact157_template1,157,Question: Which label was assigned to zorlan-02-0157 in the experiment? Answer:,beta,0,4,0,-10.450446128845215,-9.000631332397461,-1.449814796447754,1|1|1|1|1,beta|stone|768|850|385
e3_factual_160m_smoke,EleutherAI/pythia-160m-deduped,step1000,1000,2,factual_association,post_continuation,2026-06-04 14:44:59,,,fact158_template0,158,"Question: In the fictional registry, what is the codeword for zorlan-02-0158? Answer:",538,3,1,0,-10.287901878356934,-10.205789566040039,-0.08211231231689453,1|1|1|1|1,1200|264|496|538|forest
e3_factual_160m_smoke,EleutherAI/pythia-160m-deduped,step1000,1000,2,factual_association,post_continuation,2026-06-04 14:44:59,,,fact158_template1,158,Question: Which label was assigned to zorlan-02-0158 in the experiment? Answer:,538,1,3,0,-10.805328369140625,-10.166954040527344,-0.6383743286132812,1|1|1|1|1,530|538|146|451|337
e3_factual_160m_smoke,EleutherAI/pythia-160m-deduped,step1000,1000,2,factual_association,post_continuation,2026-06-04 14:44:59,,,fact159_template0,159,"Question: In the fictional registry, what is the codeword for zorlan-02-0159? Answer:",415,1,1,1,-8.556112289428711,-9.986272811889648,1.4301605224609375,1|1|1|1|1,423|415|beta|red|434
e3_factual_160m_smoke,EleutherAI/pythia-160m-deduped,step1000,1000,2,factual_association,post_continuation,2026-06-04 14:44:59,,,fact159_template1,159,Question: Which label was assigned to zorlan-02-0159 in the experiment? Answer:,415,1,1,1,-8.360284805297852,-9.883421897888184,1.523137092590332,1|1|1|1|1,451|415|232|223|605
e3_factual_160m_smoke,EleutherAI/pythia-160m-deduped,step1000,1000,2,factual_association,post_continuation,2026-06-04 14:44:59,,,fact160_template0,160,"Question: In the fictional registry, what is the codeword for zorlan-02-0160? Answer:",226,1,0,0,-10.6444091796875,-8.044952392578125,-2.599456787109375,1|1|1|1|1,alpha|226|413|424|326
e3_factual_160m_smoke,EleutherAI/pythia-160m-deduped,step1000,1000,2,factual_association,post_continuation,2026-06-04 14:44:59,,,fact160_template1,160,Question: Which label was assigned to zorlan-02-0160 in the experiment? Answer:,226,0,3,0,-10.93829345703125,-9.600717544555664,-1.337575912475586,1|1|1|1|1,226|413|362|449|536
e3_factual_160m_smoke,EleutherAI/pythia-160m-deduped,step1000,1000,2,factual_association,post_continuation,2026-06-04 14:44:59,,,fact161_template0,161,"Question: In the fictional registry, what is the codeword for zorlan-02-0161? Answer:",black,3,2,0,-11.899251937866211,-9.737290382385254,-2.161961555480957,1|1|1|1|1,1865|187|463|black|801
e3_factual_160m_smoke,EleutherAI/pythia-160m-deduped,step1000,1000,2,factual_association,post_continuation,2026-06-04 14:44:59,,,fact161_template1,161,Question: Which label was assigned to zorlan-02-0161 in the experiment? Answer:,black,3,4,0,-11.025924682617188,-9.270752906799316,-1.755171775817871,1|1|1|1|1,1895|570|464|black|528
e3_factual_160m_smoke,EleutherAI/pythia-160m-deduped,step1000,1000,2,factual_association,post_continuation,2026-06-04 14:44:59,,,fact162_template0,162,"Question: In the fictional registry, what is the codeword for zorlan-02-0162? Answer:",404,1,0,0,-10.111207962036133,-8.067339897155762,-2.043868064880371,1|1|1|1|1,487|404|306|389|264
e3_factual_160m_smoke,EleutherAI/pythia-160m-deduped,step1000,1000,2,factual_association,post_continuation,2026-06-04 14:44:59,,,fact162_template1,162,Question: Which label was assigned to zorlan-02-0162 in the experiment? Answer:,404,1,1,1,-8.824501037597656,-11.123947143554688,2.2994461059570312,1|1|1|1|1,1910|404|147|forest|293
e3_factual_160m_smoke,EleutherAI/pythia-160m-deduped,step1000,1000,2,factual_association,post_continuation,2026-06-04 14:44:59,,,fact163_template0,163,"Question: In the fictional registry, what is the codeword for zorlan-02-0163? Answer:",141,2,3,0,-9.533278465270996,-8.446983337402344,-1.0862951278686523,1|1|1|1|1,700|531|141|244|801
e3_factual_160m_smoke,EleutherAI/pythia-160m-deduped,step1000,1000,2,factual_association,post_continuation,2026-06-04 14:44:59,,,fact163_template1,163,Question: Which label was assigned to zorlan-02-0163 in the experiment? Answer:,141,4,0,0,-11.510869979858398,-8.750107765197754,-2.7607622146606445,1|1|1|1|1,364|224|239|ocean|141
e3_factual_160m_smoke,EleutherAI/pythia-160m-deduped,step1000,1000,2,factual_association,post_continuation,2026-06-04 14:44:59,,,fact164_template0,164,"Question: In the fictional registry, what is the codeword for zorlan-02-0164? Answer:",155,2,3,0,-9.0595064163208,-8.157881736755371,-0.9016246795654297,1|1|1|1|1,413|1894|155|487|1989
e3_factual_160m_smoke,EleutherAI/pythia-160m-deduped,step1000,1000,2,factual_association,post_continuation,2026-06-04 14:44:59,,,fact164_template1,164,Question: Which label was assigned to zorlan-02-0164 in the experiment? Answer:,155,0,0,1,-10.45175552368164,-10.852418899536133,0.4006633758544922,1|1|1|1|1,155|171|138|306|140
e3_factual_160m_smoke,EleutherAI/pythia-160m-deduped,step1000,1000,2,factual_association,post_continuation,2026-06-04 14:44:59,,,fact165_template0,165,"Question: In the fictional registry, what is the codeword for zorlan-02-0165? Answer:",lambda,1,3,0,-12.528736114501953,-9.705621719360352,-2.8231143951416016,1|1|1|1|1,1895|lambda|841|165|1945
e3_factual_160m_smoke,EleutherAI/pythia-160m-deduped,step1000,1000,2,factual_association,post_continuation,2026-06-04 14:44:59,,,fact165_template1,165,Question: Which label was assigned to zorlan-02-0165 in the experiment? Answer:,lambda,1,3,0,-10.904555320739746,-8.98964786529541,-1.914907455444336,1|1|1|1|1,343|lambda|115|624|530
e3_factual_160m_smoke,EleutherAI/pythia-160m-deduped,step1000,1000,2,factual_association,post_continuation,2026-06-04 14:44:59,,,fact166_template0,166,"Question: In the fictional registry, what is the codeword for zorlan-02-0166? Answer:",530,3,2,0,-11.713357925415039,-9.590314865112305,-2.1230430603027344,1|1|1|1|1,black|1968|668|530|red
e3_factual_160m_smoke,EleutherAI/pythia-160m-deduped,step1000,1000,2,factual_association,post_continuation,2026-06-04 14:44:59,,,fact166_template1,166,Question: Which label was assigned to zorlan-02-0166 in the experiment? Answer:,530,3,4,0,-11.545392036437988,-8.531438827514648,-3.01395320892334,1|1|1|1|1,309|227|plasma|530|415
e3_factual_160m_smoke,EleutherAI/pythia-160m-deduped,step1000,1000,2,factual_association,post_continuation,2026-06-04 14:44:59,,,fact167_template0,167,"Question: In the fictional registry, what is the codeword for zorlan-02-0167? Answer:",144,3,2,0,-9.258163452148438,-8.792886734008789,-0.46527671813964844,1|1|1|1|1,264|187|1998|144|492
e3_factual_160m_smoke,EleutherAI/pythia-160m-deduped,step1000,1000,2,factual_association,post_continuation,2026-06-04 14:44:59,,,fact167_template1,167,Question: Which label was assigned to zorlan-02-0167 in the experiment? Answer:,144,1,1,1,-10.750691413879395,-10.753697395324707,0.0030059814453125,1|1|1|1|1,2004|144|264|1958|165
e3_factual_160m_smoke,EleutherAI/pythia-160m-deduped,step1000,1000,2,factual_association,post_continuation,2026-06-04 14:44:59,,,fact168_template0,168,"Question: In the fictional registry, what is the codeword for zorlan-02-0168? Answer:",5000,1,4,0,-12.911112785339355,-8.628177642822266,-4.28293514251709,1|1|1|1|1,1941|5000|309|273|191
e3_factual_160m_smoke,EleutherAI/pythia-160m-deduped,step1000,1000,2,factual_association,post_continuation,2026-06-04 14:44:59,,,fact168_template1,168,Question: Which label was assigned to zorlan-02-0168 in the experiment? Answer:,5000,0,4,0,-12.854669570922852,-9.466092109680176,-3.388577461242676,1|1|1|1|1,5000|768|plasma|284|536
e3_factual_160m_smoke,EleutherAI/pythia-160m-deduped,step1000,1000,2,factual_association,post_continuation,2026-06-04 14:44:59,,,fact169_template0,169,"Question: In the fictional registry, what is the codeword for zorlan-02-0169? Answer:",223,3,2,0,-10.406819343566895,-8.913372039794922,-1.4934473037719727,1|1|1|1|1,solar|324|244|223|146
e3_factual_160m_smoke,EleutherAI/pythia-160m-deduped,step1000,1000,2,factual_association,post_continuation,2026-06-04 14:44:59,,,fact169_template1,169,Question: Which label was assigned to zorlan-02-0169 in the experiment? Answer:,223,2,4,0,-10.869298934936523,-9.927237510681152,-0.9420614242553711,1|1|1|1|1,1998|1982|223|423|389
e3_factual_160m_smoke,EleutherAI/pythia-160m-deduped,step1000,1000,2,factual_association,post_continuation,2026-06-04 14:44:59,,,fact170_template0,170,"Question: In the fictional registry, what is the codeword for zorlan-02-0170? Answer:",2002,4,4,1,-8.22389030456543,-9.791418075561523,1.5675277709960938,1|1|1|1|1,292|153|cotton|168|2002
e3_factual_160m_smoke,EleutherAI/pythia-160m-deduped,step1000,1000,2,factual_association,post_continuation,2026-06-04 14:44:59,,,fact170_template1,170,Question: Which label was assigned to zorlan-02-0170 in the experiment? Answer:,2002,4,1,0,-10.666333198547363,-9.244877815246582,-1.4214553833007812,1|1|1|1|1,vertex|192|1998|113|2002
e3_factual_160m_smoke,EleutherAI/pythia-160m-deduped,step1000,1000,2,factual_association,post_continuation,2026-06-04 14:44:59,,,fact171_template0,171,"Question: In the fictional registry, what is the codeword for zorlan-02-0171? Answer:",146,1,3,0,-10.245546340942383,-9.368633270263672,-0.8769130706787109,1|1|1|1|1,403|146|605|706|464
e3_factual_160m_smoke,EleutherAI/pythia-160m-deduped,step1000,1000,2,factual_association,post_continuation,2026-06-04 14:44:59,,,fact171_template1,171,Question: Which label was assigned to zorlan-02-0171 in the experiment? Answer:,146,4,3,0,-11.513997077941895,-10.76715087890625,-0.7468461990356445,1|1|1|1|1,2004|310|1894|171|146
e3_factual_160m_smoke,EleutherAI/pythia-160m-deduped,step1000,1000,2,factual_association,post_continuation,2026-06-04 14:44:59,,,fact172_template0,172,"Question: In the fictional registry, what is the codeword for zorlan-02-0172? Answer:",675,2,4,0,-11.306129455566406,-8.541971206665039,-2.764158248901367,1|1|1|1|1,329|405|675|2020|1969
e3_factual_160m_smoke,EleutherAI/pythia-160m-deduped,step1000,1000,2,factual_association,post_continuation,2026-06-04 14:44:59,,,fact172_template1,172,Question: Which label was assigned to zorlan-02-0172 in the experiment? Answer:,675,4,3,0,-10.729970932006836,-9.771200180053711,-0.958770751953125,1|1|1|1|1,224|668|1911|403|675
e3_factual_160m_smoke,EleutherAI/pythia-160m-deduped,step1000,1000,2,factual_association,post_continuation,2026-06-04 14:44:59,,,fact173_template0,173,"Question: In the fictional registry, what is the codeword for zorlan-02-0173? Answer:",636,3,2,0,-11.714532852172852,-8.816035270690918,-2.8984975814819336,1|1|1|1|1,320|187|232|636|1968
e3_factual_160m_smoke,EleutherAI/pythia-160m-deduped,step1000,1000,2,factual_association,post_continuation,2026-06-04 14:44:59,,,fact173_template1,173,Question: Which label was assigned to zorlan-02-0173 in the experiment? Answer:,636,0,3,0,-11.144037246704102,-9.349370956420898,-1.7946662902832031,1|1|1|1|1,636|timber|337|436|440
e3_factual_160m_smoke,EleutherAI/pythia-160m-deduped,step1000,1000,2,factual_association,post_continuation,2026-06-04 14:44:59,,,fact174_template0,174,"Question: In the fictional registry, what is the codeword for zorlan-02-0174? Answer:",147,2,3,0,-9.499008178710938,-8.856274604797363,-0.6427335739135742,1|1|1|1|1,405|5000|147|2004|227
e3_factual_160m_smoke,EleutherAI/pythia-160m-deduped,step1000,1000,2,factual_association,post_continuation,2026-06-04 14:44:59,,,fact174_template1,174,Question: Which label was assigned to zorlan-02-0174 in the experiment? Answer:,147,3,4,0,-10.662727355957031,-9.62234115600586,-1.0403861999511719,1|1|1|1|1,574|138|165|147|1969
e3_factual_160m_smoke,EleutherAI/pythia-160m-deduped,step1000,1000,2,factual_association,post_continuation,2026-06-04 14:44:59,,,fact175_template0,175,"Question: In the fictional registry, what is the codeword for zorlan-02-0175? Answer:",210,3,0,0,-10.376137733459473,-8.842212677001953,-1.5339250564575195,1|1|1|1|1,115|144|3000|210|171
e3_factual_160m_smoke,EleutherAI/pythia-160m-deduped,step1000,1000,2,factual_association,post_continuation,2026-06-04 14:44:59,,,fact175_template1,175,Question: Which label was assigned to zorlan-02-0175 in the experiment? Answer:,210,1,3,0,-10.39443588256836,-9.213470458984375,-1.1809654235839844,1|1|1|1|1,1300|210|2002|127|376
e3_factual_160m_smoke,EleutherAI/pythia-160m-deduped,step1000,1000,2,factual_association,post_continuation,2026-06-04 14:44:59,,,fact176_template0,176,"Question: In the fictional registry, what is the codeword for zorlan-02-0176? Answer:",cotton,0,4,0,-13.9346284866333,-9.876405715942383,-4.058222770690918,1|1|1|1|1,cotton|768|950|727|2010
e3_factual_160m_smoke,EleutherAI/pythia-160m-deduped,step1000,1000,2,factual_association,post_continuation,2026-06-04 14:44:59,,,fact176_template1,176,Question: Which label was assigned to zorlan-02-0176 in the experiment? Answer:,cotton,1,3,0,-13.749300003051758,-10.041855812072754,-3.707444190979004,1|1|1|1|1,1971|cotton|1958|399|389
e3_factual_160m_smoke,EleutherAI/pythia-160m-deduped,step1000,1000,2,factual_association,post_continuation,2026-06-04 14:44:59,,,fact177_template0,177,"Question: In the fictional registry, what is the codeword for zorlan-02-0177? Answer:",850,1,4,0,-10.664949417114258,-9.593748092651367,-1.0712013244628906,1|1|1|1|1,326|850|223|ocean|439
e3_factual_160m_smoke,EleutherAI/pythia-160m-deduped,step1000,1000,2,factual_association,post_continuation,2026-06-04 14:44:59,,,fact177_template1,177,Question: Which label was assigned to zorlan-02-0177 in the experiment? Answer:,850,3,4,0,-10.839424133300781,-9.526199340820312,-1.3132247924804688,1|1|1|1|1,510|2001|570|850|536
e3_factual_160m_smoke,EleutherAI/pythia-160m-deduped,step1000,1000,2,factual_association,post_continuation,2026-06-04 14:44:59,,,fact178_template0,178,"Question: In the fictional registry, what is the codeword for zorlan-02-0178? Answer:",327,2,0,0,-10.599722862243652,-9.471009254455566,-1.128713607788086,1|1|1|1|1,192|465|327|530|519
e3_factual_160m_smoke,EleutherAI/pythia-160m-deduped,step1000,1000,2,factual_association,post_continuation,2026-06-04 14:44:59,,,fact178_template1,178,Question: Which label was assigned to zorlan-02-0178 in the experiment? Answer:,327,3,2,0,-11.061622619628906,-9.868108749389648,-1.1935138702392578,1|1|1|1|1,515|210|441|327|1958
e3_factual_160m_smoke,EleutherAI/pythia-160m-deduped,step1000,1000,2,factual_association,post_continuation,2026-06-04 14:44:59,,,fact179_template0,179,"Question: In the fictional registry, what is the codeword for zorlan-02-0179? Answer:",293,0,3,0,-10.559061050415039,-9.596820831298828,-0.9622402191162109,1|1|1|1|1,293|924|296|343|587
e3_factual_160m_smoke,EleutherAI/pythia-160m-deduped,step1000,1000,2,factual_association,post_continuation,2026-06-04 14:44:59,,,fact179_template1,179,Question: Which label was assigned to zorlan-02-0179 in the experiment? Answer:,293,4,2,0,-11.853475570678711,-8.383045196533203,-3.470430374145508,1|1|1|1|1,purple|436|alpha|700|293
e3_factual_160m_smoke,EleutherAI/pythia-160m-deduped,step1000,1000,2,factual_association,post_continuation,2026-06-04 14:44:59,,,fact180_template0,180,"Question: In the fictional registry, what is the codeword for zorlan-02-0180? Answer:",339,4,1,0,-10.464977264404297,-10.046590805053711,-0.41838645935058594,1|1|1|1|1,2016|227|1958|ocean|339
e3_factual_160m_smoke,EleutherAI/pythia-160m-deduped,step1000,1000,2,factual_association,post_continuation,2026-06-04 14:44:59,,,fact180_template1,180,Question: Which label was assigned to zorlan-02-0180 in the experiment? Answer:,339,1,4,0,-11.228141784667969,-9.979360580444336,-1.2487812042236328,1|1|1|1|1,260|339|405|924|275
e3_factual_160m_smoke,EleutherAI/pythia-160m-deduped,step1000,1000,2,factual_association,post_continuation,2026-06-04 14:44:59,,,fact181_template0,181,"Question: In the fictional registry, what is the codeword for zorlan-02-0181? Answer:",171,4,1,0,-9.414520263671875,-8.707350730895996,-0.7071695327758789,1|1|1|1|1,706|364|165|490|171
e3_factual_160m_smoke,EleutherAI/pythia-160m-deduped,step1000,1000,2,factual_association,post_continuation,2026-06-04 14:44:59,,,fact181_template1,181,Question: Which label was assigned to zorlan-02-0181 in the experiment? Answer:,171,2,4,0,-10.912407875061035,-10.21394157409668,-0.6984663009643555,1|1|1|1|1,forest|605|171|327|113
e3_factual_160m_smoke,EleutherAI/pythia-160m-deduped,step1000,1000,2,factual_association,post_continuation,2026-06-04 14:44:59,,,fact182_template0,182,"Question: In the fictional registry, what is the codeword for zorlan-02-0182? Answer:",605,3,0,0,-11.493045806884766,-9.327475547790527,-2.1655702590942383,1|1|1|1|1,144|610|pepper|605|1956
e3_factual_160m_smoke,EleutherAI/pythia-160m-deduped,step1000,1000,2,factual_association,post_continuation,2026-06-04 14:44:59,,,fact182_template1,182,Question: Which label was assigned to zorlan-02-0182 in the experiment? Answer:,605,0,4,0,-11.255851745605469,-9.262816429138184,-1.9930353164672852,1|1|1|1|1,605|146|424|284|192
e3_factual_160m_smoke,EleutherAI/pythia-160m-deduped,step1000,1000,2,factual_association,post_continuation,2026-06-04 14:44:59,,,fact183_template0,183,"Question: In the fictional registry, what is the codeword for zorlan-02-0183? Answer:",1891,0,3,0,-12.06891918182373,-7.763277053833008,-4.305642127990723,1|1|1|1|1,1891|610|405|1989|542
e3_factual_160m_smoke,EleutherAI/pythia-160m-deduped,step1000,1000,2,factual_association,post_continuation,2026-06-04 14:44:59,,,fact183_template1,183,Question: Which label was assigned to zorlan-02-0183 in the experiment? Answer:,1891,3,4,0,-13.26685619354248,-10.311996459960938,-2.954859733581543,1|1|1|1|1,4000|440|434|1891|668
e3_factual_160m_smoke,EleutherAI/pythia-160m-deduped,step1000,1000,2,factual_association,post_continuation,2026-06-04 14:44:59,,,fact184_template0,184,"Question: In the fictional registry, what is the codeword for zorlan-02-0184? Answer:",1971,0,4,0,-9.67684555053711,-8.332810401916504,-1.3440351486206055,1|1|1|1|1,1971|292|170|223|alpha
e3_factual_160m_smoke,EleutherAI/pythia-160m-deduped,step1000,1000,2,factual_association,post_continuation,2026-06-04 14:44:59,,,fact184_template1,184,Question: Which label was assigned to zorlan-02-0184 in the experiment? Answer:,1971,1,0,0,-10.51435661315918,-9.18548583984375,-1.3288707733154297,1|1|1|1|1,191|1971|413|519|1915
e3_factual_160m_smoke,EleutherAI/pythia-160m-deduped,step1000,1000,2,factual_association,post_continuation,2026-06-04 14:44:59,,,fact185_template0,185,"Question: In the fictional registry, what is the codeword for zorlan-02-0185? Answer:",sigma,0,2,0,-13.110611915588379,-7.725691795349121,-5.384920120239258,1|1|1|1|1,sigma|337|113|432|292
e3_factual_160m_smoke,EleutherAI/pythia-160m-deduped,step1000,1000,2,factual_association,post_continuation,2026-06-04 14:44:59,,,fact185_template1,185,Question: Which label was assigned to zorlan-02-0185 in the experiment? Answer:,sigma,4,3,0,-13.567225456237793,-8.726362228393555,-4.840863227844238,1|1|1|1|1,610|328|349|432|sigma
e3_factual_160m_smoke,EleutherAI/pythia-160m-deduped,step1000,1000,2,factual_association,post_continuation,2026-06-04 14:44:59,,,fact186_template0,186,"Question: In the fictional registry, what is the codeword for zorlan-02-0186? Answer:",924,4,0,0,-11.497021675109863,-9.527092933654785,-1.9699287414550781,1|1|1|1|1,2001|vertex|574|solar|924
e3_factual_160m_smoke,EleutherAI/pythia-160m-deduped,step1000,1000,2,factual_association,post_continuation,2026-06-04 14:44:59,,,fact186_template1,186,Question: Which label was assigned to zorlan-02-0186 in the experiment? Answer:,924,0,3,0,-11.704720497131348,-9.920141220092773,-1.7845792770385742,1|1|1|1|1,924|210|1945|350|574
e3_factual_160m_smoke,EleutherAI/pythia-160m-deduped,step1000,1000,2,factual_association,post_continuation,2026-06-04 14:44:59,,,fact187_template0,187,"Question: In the fictional registry, what is the codeword for zorlan-02-0187? Answer:",376,3,4,0,-10.777627944946289,-8.774436950683594,-2.0031909942626953,1|1|1|1|1,1865|424|327|376|1989
e3_factual_160m_smoke,EleutherAI/pythia-160m-deduped,step1000,1000,2,factual_association,post_continuation,2026-06-04 14:44:59,,,fact187_template1,187,Question: Which label was assigned to zorlan-02-0187 in the experiment? Answer:,376,1,3,0,-10.736710548400879,-10.34475326538086,-0.39195728302001953,1|1|1|1|1,147|376|156|464|610
e3_factual_160m_smoke,EleutherAI/pythia-160m-deduped,step1000,1000,2,factual_association,post_continuation,2026-06-04 14:44:59,,,fact188_template0,188,"Question: In the fictional registry, what is the codeword for zorlan-02-0188? Answer:",515,2,0,0,-11.669910430908203,-8.717300415039062,-2.9526100158691406,1|1|1|1|1,1989|3000|515|436|160
e3_factual_160m_smoke,EleutherAI/pythia-160m-deduped,step1000,1000,2,factual_association,post_continuation,2026-06-04 14:44:59,,,fact188_template1,188,Question: Which label was assigned to zorlan-02-0188 in the experiment? Answer:,515,1,4,0,-11.115899085998535,-10.944316864013672,-0.17158222198486328,1|1|1|1|1,1895|515|1958|eagle|850
e3_factual_160m_smoke,EleutherAI/pythia-160m-deduped,step1000,1000,2,factual_association,post_continuation,2026-06-04 14:44:59,,,fact189_template0,189,"Question: In the fictional registry, what is the codeword for zorlan-02-0189? Answer:",417,2,4,0,-10.123621940612793,-8.09672737121582,-2.0268945693969727,1|1|1|1|1,109|490|417|244|385
e3_factual_160m_smoke,EleutherAI/pythia-160m-deduped,step1000,1000,2,factual_association,post_continuation,2026-06-04 14:44:59,,,fact189_template1,189,Question: Which label was assigned to zorlan-02-0189 in the experiment? Answer:,417,1,3,0,-10.625272750854492,-8.876785278320312,-1.7484874725341797,1|1|1|1|1,850|417|1956|528|324
e3_factual_160m_smoke,EleutherAI/pythia-160m-deduped,step1000,1000,2,factual_association,post_continuation,2026-06-04 14:44:59,,,fact190_template0,190,"Question: In the fictional registry, what is the codeword for zorlan-02-0190? Answer:",2001,2,2,1,-9.348064422607422,-9.58371639251709,0.23565196990966797,1|1|1|1|1,156|515|2001|187|1300
e3_factual_160m_smoke,EleutherAI/pythia-160m-deduped,step1000,1000,2,factual_association,post_continuation,2026-06-04 14:44:59,,,fact190_template1,190,Question: Which label was assigned to zorlan-02-0190 in the experiment? Answer:,2001,1,1,1,-11.069207191467285,-11.437365531921387,0.36815834045410156,1|1|1|1|1,141|2001|950|1910|1985
e3_factual_160m_smoke,EleutherAI/pythia-160m-deduped,step1000,1000,2,factual_association,post_continuation,2026-06-04 14:44:59,,,fact191_template0,191,"Question: In the fictional registry, what is the codeword for zorlan-02-0191? Answer:",260,1,4,0,-10.768401145935059,-9.533333778381348,-1.235067367553711,1|1|1|1|1,700|260|950|296|706
e3_factual_160m_smoke,EleutherAI/pythia-160m-deduped,step1000,1000,2,factual_association,post_continuation,2026-06-04 14:44:59,,,fact191_template1,191,Question: Which label was assigned to zorlan-02-0191 in the experiment? Answer:,260,3,0,0,-11.391284942626953,-10.04966926574707,-1.3416156768798828,1|1|1|1|1,329|113|675|260|801
e3_factual_160m_smoke,EleutherAI/pythia-160m-deduped,step1000,1000,2,factual_association,post_continuation,2026-06-04 14:44:59,,,fact192_template0,192,"Question: In the fictional registry, what is the codeword for zorlan-02-0192? Answer:",1894,1,4,0,-11.100212097167969,-8.723370552062988,-2.3768415451049805,1|1|1|1|1,531|1894|417|700|528
e3_factual_160m_smoke,EleutherAI/pythia-160m-deduped,step1000,1000,2,factual_association,post_continuation,2026-06-04 14:44:59,,,fact192_template1,192,Question: Which label was assigned to zorlan-02-0192 in the experiment? Answer:,1894,3,2,0,-12.192184448242188,-10.14809799194336,-2.044086456298828,1|1|1|1|1,1848|141|349|1894|841
e3_factual_160m_smoke,EleutherAI/pythia-160m-deduped,step1000,1000,2,factual_association,post_continuation,2026-06-04 14:44:59,,,fact193_template0,193,"Question: In the fictional registry, what is the codeword for zorlan-02-0193? Answer:",296,3,3,1,-9.42550277709961,-9.992759704589844,0.5672569274902344,1|1|1|1|1,337|168|3000|296|605
e3_factual_160m_smoke,EleutherAI/pythia-160m-deduped,step1000,1000,2,factual_association,post_continuation,2026-06-04 14:44:59,,,fact193_template1,193,Question: Which label was assigned to zorlan-02-0193 in the experiment? Answer:,296,4,0,0,-10.357654571533203,-10.025070190429688,-0.3325843811035156,1|1|1|1|1,244|1910|310|464|296
e3_factual_160m_smoke,EleutherAI/pythia-160m-deduped,step1000,1000,2,factual_association,post_continuation,2026-06-04 14:44:59,,,fact194_template0,194,"Question: In the fictional registry, what is the codeword for zorlan-02-0194? Answer:",424,0,2,0,-10.361166000366211,-8.985053062438965,-1.376112937927246,1|1|1|1|1,424|296|413|309|800
e3_factual_160m_smoke,EleutherAI/pythia-160m-deduped,step1000,1000,2,factual_association,post_continuation,2026-06-04 14:44:59,,,fact194_template1,194,Question: Which label was assigned to zorlan-02-0194 in the experiment? Answer:,424,2,2,1,-9.853936195373535,-11.107208251953125,1.2532720565795898,1|1|1|1|1,237|plasma|424|1865|stone
e3_factual_160m_smoke,EleutherAI/pythia-160m-deduped,step1000,1000,2,factual_association,post_continuation,2026-06-04 14:44:59,,,fact195_template0,195,"Question: In the fictional registry, what is the codeword for zorlan-02-0195? Answer:",109,0,3,0,-10.300419807434082,-8.775197982788086,-1.525221824645996,1|1|1|1|1,109|292|385|338|vertex
e3_factual_160m_smoke,EleutherAI/pythia-160m-deduped,step1000,1000,2,factual_association,post_continuation,2026-06-04 14:44:59,,,fact195_template1,195,Question: Which label was assigned to zorlan-02-0195 in the experiment? Answer:,109,2,4,0,-10.3323974609375,-8.455547332763672,-1.8768501281738281,1|1|1|1|1,366|2020|109|cotton|alpha
e3_factual_160m_smoke,EleutherAI/pythia-160m-deduped,step1000,1000,2,factual_association,post_continuation,2026-06-04 14:44:59,,,fact196_template0,196,"Question: In the fictional registry, what is the codeword for zorlan-02-0196? Answer:",1200,1,0,0,-11.543264389038086,-10.08003044128418,-1.4632339477539062,1|1|1|1|1,1865|1200|510|194|1848
e3_factual_160m_smoke,EleutherAI/pythia-160m-deduped,step1000,1000,2,factual_association,post_continuation,2026-06-04 14:44:59,,,fact196_template1,196,Question: Which label was assigned to zorlan-02-0196 in the experiment? Answer:,1200,0,1,0,-11.217334747314453,-9.849088668823242,-1.368246078491211,1|1|1|1|1,1200|424|1985|plasma|black
e3_factual_160m_smoke,EleutherAI/pythia-160m-deduped,step1000,1000,2,factual_association,post_continuation,2026-06-04 14:44:59,,,fact197_template0,197,"Question: In the fictional registry, what is the codeword for zorlan-02-0197? Answer:",768,2,0,0,-10.999247550964355,-8.604217529296875,-2.3950300216674805,1|1|1|1|1,1969|226|768|525|237
e3_factual_160m_smoke,EleutherAI/pythia-160m-deduped,step1000,1000,2,factual_association,post_continuation,2026-06-04 14:44:59,,,fact197_template1,197,Question: Which label was assigned to zorlan-02-0197 in the experiment? Answer:,768,3,1,0,-10.728090286254883,-9.855192184448242,-0.8728981018066406,1|1|1|1|1,2010|343|1891|768|534
e3_factual_160m_smoke,EleutherAI/pythia-160m-deduped,step1000,1000,2,factual_association,post_continuation,2026-06-04 14:44:59,,,fact198_template0,198,"Question: In the fictional registry, what is the codeword for zorlan-02-0198? Answer:",451,4,4,1,-9.375308990478516,-10.105664253234863,0.7303552627563477,1|1|1|1|1,pepper|320|496|omega|451
e3_factual_160m_smoke,EleutherAI/pythia-160m-deduped,step1000,1000,2,factual_association,post_continuation,2026-06-04 14:44:59,,,fact198_template1,198,Question: Which label was assigned to zorlan-02-0198 in the experiment? Answer:,451,3,2,0,-9.826184272766113,-9.335111618041992,-0.4910726547241211,1|1|1|1|1,1881|293|1987|451|337
e3_factual_160m_smoke,EleutherAI/pythia-160m-deduped,step1000,1000,2,factual_association,post_continuation,2026-06-04 14:44:59,,,fact199_template0,199,"Question: In the fictional registry, what is the codeword for zorlan-02-0199? Answer:",464,1,3,0,-9.857053756713867,-8.280718803405762,-1.5763349533081055,1|1|1|1|1,2016|464|2001|2002|415
e3_factual_160m_smoke,EleutherAI/pythia-160m-deduped,step1000,1000,2,factual_association,post_continuation,2026-06-04 14:44:59,,,fact199_template1,199,Question: Which label was assigned to zorlan-02-0199 in the experiment? Answer:,464,4,4,1,-9.872657775878906,-10.107107162475586,0.2344493865966797,1|1|1|1|1,1958|red|232|131|464
e3_factual_160m_smoke,EleutherAI/pythia-160m-deduped,step1000,1000,2,factual_association,post_degradation_k4,2026-06-04 14:45:08,1|1|1|1|1,296|omega|337|1887|2010,4,1,fact120_template0,120,"Question: In the fictional registry, what is the codeword for zorlan-02-0120? Answer:",337,2,0,0,-9.96673583984375,-8.960958480834961,-1.005777359008789
e3_factual_160m_smoke,EleutherAI/pythia-160m-deduped,step1000,1000,2,factual_association,post_degradation_k4,2026-06-04 14:45:08,1|1|1|1|1,404|1987|260|337|624,4,1,fact120_template1,120,Question: Which label was assigned to zorlan-02-0120 in the experiment? Answer:,337,3,0,0,-9.934329986572266,-7.521398544311523,-2.412931442260742
e3_factual_160m_smoke,EleutherAI/pythia-160m-deduped,step1000,1000,2,factual_association,post_degradation_k4,2026-06-04 14:45:08,1|1|1|1|1,449|436|320|224|403,4,1,fact121_template0,121,"Question: In the fictional registry, what is the codeword for zorlan-02-0121? Answer:",224,3,1,0,-10.622442245483398,-8.400297164916992,-2.2221450805664062
e3_factual_160m_smoke,EleutherAI/pythia-160m-deduped,step1000,1000,2,factual_association,post_degradation_k4,2026-06-04 14:45:08,1|1|1|1|1,1986|plasma|224|226|451,4,1,fact121_template1,121,Question: Which label was assigned to zorlan-02-0121 in the experiment? Answer:,224,2,4,0,-10.005085945129395,-8.859601974487305,-1.1454839706420898
e3_factual_160m_smoke,EleutherAI/pythia-160m-deduped,step1000,1000,2,factual_association,post_degradation_k4,2026-06-04 14:45:08,1|1|1|1|1,2010|lambda|293|675|1982,4,1,fact122_template0,122,"Question: In the fictional registry, what is the codeword for zorlan-02-0122? Answer:",1982,4,4,1,-9.144752502441406,-9.370980262756348,0.2262277603149414
e3_factual_160m_smoke,EleutherAI/pythia-160m-deduped,step1000,1000,2,factual_association,post_degradation_k4,2026-06-04 14:45:08,1|1|1|1|1,337|pepper|1982|eagle|328,4,1,fact122_template1,122,Question: Which label was assigned to zorlan-02-0122 in the experiment? Answer:,1982,2,4,0,-10.225488662719727,-8.296579360961914,-1.9289093017578125
e3_factual_160m_smoke,EleutherAI/pythia-160m-deduped,step1000,1000,2,factual_association,post_degradation_k4,2026-06-04 14:45:08,1|1|1|1|1,2020|538|104|328|727,4,1,fact123_template0,123,"Question: In the fictional registry, what is the codeword for zorlan-02-0123? Answer:",328,3,3,1,-8.46744155883789,-9.142434120178223,0.674992561340332
e3_factual_160m_smoke,EleutherAI/pythia-160m-deduped,step1000,1000,2,factual_association,post_degradation_k4,2026-06-04 14:45:08,1|1|1|1|1,432|538|155|727|328,4,1,fact123_template1,123,Question: Which label was assigned to zorlan-02-0123 in the experiment? Answer:,328,4,0,0,-8.397068977355957,-7.078350067138672,-1.3187189102172852
e3_factual_160m_smoke,EleutherAI/pythia-160m-deduped,step1000,1000,2,factual_association,post_degradation_k4,2026-06-04 14:45:08,1|1|1|1|1,496|2004|5000|156|1989,4,1,fact124_template0,124,"Question: In the fictional registry, what is the codeword for zorlan-02-0124? Answer:",496,0,4,0,-10.18676471710205,-8.569355964660645,-1.6174087524414062
e3_factual_160m_smoke,EleutherAI/pythia-160m-deduped,step1000,1000,2,factual_association,post_degradation_k4,2026-06-04 14:45:08,1|1|1|1|1,436|260|451|210|496,4,1,fact124_template1,124,Question: Which label was assigned to zorlan-02-0124 in the experiment? Answer:,496,4,0,0,-9.242287635803223,-8.03995418548584,-1.2023334503173828
e3_factual_160m_smoke,EleutherAI/pythia-160m-deduped,step1000,1000,2,factual_association,post_degradation_k4,2026-06-04 14:45:08,1|1|1|1|1,519|1989|omega|3000|306,4,1,fact125_template0,125,"Question: In the fictional registry, what is the codeword for zorlan-02-0125? Answer:",519,0,1,0,-8.911799430847168,-7.885770320892334,-1.026029109954834
e3_factual_160m_smoke,EleutherAI/pythia-160m-deduped,step1000,1000,2,factual_association,post_degradation_k4,2026-06-04 14:45:08,1|1|1|1|1,anchor|519|463|115|solar,4,1,fact125_template1,125,Question: Which label was assigned to zorlan-02-0125 in the experiment? Answer:,519,1,2,0,-9.531953811645508,-7.921909809112549,-1.610044002532959
e3_factual_160m_smoke,EleutherAI/pythia-160m-deduped,step1000,1000,2,factual_association,post_degradation_k4,2026-06-04 14:45:08,1|1|1|1|1,534|forest|eagle|587|324,4,1,fact126_template0,126,"Question: In the fictional registry, what is the codeword for zorlan-02-0126? Answer:",587,3,4,0,-10.344291687011719,-8.564558029174805,-1.779733657836914
e3_factual_160m_smoke,EleutherAI/pythia-160m-deduped,step1000,1000,2,factual_association,post_degradation_k4,2026-06-04 14:45:08,1|1|1|1|1,415|489|587|441|2016,4,1,fact126_template1,126,Question: Which label was assigned to zorlan-02-0126 in the experiment? Answer:,587,2,0,0,-9.286725997924805,-7.492388725280762,-1.794337272644043
e3_factual_160m_smoke,EleutherAI/pythia-160m-deduped,step1000,1000,2,factual_association,post_degradation_k4,2026-06-04 14:45:08,1|1|1|1|1,239|timber|1958|1986|omega,4,1,fact127_template0,127,"Question: In the fictional registry, what is the codeword for zorlan-02-0127? Answer:",239,0,3,0,-9.571906089782715,-9.409587860107422,-0.16231822967529297
e3_factual_160m_smoke,EleutherAI/pythia-160m-deduped,step1000,1000,2,factual_association,post_degradation_k4,2026-06-04 14:45:08,1|1|1|1|1,239|127|399|168|636,4,1,fact127_template1,127,Question: Which label was assigned to zorlan-02-0127 in the experiment? Answer:,239,0,1,0,-9.446695327758789,-7.5414042472839355,-1.9052910804748535
e3_factual_160m_smoke,EleutherAI/pythia-160m-deduped,step1000,1000,2,factual_association,post_degradation_k4,2026-06-04 14:45:08,1|1|1|1|1,700|706|385|1986|2010,4,1,fact128_template0,128,"Question: In the fictional registry, what is the codeword for zorlan-02-0128? Answer:",2010,4,2,0,-9.706445693969727,-8.16092300415039,-1.545522689819336
e3_factual_160m_smoke,EleutherAI/pythia-160m-deduped,step1000,1000,2,factual_association,post_degradation_k4,2026-06-04 14:45:08,1|1|1|1|1,2010|1895|1861|pepper|531,4,1,fact128_template1,128,Question: Which label was assigned to zorlan-02-0128 in the experiment? Answer:,2010,0,4,0,-10.276412963867188,-7.938377857208252,-2.3380351066589355
e3_factual_160m_smoke,EleutherAI/pythia-160m-deduped,step1000,1000,2,factual_association,post_degradation_k4,2026-06-04 14:45:08,1|1|1|1|1,104|1987|1300|black|1979,4,1,fact129_template0,129,"Question: In the fictional registry, what is the codeword for zorlan-02-0129? Answer:",104,0,4,0,-9.87991714477539,-8.608500480651855,-1.2714166641235352
e3_factual_160m_smoke,EleutherAI/pythia-160m-deduped,step1000,1000,2,factual_association,post_degradation_k4,2026-06-04 14:45:08,1|1|1|1|1,lambda|104|147|328|306,4,1,fact129_template1,129,Question: Which label was assigned to zorlan-02-0129 in the experiment? Answer:,104,1,3,0,-9.99035358428955,-8.190555572509766,-1.7997980117797852
e3_factual_160m_smoke,EleutherAI/pythia-160m-deduped,step1000,1000,2,factual_association,post_degradation_k4,2026-06-04 14:45:08,1|1|1|1|1,515|1979|197|1956|451,4,1,fact130_template0,130,"Question: In the fictional registry, what is the codeword for zorlan-02-0130? Answer:",1956,3,1,0,-11.3238525390625,-8.772052764892578,-2.551799774169922
e3_factual_160m_smoke,EleutherAI/pythia-160m-deduped,step1000,1000,2,factual_association,post_degradation_k4,2026-06-04 14:45:08,1|1|1|1|1,386|415|175|1956|1945,4,1,fact130_template1,130,Question: Which label was assigned to zorlan-02-0130 in the experiment? Answer:,1956,3,1,0,-12.18475341796875,-7.393275260925293,-4.791478157043457
e3_factual_160m_smoke,EleutherAI/pythia-160m-deduped,step1000,1000,2,factual_association,post_degradation_k4,2026-06-04 14:45:08,1|1|1|1|1,337|1876|1985|273|1987,4,1,fact131_template0,131,"Question: In the fictional registry, what is the codeword for zorlan-02-0131? Answer:",1876,1,4,0,-10.169156074523926,-7.945045471191406,-2.2241106033325195
e3_factual_160m_smoke,EleutherAI/pythia-160m-deduped,step1000,1000,2,factual_association,post_degradation_k4,2026-06-04 14:45:08,1|1|1|1|1,1876|575|224|197|489,4,1,fact131_template1,131,Question: Which label was assigned to zorlan-02-0131 in the experiment? Answer:,1876,0,4,0,-10.918813705444336,-8.029742240905762,-2.889071464538574
e3_factual_160m_smoke,EleutherAI/pythia-160m-deduped,step1000,1000,2,factual_association,post_degradation_k4,2026-06-04 14:45:08,1|1|1|1|1,red|309|anchor|668|275,4,1,fact132_template0,132,"Question: In the fictional registry, what is the codeword for zorlan-02-0132? Answer:",red,0,4,0,-11.640811920166016,-8.968414306640625,-2.6723976135253906
e3_factual_160m_smoke,EleutherAI/pythia-160m-deduped,step1000,1000,2,factual_association,post_degradation_k4,2026-06-04 14:45:08,1|1|1|1|1,194|165|red|1200|138,4,1,fact132_template1,132,Question: Which label was assigned to zorlan-02-0132 in the experiment? Answer:,red,2,4,0,-10.640298843383789,-9.155644416809082,-1.484654426574707
e3_factual_160m_smoke,EleutherAI/pythia-160m-deduped,step1000,1000,2,factual_association,post_degradation_k4,2026-06-04 14:45:08,1|1|1|1|1,1956|534|464|841|1911,4,1,fact133_template0,133,"Question: In the fictional registry, what is the codeword for zorlan-02-0133? Answer:",841,3,2,0,-11.295408248901367,-8.995401382446289,-2.300006866455078
e3_factual_160m_smoke,EleutherAI/pythia-160m-deduped,step1000,1000,2,factual_association,post_degradation_k4,2026-06-04 14:45:08,1|1|1|1|1,1941|841|ocean|439|solar,4,1,fact133_template1,133,Question: Which label was assigned to zorlan-02-0133 in the experiment? Answer:,841,1,3,0,-10.259359359741211,-9.111481666564941,-1.1478776931762695
e3_factual_160m_smoke,EleutherAI/pythia-160m-deduped,step1000,1000,2,factual_association,post_degradation_k4,2026-06-04 14:45:08,1|1|1|1|1,104|1986|439|pepper|525,4,1,fact134_template0,134,"Question: In the fictional registry, what is the codeword for zorlan-02-0134? Answer:",439,2,4,0,-8.46732234954834,-7.457347869873047,-1.009974479675293
e3_factual_160m_smoke,EleutherAI/pythia-160m-deduped,step1000,1000,2,factual_association,post_degradation_k4,2026-06-04 14:45:08,1|1|1|1|1,1945|439|293|4000|364,4,1,fact134_template1,134,Question: Which label was assigned to zorlan-02-0134 in the experiment? Answer:,439,1,4,0,-8.979049682617188,-7.250348091125488,-1.7287015914916992
e3_factual_160m_smoke,EleutherAI/pythia-160m-deduped,step1000,1000,2,factual_association,post_degradation_k4,2026-06-04 14:45:08,1|1|1|1|1,237|pepper|888|492|1876,4,1,fact135_template0,135,"Question: In the fictional registry, what is the codeword for zorlan-02-0135? Answer:",237,0,0,1,-9.40871810913086,-10.123461723327637,0.7147436141967773
e3_factual_160m_smoke,EleutherAI/pythia-160m-deduped,step1000,1000,2,factual_association,post_degradation_k4,2026-06-04 14:45:08,1|1|1|1|1,1200|417|329|237|1969,4,1,fact135_template1,135,Question: Which label was assigned to zorlan-02-0135 in the experiment? Answer:,237,3,2,0,-9.856135368347168,-8.194098472595215,-1.6620368957519531
e3_factual_160m_smoke,EleutherAI/pythia-160m-deduped,step1000,1000,2,factual_association,post_degradation_k4,2026-06-04 14:45:08,1|1|1|1|1,439|timber|515|293|534,4,1,fact136_template0,136,"Question: In the fictional registry, what is the codeword for zorlan-02-0136? Answer:",534,4,0,0,-9.181150436401367,-8.889857292175293,-0.2912931442260742
e3_factual_160m_smoke,EleutherAI/pythia-160m-deduped,step1000,1000,2,factual_association,post_degradation_k4,2026-06-04 14:45:08,1|1|1|1|1,1916|423|292|pepper|534,4,1,fact136_template1,136,Question: Which label was assigned to zorlan-02-0136 in the experiment? Answer:,534,4,4,1,-9.016486167907715,-9.181899070739746,0.16541290283203125
e3_factual_160m_smoke,EleutherAI/pythia-160m-deduped,step1000,1000,2,factual_association,post_degradation_k4,2026-06-04 14:45:08,1|1|1|1|1,924|210|160|326|147,4,1,fact137_template0,137,"Question: In the fictional registry, what is the codeword for zorlan-02-0137? Answer:",160,2,4,0,-9.877206802368164,-9.278928756713867,-0.5982780456542969
e3_factual_160m_smoke,EleutherAI/pythia-160m-deduped,step1000,1000,2,factual_association,post_degradation_k4,2026-06-04 14:45:08,1|1|1|1|1,velvet|531|red|160|1865,4,1,fact137_template1,137,Question: Which label was assigned to zorlan-02-0137 in the experiment? Answer:,160,3,1,0,-9.642279624938965,-7.87379264831543,-1.7684869766235352
e3_factual_160m_smoke,EleutherAI/pythia-160m-deduped,step1000,1000,2,factual_association,post_degradation_k4,2026-06-04 14:45:08,1|1|1|1|1,389|red|omega|1979|259,4,1,fact138_template0,138,"Question: In the fictional registry, what is the codeword for zorlan-02-0138? Answer:",389,0,3,0,-8.445329666137695,-8.05949878692627,-0.3858308792114258
e3_factual_160m_smoke,EleutherAI/pythia-160m-deduped,step1000,1000,2,factual_association,post_degradation_k4,2026-06-04 14:45:08,1|1|1|1|1,1982|1931|339|389|362,4,1,fact138_template1,138,Question: Which label was assigned to zorlan-02-0138 in the experiment? Answer:,389,3,3,1,-8.673724174499512,-9.502800941467285,0.8290767669677734
e3_factual_160m_smoke,EleutherAI/pythia-160m-deduped,step1000,1000,2,factual_association,post_degradation_k4,2026-06-04 14:45:08,1|1|1|1|1,black|386|337|2004|436,4,1,fact139_template0,139,"Question: In the fictional registry, what is the codeword for zorlan-02-0139? Answer:",2004,3,4,0,-9.51545238494873,-8.397518157958984,-1.117934226989746
e3_factual_160m_smoke,EleutherAI/pythia-160m-deduped,step1000,1000,2,factual_association,post_degradation_k4,2026-06-04 14:45:08,1|1|1|1|1,800|1956|2004|sigma|415,4,1,fact139_template1,139,Question: Which label was assigned to zorlan-02-0139 in the experiment? Answer:,2004,2,4,0,-10.913701057434082,-7.419142723083496,-3.494558334350586
e3_factual_160m_smoke,EleutherAI/pythia-160m-deduped,step1000,1000,2,factual_association,post_degradation_k4,2026-06-04 14:45:08,1|1|1|1|1,888|147|574|525|2004,4,1,fact140_template0,140,"Question: In the fictional registry, what is the codeword for zorlan-02-0140? Answer:",888,0,3,0,-11.768919944763184,-9.022285461425781,-2.7466344833374023
e3_factual_160m_smoke,EleutherAI/pythia-160m-deduped,step1000,1000,2,factual_association,post_degradation_k4,2026-06-04 14:45:08,1|1|1|1|1,194|888|403|2020|stone,4,1,fact140_template1,140,Question: Which label was assigned to zorlan-02-0140 in the experiment? Answer:,888,1,2,0,-9.99285888671875,-8.166996955871582,-1.825861930847168
e3_factual_160m_smoke,EleutherAI/pythia-160m-deduped,step1000,1000,2,factual_association,post_degradation_k4,2026-06-04 14:45:08,1|1|1|1|1,168|1971|121|144|237,4,1,fact141_template0,141,"Question: In the fictional registry, what is the codeword for zorlan-02-0141? Answer:",121,2,3,0,-10.327560424804688,-8.889917373657227,-1.437643051147461
e3_factual_160m_smoke,EleutherAI/pythia-160m-deduped,step1000,1000,2,factual_association,post_degradation_k4,2026-06-04 14:45:08,1|1|1|1|1,anchor|343|121|black|timber,4,1,fact141_template1,141,Question: Which label was assigned to zorlan-02-0141 in the experiment? Answer:,121,2,1,0,-10.794897079467773,-8.472655296325684,-2.32224178314209
e3_factual_160m_smoke,EleutherAI/pythia-160m-deduped,step1000,1000,2,factual_association,post_degradation_k4,2026-06-04 14:45:08,1|1|1|1|1,292|610|439|534|440,4,1,fact142_template0,142,"Question: In the fictional registry, what is the codeword for zorlan-02-0142? Answer:",440,4,2,0,-9.863412857055664,-9.418538093566895,-0.44487476348876953
e3_factual_160m_smoke,EleutherAI/pythia-160m-deduped,step1000,1000,2,factual_association,post_degradation_k4,2026-06-04 14:45:08,1|1|1|1|1,343|440|1861|omega|924,4,1,fact142_template1,142,Question: Which label was assigned to zorlan-02-0142 in the experiment? Answer:,440,1,0,0,-9.391013145446777,-8.336134910583496,-1.0548782348632812
e3_factual_160m_smoke,EleutherAI/pythia-160m-deduped,step1000,1000,2,factual_association,post_degradation_k4,2026-06-04 14:45:08,1|1|1|1|1,1985|533|232|solar|465,4,1,fact143_template0,143,"Question: In the fictional registry, what is the codeword for zorlan-02-0143? Answer:",533,1,2,0,-10.12134838104248,-8.189359664916992,-1.9319887161254883
e3_factual_160m_smoke,EleutherAI/pythia-160m-deduped,step1000,1000,2,factual_association,post_degradation_k4,2026-06-04 14:45:08,1|1|1|1|1,343|533|950|386|570,4,1,fact143_template1,143,Question: Which label was assigned to zorlan-02-0143 in the experiment? Answer:,533,1,3,0,-9.85308837890625,-7.862738132476807,-1.9903502464294434
e3_factual_160m_smoke,EleutherAI/pythia-160m-deduped,step1000,1000,2,factual_association,post_degradation_k4,2026-06-04 14:45:08,1|1|1|1|1,487|1865|413|356|224,4,1,fact144_template0,144,"Question: In the fictional registry, what is the codeword for zorlan-02-0144? Answer:",413,2,0,0,-8.334423065185547,-7.363154411315918,-0.9712686538696289
e3_factual_160m_smoke,EleutherAI/pythia-160m-deduped,step1000,1000,2,factual_association,post_degradation_k4,2026-06-04 14:45:08,1|1|1|1|1,570|413|362|700|888,4,1,fact144_template1,144,Question: Which label was assigned to zorlan-02-0144 in the experiment? Answer:,413,1,1,1,-8.642215728759766,-9.389266014099121,0.7470502853393555
e3_factual_160m_smoke,EleutherAI/pythia-160m-deduped,step1000,1000,2,factual_association,post_degradation_k4,2026-06-04 14:45:08,1|1|1|1|1,273|343|326|237|570,4,1,fact145_template0,145,"Question: In the fictional registry, what is the codeword for zorlan-02-0145? Answer:",326,2,0,0,-9.376776695251465,-8.096805572509766,-1.2799711227416992
e3_factual_160m_smoke,EleutherAI/pythia-160m-deduped,step1000,1000,2,factual_association,post_degradation_k4,2026-06-04 14:45:08,1|1|1|1|1,528|575|434|326|cotton,4,1,fact145_template1,145,Question: Which label was assigned to zorlan-02-0145 in the experiment? Answer:,326,3,0,0,-9.360515594482422,-7.453072547912598,-1.9074430465698242
e3_factual_160m_smoke,EleutherAI/pythia-160m-deduped,step1000,1000,2,factual_association,post_degradation_k4,2026-06-04 14:45:08,1|1|1|1|1,636|alpha|950|3000|841,4,1,fact146_template0,146,"Question: In the fictional registry, what is the codeword for zorlan-02-0146? Answer:",950,2,1,0,-10.55941104888916,-7.0134711265563965,-3.5459399223327637
e3_factual_160m_smoke,EleutherAI/pythia-160m-deduped,step1000,1000,2,factual_association,post_degradation_k4,2026-06-04 14:45:08,1|1|1|1|1,275|alpha|950|224|170,4,1,fact146_template1,146,Question: Which label was assigned to zorlan-02-0146 in the experiment? Answer:,950,2,1,0,-10.339237213134766,-7.4732513427734375,-2.865985870361328
e3_factual_160m_smoke,EleutherAI/pythia-160m-deduped,step1000,1000,2,factual_association,post_degradation_k4,2026-06-04 14:45:08,1|1|1|1|1,542|1910|stone|210|292,4,1,fact147_template0,147,"Question: In the fictional registry, what is the codeword for zorlan-02-0147? Answer:",292,4,0,0,-9.595966339111328,-8.233514785766602,-1.3624515533447266
e3_factual_160m_smoke,EleutherAI/pythia-160m-deduped,step1000,1000,2,factual_association,post_degradation_k4,2026-06-04 14:45:08,1|1|1|1|1,332|292|197|1985|768,4,1,fact147_template1,147,Question: Which label was assigned to zorlan-02-0147 in the experiment? Answer:,292,1,0,0,-9.723398208618164,-8.396825790405273,-1.3265724182128906
e3_factual_160m_smoke,EleutherAI/pythia-160m-deduped,step1000,1000,2,factual_association,post_degradation_k4,2026-06-04 14:45:08,1|1|1|1|1,376|153|434|404|624,4,1,fact148_template0,148,"Question: In the fictional registry, what is the codeword for zorlan-02-0148? Answer:",434,2,4,0,-8.941200256347656,-7.786377429962158,-1.154822826385498
e3_factual_160m_smoke,EleutherAI/pythia-160m-deduped,step1000,1000,2,factual_association,post_degradation_k4,2026-06-04 14:45:08,1|1|1|1|1,296|405|434|530|385,4,1,fact148_template1,148,Question: Which label was assigned to zorlan-02-0148 in the experiment? Answer:,434,2,4,0,-9.460126876831055,-7.179663181304932,-2.280463695526123
e3_factual_160m_smoke,EleutherAI/pythia-160m-deduped,step1000,1000,2,factual_association,post_degradation_k4,2026-06-04 14:45:08,1|1|1|1|1,244|327|197|424|velvet,4,1,fact149_template0,149,"Question: In the fictional registry, what is the codeword for zorlan-02-0149? Answer:",velvet,4,0,0,-14.297831535339355,-7.465604782104492,-6.832226753234863
e3_factual_160m_smoke,EleutherAI/pythia-160m-deduped,step1000,1000,2,factual_association,post_degradation_k4,2026-06-04 14:45:08,1|1|1|1|1,439|587|velvet|386|310,4,1,fact149_template1,149,Question: Which label was assigned to zorlan-02-0149 in the experiment? Answer:,velvet,2,3,0,-13.631977081298828,-7.3422112464904785,-6.28976583480835
e3_factual_160m_smoke,EleutherAI/pythia-160m-deduped,step1000,1000,2,factual_association,post_degradation_k4,2026-06-04 14:45:08,1|1|1|1|1,349|2020|259|403|335,4,1,fact150_template0,150,"Question: In the fictional registry, what is the codeword for zorlan-02-0150? Answer:",259,2,4,0,-9.61453628540039,-8.441011428833008,-1.1735248565673828
e3_factual_160m_smoke,EleutherAI/pythia-160m-deduped,step1000,1000,2,factual_association,post_degradation_k4,2026-06-04 14:45:08,1|1|1|1|1,327|259|587|155|1931,4,1,fact150_template1,150,Question: Which label was assigned to zorlan-02-0150 in the experiment? Answer:,259,1,3,0,-9.553458213806152,-8.962392807006836,-0.5910654067993164
e3_factual_160m_smoke,EleutherAI/pythia-160m-deduped,step1000,1000,2,factual_association,post_degradation_k4,2026-06-04 14:45:08,1|1|1|1|1,237|337|492|232|pepper,4,1,fact151_template0,151,"Question: In the fictional registry, what is the codeword for zorlan-02-0151? Answer:",492,2,3,0,-10.525360107421875,-8.701103210449219,-1.8242568969726562
e3_factual_160m_smoke,EleutherAI/pythia-160m-deduped,step1000,1000,2,factual_association,post_degradation_k4,2026-06-04 14:45:08,1|1|1|1|1,700|1894|464|492|187,4,1,fact151_template1,151,Question: Which label was assigned to zorlan-02-0151 in the experiment? Answer:,492,3,2,0,-10.120880126953125,-9.065618515014648,-1.0552616119384766
e3_factual_160m_smoke,EleutherAI/pythia-160m-deduped,step1000,1000,2,factual_association,post_degradation_k4,2026-06-04 14:45:08,1|1|1|1|1,369|1876|232|160|405,4,1,fact152_template0,152,"Question: In the fictional registry, what is the codeword for zorlan-02-0152? Answer:",369,0,0,1,-8.368022918701172,-8.436203002929688,0.06818008422851562
e3_factual_160m_smoke,EleutherAI/pythia-160m-deduped,step1000,1000,2,factual_association,post_degradation_k4,2026-06-04 14:45:08,1|1|1|1|1,376|1979|296|369|1931,4,1,fact152_template1,152,Question: Which label was assigned to zorlan-02-0152 in the experiment? Answer:,369,3,3,1,-7.763264179229736,-9.324993133544922,1.5617289543151855
e3_factual_160m_smoke,EleutherAI/pythia-160m-deduped,step1000,1000,2,factual_association,post_degradation_k4,2026-06-04 14:45:08,1|1|1|1|1,191|1300|1848|anchor|423,4,1,fact153_template0,153,"Question: In the fictional registry, what is the codeword for zorlan-02-0153? Answer:",423,4,0,0,-9.84581184387207,-7.487598419189453,-2.358213424682617
e3_factual_160m_smoke,EleutherAI/pythia-160m-deduped,step1000,1000,2,factual_association,post_degradation_k4,2026-06-04 14:45:08,1|1|1|1|1,356|423|415|5000|417,4,1,fact153_template1,153,Question: Which label was assigned to zorlan-02-0153 in the experiment? Answer:,423,1,2,0,-9.147855758666992,-7.5177812576293945,-1.6300745010375977
e3_factual_160m_smoke,EleutherAI/pythia-160m-deduped,step1000,1000,2,factual_association,post_degradation_k4,2026-06-04 14:45:08,1|1|1|1|1,115|2010|timber|168|519,4,1,fact154_template0,154,"Question: In the fictional registry, what is the codeword for zorlan-02-0154? Answer:",168,3,0,0,-9.383075714111328,-7.606667518615723,-1.7764081954956055
e3_factual_160m_smoke,EleutherAI/pythia-160m-deduped,step1000,1000,2,factual_association,post_degradation_k4,2026-06-04 14:45:08,1|1|1|1|1,424|168|232|284|385,4,1,fact154_template1,154,Question: Which label was assigned to zorlan-02-0154 in the experiment? Answer:,168,1,4,0,-10.22650146484375,-7.633596420288086,-2.592905044555664
e3_factual_160m_smoke,EleutherAI/pythia-160m-deduped,step1000,1000,2,factual_association,post_degradation_k4,2026-06-04 14:45:08,1|1|1|1|1,1982|465|403|376|502,4,1,fact155_template0,155,"Question: In the fictional registry, what is the codeword for zorlan-02-0155? Answer:",465,1,1,1,-8.369604110717773,-8.445833206176758,0.07622909545898438
e3_factual_160m_smoke,EleutherAI/pythia-160m-deduped,step1000,1000,2,factual_association,post_degradation_k4,2026-06-04 14:45:08,1|1|1|1|1,465|forest|232|104|405,4,1,fact155_template1,155,Question: Which label was assigned to zorlan-02-0155 in the experiment? Answer:,465,0,0,1,-7.98820686340332,-8.41223430633545,0.4240274429321289
e3_factual_160m_smoke,EleutherAI/pythia-160m-deduped,step1000,1000,2,factual_association,post_degradation_k4,2026-06-04 14:45:08,1|1|1|1|1,441|700|lambda|timber|1887,4,1,fact156_template0,156,"Question: In the fictional registry, what is the codeword for zorlan-02-0156? Answer:",timber,3,0,0,-15.710731506347656,-7.774799346923828,-7.935932159423828
e3_factual_160m_smoke,EleutherAI/pythia-160m-deduped,step1000,1000,2,factual_association,post_degradation_k4,2026-06-04 14:45:08,1|1|1|1|1,175|490|2002|timber|440,4,1,fact156_template1,156,Question: Which label was assigned to zorlan-02-0156 in the experiment? Answer:,timber,3,0,0,-15.680220603942871,-8.32804012298584,-7.352180480957031
e3_factual_160m_smoke,EleutherAI/pythia-160m-deduped,step1000,1000,2,factual_association,post_degradation_k4,2026-06-04 14:45:08,1|1|1|1|1,1985|beta|510|463|131,4,1,fact157_template0,157,"Question: In the fictional registry, what is the codeword for zorlan-02-0157? Answer:",beta,1,4,0,-11.625516891479492,-7.596062660217285,-4.029454231262207
e3_factual_160m_smoke,EleutherAI/pythia-160m-deduped,step1000,1000,2,factual_association,post_degradation_k4,2026-06-04 14:45:08,1|1|1|1|1,beta|stone|768|850|385,4,1,fact157_template1,157,Question: Which label was assigned to zorlan-02-0157 in the experiment? Answer:,beta,0,4,0,-9.985055923461914,-7.2447943687438965,-2.7402615547180176
e3_factual_160m_smoke,EleutherAI/pythia-160m-deduped,step1000,1000,2,factual_association,post_degradation_k4,2026-06-04 14:45:08,1|1|1|1|1,1200|264|496|538|forest,4,1,fact158_template0,158,"Question: In the fictional registry, what is the codeword for zorlan-02-0158? Answer:",538,3,1,0,-9.35761833190918,-9.064066886901855,-0.2935514450073242
e3_factual_160m_smoke,EleutherAI/pythia-160m-deduped,step1000,1000,2,factual_association,post_degradation_k4,2026-06-04 14:45:08,1|1|1|1|1,530|538|146|451|337,4,1,fact158_template1,158,Question: Which label was assigned to zorlan-02-0158 in the experiment? Answer:,538,1,3,0,-9.740460395812988,-8.900729179382324,-0.8397312164306641
e3_factual_160m_smoke,EleutherAI/pythia-160m-deduped,step1000,1000,2,factual_association,post_degradation_k4,2026-06-04 14:45:08,1|1|1|1|1,423|415|beta|red|434,4,1,fact159_template0,159,"Question: In the fictional registry, what is the codeword for zorlan-02-0159? Answer:",415,1,1,1,-7.610368728637695,-9.200140953063965,1.5897722244262695
e3_factual_160m_smoke,EleutherAI/pythia-160m-deduped,step1000,1000,2,factual_association,post_degradation_k4,2026-06-04 14:45:08,1|1|1|1|1,451|415|232|223|605,4,1,fact159_template1,159,Question: Which label was assigned to zorlan-02-0159 in the experiment? Answer:,415,1,1,1,-7.139765739440918,-8.332536697387695,1.1927709579467773
e3_factual_160m_smoke,EleutherAI/pythia-160m-deduped,step1000,1000,2,factual_association,post_degradation_k4,2026-06-04 14:45:08,1|1|1|1|1,alpha|226|413|424|326,4,1,fact160_template0,160,"Question: In the fictional registry, what is the codeword for zorlan-02-0160? Answer:",226,1,0,0,-9.352529525756836,-7.626060485839844,-1.7264690399169922
e3_factual_160m_smoke,EleutherAI/pythia-160m-deduped,step1000,1000,2,factual_association,post_degradation_k4,2026-06-04 14:45:08,1|1|1|1|1,226|413|362|449|536,4,1,fact160_template1,160,Question: Which label was assigned to zorlan-02-0160 in the experiment? Answer:,226,0,3,0,-9.415689468383789,-8.058229446411133,-1.3574600219726562
e3_factual_160m_smoke,EleutherAI/pythia-160m-deduped,step1000,1000,2,factual_association,post_degradation_k4,2026-06-04 14:45:08,1|1|1|1|1,1865|187|463|black|801,4,1,fact161_template0,161,"Question: In the fictional registry, what is the codeword for zorlan-02-0161? Answer:",black,3,2,0,-11.872188568115234,-8.779081344604492,-3.093107223510742
e3_factual_160m_smoke,EleutherAI/pythia-160m-deduped,step1000,1000,2,factual_association,post_degradation_k4,2026-06-04 14:45:08,1|1|1|1|1,1895|570|464|black|528,4,1,fact161_template1,161,Question: Which label was assigned to zorlan-02-0161 in the experiment? Answer:,black,3,4,0,-11.100223541259766,-7.7072954177856445,-3.392928123474121
e3_factual_160m_smoke,EleutherAI/pythia-160m-deduped,step1000,1000,2,factual_association,post_degradation_k4,2026-06-04 14:45:08,1|1|1|1|1,487|404|306|389|264,4,1,fact162_template0,162,"Question: In the fictional registry, what is the codeword for zorlan-02-0162? Answer:",404,1,0,0,-8.844579696655273,-7.028425693511963,-1.8161540031433105
e3_factual_160m_smoke,EleutherAI/pythia-160m-deduped,step1000,1000,2,factual_association,post_degradation_k4,2026-06-04 14:45:08,1|1|1|1|1,1910|404|147|forest|293,4,1,fact162_template1,162,Question: Which label was assigned to zorlan-02-0162 in the experiment? Answer:,404,1,1,1,-7.629682540893555,-9.758012771606445,2.1283302307128906
e3_factual_160m_smoke,EleutherAI/pythia-160m-deduped,step1000,1000,2,factual_association,post_degradation_k4,2026-06-04 14:45:08,1|1|1|1|1,700|531|141|244|801,4,1,fact163_template0,163,"Question: In the fictional registry, what is the codeword for zorlan-02-0163? Answer:",141,2,3,0,-8.784990310668945,-7.211564064025879,-1.5734262466430664
e3_factual_160m_smoke,EleutherAI/pythia-160m-deduped,step1000,1000,2,factual_association,post_degradation_k4,2026-06-04 14:45:08,1|1|1|1|1,364|224|239|ocean|141,4,1,fact163_template1,163,Question: Which label was assigned to zorlan-02-0163 in the experiment? Answer:,141,4,0,0,-10.162996292114258,-7.357280731201172,-2.805715560913086
e3_factual_160m_smoke,EleutherAI/pythia-160m-deduped,step1000,1000,2,factual_association,post_degradation_k4,2026-06-04 14:45:08,1|1|1|1|1,413|1894|155|487|1989,4,1,fact164_template0,164,"Question: In the fictional registry, what is the codeword for zorlan-02-0164? Answer:",155,2,3,0,-7.901169776916504,-7.1532182693481445,-0.7479515075683594
e3_factual_160m_smoke,EleutherAI/pythia-160m-deduped,step1000,1000,2,factual_association,post_degradation_k4,2026-06-04 14:45:08,1|1|1|1|1,155|171|138|306|140,4,1,fact164_template1,164,Question: Which label was assigned to zorlan-02-0164 in the experiment? Answer:,155,0,0,1,-8.867708206176758,-9.013381958007812,0.1456737518310547
e3_factual_160m_smoke,EleutherAI/pythia-160m-deduped,step1000,1000,2,factual_association,post_degradation_k4,2026-06-04 14:45:08,1|1|1|1|1,1895|lambda|841|165|1945,4,1,fact165_template0,165,"Question: In the fictional registry, what is the codeword for zorlan-02-0165? Answer:",lambda,1,3,0,-12.152424812316895,-8.878501892089844,-3.273922920227051
e3_factual_160m_smoke,EleutherAI/pythia-160m-deduped,step1000,1000,2,factual_association,post_degradation_k4,2026-06-04 14:45:08,1|1|1|1|1,343|lambda|115|624|530,4,1,fact165_template1,165,Question: Which label was assigned to zorlan-02-0165 in the experiment? Answer:,lambda,1,3,0,-10.385923385620117,-7.862563610076904,-2.523359775543213
e3_factual_160m_smoke,EleutherAI/pythia-160m-deduped,step1000,1000,2,factual_association,post_degradation_k4,2026-06-04 14:45:08,1|1|1|1|1,black|1968|668|530|red,4,1,fact166_template0,166,"Question: In the fictional registry, what is the codeword for zorlan-02-0166? Answer:",530,3,2,0,-10.579561233520508,-8.55645751953125,-2.023103713989258
e3_factual_160m_smoke,EleutherAI/pythia-160m-deduped,step1000,1000,2,factual_association,post_degradation_k4,2026-06-04 14:45:08,1|1|1|1|1,309|227|plasma|530|415,4,1,fact166_template1,166,Question: Which label was assigned to zorlan-02-0166 in the experiment? Answer:,530,3,4,0,-10.339618682861328,-7.230090618133545,-3.109528064727783
e3_factual_160m_smoke,EleutherAI/pythia-160m-deduped,step1000,1000,2,factual_association,post_degradation_k4,2026-06-04 14:45:08,1|1|1|1|1,264|187|1998|144|492,4,1,fact167_template0,167,"Question: In the fictional registry, what is the codeword for zorlan-02-0167? Answer:",144,3,2,0,-8.532894134521484,-8.28438663482666,-0.24850749969482422
e3_factual_160m_smoke,EleutherAI/pythia-160m-deduped,step1000,1000,2,factual_association,post_degradation_k4,2026-06-04 14:45:08,1|1|1|1|1,2004|144|264|1958|165,4,1,fact167_template1,167,Question: Which label was assigned to zorlan-02-0167 in the experiment? Answer:,144,1,2,0,-9.505590438842773,-9.131438255310059,-0.37415218353271484
e3_factual_160m_smoke,EleutherAI/pythia-160m-deduped,step1000,1000,2,factual_association,post_degradation_k4,2026-06-04 14:45:08,1|1|1|1|1,1941|5000|309|273|191,4,1,fact168_template0,168,"Question: In the fictional registry, what is the codeword for zorlan-02-0168? Answer:",5000,1,4,0,-12.188478469848633,-7.357003211975098,-4.831475257873535
e3_factual_160m_smoke,EleutherAI/pythia-160m-deduped,step1000,1000,2,factual_association,post_degradation_k4,2026-06-04 14:45:08,1|1|1|1|1,5000|768|plasma|284|536,4,1,fact168_template1,168,Question: Which label was assigned to zorlan-02-0168 in the experiment? Answer:,5000,0,4,0,-11.896488189697266,-8.376105308532715,-3.520382881164551
e3_factual_160m_smoke,EleutherAI/pythia-160m-deduped,step1000,1000,2,factual_association,post_degradation_k4,2026-06-04 14:45:08,1|1|1|1|1,solar|324|244|223|146,4,1,fact169_template0,169,"Question: In the fictional registry, what is the codeword for zorlan-02-0169? Answer:",223,3,2,0,-9.446420669555664,-7.7087554931640625,-1.7376651763916016
e3_factual_160m_smoke,EleutherAI/pythia-160m-deduped,step1000,1000,2,factual_association,post_degradation_k4,2026-06-04 14:45:08,1|1|1|1|1,1998|1982|223|423|389,4,1,fact169_template1,169,Question: Which label was assigned to zorlan-02-0169 in the experiment? Answer:,223,2,4,0,-9.632503509521484,-8.4778413772583,-1.1546621322631836
e3_factual_160m_smoke,EleutherAI/pythia-160m-deduped,step1000,1000,2,factual_association,post_degradation_k4,2026-06-04 14:45:08,1|1|1|1|1,292|153|cotton|168|2002,4,1,fact170_template0,170,"Question: In the fictional registry, what is the codeword for zorlan-02-0170? Answer:",2002,4,4,1,-7.978264808654785,-8.708504676818848,0.7302398681640625
e3_factual_160m_smoke,EleutherAI/pythia-160m-deduped,step1000,1000,2,factual_association,post_degradation_k4,2026-06-04 14:45:08,1|1|1|1|1,vertex|192|1998|113|2002,4,1,fact170_template1,170,Question: Which label was assigned to zorlan-02-0170 in the experiment? Answer:,2002,4,1,0,-9.86174488067627,-7.791773796081543,-2.0699710845947266
e3_factual_160m_smoke,EleutherAI/pythia-160m-deduped,step1000,1000,2,factual_association,post_degradation_k4,2026-06-04 14:45:08,1|1|1|1|1,403|146|605|706|464,4,1,fact171_template0,171,"Question: In the fictional registry, what is the codeword for zorlan-02-0171? Answer:",146,1,0,0,-9.351579666137695,-8.250880241394043,-1.1006994247436523
e3_factual_160m_smoke,EleutherAI/pythia-160m-deduped,step1000,1000,2,factual_association,post_degradation_k4,2026-06-04 14:45:08,1|1|1|1|1,2004|310|1894|171|146,4,1,fact171_template1,171,Question: Which label was assigned to zorlan-02-0171 in the experiment? Answer:,146,4,3,0,-10.156715393066406,-9.409186363220215,-0.7475290298461914
e3_factual_160m_smoke,EleutherAI/pythia-160m-deduped,step1000,1000,2,factual_association,post_degradation_k4,2026-06-04 14:45:08,1|1|1|1|1,329|405|675|2020|1969,4,1,fact172_template0,172,"Question: In the fictional registry, what is the codeword for zorlan-02-0172? Answer:",675,2,0,0,-10.45964527130127,-7.933106422424316,-2.526538848876953
e3_factual_160m_smoke,EleutherAI/pythia-160m-deduped,step1000,1000,2,factual_association,post_degradation_k4,2026-06-04 14:45:08,1|1|1|1|1,224|668|1911|403|675,4,1,fact172_template1,172,Question: Which label was assigned to zorlan-02-0172 in the experiment? Answer:,675,4,3,0,-9.649991035461426,-8.256062507629395,-1.3939285278320312
e3_factual_160m_smoke,EleutherAI/pythia-160m-deduped,step1000,1000,2,factual_association,post_degradation_k4,2026-06-04 14:45:08,1|1|1|1|1,320|187|232|636|1968,4,1,fact173_template0,173,"Question: In the fictional registry, what is the codeword for zorlan-02-0173? Answer:",636,3,2,0,-10.808712005615234,-7.714434623718262,-3.0942773818969727
e3_factual_160m_smoke,EleutherAI/pythia-160m-deduped,step1000,1000,2,factual_association,post_degradation_k4,2026-06-04 14:45:08,1|1|1|1|1,636|timber|337|436|440,4,1,fact173_template1,173,Question: Which label was assigned to zorlan-02-0173 in the experiment? Answer:,636,0,3,0,-9.847495079040527,-7.940662384033203,-1.9068326950073242
e3_factual_160m_smoke,EleutherAI/pythia-160m-deduped,step1000,1000,2,factual_association,post_degradation_k4,2026-06-04 14:45:08,1|1|1|1|1,405|5000|147|2004|227,4,1,fact174_template0,174,"Question: In the fictional registry, what is the codeword for zorlan-02-0174? Answer:",147,2,4,0,-8.635431289672852,-8.104484558105469,-0.5309467315673828
e3_factual_160m_smoke,EleutherAI/pythia-160m-deduped,step1000,1000,2,factual_association,post_degradation_k4,2026-06-04 14:45:08,1|1|1|1|1,574|138|165|147|1969,4,1,fact174_template1,174,Question: Which label was assigned to zorlan-02-0174 in the experiment? Answer:,147,3,1,0,-9.341508865356445,-8.461936950683594,-0.8795719146728516
e3_factual_160m_smoke,EleutherAI/pythia-160m-deduped,step1000,1000,2,factual_association,post_degradation_k4,2026-06-04 14:45:08,1|1|1|1|1,115|144|3000|210|171,4,1,fact175_template0,175,"Question: In the fictional registry, what is the codeword for zorlan-02-0175? Answer:",210,3,0,0,-9.4020357131958,-7.758473873138428,-1.643561840057373
e3_factual_160m_smoke,EleutherAI/pythia-160m-deduped,step1000,1000,2,factual_association,post_degradation_k4,2026-06-04 14:45:08,1|1|1|1|1,1300|210|2002|127|376,4,1,fact175_template1,175,Question: Which label was assigned to zorlan-02-0175 in the experiment? Answer:,210,1,3,0,-9.018182754516602,-7.537378787994385,-1.4808039665222168
e3_factual_160m_smoke,EleutherAI/pythia-160m-deduped,step1000,1000,2,factual_association,post_degradation_k4,2026-06-04 14:45:08,1|1|1|1|1,cotton|768|950|727|2010,4,1,fact176_template0,176,"Question: In the fictional registry, what is the codeword for zorlan-02-0176? Answer:",cotton,0,3,0,-13.453166007995605,-9.228707313537598,-4.224458694458008
e3_factual_160m_smoke,EleutherAI/pythia-160m-deduped,step1000,1000,2,factual_association,post_degradation_k4,2026-06-04 14:45:08,1|1|1|1|1,1971|cotton|1958|399|389,4,1,fact176_template1,176,Question: Which label was assigned to zorlan-02-0176 in the experiment? Answer:,cotton,1,3,0,-13.309867858886719,-8.510433197021484,-4.799434661865234
e3_factual_160m_smoke,EleutherAI/pythia-160m-deduped,step1000,1000,2,factual_association,post_degradation_k4,2026-06-04 14:45:08,1|1|1|1|1,326|850|223|ocean|439,4,1,fact177_template0,177,"Question: In the fictional registry, what is the codeword for zorlan-02-0177? Answer:",850,1,4,0,-9.380163192749023,-8.731718063354492,-0.6484451293945312
e3_factual_160m_smoke,EleutherAI/pythia-160m-deduped,step1000,1000,2,factual_association,post_degradation_k4,2026-06-04 14:45:08,1|1|1|1|1,510|2001|570|850|536,4,1,fact177_template1,177,Question: Which label was assigned to zorlan-02-0177 in the experiment? Answer:,850,3,4,0,-9.4110107421875,-8.314363479614258,-1.0966472625732422
e3_factual_160m_smoke,EleutherAI/pythia-160m-deduped,step1000,1000,2,factual_association,post_degradation_k4,2026-06-04 14:45:08,1|1|1|1|1,192|465|327|530|519,4,1,fact178_template0,178,"Question: In the fictional registry, what is the codeword for zorlan-02-0178? Answer:",327,2,0,0,-9.64403247833252,-8.089478492736816,-1.5545539855957031
e3_factual_160m_smoke,EleutherAI/pythia-160m-deduped,step1000,1000,2,factual_association,post_degradation_k4,2026-06-04 14:45:08,1|1|1|1|1,515|210|441|327|1958,4,1,fact178_template1,178,Question: Which label was assigned to zorlan-02-0178 in the experiment? Answer:,327,3,2,0,-9.72909927368164,-8.54425048828125,-1.1848487854003906
e3_factual_160m_smoke,EleutherAI/pythia-160m-deduped,step1000,1000,2,factual_association,post_degradation_k4,2026-06-04 14:45:08,1|1|1|1|1,293|924|296|343|587,4,1,fact179_template0,179,"Question: In the fictional registry, what is the codeword for zorlan-02-0179? Answer:",293,0,3,0,-9.879026412963867,-8.538061141967773,-1.3409652709960938
e3_factual_160m_smoke,EleutherAI/pythia-160m-deduped,step1000,1000,2,factual_association,post_degradation_k4,2026-06-04 14:45:08,1|1|1|1|1,purple|436|alpha|700|293,4,1,fact179_template1,179,Question: Which label was assigned to zorlan-02-0179 in the experiment? Answer:,293,4,2,0,-10.725614547729492,-7.690489768981934,-3.0351247787475586
e3_factual_160m_smoke,EleutherAI/pythia-160m-deduped,step1000,1000,2,factual_association,post_degradation_k4,2026-06-04 14:45:08,1|1|1|1|1,2016|227|1958|ocean|339,4,1,fact180_template0,180,"Question: In the fictional registry, what is the codeword for zorlan-02-0180? Answer:",339,4,1,0,-9.406760215759277,-9.114542007446289,-0.2922182083129883
e3_factual_160m_smoke,EleutherAI/pythia-160m-deduped,step1000,1000,2,factual_association,post_degradation_k4,2026-06-04 14:45:08,1|1|1|1|1,260|339|405|924|275,4,1,fact180_template1,180,Question: Which label was assigned to zorlan-02-0180 in the experiment? Answer:,339,1,4,0,-9.80128288269043,-8.598934173583984,-1.2023487091064453
e3_factual_160m_smoke,EleutherAI/pythia-160m-deduped,step1000,1000,2,factual_association,post_degradation_k4,2026-06-04 14:45:08,1|1|1|1|1,706|364|165|490|171,4,1,fact181_template0,181,"Question: In the fictional registry, what is the codeword for zorlan-02-0181? Answer:",171,4,1,0,-8.46377944946289,-7.747868061065674,-0.7159113883972168
e3_factual_160m_smoke,EleutherAI/pythia-160m-deduped,step1000,1000,2,factual_association,post_degradation_k4,2026-06-04 14:45:08,1|1|1|1|1,forest|605|171|327|113,4,1,fact181_template1,181,Question: Which label was assigned to zorlan-02-0181 in the experiment? Answer:,171,2,4,0,-9.501657485961914,-8.39745807647705,-1.1041994094848633
e3_factual_160m_smoke,EleutherAI/pythia-160m-deduped,step1000,1000,2,factual_association,post_degradation_k4,2026-06-04 14:45:08,1|1|1|1|1,144|610|pepper|605|1956,4,1,fact182_template0,182,"Question: In the fictional registry, what is the codeword for zorlan-02-0182? Answer:",605,3,0,0,-10.474934577941895,-8.530817031860352,-1.944117546081543
e3_factual_160m_smoke,EleutherAI/pythia-160m-deduped,step1000,1000,2,factual_association,post_degradation_k4,2026-06-04 14:45:08,1|1|1|1|1,605|146|424|284|192,4,1,fact182_template1,182,Question: Which label was assigned to zorlan-02-0182 in the experiment? Answer:,605,0,4,0,-10.03904914855957,-7.770794868469238,-2.268254280090332
e3_factual_160m_smoke,EleutherAI/pythia-160m-deduped,step1000,1000,2,factual_association,post_degradation_k4,2026-06-04 14:45:08,1|1|1|1|1,1891|610|405|1989|542,4,1,fact183_template0,183,"Question: In the fictional registry, what is the codeword for zorlan-02-0183? Answer:",1891,0,3,0,-11.309067726135254,-7.438843250274658,-3.8702244758605957
e3_factual_160m_smoke,EleutherAI/pythia-160m-deduped,step1000,1000,2,factual_association,post_degradation_k4,2026-06-04 14:45:08,1|1|1|1|1,4000|440|434|1891|668,4,1,fact183_template1,183,Question: Which label was assigned to zorlan-02-0183 in the experiment? Answer:,1891,3,4,0,-12.019508361816406,-9.100496292114258,-2.9190120697021484
e3_factual_160m_smoke,EleutherAI/pythia-160m-deduped,step1000,1000,2,factual_association,post_degradation_k4,2026-06-04 14:45:08,1|1|1|1|1,1971|292|170|223|alpha,4,1,fact184_template0,184,"Question: In the fictional registry, what is the codeword for zorlan-02-0184? Answer:",1971,0,4,0,-9.063995361328125,-7.878928184509277,-1.1850671768188477
e3_factual_160m_smoke,EleutherAI/pythia-160m-deduped,step1000,1000,2,factual_association,post_degradation_k4,2026-06-04 14:45:08,1|1|1|1|1,191|1971|413|519|1915,4,1,fact184_template1,184,Question: Which label was assigned to zorlan-02-0184 in the experiment? Answer:,1971,1,0,0,-9.763998031616211,-7.727303504943848,-2.0366945266723633
e3_factual_160m_smoke,EleutherAI/pythia-160m-deduped,step1000,1000,2,factual_association,post_degradation_k4,2026-06-04 14:45:08,1|1|1|1|1,sigma|337|113|432|292,4,1,fact185_template0,185,"Question: In the fictional registry, what is the codeword for zorlan-02-0185? Answer:",sigma,0,2,0,-12.809057235717773,-6.637537002563477,-6.171520233154297
e3_factual_160m_smoke,EleutherAI/pythia-160m-deduped,step1000,1000,2,factual_association,post_degradation_k4,2026-06-04 14:45:08,1|1|1|1|1,610|328|349|432|sigma,4,1,fact185_template1,185,Question: Which label was assigned to zorlan-02-0185 in the experiment? Answer:,sigma,4,3,0,-12.840616226196289,-7.098808288574219,-5.74180793762207
e3_factual_160m_smoke,EleutherAI/pythia-160m-deduped,step1000,1000,2,factual_association,post_degradation_k4,2026-06-04 14:45:08,1|1|1|1|1,2001|vertex|574|solar|924,4,1,fact186_template0,186,"Question: In the fictional registry, what is the codeword for zorlan-02-0186? Answer:",924,4,2,0,-10.84779167175293,-8.576091766357422,-2.271699905395508
e3_factual_160m_smoke,EleutherAI/pythia-160m-deduped,step1000,1000,2,factual_association,post_degradation_k4,2026-06-04 14:45:08,1|1|1|1|1,924|210|1945|350|574,4,1,fact186_template1,186,Question: Which label was assigned to zorlan-02-0186 in the experiment? Answer:,924,0,3,0,-11.04324722290039,-8.289436340332031,-2.7538108825683594
e3_factual_160m_smoke,EleutherAI/pythia-160m-deduped,step1000,1000,2,factual_association,post_degradation_k4,2026-06-04 14:45:08,1|1|1|1|1,1865|424|327|376|1989,4,1,fact187_template0,187,"Question: In the fictional registry, what is the codeword for zorlan-02-0187? Answer:",376,3,4,0,-9.765582084655762,-8.514400482177734,-1.2511816024780273
e3_factual_160m_smoke,EleutherAI/pythia-160m-deduped,step1000,1000,2,factual_association,post_degradation_k4,2026-06-04 14:45:08,1|1|1|1|1,147|376|156|464|610,4,1,fact187_template1,187,Question: Which label was assigned to zorlan-02-0187 in the experiment? Answer:,376,1,3,0,-9.377213478088379,-8.993307113647461,-0.38390636444091797
e3_factual_160m_smoke,EleutherAI/pythia-160m-deduped,step1000,1000,2,factual_association,post_degradation_k4,2026-06-04 14:45:08,1|1|1|1|1,1989|3000|515|436|160,4,1,fact188_template0,188,"Question: In the fictional registry, what is the codeword for zorlan-02-0188? Answer:",515,2,3,0,-10.92708969116211,-8.163372993469238,-2.763716697692871
e3_factual_160m_smoke,EleutherAI/pythia-160m-deduped,step1000,1000,2,factual_association,post_degradation_k4,2026-06-04 14:45:08,1|1|1|1|1,1895|515|1958|eagle|850,4,1,fact188_template1,188,Question: Which label was assigned to zorlan-02-0188 in the experiment? Answer:,515,1,4,0,-10.070943832397461,-9.460678100585938,-0.6102657318115234
e3_factual_160m_smoke,EleutherAI/pythia-160m-deduped,step1000,1000,2,factual_association,post_degradation_k4,2026-06-04 14:45:08,1|1|1|1|1,109|490|417|244|385,4,1,fact189_template0,189,"Question: In the fictional registry, what is the codeword for zorlan-02-0189? Answer:",417,2,4,0,-9.349617004394531,-6.941284656524658,-2.408332347869873
e3_factual_160m_smoke,EleutherAI/pythia-160m-deduped,step1000,1000,2,factual_association,post_degradation_k4,2026-06-04 14:45:08,1|1|1|1|1,850|417|1956|528|324,4,1,fact189_template1,189,Question: Which label was assigned to zorlan-02-0189 in the experiment? Answer:,417,1,3,0,-9.595537185668945,-7.2656941413879395,-2.329843044281006
e3_factual_160m_smoke,EleutherAI/pythia-160m-deduped,step1000,1000,2,factual_association,post_degradation_k4,2026-06-04 14:45:08,1|1|1|1|1,156|515|2001|187|1300,4,1,fact190_template0,190,"Question: In the fictional registry, what is the codeword for zorlan-02-0190? Answer:",2001,2,0,0,-9.074211120605469,-8.52503490447998,-0.5491762161254883
e3_factual_160m_smoke,EleutherAI/pythia-160m-deduped,step1000,1000,2,factual_association,post_degradation_k4,2026-06-04 14:45:08,1|1|1|1|1,141|2001|950|1910|1985,4,1,fact190_template1,190,Question: Which label was assigned to zorlan-02-0190 in the experiment? Answer:,2001,1,0,0,-10.302250862121582,-10.261102676391602,-0.04114818572998047
e3_factual_160m_smoke,EleutherAI/pythia-160m-deduped,step1000,1000,2,factual_association,post_degradation_k4,2026-06-04 14:45:08,1|1|1|1|1,700|260|950|296|706,4,1,fact191_template0,191,"Question: In the fictional registry, what is the codeword for zorlan-02-0191? Answer:",260,1,3,0,-9.68656063079834,-8.619039535522461,-1.067521095275879
e3_factual_160m_smoke,EleutherAI/pythia-160m-deduped,step1000,1000,2,factual_association,post_degradation_k4,2026-06-04 14:45:08,1|1|1|1|1,329|113|675|260|801,4,1,fact191_template1,191,Question: Which label was assigned to zorlan-02-0191 in the experiment? Answer:,260,3,0,0,-9.964982032775879,-8.23060131072998,-1.7343807220458984
e3_factual_160m_smoke,EleutherAI/pythia-160m-deduped,step1000,1000,2,factual_association,post_degradation_k4,2026-06-04 14:45:08,1|1|1|1|1,531|1894|417|700|528,4,1,fact192_template0,192,"Question: In the fictional registry, what is the codeword for zorlan-02-0192? Answer:",1894,1,4,0,-10.632650375366211,-7.442850589752197,-3.1897997856140137
e3_factual_160m_smoke,EleutherAI/pythia-160m-deduped,step1000,1000,2,factual_association,post_degradation_k4,2026-06-04 14:45:08,1|1|1|1|1,1848|141|349|1894|841,4,1,fact192_template1,192,Question: Which label was assigned to zorlan-02-0192 in the experiment? Answer:,1894,3,2,0,-11.240116119384766,-8.799260139465332,-2.4408559799194336
e3_factual_160m_smoke,EleutherAI/pythia-160m-deduped,step1000,1000,2,factual_association,post_degradation_k4,2026-06-04 14:45:08,1|1|1|1|1,337|168|3000|296|605,4,1,fact193_template0,193,"Question: In the fictional registry, what is the codeword for zorlan-02-0193? Answer:",296,3,3,1,-8.408554077148438,-9.232816696166992,0.8242626190185547
e3_factual_160m_smoke,EleutherAI/pythia-160m-deduped,step1000,1000,2,factual_association,post_degradation_k4,2026-06-04 14:45:08,1|1|1|1|1,244|1910|310|464|296,4,1,fact193_template1,193,Question: Which label was assigned to zorlan-02-0193 in the experiment? Answer:,296,4,0,0,-9.050701141357422,-8.17260456085205,-0.8780965805053711
e3_factual_160m_smoke,EleutherAI/pythia-160m-deduped,step1000,1000,2,factual_association,post_degradation_k4,2026-06-04 14:45:08,1|1|1|1|1,424|296|413|309|800,4,1,fact194_template0,194,"Question: In the fictional registry, what is the codeword for zorlan-02-0194? Answer:",424,0,2,0,-9.61782169342041,-7.948970317840576,-1.668851375579834
e3_factual_160m_smoke,EleutherAI/pythia-160m-deduped,step1000,1000,2,factual_association,post_degradation_k4,2026-06-04 14:45:08,1|1|1|1|1,237|plasma|424|1865|stone,4,1,fact194_template1,194,Question: Which label was assigned to zorlan-02-0194 in the experiment? Answer:,424,2,2,1,-8.992871284484863,-9.678565979003906,0.685694694519043
e3_factual_160m_smoke,EleutherAI/pythia-160m-deduped,step1000,1000,2,factual_association,post_degradation_k4,2026-06-04 14:45:08,1|1|1|1|1,109|292|385|338|vertex,4,1,fact195_template0,195,"Question: In the fictional registry, what is the codeword for zorlan-02-0195? Answer:",109,0,3,0,-9.186200141906738,-7.655167102813721,-1.5310330390930176
e3_factual_160m_smoke,EleutherAI/pythia-160m-deduped,step1000,1000,2,factual_association,post_degradation_k4,2026-06-04 14:45:08,1|1|1|1|1,366|2020|109|cotton|alpha,4,1,fact195_template1,195,Question: Which label was assigned to zorlan-02-0195 in the experiment? Answer:,109,2,0,0,-8.917999267578125,-7.761127471923828,-1.1568717956542969
e3_factual_160m_smoke,EleutherAI/pythia-160m-deduped,step1000,1000,2,factual_association,post_degradation_k4,2026-06-04 14:45:08,1|1|1|1|1,1865|1200|510|194|1848,4,1,fact196_template0,196,"Question: In the fictional registry, what is the codeword for zorlan-02-0196? Answer:",1200,1,4,0,-10.357973098754883,-9.198080062866211,-1.1598930358886719
e3_factual_160m_smoke,EleutherAI/pythia-160m-deduped,step1000,1000,2,factual_association,post_degradation_k4,2026-06-04 14:45:08,1|1|1|1|1,1200|424|1985|plasma|black,4,1,fact196_template1,196,Question: Which label was assigned to zorlan-02-0196 in the experiment? Answer:,1200,0,1,0,-9.975373268127441,-9.032737731933594,-0.9426355361938477
e3_factual_160m_smoke,EleutherAI/pythia-160m-deduped,step1000,1000,2,factual_association,post_degradation_k4,2026-06-04 14:45:08,1|1|1|1|1,1969|226|768|525|237,4,1,fact197_template0,197,"Question: In the fictional registry, what is the codeword for zorlan-02-0197? Answer:",768,2,3,0,-9.780122756958008,-7.962427139282227,-1.8176956176757812
e3_factual_160m_smoke,EleutherAI/pythia-160m-deduped,step1000,1000,2,factual_association,post_degradation_k4,2026-06-04 14:45:08,1|1|1|1|1,2010|343|1891|768|534,4,1,fact197_template1,197,Question: Which label was assigned to zorlan-02-0197 in the experiment? Answer:,768,3,1,0,-9.479635238647461,-8.403273582458496,-1.0763616561889648
e3_factual_160m_smoke,EleutherAI/pythia-160m-deduped,step1000,1000,2,factual_association,post_degradation_k4,2026-06-04 14:45:08,1|1|1|1|1,pepper|320|496|omega|451,4,1,fact198_template0,198,"Question: In the fictional registry, what is the codeword for zorlan-02-0198? Answer:",451,4,4,1,-8.458471298217773,-9.449573516845703,0.9911022186279297
e3_factual_160m_smoke,EleutherAI/pythia-160m-deduped,step1000,1000,2,factual_association,post_degradation_k4,2026-06-04 14:45:08,1|1|1|1|1,1881|293|1987|451|337,4,1,fact198_template1,198,Question: Which label was assigned to zorlan-02-0198 in the experiment? Answer:,451,3,3,1,-8.606597900390625,-8.872476577758789,0.26587867736816406
e3_factual_160m_smoke,EleutherAI/pythia-160m-deduped,step1000,1000,2,factual_association,post_degradation_k4,2026-06-04 14:45:08,1|1|1|1|1,2016|464|2001|2002|415,4,1,fact199_template0,199,"Question: In the fictional registry, what is the codeword for zorlan-02-0199? Answer:",464,1,3,0,-8.91573715209961,-8.048343658447266,-0.8673934936523438
e3_factual_160m_smoke,EleutherAI/pythia-160m-deduped,step1000,1000,2,factual_association,post_degradation_k4,2026-06-04 14:45:08,1|1|1|1|1,1958|red|232|131|464,4,1,fact199_template1,199,Question: Which label was assigned to zorlan-02-0199 in the experiment? Answer:,464,4,2,0,-8.605093002319336,-8.320398330688477,-0.2846946716308594
e3_factual_160m_smoke,EleutherAI/pythia-160m-deduped,step1000,1000,2,factual_association,post_degradation_k16,2026-06-04 14:45:18,1|1|1|1|1,296|omega|337|1887|2010,16,2,fact120_template0,120,"Question: In the fictional registry, what is the codeword for zorlan-02-0120? Answer:",337,2,0,0,-10.133811950683594,-9.43815803527832,-0.6956539154052734
e3_factual_160m_smoke,EleutherAI/pythia-160m-deduped,step1000,1000,2,factual_association,post_degradation_k16,2026-06-04 14:45:18,1|1|1|1|1,404|1987|260|337|624,16,2,fact120_template1,120,Question: Which label was assigned to zorlan-02-0120 in the experiment? Answer:,337,3,0,0,-10.085644721984863,-7.620279788970947,-2.465364933013916
e3_factual_160m_smoke,EleutherAI/pythia-160m-deduped,step1000,1000,2,factual_association,post_degradation_k16,2026-06-04 14:45:18,1|1|1|1|1,449|436|320|224|403,16,2,fact121_template0,121,"Question: In the fictional registry, what is the codeword for zorlan-02-0121? Answer:",224,3,1,0,-10.674278259277344,-8.8558988571167,-1.8183794021606445
e3_factual_160m_smoke,EleutherAI/pythia-160m-deduped,step1000,1000,2,factual_association,post_degradation_k16,2026-06-04 14:45:18,1|1|1|1|1,1986|plasma|224|226|451,16,2,fact121_template1,121,Question: Which label was assigned to zorlan-02-0121 in the experiment? Answer:,224,2,4,0,-10.02944278717041,-9.02318286895752,-1.0062599182128906
e3_factual_160m_smoke,EleutherAI/pythia-160m-deduped,step1000,1000,2,factual_association,post_degradation_k16,2026-06-04 14:45:18,1|1|1|1|1,2010|lambda|293|675|1982,16,2,fact122_template0,122,"Question: In the fictional registry, what is the codeword for zorlan-02-0122? Answer:",1982,4,0,0,-9.507111549377441,-9.226924896240234,-0.28018665313720703
e3_factual_160m_smoke,EleutherAI/pythia-160m-deduped,step1000,1000,2,factual_association,post_degradation_k16,2026-06-04 14:45:18,1|1|1|1|1,337|pepper|1982|eagle|328,16,2,fact122_template1,122,Question: Which label was assigned to zorlan-02-0122 in the experiment? Answer:,1982,2,4,0,-10.505997657775879,-8.527959823608398,-1.9780378341674805
e3_factual_160m_smoke,EleutherAI/pythia-160m-deduped,step1000,1000,2,factual_association,post_degradation_k16,2026-06-04 14:45:18,1|1|1|1|1,2020|538|104|328|727,16,2,fact123_template0,123,"Question: In the fictional registry, what is the codeword for zorlan-02-0123? Answer:",328,3,3,1,-8.747314453125,-9.15119743347168,0.4038829803466797
e3_factual_160m_smoke,EleutherAI/pythia-160m-deduped,step1000,1000,2,factual_association,post_degradation_k16,2026-06-04 14:45:18,1|1|1|1|1,432|538|155|727|328,16,2,fact123_template1,123,Question: Which label was assigned to zorlan-02-0123 in the experiment? Answer:,328,4,0,0,-8.676831245422363,-7.443459510803223,-1.2333717346191406
e3_factual_160m_smoke,EleutherAI/pythia-160m-deduped,step1000,1000,2,factual_association,post_degradation_k16,2026-06-04 14:45:18,1|1|1|1|1,496|2004|5000|156|1989,16,2,fact124_template0,124,"Question: In the fictional registry, what is the codeword for zorlan-02-0124? Answer:",496,0,3,0,-10.373597145080566,-9.005341529846191,-1.368255615234375
e3_factual_160m_smoke,EleutherAI/pythia-160m-deduped,step1000,1000,2,factual_association,post_degradation_k16,2026-06-04 14:45:18,1|1|1|1|1,436|260|451|210|496,16,2,fact124_template1,124,Question: Which label was assigned to zorlan-02-0124 in the experiment? Answer:,496,4,0,0,-9.467342376708984,-8.479716300964355,-0.9876260757446289
e3_factual_160m_smoke,EleutherAI/pythia-160m-deduped,step1000,1000,2,factual_association,post_degradation_k16,2026-06-04 14:45:18,1|1|1|1|1,519|1989|omega|3000|306,16,2,fact125_template0,125,"Question: In the fictional registry, what is the codeword for zorlan-02-0125? Answer:",519,0,1,0,-9.637011528015137,-9.08382511138916,-0.5531864166259766
e3_factual_160m_smoke,EleutherAI/pythia-160m-deduped,step1000,1000,2,factual_association,post_degradation_k16,2026-06-04 14:45:18,1|1|1|1|1,anchor|519|463|115|solar,16,2,fact125_template1,125,Question: Which label was assigned to zorlan-02-0125 in the experiment? Answer:,519,1,2,0,-9.996084213256836,-8.4705810546875,-1.525503158569336
e3_factual_160m_smoke,EleutherAI/pythia-160m-deduped,step1000,1000,2,factual_association,post_degradation_k16,2026-06-04 14:45:18,1|1|1|1|1,534|forest|eagle|587|324,16,2,fact126_template0,126,"Question: In the fictional registry, what is the codeword for zorlan-02-0126? Answer:",587,3,4,0,-10.437138557434082,-8.746637344360352,-1.6905012130737305
e3_factual_160m_smoke,EleutherAI/pythia-160m-deduped,step1000,1000,2,factual_association,post_degradation_k16,2026-06-04 14:45:18,1|1|1|1|1,415|489|587|441|2016,16,2,fact126_template1,126,Question: Which label was assigned to zorlan-02-0126 in the experiment? Answer:,587,2,0,0,-9.4915771484375,-7.723156929016113,-1.7684202194213867
e3_factual_160m_smoke,EleutherAI/pythia-160m-deduped,step1000,1000,2,factual_association,post_degradation_k16,2026-06-04 14:45:18,1|1|1|1|1,239|timber|1958|1986|omega,16,2,fact127_template0,127,"Question: In the fictional registry, what is the codeword for zorlan-02-0127? Answer:",239,0,0,1,-9.975139617919922,-10.104898452758789,0.1297588348388672
e3_factual_160m_smoke,EleutherAI/pythia-160m-deduped,step1000,1000,2,factual_association,post_degradation_k16,2026-06-04 14:45:18,1|1|1|1|1,239|127|399|168|636,16,2,fact127_template1,127,Question: Which label was assigned to zorlan-02-0127 in the experiment? Answer:,239,0,1,0,-9.717269897460938,-7.946966171264648,-1.770303726196289
e3_factual_160m_smoke,EleutherAI/pythia-160m-deduped,step1000,1000,2,factual_association,post_degradation_k16,2026-06-04 14:45:18,1|1|1|1|1,700|706|385|1986|2010,16,2,fact128_template0,128,"Question: In the fictional registry, what is the codeword for zorlan-02-0128? Answer:",2010,4,2,0,-9.578575134277344,-8.469663619995117,-1.1089115142822266
e3_factual_160m_smoke,EleutherAI/pythia-160m-deduped,step1000,1000,2,factual_association,post_degradation_k16,2026-06-04 14:45:18,1|1|1|1|1,2010|1895|1861|pepper|531,16,2,fact128_template1,128,Question: Which label was assigned to zorlan-02-0128 in the experiment? Answer:,2010,0,4,0,-10.274007797241211,-8.119573593139648,-2.1544342041015625
e3_factual_160m_smoke,EleutherAI/pythia-160m-deduped,step1000,1000,2,factual_association,post_degradation_k16,2026-06-04 14:45:18,1|1|1|1|1,104|1987|1300|black|1979,16,2,fact129_template0,129,"Question: In the fictional registry, what is the codeword for zorlan-02-0129? Answer:",104,0,4,0,-9.744696617126465,-8.72096061706543,-1.0237360000610352
e3_factual_160m_smoke,EleutherAI/pythia-160m-deduped,step1000,1000,2,factual_association,post_degradation_k16,2026-06-04 14:45:18,1|1|1|1|1,lambda|104|147|328|306,16,2,fact129_template1,129,Question: Which label was assigned to zorlan-02-0129 in the experiment? Answer:,104,1,3,0,-10.093482971191406,-8.428692817687988,-1.664790153503418
e3_factual_160m_smoke,EleutherAI/pythia-160m-deduped,step1000,1000,2,factual_association,post_degradation_k16,2026-06-04 14:45:18,1|1|1|1|1,515|1979|197|1956|451,16,2,fact130_template0,130,"Question: In the fictional registry, what is the codeword for zorlan-02-0130? Answer:",1956,3,1,0,-12.022738456726074,-8.873261451721191,-3.149477005004883
e3_factual_160m_smoke,EleutherAI/pythia-160m-deduped,step1000,1000,2,factual_association,post_degradation_k16,2026-06-04 14:45:18,1|1|1|1|1,386|415|175|1956|1945,16,2,fact130_template1,130,Question: Which label was assigned to zorlan-02-0130 in the experiment? Answer:,1956,3,1,0,-12.789944648742676,-7.648460388183594,-5.141484260559082
e3_factual_160m_smoke,EleutherAI/pythia-160m-deduped,step1000,1000,2,factual_association,post_degradation_k16,2026-06-04 14:45:18,1|1|1|1|1,337|1876|1985|273|1987,16,2,fact131_template0,131,"Question: In the fictional registry, what is the codeword for zorlan-02-0131? Answer:",1876,1,3,0,-10.344881057739258,-8.76168155670166,-1.5831995010375977
e3_factual_160m_smoke,EleutherAI/pythia-160m-deduped,step1000,1000,2,factual_association,post_degradation_k16,2026-06-04 14:45:18,1|1|1|1|1,1876|575|224|197|489,16,2,fact131_template1,131,Question: Which label was assigned to zorlan-02-0131 in the experiment? Answer:,1876,0,4,0,-11.15827465057373,-8.260940551757812,-2.897334098815918
e3_factual_160m_smoke,EleutherAI/pythia-160m-deduped,step1000,1000,2,factual_association,post_degradation_k16,2026-06-04 14:45:18,1|1|1|1|1,red|309|anchor|668|275,16,2,fact132_template0,132,"Question: In the fictional registry, what is the codeword for zorlan-02-0132? Answer:",red,0,3,0,-10.754589080810547,-9.048410415649414,-1.7061786651611328
e3_factual_160m_smoke,EleutherAI/pythia-160m-deduped,step1000,1000,2,factual_association,post_degradation_k16,2026-06-04 14:45:18,1|1|1|1|1,194|165|red|1200|138,16,2,fact132_template1,132,Question: Which label was assigned to zorlan-02-0132 in the experiment? Answer:,red,2,4,0,-9.988109588623047,-9.205072402954102,-0.7830371856689453
e3_factual_160m_smoke,EleutherAI/pythia-160m-deduped,step1000,1000,2,factual_association,post_degradation_k16,2026-06-04 14:45:18,1|1|1|1|1,1956|534|464|841|1911,16,2,fact133_template0,133,"Question: In the fictional registry, what is the codeword for zorlan-02-0133? Answer:",841,3,2,0,-11.061348915100098,-9.431551933288574,-1.6297969818115234
e3_factual_160m_smoke,EleutherAI/pythia-160m-deduped,step1000,1000,2,factual_association,post_degradation_k16,2026-06-04 14:45:18,1|1|1|1|1,1941|841|ocean|439|solar,16,2,fact133_template1,133,Question: Which label was assigned to zorlan-02-0133 in the experiment? Answer:,841,1,3,0,-10.263324737548828,-9.526795387268066,-0.7365293502807617
e3_factual_160m_smoke,EleutherAI/pythia-160m-deduped,step1000,1000,2,factual_association,post_degradation_k16,2026-06-04 14:45:18,1|1|1|1|1,104|1986|439|pepper|525,16,2,fact134_template0,134,"Question: In the fictional registry, what is the codeword for zorlan-02-0134? Answer:",439,2,4,0,-8.843080520629883,-7.589870452880859,-1.2532100677490234
e3_factual_160m_smoke,EleutherAI/pythia-160m-deduped,step1000,1000,2,factual_association,post_degradation_k16,2026-06-04 14:45:18,1|1|1|1|1,1945|439|293|4000|364,16,2,fact134_template1,134,Question: Which label was assigned to zorlan-02-0134 in the experiment? Answer:,439,1,4,0,-9.3878173828125,-7.584063529968262,-1.8037538528442383
e3_factual_160m_smoke,EleutherAI/pythia-160m-deduped,step1000,1000,2,factual_association,post_degradation_k16,2026-06-04 14:45:18,1|1|1|1|1,237|pepper|888|492|1876,16,2,fact135_template0,135,"Question: In the fictional registry, what is the codeword for zorlan-02-0135? Answer:",237,0,0,1,-9.691274642944336,-10.330099105834961,0.638824462890625
e3_factual_160m_smoke,EleutherAI/pythia-160m-deduped,step1000,1000,2,factual_association,post_degradation_k16,2026-06-04 14:45:18,1|1|1|1|1,1200|417|329|237|1969,16,2,fact135_template1,135,Question: Which label was assigned to zorlan-02-0135 in the experiment? Answer:,237,3,2,0,-10.066401481628418,-8.28276252746582,-1.7836389541625977
e3_factual_160m_smoke,EleutherAI/pythia-160m-deduped,step1000,1000,2,factual_association,post_degradation_k16,2026-06-04 14:45:18,1|1|1|1|1,439|timber|515|293|534,16,2,fact136_template0,136,"Question: In the fictional registry, what is the codeword for zorlan-02-0136? Answer:",534,4,0,0,-9.40255355834961,-9.28703498840332,-0.11551856994628906
e3_factual_160m_smoke,EleutherAI/pythia-160m-deduped,step1000,1000,2,factual_association,post_degradation_k16,2026-06-04 14:45:18,1|1|1|1|1,1916|423|292|pepper|534,16,2,fact136_template1,136,Question: Which label was assigned to zorlan-02-0136 in the experiment? Answer:,534,4,4,1,-9.268196105957031,-9.506610870361328,0.23841476440429688
e3_factual_160m_smoke,EleutherAI/pythia-160m-deduped,step1000,1000,2,factual_association,post_degradation_k16,2026-06-04 14:45:18,1|1|1|1|1,924|210|160|326|147,16,2,fact137_template0,137,"Question: In the fictional registry, what is the codeword for zorlan-02-0137? Answer:",160,2,1,0,-9.595532417297363,-9.572832107543945,-0.02270030975341797
e3_factual_160m_smoke,EleutherAI/pythia-160m-deduped,step1000,1000,2,factual_association,post_degradation_k16,2026-06-04 14:45:18,1|1|1|1|1,velvet|531|red|160|1865,16,2,fact137_template1,137,Question: Which label was assigned to zorlan-02-0137 in the experiment? Answer:,160,3,1,0,-9.543426513671875,-8.070218086242676,-1.4732084274291992
e3_factual_160m_smoke,EleutherAI/pythia-160m-deduped,step1000,1000,2,factual_association,post_degradation_k16,2026-06-04 14:45:18,1|1|1|1|1,389|red|omega|1979|259,16,2,fact138_template0,138,"Question: In the fictional registry, what is the codeword for zorlan-02-0138? Answer:",389,0,3,0,-8.804186820983887,-8.191061019897461,-0.6131258010864258
e3_factual_160m_smoke,EleutherAI/pythia-160m-deduped,step1000,1000,2,factual_association,post_degradation_k16,2026-06-04 14:45:18,1|1|1|1|1,1982|1931|339|389|362,16,2,fact138_template1,138,Question: Which label was assigned to zorlan-02-0138 in the experiment? Answer:,389,3,3,1,-8.974122047424316,-9.824932098388672,0.8508100509643555
e3_factual_160m_smoke,EleutherAI/pythia-160m-deduped,step1000,1000,2,factual_association,post_degradation_k16,2026-06-04 14:45:18,1|1|1|1|1,black|386|337|2004|436,16,2,fact139_template0,139,"Question: In the fictional registry, what is the codeword for zorlan-02-0139? Answer:",2004,3,4,0,-9.598026275634766,-8.924989700317383,-0.6730365753173828
e3_factual_160m_smoke,EleutherAI/pythia-160m-deduped,step1000,1000,2,factual_association,post_degradation_k16,2026-06-04 14:45:18,1|1|1|1|1,800|1956|2004|sigma|415,16,2,fact139_template1,139,Question: Which label was assigned to zorlan-02-0139 in the experiment? Answer:,2004,2,4,0,-10.97557258605957,-7.660958766937256,-3.3146138191223145
e3_factual_160m_smoke,EleutherAI/pythia-160m-deduped,step1000,1000,2,factual_association,post_degradation_k16,2026-06-04 14:45:18,1|1|1|1|1,888|147|574|525|2004,16,2,fact140_template0,140,"Question: In the fictional registry, what is the codeword for zorlan-02-0140? Answer:",888,0,3,0,-11.431625366210938,-9.21812915802002,-2.213496208190918
e3_factual_160m_smoke,EleutherAI/pythia-160m-deduped,step1000,1000,2,factual_association,post_degradation_k16,2026-06-04 14:45:18,1|1|1|1|1,194|888|403|2020|stone,16,2,fact140_template1,140,Question: Which label was assigned to zorlan-02-0140 in the experiment? Answer:,888,1,2,0,-9.903727531433105,-8.327645301818848,-1.5760822296142578
e3_factual_160m_smoke,EleutherAI/pythia-160m-deduped,step1000,1000,2,factual_association,post_degradation_k16,2026-06-04 14:45:18,1|1|1|1|1,168|1971|121|144|237,16,2,fact141_template0,141,"Question: In the fictional registry, what is the codeword for zorlan-02-0141? Answer:",121,2,3,0,-10.77344799041748,-9.11734676361084,-1.6561012268066406
e3_factual_160m_smoke,EleutherAI/pythia-160m-deduped,step1000,1000,2,factual_association,post_degradation_k16,2026-06-04 14:45:18,1|1|1|1|1,anchor|343|121|black|timber,16,2,fact141_template1,141,Question: Which label was assigned to zorlan-02-0141 in the experiment? Answer:,121,2,1,0,-11.131447792053223,-8.765982627868652,-2.3654651641845703
e3_factual_160m_smoke,EleutherAI/pythia-160m-deduped,step1000,1000,2,factual_association,post_degradation_k16,2026-06-04 14:45:18,1|1|1|1|1,292|610|439|534|440,16,2,fact142_template0,142,"Question: In the fictional registry, what is the codeword for zorlan-02-0142? Answer:",440,4,2,0,-9.979446411132812,-9.780927658081055,-0.1985187530517578
e3_factual_160m_smoke,EleutherAI/pythia-160m-deduped,step1000,1000,2,factual_association,post_degradation_k16,2026-06-04 14:45:18,1|1|1|1|1,343|440|1861|omega|924,16,2,fact142_template1,142,Question: Which label was assigned to zorlan-02-0142 in the experiment? Answer:,440,1,0,0,-9.526690483093262,-8.667490005493164,-0.8592004776000977
e3_factual_160m_smoke,EleutherAI/pythia-160m-deduped,step1000,1000,2,factual_association,post_degradation_k16,2026-06-04 14:45:18,1|1|1|1|1,1985|533|232|solar|465,16,2,fact143_template0,143,"Question: In the fictional registry, what is the codeword for zorlan-02-0143? Answer:",533,1,2,0,-10.316337585449219,-8.564658164978027,-1.7516794204711914
e3_factual_160m_smoke,EleutherAI/pythia-160m-deduped,step1000,1000,2,factual_association,post_degradation_k16,2026-06-04 14:45:18,1|1|1|1|1,343|533|950|386|570,16,2,fact143_template1,143,Question: Which label was assigned to zorlan-02-0143 in the experiment? Answer:,533,1,3,0,-10.091318130493164,-8.018836975097656,-2.072481155395508
e3_factual_160m_smoke,EleutherAI/pythia-160m-deduped,step1000,1000,2,factual_association,post_degradation_k16,2026-06-04 14:45:18,1|1|1|1|1,487|1865|413|356|224,16,2,fact144_template0,144,"Question: In the fictional registry, what is the codeword for zorlan-02-0144? Answer:",413,2,0,0,-8.72481918334961,-7.555566787719727,-1.1692523956298828
e3_factual_160m_smoke,EleutherAI/pythia-160m-deduped,step1000,1000,2,factual_association,post_degradation_k16,2026-06-04 14:45:18,1|1|1|1|1,570|413|362|700|888,16,2,fact144_template1,144,Question: Which label was assigned to zorlan-02-0144 in the experiment? Answer:,413,1,1,1,-8.945915222167969,-9.101236343383789,0.1553211212158203
e3_factual_160m_smoke,EleutherAI/pythia-160m-deduped,step1000,1000,2,factual_association,post_degradation_k16,2026-06-04 14:45:18,1|1|1|1|1,273|343|326|237|570,16,2,fact145_template0,145,"Question: In the fictional registry, what is the codeword for zorlan-02-0145? Answer:",326,2,0,0,-9.671992301940918,-8.695899963378906,-0.9760923385620117
e3_factual_160m_smoke,EleutherAI/pythia-160m-deduped,step1000,1000,2,factual_association,post_degradation_k16,2026-06-04 14:45:18,1|1|1|1|1,528|575|434|326|cotton,16,2,fact145_template1,145,Question: Which label was assigned to zorlan-02-0145 in the experiment? Answer:,326,3,0,0,-9.625297546386719,-7.646484851837158,-1.9788126945495605
e3_factual_160m_smoke,EleutherAI/pythia-160m-deduped,step1000,1000,2,factual_association,post_degradation_k16,2026-06-04 14:45:18,1|1|1|1|1,636|alpha|950|3000|841,16,2,fact146_template0,146,"Question: In the fictional registry, what is the codeword for zorlan-02-0146? Answer:",950,2,1,0,-10.190766334533691,-7.063292026519775,-3.127474308013916
e3_factual_160m_smoke,EleutherAI/pythia-160m-deduped,step1000,1000,2,factual_association,post_degradation_k16,2026-06-04 14:45:18,1|1|1|1|1,275|alpha|950|224|170,16,2,fact146_template1,146,Question: Which label was assigned to zorlan-02-0146 in the experiment? Answer:,950,2,1,0,-10.175032615661621,-7.5855865478515625,-2.5894460678100586
e3_factual_160m_smoke,EleutherAI/pythia-160m-deduped,step1000,1000,2,factual_association,post_degradation_k16,2026-06-04 14:45:18,1|1|1|1|1,542|1910|stone|210|292,16,2,fact147_template0,147,"Question: In the fictional registry, what is the codeword for zorlan-02-0147? Answer:",292,4,0,0,-10.037566184997559,-8.389698028564453,-1.6478681564331055
e3_factual_160m_smoke,EleutherAI/pythia-160m-deduped,step1000,1000,2,factual_association,post_degradation_k16,2026-06-04 14:45:18,1|1|1|1|1,332|292|197|1985|768,16,2,fact147_template1,147,Question: Which label was assigned to zorlan-02-0147 in the experiment? Answer:,292,1,0,0,-10.01491641998291,-8.640044212341309,-1.3748722076416016
e3_factual_160m_smoke,EleutherAI/pythia-160m-deduped,step1000,1000,2,factual_association,post_degradation_k16,2026-06-04 14:45:18,1|1|1|1|1,376|153|434|404|624,16,2,fact148_template0,148,"Question: In the fictional registry, what is the codeword for zorlan-02-0148? Answer:",434,2,4,0,-9.564098358154297,-7.936118125915527,-1.6279802322387695
e3_factual_160m_smoke,EleutherAI/pythia-160m-deduped,step1000,1000,2,factual_association,post_degradation_k16,2026-06-04 14:45:18,1|1|1|1|1,296|405|434|530|385,16,2,fact148_template1,148,Question: Which label was assigned to zorlan-02-0148 in the experiment? Answer:,434,2,4,0,-9.854928016662598,-7.492763519287109,-2.3621644973754883
e3_factual_160m_smoke,EleutherAI/pythia-160m-deduped,step1000,1000,2,factual_association,post_degradation_k16,2026-06-04 14:45:18,1|1|1|1|1,244|327|197|424|velvet,16,2,fact149_template0,149,"Question: In the fictional registry, what is the codeword for zorlan-02-0149? Answer:",velvet,4,0,0,-14.292520523071289,-8.224018096923828,-6.068502426147461
e3_factual_160m_smoke,EleutherAI/pythia-160m-deduped,step1000,1000,2,factual_association,post_degradation_k16,2026-06-04 14:45:18,1|1|1|1|1,439|587|velvet|386|310,16,2,fact149_template1,149,Question: Which label was assigned to zorlan-02-0149 in the experiment? Answer:,velvet,2,3,0,-13.674368858337402,-7.568120002746582,-6.10624885559082
e3_factual_160m_smoke,EleutherAI/pythia-160m-deduped,step1000,1000,2,factual_association,post_degradation_k16,2026-06-04 14:45:18,1|1|1|1|1,349|2020|259|403|335,16,2,fact150_template0,150,"Question: In the fictional registry, what is the codeword for zorlan-02-0150? Answer:",259,2,4,0,-9.87385368347168,-8.679316520690918,-1.1945371627807617
e3_factual_160m_smoke,EleutherAI/pythia-160m-deduped,step1000,1000,2,factual_association,post_degradation_k16,2026-06-04 14:45:18,1|1|1|1|1,327|259|587|155|1931,16,2,fact150_template1,150,Question: Which label was assigned to zorlan-02-0150 in the experiment? Answer:,259,1,3,0,-9.816380500793457,-9.009424209594727,-0.8069562911987305
e3_factual_160m_smoke,EleutherAI/pythia-160m-deduped,step1000,1000,2,factual_association,post_degradation_k16,2026-06-04 14:45:18,1|1|1|1|1,237|337|492|232|pepper,16,2,fact151_template0,151,"Question: In the fictional registry, what is the codeword for zorlan-02-0151? Answer:",492,2,3,0,-10.710111618041992,-9.044565200805664,-1.6655464172363281
e3_factual_160m_smoke,EleutherAI/pythia-160m-deduped,step1000,1000,2,factual_association,post_degradation_k16,2026-06-04 14:45:18,1|1|1|1|1,700|1894|464|492|187,16,2,fact151_template1,151,Question: Which label was assigned to zorlan-02-0151 in the experiment? Answer:,492,3,0,0,-10.36110782623291,-8.971514701843262,-1.3895931243896484
e3_factual_160m_smoke,EleutherAI/pythia-160m-deduped,step1000,1000,2,factual_association,post_degradation_k16,2026-06-04 14:45:18,1|1|1|1|1,369|1876|232|160|405,16,2,fact152_template0,152,"Question: In the fictional registry, what is the codeword for zorlan-02-0152? Answer:",369,0,0,1,-8.72968864440918,-8.809178352355957,0.07948970794677734
e3_factual_160m_smoke,EleutherAI/pythia-160m-deduped,step1000,1000,2,factual_association,post_degradation_k16,2026-06-04 14:45:18,1|1|1|1|1,376|1979|296|369|1931,16,2,fact152_template1,152,Question: Which label was assigned to zorlan-02-0152 in the experiment? Answer:,369,3,3,1,-8.036344528198242,-9.48544692993164,1.4491024017333984
e3_factual_160m_smoke,EleutherAI/pythia-160m-deduped,step1000,1000,2,factual_association,post_degradation_k16,2026-06-04 14:45:18,1|1|1|1|1,191|1300|1848|anchor|423,16,2,fact153_template0,153,"Question: In the fictional registry, what is the codeword for zorlan-02-0153? Answer:",423,4,0,0,-10.222890853881836,-7.985111713409424,-2.237779140472412
e3_factual_160m_smoke,EleutherAI/pythia-160m-deduped,step1000,1000,2,factual_association,post_degradation_k16,2026-06-04 14:45:18,1|1|1|1|1,356|423|415|5000|417,16,2,fact153_template1,153,Question: Which label was assigned to zorlan-02-0153 in the experiment? Answer:,423,1,2,0,-9.47304630279541,-7.768979072570801,-1.7040672302246094
e3_factual_160m_smoke,EleutherAI/pythia-160m-deduped,step1000,1000,2,factual_association,post_degradation_k16,2026-06-04 14:45:18,1|1|1|1|1,115|2010|timber|168|519,16,2,fact154_template0,154,"Question: In the fictional registry, what is the codeword for zorlan-02-0154? Answer:",168,3,0,0,-9.722552299499512,-7.4210968017578125,-2.301455497741699
e3_factual_160m_smoke,EleutherAI/pythia-160m-deduped,step1000,1000,2,factual_association,post_degradation_k16,2026-06-04 14:45:18,1|1|1|1|1,424|168|232|284|385,16,2,fact154_template1,154,Question: Which label was assigned to zorlan-02-0154 in the experiment? Answer:,168,1,4,0,-10.562877655029297,-7.932207107543945,-2.6306705474853516
e3_factual_160m_smoke,EleutherAI/pythia-160m-deduped,step1000,1000,2,factual_association,post_degradation_k16,2026-06-04 14:45:18,1|1|1|1|1,1982|465|403|376|502,16,2,fact155_template0,155,"Question: In the fictional registry, what is the codeword for zorlan-02-0155? Answer:",465,1,2,0,-8.72889518737793,-8.654905319213867,-0.0739898681640625
e3_factual_160m_smoke,EleutherAI/pythia-160m-deduped,step1000,1000,2,factual_association,post_degradation_k16,2026-06-04 14:45:18,1|1|1|1|1,465|forest|232|104|405,16,2,fact155_template1,155,Question: Which label was assigned to zorlan-02-0155 in the experiment? Answer:,465,0,0,1,-8.255661964416504,-8.704557418823242,0.4488954544067383
e3_factual_160m_smoke,EleutherAI/pythia-160m-deduped,step1000,1000,2,factual_association,post_degradation_k16,2026-06-04 14:45:18,1|1|1|1|1,441|700|lambda|timber|1887,16,2,fact156_template0,156,"Question: In the fictional registry, what is the codeword for zorlan-02-0156? Answer:",timber,3,1,0,-15.327491760253906,-8.423042297363281,-6.904449462890625
e3_factual_160m_smoke,EleutherAI/pythia-160m-deduped,step1000,1000,2,factual_association,post_degradation_k16,2026-06-04 14:45:18,1|1|1|1|1,175|490|2002|timber|440,16,2,fact156_template1,156,Question: Which label was assigned to zorlan-02-0156 in the experiment? Answer:,timber,3,0,0,-15.478720664978027,-8.26788330078125,-7.210837364196777
e3_factual_160m_smoke,EleutherAI/pythia-160m-deduped,step1000,1000,2,factual_association,post_degradation_k16,2026-06-04 14:45:18,1|1|1|1|1,1985|beta|510|463|131,16,2,fact157_template0,157,"Question: In the fictional registry, what is the codeword for zorlan-02-0157? Answer:",beta,1,4,0,-11.541025161743164,-8.11312484741211,-3.4279003143310547
e3_factual_160m_smoke,EleutherAI/pythia-160m-deduped,step1000,1000,2,factual_association,post_degradation_k16,2026-06-04 14:45:18,1|1|1|1|1,beta|stone|768|850|385,16,2,fact157_template1,157,Question: Which label was assigned to zorlan-02-0157 in the experiment? Answer:,beta,0,4,0,-9.94781494140625,-7.599609375,-2.34820556640625
e3_factual_160m_smoke,EleutherAI/pythia-160m-deduped,step1000,1000,2,factual_association,post_degradation_k16,2026-06-04 14:45:18,1|1|1|1|1,1200|264|496|538|forest,16,2,fact158_template0,158,"Question: In the fictional registry, what is the codeword for zorlan-02-0158? Answer:",538,3,1,0,-9.659339904785156,-9.278646469116211,-0.3806934356689453
e3_factual_160m_smoke,EleutherAI/pythia-160m-deduped,step1000,1000,2,factual_association,post_degradation_k16,2026-06-04 14:45:18,1|1|1|1|1,530|538|146|451|337,16,2,fact158_template1,158,Question: Which label was assigned to zorlan-02-0158 in the experiment? Answer:,538,1,3,0,-9.990994453430176,-9.105175018310547,-0.8858194351196289
e3_factual_160m_smoke,EleutherAI/pythia-160m-deduped,step1000,1000,2,factual_association,post_degradation_k16,2026-06-04 14:45:18,1|1|1|1|1,423|415|beta|red|434,16,2,fact159_template0,159,"Question: In the fictional registry, what is the codeword for zorlan-02-0159? Answer:",415,1,1,1,-7.9481201171875,-9.721161842346191,1.7730417251586914
e3_factual_160m_smoke,EleutherAI/pythia-160m-deduped,step1000,1000,2,factual_association,post_degradation_k16,2026-06-04 14:45:18,1|1|1|1|1,451|415|232|223|605,16,2,fact159_template1,159,Question: Which label was assigned to zorlan-02-0159 in the experiment? Answer:,415,1,1,1,-7.397363662719727,-8.673543930053711,1.2761802673339844
e3_factual_160m_smoke,EleutherAI/pythia-160m-deduped,step1000,1000,2,factual_association,post_degradation_k16,2026-06-04 14:45:18,1|1|1|1|1,alpha|226|413|424|326,16,2,fact160_template0,160,"Question: In the fictional registry, what is the codeword for zorlan-02-0160? Answer:",226,1,0,0,-9.632871627807617,-7.788278579711914,-1.8445930480957031
e3_factual_160m_smoke,EleutherAI/pythia-160m-deduped,step1000,1000,2,factual_association,post_degradation_k16,2026-06-04 14:45:18,1|1|1|1|1,226|413|362|449|536,16,2,fact160_template1,160,Question: Which label was assigned to zorlan-02-0160 in the experiment? Answer:,226,0,3,0,-9.671820640563965,-8.482690811157227,-1.1891298294067383
e3_factual_160m_smoke,EleutherAI/pythia-160m-deduped,step1000,1000,2,factual_association,post_degradation_k16,2026-06-04 14:45:18,1|1|1|1|1,1865|187|463|black|801,16,2,fact161_template0,161,"Question: In the fictional registry, what is the codeword for zorlan-02-0161? Answer:",black,3,4,0,-10.504032135009766,-9.413566589355469,-1.0904655456542969
e3_factual_160m_smoke,EleutherAI/pythia-160m-deduped,step1000,1000,2,factual_association,post_degradation_k16,2026-06-04 14:45:18,1|1|1|1|1,1895|570|464|black|528,16,2,fact161_template1,161,Question: Which label was assigned to zorlan-02-0161 in the experiment? Answer:,black,3,4,0,-10.047821044921875,-7.855205059051514,-2.1926159858703613
e3_factual_160m_smoke,EleutherAI/pythia-160m-deduped,step1000,1000,2,factual_association,post_degradation_k16,2026-06-04 14:45:18,1|1|1|1|1,487|404|306|389|264,16,2,fact162_template0,162,"Question: In the fictional registry, what is the codeword for zorlan-02-0162? Answer:",404,1,0,0,-8.849603652954102,-7.06309700012207,-1.7865066528320312
e3_factual_160m_smoke,EleutherAI/pythia-160m-deduped,step1000,1000,2,factual_association,post_degradation_k16,2026-06-04 14:45:18,1|1|1|1|1,1910|404|147|forest|293,16,2,fact162_template1,162,Question: Which label was assigned to zorlan-02-0162 in the experiment? Answer:,404,1,1,1,-7.68157958984375,-10.010652542114258,2.329072952270508
e3_factual_160m_smoke,EleutherAI/pythia-160m-deduped,step1000,1000,2,factual_association,post_degradation_k16,2026-06-04 14:45:18,1|1|1|1|1,700|531|141|244|801,16,2,fact163_template0,163,"Question: In the fictional registry, what is the codeword for zorlan-02-0163? Answer:",141,2,3,0,-9.229033470153809,-7.746850967407227,-1.482182502746582
e3_factual_160m_smoke,EleutherAI/pythia-160m-deduped,step1000,1000,2,factual_association,post_degradation_k16,2026-06-04 14:45:18,1|1|1|1|1,364|224|239|ocean|141,16,2,fact163_template1,163,Question: Which label was assigned to zorlan-02-0163 in the experiment? Answer:,141,4,0,0,-10.397208213806152,-7.707306861877441,-2.689901351928711
e3_factual_160m_smoke,EleutherAI/pythia-160m-deduped,step1000,1000,2,factual_association,post_degradation_k16,2026-06-04 14:45:18,1|1|1|1|1,413|1894|155|487|1989,16,2,fact164_template0,164,"Question: In the fictional registry, what is the codeword for zorlan-02-0164? Answer:",155,2,3,0,-7.953612804412842,-7.3558783531188965,-0.5977344512939453
e3_factual_160m_smoke,EleutherAI/pythia-160m-deduped,step1000,1000,2,factual_association,post_degradation_k16,2026-06-04 14:45:18,1|1|1|1|1,155|171|138|306|140,16,2,fact164_template1,164,Question: Which label was assigned to zorlan-02-0164 in the experiment? Answer:,155,0,4,0,-8.921935081481934,-8.881961822509766,-0.03997325897216797
e3_factual_160m_smoke,EleutherAI/pythia-160m-deduped,step1000,1000,2,factual_association,post_degradation_k16,2026-06-04 14:45:18,1|1|1|1|1,1895|lambda|841|165|1945,16,2,fact165_template0,165,"Question: In the fictional registry, what is the codeword for zorlan-02-0165? Answer:",lambda,1,3,0,-12.07422161102295,-9.05585765838623,-3.0183639526367188
e3_factual_160m_smoke,EleutherAI/pythia-160m-deduped,step1000,1000,2,factual_association,post_degradation_k16,2026-06-04 14:45:18,1|1|1|1|1,343|lambda|115|624|530,16,2,fact165_template1,165,Question: Which label was assigned to zorlan-02-0165 in the experiment? Answer:,lambda,1,3,0,-10.447858810424805,-8.093402862548828,-2.3544559478759766
e3_factual_160m_smoke,EleutherAI/pythia-160m-deduped,step1000,1000,2,factual_association,post_degradation_k16,2026-06-04 14:45:18,1|1|1|1|1,black|1968|668|530|red,16,2,fact166_template0,166,"Question: In the fictional registry, what is the codeword for zorlan-02-0166? Answer:",530,3,2,0,-10.593008041381836,-8.598241806030273,-1.9947662353515625
e3_factual_160m_smoke,EleutherAI/pythia-160m-deduped,step1000,1000,2,factual_association,post_degradation_k16,2026-06-04 14:45:18,1|1|1|1|1,309|227|plasma|530|415,16,2,fact166_template1,166,Question: Which label was assigned to zorlan-02-0166 in the experiment? Answer:,530,3,4,0,-10.402552604675293,-7.480930328369141,-2.9216222763061523
e3_factual_160m_smoke,EleutherAI/pythia-160m-deduped,step1000,1000,2,factual_association,post_degradation_k16,2026-06-04 14:45:18,1|1|1|1|1,264|187|1998|144|492,16,2,fact167_template0,167,"Question: In the fictional registry, what is the codeword for zorlan-02-0167? Answer:",144,3,3,1,-8.935004234313965,-8.952536582946777,0.0175323486328125
e3_factual_160m_smoke,EleutherAI/pythia-160m-deduped,step1000,1000,2,factual_association,post_degradation_k16,2026-06-04 14:45:18,1|1|1|1|1,2004|144|264|1958|165,16,2,fact167_template1,167,Question: Which label was assigned to zorlan-02-0167 in the experiment? Answer:,144,1,2,0,-9.830612182617188,-9.41064739227295,-0.4199647903442383
e3_factual_160m_smoke,EleutherAI/pythia-160m-deduped,step1000,1000,2,factual_association,post_degradation_k16,2026-06-04 14:45:18,1|1|1|1|1,1941|5000|309|273|191,16,2,fact168_template0,168,"Question: In the fictional registry, what is the codeword for zorlan-02-0168? Answer:",5000,1,4,0,-11.62964916229248,-7.8618621826171875,-3.767786979675293
e3_factual_160m_smoke,EleutherAI/pythia-160m-deduped,step1000,1000,2,factual_association,post_degradation_k16,2026-06-04 14:45:18,1|1|1|1|1,5000|768|plasma|284|536,16,2,fact168_template1,168,Question: Which label was assigned to zorlan-02-0168 in the experiment? Answer:,5000,0,4,0,-11.513236999511719,-8.812708854675293,-2.700528144836426
e3_factual_160m_smoke,EleutherAI/pythia-160m-deduped,step1000,1000,2,factual_association,post_degradation_k16,2026-06-04 14:45:18,1|1|1|1|1,solar|324|244|223|146,16,2,fact169_template0,169,"Question: In the fictional registry, what is the codeword for zorlan-02-0169? Answer:",223,3,1,0,-9.644466400146484,-8.145731925964355,-1.498734474182129
e3_factual_160m_smoke,EleutherAI/pythia-160m-deduped,step1000,1000,2,factual_association,post_degradation_k16,2026-06-04 14:45:18,1|1|1|1|1,1998|1982|223|423|389,16,2,fact169_template1,169,Question: Which label was assigned to zorlan-02-0169 in the experiment? Answer:,223,2,4,0,-9.783087730407715,-8.825210571289062,-0.9578771591186523
e3_factual_160m_smoke,EleutherAI/pythia-160m-deduped,step1000,1000,2,factual_association,post_degradation_k16,2026-06-04 14:45:18,1|1|1|1|1,292|153|cotton|168|2002,16,2,fact170_template0,170,"Question: In the fictional registry, what is the codeword for zorlan-02-0170? Answer:",2002,4,4,1,-7.880767822265625,-8.68656063079834,0.8057928085327148
e3_factual_160m_smoke,EleutherAI/pythia-160m-deduped,step1000,1000,2,factual_association,post_degradation_k16,2026-06-04 14:45:18,1|1|1|1|1,vertex|192|1998|113|2002,16,2,fact170_template1,170,Question: Which label was assigned to zorlan-02-0170 in the experiment? Answer:,2002,4,1,0,-9.85839557647705,-7.953325271606445,-1.9050703048706055
e3_factual_160m_smoke,EleutherAI/pythia-160m-deduped,step1000,1000,2,factual_association,post_degradation_k16,2026-06-04 14:45:18,1|1|1|1|1,403|146|605|706|464,16,2,fact171_template0,171,"Question: In the fictional registry, what is the codeword for zorlan-02-0171? Answer:",146,1,3,0,-9.647246360778809,-8.484331130981445,-1.1629152297973633
e3_factual_160m_smoke,EleutherAI/pythia-160m-deduped,step1000,1000,2,factual_association,post_degradation_k16,2026-06-04 14:45:18,1|1|1|1|1,2004|310|1894|171|146,16,2,fact171_template1,171,Question: Which label was assigned to zorlan-02-0171 in the experiment? Answer:,146,4,3,0,-10.329151153564453,-9.708480834960938,-0.6206703186035156
e3_factual_160m_smoke,EleutherAI/pythia-160m-deduped,step1000,1000,2,factual_association,post_degradation_k16,2026-06-04 14:45:18,1|1|1|1|1,329|405|675|2020|1969,16,2,fact172_template0,172,"Question: In the fictional registry, what is the codeword for zorlan-02-0172? Answer:",675,2,0,0,-10.63253402709961,-8.045394897460938,-2.587139129638672
e3_factual_160m_smoke,EleutherAI/pythia-160m-deduped,step1000,1000,2,factual_association,post_degradation_k16,2026-06-04 14:45:18,1|1|1|1|1,224|668|1911|403|675,16,2,fact172_template1,172,Question: Which label was assigned to zorlan-02-0172 in the experiment? Answer:,675,4,3,0,-9.870269775390625,-8.389497756958008,-1.4807720184326172
e3_factual_160m_smoke,EleutherAI/pythia-160m-deduped,step1000,1000,2,factual_association,post_degradation_k16,2026-06-04 14:45:18,1|1|1|1|1,320|187|232|636|1968,16,2,fact173_template0,173,"Question: In the fictional registry, what is the codeword for zorlan-02-0173? Answer:",636,3,2,0,-10.635100364685059,-8.110078811645508,-2.525021553039551
e3_factual_160m_smoke,EleutherAI/pythia-160m-deduped,step1000,1000,2,factual_association,post_degradation_k16,2026-06-04 14:45:18,1|1|1|1|1,636|timber|337|436|440,16,2,fact173_template1,173,Question: Which label was assigned to zorlan-02-0173 in the experiment? Answer:,636,0,3,0,-9.807120323181152,-8.365796089172363,-1.441324234008789
e3_factual_160m_smoke,EleutherAI/pythia-160m-deduped,step1000,1000,2,factual_association,post_degradation_k16,2026-06-04 14:45:18,1|1|1|1|1,405|5000|147|2004|227,16,2,fact174_template0,174,"Question: In the fictional registry, what is the codeword for zorlan-02-0174? Answer:",147,2,4,0,-8.964786529541016,-8.522932052612305,-0.44185447692871094
e3_factual_160m_smoke,EleutherAI/pythia-160m-deduped,step1000,1000,2,factual_association,post_degradation_k16,2026-06-04 14:45:18,1|1|1|1|1,574|138|165|147|1969,16,2,fact174_template1,174,Question: Which label was assigned to zorlan-02-0174 in the experiment? Answer:,147,3,1,0,-9.56187915802002,-8.422184944152832,-1.1396942138671875
e3_factual_160m_smoke,EleutherAI/pythia-160m-deduped,step1000,1000,2,factual_association,post_degradation_k16,2026-06-04 14:45:18,1|1|1|1|1,115|144|3000|210|171,16,2,fact175_template0,175,"Question: In the fictional registry, what is the codeword for zorlan-02-0175? Answer:",210,3,0,0,-9.347128868103027,-7.564983367919922,-1.7821455001831055
e3_factual_160m_smoke,EleutherAI/pythia-160m-deduped,step1000,1000,2,factual_association,post_degradation_k16,2026-06-04 14:45:18,1|1|1|1|1,1300|210|2002|127|376,16,2,fact175_template1,175,Question: Which label was assigned to zorlan-02-0175 in the experiment? Answer:,210,1,3,0,-9.095792770385742,-7.956159591674805,-1.1396331787109375
e3_factual_160m_smoke,EleutherAI/pythia-160m-deduped,step1000,1000,2,factual_association,post_degradation_k16,2026-06-04 14:45:18,1|1|1|1|1,cotton|768|950|727|2010,16,2,fact176_template0,176,"Question: In the fictional registry, what is the codeword for zorlan-02-0176? Answer:",cotton,0,4,0,-13.042490005493164,-9.167207717895508,-3.8752822875976562
e3_factual_160m_smoke,EleutherAI/pythia-160m-deduped,step1000,1000,2,factual_association,post_degradation_k16,2026-06-04 14:45:18,1|1|1|1|1,1971|cotton|1958|399|389,16,2,fact176_template1,176,Question: Which label was assigned to zorlan-02-0176 in the experiment? Answer:,cotton,1,3,0,-13.085326194763184,-8.858448028564453,-4.2268781661987305
e3_factual_160m_smoke,EleutherAI/pythia-160m-deduped,step1000,1000,2,factual_association,post_degradation_k16,2026-06-04 14:45:18,1|1|1|1|1,326|850|223|ocean|439,16,2,fact177_template0,177,"Question: In the fictional registry, what is the codeword for zorlan-02-0177? Answer:",850,1,1,1,-8.85203742980957,-9.112290382385254,0.2602529525756836
e3_factual_160m_smoke,EleutherAI/pythia-160m-deduped,step1000,1000,2,factual_association,post_degradation_k16,2026-06-04 14:45:18,1|1|1|1|1,510|2001|570|850|536,16,2,fact177_template1,177,Question: Which label was assigned to zorlan-02-0177 in the experiment? Answer:,850,3,0,0,-9.122167587280273,-8.63151741027832,-0.4906501770019531
e3_factual_160m_smoke,EleutherAI/pythia-160m-deduped,step1000,1000,2,factual_association,post_degradation_k16,2026-06-04 14:45:18,1|1|1|1|1,192|465|327|530|519,16,2,fact178_template0,178,"Question: In the fictional registry, what is the codeword for zorlan-02-0178? Answer:",327,2,0,0,-9.766965866088867,-8.318818092346191,-1.4481477737426758
e3_factual_160m_smoke,EleutherAI/pythia-160m-deduped,step1000,1000,2,factual_association,post_degradation_k16,2026-06-04 14:45:18,1|1|1|1|1,515|210|441|327|1958,16,2,fact178_template1,178,Question: Which label was assigned to zorlan-02-0178 in the experiment? Answer:,327,3,2,0,-9.887687683105469,-8.92469596862793,-0.9629917144775391
e3_factual_160m_smoke,EleutherAI/pythia-160m-deduped,step1000,1000,2,factual_association,post_degradation_k16,2026-06-04 14:45:18,1|1|1|1|1,293|924|296|343|587,16,2,fact179_template0,179,"Question: In the fictional registry, what is the codeword for zorlan-02-0179? Answer:",293,0,3,0,-10.20779037475586,-8.830297470092773,-1.377492904663086
e3_factual_160m_smoke,EleutherAI/pythia-160m-deduped,step1000,1000,2,factual_association,post_degradation_k16,2026-06-04 14:45:18,1|1|1|1|1,purple|436|alpha|700|293,16,2,fact179_template1,179,Question: Which label was assigned to zorlan-02-0179 in the experiment? Answer:,293,4,2,0,-11.053674697875977,-7.839590549468994,-3.2140841484069824
e3_factual_160m_smoke,EleutherAI/pythia-160m-deduped,step1000,1000,2,factual_association,post_degradation_k16,2026-06-04 14:45:18,1|1|1|1|1,2016|227|1958|ocean|339,16,2,fact180_template0,180,"Question: In the fictional registry, what is the codeword for zorlan-02-0180? Answer:",339,4,1,0,-9.55943489074707,-9.489575386047363,-0.06985950469970703
e3_factual_160m_smoke,EleutherAI/pythia-160m-deduped,step1000,1000,2,factual_association,post_degradation_k16,2026-06-04 14:45:18,1|1|1|1|1,260|339|405|924|275,16,2,fact180_template1,180,Question: Which label was assigned to zorlan-02-0180 in the experiment? Answer:,339,1,2,0,-9.97510051727295,-8.980432510375977,-0.9946680068969727
e3_factual_160m_smoke,EleutherAI/pythia-160m-deduped,step1000,1000,2,factual_association,post_degradation_k16,2026-06-04 14:45:18,1|1|1|1|1,706|364|165|490|171,16,2,fact181_template0,181,"Question: In the fictional registry, what is the codeword for zorlan-02-0181? Answer:",171,4,1,0,-8.537586212158203,-7.859934329986572,-0.6776518821716309
e3_factual_160m_smoke,EleutherAI/pythia-160m-deduped,step1000,1000,2,factual_association,post_degradation_k16,2026-06-04 14:45:18,1|1|1|1|1,forest|605|171|327|113,16,2,fact181_template1,181,Question: Which label was assigned to zorlan-02-0181 in the experiment? Answer:,171,2,4,0,-9.629429817199707,-8.358715057373047,-1.2707147598266602
e3_factual_160m_smoke,EleutherAI/pythia-160m-deduped,step1000,1000,2,factual_association,post_degradation_k16,2026-06-04 14:45:18,1|1|1|1|1,144|610|pepper|605|1956,16,2,fact182_template0,182,"Question: In the fictional registry, what is the codeword for zorlan-02-0182? Answer:",605,3,0,0,-10.453437805175781,-8.709653854370117,-1.743783950805664
e3_factual_160m_smoke,EleutherAI/pythia-160m-deduped,step1000,1000,2,factual_association,post_degradation_k16,2026-06-04 14:45:18,1|1|1|1|1,605|146|424|284|192,16,2,fact182_template1,182,Question: Which label was assigned to zorlan-02-0182 in the experiment? Answer:,605,0,4,0,-10.189146995544434,-7.8832597732543945,-2.305887222290039
e3_factual_160m_smoke,EleutherAI/pythia-160m-deduped,step1000,1000,2,factual_association,post_degradation_k16,2026-06-04 14:45:18,1|1|1|1|1,1891|610|405|1989|542,16,2,fact183_template0,183,"Question: In the fictional registry, what is the codeword for zorlan-02-0183? Answer:",1891,0,3,0,-11.67015266418457,-8.31673526763916,-3.35341739654541
e3_factual_160m_smoke,EleutherAI/pythia-160m-deduped,step1000,1000,2,factual_association,post_degradation_k16,2026-06-04 14:45:18,1|1|1|1|1,4000|440|434|1891|668,16,2,fact183_template1,183,Question: Which label was assigned to zorlan-02-0183 in the experiment? Answer:,1891,3,4,0,-12.380247116088867,-9.284014701843262,-3.0962324142456055
e3_factual_160m_smoke,EleutherAI/pythia-160m-deduped,step1000,1000,2,factual_association,post_degradation_k16,2026-06-04 14:45:18,1|1|1|1|1,1971|292|170|223|alpha,16,2,fact184_template0,184,"Question: In the fictional registry, what is the codeword for zorlan-02-0184? Answer:",1971,0,4,0,-9.771808624267578,-7.8919501304626465,-1.8798584938049316
e3_factual_160m_smoke,EleutherAI/pythia-160m-deduped,step1000,1000,2,factual_association,post_degradation_k16,2026-06-04 14:45:18,1|1|1|1|1,191|1971|413|519|1915,16,2,fact184_template1,184,Question: Which label was assigned to zorlan-02-0184 in the experiment? Answer:,1971,1,0,0,-10.323953628540039,-8.103925704956055,-2.2200279235839844
e3_factual_160m_smoke,EleutherAI/pythia-160m-deduped,step1000,1000,2,factual_association,post_degradation_k16,2026-06-04 14:45:18,1|1|1|1|1,sigma|337|113|432|292,16,2,fact185_template0,185,"Question: In the fictional registry, what is the codeword for zorlan-02-0185? Answer:",sigma,0,2,0,-12.772256851196289,-6.56013822555542,-6.212118625640869
e3_factual_160m_smoke,EleutherAI/pythia-160m-deduped,step1000,1000,2,factual_association,post_degradation_k16,2026-06-04 14:45:18,1|1|1|1|1,610|328|349|432|sigma,16,2,fact185_template1,185,Question: Which label was assigned to zorlan-02-0185 in the experiment? Answer:,sigma,4,3,0,-12.89316177368164,-7.396452903747559,-5.496708869934082
e3_factual_160m_smoke,EleutherAI/pythia-160m-deduped,step1000,1000,2,factual_association,post_degradation_k16,2026-06-04 14:45:18,1|1|1|1|1,2001|vertex|574|solar|924,16,2,fact186_template0,186,"Question: In the fictional registry, what is the codeword for zorlan-02-0186? Answer:",924,4,2,0,-10.214263916015625,-8.653715133666992,-1.5605487823486328
e3_factual_160m_smoke,EleutherAI/pythia-160m-deduped,step1000,1000,2,factual_association,post_degradation_k16,2026-06-04 14:45:18,1|1|1|1|1,924|210|1945|350|574,16,2,fact186_template1,186,Question: Which label was assigned to zorlan-02-0186 in the experiment? Answer:,924,0,3,0,-10.615242004394531,-8.192403793334961,-2.4228382110595703
e3_factual_160m_smoke,EleutherAI/pythia-160m-deduped,step1000,1000,2,factual_association,post_degradation_k16,2026-06-04 14:45:18,1|1|1|1|1,1865|424|327|376|1989,16,2,fact187_template0,187,"Question: In the fictional registry, what is the codeword for zorlan-02-0187? Answer:",376,3,4,0,-10.244796752929688,-9.441436767578125,-0.8033599853515625
e3_factual_160m_smoke,EleutherAI/pythia-160m-deduped,step1000,1000,2,factual_association,post_degradation_k16,2026-06-04 14:45:18,1|1|1|1|1,147|376|156|464|610,16,2,fact187_template1,187,Question: Which label was assigned to zorlan-02-0187 in the experiment? Answer:,376,1,3,0,-9.814591407775879,-9.382198333740234,-0.43239307403564453
e3_factual_160m_smoke,EleutherAI/pythia-160m-deduped,step1000,1000,2,factual_association,post_degradation_k16,2026-06-04 14:45:18,1|1|1|1|1,1989|3000|515|436|160,16,2,fact188_template0,188,"Question: In the fictional registry, what is the codeword for zorlan-02-0188? Answer:",515,2,3,0,-11.141915321350098,-8.641545295715332,-2.5003700256347656
e3_factual_160m_smoke,EleutherAI/pythia-160m-deduped,step1000,1000,2,factual_association,post_degradation_k16,2026-06-04 14:45:18,1|1|1|1|1,1895|515|1958|eagle|850,16,2,fact188_template1,188,Question: Which label was assigned to zorlan-02-0188 in the experiment? Answer:,515,1,4,0,-10.338136672973633,-9.155122756958008,-1.183013916015625
e3_factual_160m_smoke,EleutherAI/pythia-160m-deduped,step1000,1000,2,factual_association,post_degradation_k16,2026-06-04 14:45:18,1|1|1|1|1,109|490|417|244|385,16,2,fact189_template0,189,"Question: In the fictional registry, what is the codeword for zorlan-02-0189? Answer:",417,2,4,0,-9.604911804199219,-7.284534454345703,-2.3203773498535156
e3_factual_160m_smoke,EleutherAI/pythia-160m-deduped,step1000,1000,2,factual_association,post_degradation_k16,2026-06-04 14:45:18,1|1|1|1|1,850|417|1956|528|324,16,2,fact189_template1,189,Question: Which label was assigned to zorlan-02-0189 in the experiment? Answer:,417,1,3,0,-9.855539321899414,-7.410572528839111,-2.4449667930603027
e3_factual_160m_smoke,EleutherAI/pythia-160m-deduped,step1000,1000,2,factual_association,post_degradation_k16,2026-06-04 14:45:18,1|1|1|1|1,156|515|2001|187|1300,16,2,fact190_template0,190,"Question: In the fictional registry, what is the codeword for zorlan-02-0190? Answer:",2001,2,0,0,-9.234879493713379,-8.662433624267578,-0.5724458694458008
e3_factual_160m_smoke,EleutherAI/pythia-160m-deduped,step1000,1000,2,factual_association,post_degradation_k16,2026-06-04 14:45:18,1|1|1|1|1,141|2001|950|1910|1985,16,2,fact190_template1,190,Question: Which label was assigned to zorlan-02-0190 in the experiment? Answer:,2001,1,2,0,-10.414445877075195,-10.380645751953125,-0.03380012512207031
e3_factual_160m_smoke,EleutherAI/pythia-160m-deduped,step1000,1000,2,factual_association,post_degradation_k16,2026-06-04 14:45:18,1|1|1|1|1,700|260|950|296|706,16,2,fact191_template0,191,"Question: In the fictional registry, what is the codeword for zorlan-02-0191? Answer:",260,1,0,0,-9.86448860168457,-8.422985076904297,-1.4415035247802734
e3_factual_160m_smoke,EleutherAI/pythia-160m-deduped,step1000,1000,2,factual_association,post_degradation_k16,2026-06-04 14:45:18,1|1|1|1|1,329|113|675|260|801,16,2,fact191_template1,191,Question: Which label was assigned to zorlan-02-0191 in the experiment? Answer:,260,3,0,0,-10.20106315612793,-8.297592163085938,-1.9034709930419922
e3_factual_160m_smoke,EleutherAI/pythia-160m-deduped,step1000,1000,2,factual_association,post_degradation_k16,2026-06-04 14:45:18,1|1|1|1|1,531|1894|417|700|528,16,2,fact192_template0,192,"Question: In the fictional registry, what is the codeword for zorlan-02-0192? Answer:",1894,1,4,0,-10.987995147705078,-7.554084300994873,-3.433910846710205
e3_factual_160m_smoke,EleutherAI/pythia-160m-deduped,step1000,1000,2,factual_association,post_degradation_k16,2026-06-04 14:45:18,1|1|1|1|1,1848|141|349|1894|841,16,2,fact192_template1,192,Question: Which label was assigned to zorlan-02-0192 in the experiment? Answer:,1894,3,2,0,-11.559455871582031,-9.145444869995117,-2.414011001586914
e3_factual_160m_smoke,EleutherAI/pythia-160m-deduped,step1000,1000,2,factual_association,post_degradation_k16,2026-06-04 14:45:18,1|1|1|1|1,337|168|3000|296|605,16,2,fact193_template0,193,"Question: In the fictional registry, what is the codeword for zorlan-02-0193? Answer:",296,3,3,1,-8.872020721435547,-9.36585807800293,0.4938373565673828
e3_factual_160m_smoke,EleutherAI/pythia-160m-deduped,step1000,1000,2,factual_association,post_degradation_k16,2026-06-04 14:45:18,1|1|1|1|1,244|1910|310|464|296,16,2,fact193_template1,193,Question: Which label was assigned to zorlan-02-0193 in the experiment? Answer:,296,4,0,0,-9.396139144897461,-8.450796127319336,-0.945343017578125
e3_factual_160m_smoke,EleutherAI/pythia-160m-deduped,step1000,1000,2,factual_association,post_degradation_k16,2026-06-04 14:45:18,1|1|1|1|1,424|296|413|309|800,16,2,fact194_template0,194,"Question: In the fictional registry, what is the codeword for zorlan-02-0194? Answer:",424,0,2,0,-10.06365966796875,-8.27901554107666,-1.7846441268920898
e3_factual_160m_smoke,EleutherAI/pythia-160m-deduped,step1000,1000,2,factual_association,post_degradation_k16,2026-06-04 14:45:18,1|1|1|1|1,237|plasma|424|1865|stone,16,2,fact194_template1,194,Question: Which label was assigned to zorlan-02-0194 in the experiment? Answer:,424,2,2,1,-9.347366333007812,-9.87336540222168,0.5259990692138672
e3_factual_160m_smoke,EleutherAI/pythia-160m-deduped,step1000,1000,2,factual_association,post_degradation_k16,2026-06-04 14:45:18,1|1|1|1|1,109|292|385|338|vertex,16,2,fact195_template0,195,"Question: In the fictional registry, what is the codeword for zorlan-02-0195? Answer:",109,0,3,0,-9.333179473876953,-7.916586399078369,-1.416593074798584
e3_factual_160m_smoke,EleutherAI/pythia-160m-deduped,step1000,1000,2,factual_association,post_degradation_k16,2026-06-04 14:45:18,1|1|1|1|1,366|2020|109|cotton|alpha,16,2,fact195_template1,195,Question: Which label was assigned to zorlan-02-0195 in the experiment? Answer:,109,2,0,0,-9.156929969787598,-7.879101753234863,-1.2778282165527344
e3_factual_160m_smoke,EleutherAI/pythia-160m-deduped,step1000,1000,2,factual_association,post_degradation_k16,2026-06-04 14:45:18,1|1|1|1|1,1865|1200|510|194|1848,16,2,fact196_template0,196,"Question: In the fictional registry, what is the codeword for zorlan-02-0196? Answer:",1200,1,3,0,-9.992170333862305,-9.42812728881836,-0.5640430450439453
e3_factual_160m_smoke,EleutherAI/pythia-160m-deduped,step1000,1000,2,factual_association,post_degradation_k16,2026-06-04 14:45:18,1|1|1|1|1,1200|424|1985|plasma|black,16,2,fact196_template1,196,Question: Which label was assigned to zorlan-02-0196 in the experiment? Answer:,1200,0,1,0,-9.748786926269531,-9.370241165161133,-0.37854576110839844
e3_factual_160m_smoke,EleutherAI/pythia-160m-deduped,step1000,1000,2,factual_association,post_degradation_k16,2026-06-04 14:45:18,1|1|1|1|1,1969|226|768|525|237,16,2,fact197_template0,197,"Question: In the fictional registry, what is the codeword for zorlan-02-0197? Answer:",768,2,3,0,-9.633753776550293,-7.9991960525512695,-1.6345577239990234
e3_factual_160m_smoke,EleutherAI/pythia-160m-deduped,step1000,1000,2,factual_association,post_degradation_k16,2026-06-04 14:45:18,1|1|1|1|1,2010|343|1891|768|534,16,2,fact197_template1,197,Question: Which label was assigned to zorlan-02-0197 in the experiment? Answer:,768,3,1,0,-9.439828872680664,-8.673057556152344,-0.7667713165283203
e3_factual_160m_smoke,EleutherAI/pythia-160m-deduped,step1000,1000,2,factual_association,post_degradation_k16,2026-06-04 14:45:18,1|1|1|1|1,pepper|320|496|omega|451,16,2,fact198_template0,198,"Question: In the fictional registry, what is the codeword for zorlan-02-0198? Answer:",451,4,4,1,-8.646080017089844,-9.433321952819824,0.7872419357299805
e3_factual_160m_smoke,EleutherAI/pythia-160m-deduped,step1000,1000,2,factual_association,post_degradation_k16,2026-06-04 14:45:18,1|1|1|1|1,1881|293|1987|451|337,16,2,fact198_template1,198,Question: Which label was assigned to zorlan-02-0198 in the experiment? Answer:,451,3,3,1,-8.72761344909668,-9.402892112731934,0.6752786636352539
e3_factual_160m_smoke,EleutherAI/pythia-160m-deduped,step1000,1000,2,factual_association,post_degradation_k16,2026-06-04 14:45:18,1|1|1|1|1,2016|464|2001|2002|415,16,2,fact199_template0,199,"Question: In the fictional registry, what is the codeword for zorlan-02-0199? Answer:",464,1,3,0,-9.251702308654785,-7.944690704345703,-1.307011604309082
e3_factual_160m_smoke,EleutherAI/pythia-160m-deduped,step1000,1000,2,factual_association,post_degradation_k16,2026-06-04 14:45:18,1|1|1|1|1,1958|red|232|131|464,16,2,fact199_template1,199,Question: Which label was assigned to zorlan-02-0199 in the experiment? Answer:,464,4,2,0,-8.969825744628906,-8.620080947875977,-0.3497447967529297
