[2026-06-07T10:36:44+0000] Loading tokenizer: EleutherAI/pythia-160m-deduped
/usr/local/lib/python3.11/dist-packages/huggingface_hub/file_download.py:949: FutureWarning: `resume_download` is deprecated and will be removed in version 1.0.0. Downloads always resume when possible. If you want to force a new download, use `force_download=True`.
  warnings.warn(
Special tokens have been added in the vocabulary, make sure the associated word embeddings are fine-tuned or trained.
[2026-06-07T10:36:44+0000] Loading model: EleutherAI/pythia-160m-deduped @ step0 on cuda
/usr/local/lib/python3.11/dist-packages/huggingface_hub/file_download.py:949: FutureWarning: `resume_download` is deprecated and will be removed in version 1.0.0. Downloads always resume when possible. If you want to force a new download, use `force_download=True`.
  warnings.warn(
[2026-06-07T10:36:46+0000] Scoring base probes/controls
[2026-06-07T10:37:06+0000] Injecting signal: 900 texts, 600 steps
[2026-06-07T10:37:53+0000] Scoring post-injection uptake
[2026-06-07T10:38:19+0000] Clean-continuation branch: 500 steps on fixed_jsonl (12000 texts)
[2026-06-07T10:39:43+0000] Scoring post-continuation retention
[2026-06-07T10:39:58+0000] Degradation branch: budget=4 facts, 12 texts
[2026-06-07T10:40:12+0000] Degradation branch: budget=16 facts, 48 texts
[2026-06-07T10:40:27+0000] Degradation branch: budget=64 facts, 192 texts
[2026-06-07T10:40:40+0000] Degradation branch: budget=256 facts, 768 texts
[2026-06-07T10:40:55+0000] Wrote cell outputs under results/step1_factual_dense_160m_32ckpt/raw
[2026-06-07T10:40:56+0000] Loading tokenizer: EleutherAI/pythia-160m-deduped
Special tokens have been added in the vocabulary, make sure the associated word embeddings are fine-tuned or trained.
[2026-06-07T10:40:56+0000] Loading model: EleutherAI/pythia-160m-deduped @ step0 on cuda
[2026-06-07T10:40:57+0000] Scoring base probes/controls
[2026-06-07T10:41:19+0000] Injecting signal: 900 texts, 600 steps
[2026-06-07T10:42:03+0000] Scoring post-injection uptake
[2026-06-07T10:42:22+0000] Clean-continuation branch: 500 steps on fixed_jsonl (12000 texts)
[2026-06-07T10:43:43+0000] Scoring post-continuation retention
[2026-06-07T10:43:54+0000] Degradation branch: budget=4 facts, 12 texts
[2026-06-07T10:44:03+0000] Degradation branch: budget=16 facts, 48 texts
[2026-06-07T10:44:14+0000] Degradation branch: budget=64 facts, 192 texts
[2026-06-07T10:44:26+0000] Degradation branch: budget=256 facts, 768 texts
[2026-06-07T10:44:41+0000] Wrote cell outputs under results/step1_factual_dense_160m_32ckpt/raw
[2026-06-07T10:44:41+0000] Loading tokenizer: EleutherAI/pythia-160m-deduped
Special tokens have been added in the vocabulary, make sure the associated word embeddings are fine-tuned or trained.
[2026-06-07T10:44:41+0000] Loading model: EleutherAI/pythia-160m-deduped @ step0 on cuda
[2026-06-07T10:44:42+0000] Scoring base probes/controls
[2026-06-07T10:45:02+0000] Injecting signal: 900 texts, 600 steps
[2026-06-07T10:45:47+0000] Scoring post-injection uptake
[2026-06-07T10:46:06+0000] Clean-continuation branch: 500 steps on fixed_jsonl (12000 texts)
[2026-06-07T10:47:26+0000] Scoring post-continuation retention
[2026-06-07T10:47:36+0000] Degradation branch: budget=4 facts, 12 texts
[2026-06-07T10:47:45+0000] Degradation branch: budget=16 facts, 48 texts
[2026-06-07T10:47:55+0000] Degradation branch: budget=64 facts, 192 texts
[2026-06-07T10:48:05+0000] Degradation branch: budget=256 facts, 768 texts
[2026-06-07T10:48:18+0000] Wrote cell outputs under results/step1_factual_dense_160m_32ckpt/raw
[2026-06-07T10:48:19+0000] Loading tokenizer: EleutherAI/pythia-160m-deduped
Special tokens have been added in the vocabulary, make sure the associated word embeddings are fine-tuned or trained.
[2026-06-07T10:48:19+0000] Loading model: EleutherAI/pythia-160m-deduped @ step0 on cuda
[2026-06-07T10:48:20+0000] Scoring base probes/controls
[2026-06-07T10:48:39+0000] Injecting signal: 900 texts, 600 steps
[2026-06-07T10:49:22+0000] Scoring post-injection uptake
[2026-06-07T10:49:41+0000] Clean-continuation branch: 500 steps on fixed_jsonl (12000 texts)
[2026-06-07T10:51:01+0000] Scoring post-continuation retention
[2026-06-07T10:51:11+0000] Degradation branch: budget=4 facts, 12 texts
[2026-06-07T10:51:21+0000] Degradation branch: budget=16 facts, 48 texts
[2026-06-07T10:51:31+0000] Degradation branch: budget=64 facts, 192 texts
[2026-06-07T10:51:42+0000] Degradation branch: budget=256 facts, 768 texts
[2026-06-07T10:52:00+0000] Wrote cell outputs under results/step1_factual_dense_160m_32ckpt/raw
[2026-06-07T10:52:00+0000] Loading tokenizer: EleutherAI/pythia-160m-deduped
Special tokens have been added in the vocabulary, make sure the associated word embeddings are fine-tuned or trained.
[2026-06-07T10:52:00+0000] Loading model: EleutherAI/pythia-160m-deduped @ step0 on cuda
[2026-06-07T10:52:01+0000] Scoring base probes/controls
[2026-06-07T10:52:28+0000] Injecting signal: 900 texts, 600 steps
[2026-06-07T10:53:15+0000] Scoring post-injection uptake
[2026-06-07T10:53:42+0000] Clean-continuation branch: 500 steps on fixed_jsonl (12000 texts)
[2026-06-07T10:55:07+0000] Scoring post-continuation retention
[2026-06-07T10:55:17+0000] Degradation branch: budget=4 facts, 12 texts
[2026-06-07T10:55:26+0000] Degradation branch: budget=16 facts, 48 texts
[2026-06-07T10:55:35+0000] Degradation branch: budget=64 facts, 192 texts
[2026-06-07T10:55:45+0000] Degradation branch: budget=256 facts, 768 texts
[2026-06-07T10:55:58+0000] Wrote cell outputs under results/step1_factual_dense_160m_32ckpt/raw
[2026-06-07T10:55:59+0000] Loading tokenizer: EleutherAI/pythia-160m-deduped
Special tokens have been added in the vocabulary, make sure the associated word embeddings are fine-tuned or trained.
[2026-06-07T10:55:59+0000] Loading model: EleutherAI/pythia-160m-deduped @ step1 on cuda
[2026-06-07T10:56:09+0000] Scoring base probes/controls
[2026-06-07T10:56:27+0000] Injecting signal: 900 texts, 600 steps
[2026-06-07T10:57:11+0000] Scoring post-injection uptake
[2026-06-07T10:57:32+0000] Clean-continuation branch: 500 steps on fixed_jsonl (12000 texts)
[2026-06-07T10:58:53+0000] Scoring post-continuation retention
[2026-06-07T10:59:07+0000] Degradation branch: budget=4 facts, 12 texts
[2026-06-07T10:59:19+0000] Degradation branch: budget=16 facts, 48 texts
[2026-06-07T10:59:31+0000] Degradation branch: budget=64 facts, 192 texts
[2026-06-07T10:59:45+0000] Degradation branch: budget=256 facts, 768 texts
[2026-06-07T11:00:03+0000] Wrote cell outputs under results/step1_factual_dense_160m_32ckpt/raw
[2026-06-07T11:00:03+0000] Loading tokenizer: EleutherAI/pythia-160m-deduped
Special tokens have been added in the vocabulary, make sure the associated word embeddings are fine-tuned or trained.
[2026-06-07T11:00:04+0000] Loading model: EleutherAI/pythia-160m-deduped @ step1 on cuda
[2026-06-07T11:00:06+0000] Scoring base probes/controls
[2026-06-07T11:00:30+0000] Injecting signal: 900 texts, 600 steps
[2026-06-07T11:01:15+0000] Scoring post-injection uptake
[2026-06-07T11:01:36+0000] Clean-continuation branch: 500 steps on fixed_jsonl (12000 texts)
[2026-06-07T11:02:57+0000] Scoring post-continuation retention
[2026-06-07T11:03:07+0000] Degradation branch: budget=4 facts, 12 texts
[2026-06-07T11:03:16+0000] Degradation branch: budget=16 facts, 48 texts
[2026-06-07T11:03:27+0000] Degradation branch: budget=64 facts, 192 texts
[2026-06-07T11:03:39+0000] Degradation branch: budget=256 facts, 768 texts
[2026-06-07T11:03:51+0000] Wrote cell outputs under results/step1_factual_dense_160m_32ckpt/raw
[2026-06-07T11:03:52+0000] Loading tokenizer: EleutherAI/pythia-160m-deduped
Special tokens have been added in the vocabulary, make sure the associated word embeddings are fine-tuned or trained.
[2026-06-07T11:03:52+0000] Loading model: EleutherAI/pythia-160m-deduped @ step1 on cuda
[2026-06-07T11:03:53+0000] Scoring base probes/controls
[2026-06-07T11:04:11+0000] Injecting signal: 900 texts, 600 steps
[2026-06-07T11:04:57+0000] Scoring post-injection uptake
[2026-06-07T11:05:16+0000] Clean-continuation branch: 500 steps on fixed_jsonl (12000 texts)
[2026-06-07T11:06:38+0000] Scoring post-continuation retention
[2026-06-07T11:06:48+0000] Degradation branch: budget=4 facts, 12 texts
[2026-06-07T11:06:59+0000] Degradation branch: budget=16 facts, 48 texts
[2026-06-07T11:07:09+0000] Degradation branch: budget=64 facts, 192 texts
[2026-06-07T11:07:20+0000] Degradation branch: budget=256 facts, 768 texts
[2026-06-07T11:07:36+0000] Wrote cell outputs under results/step1_factual_dense_160m_32ckpt/raw
[2026-06-07T11:07:36+0000] Loading tokenizer: EleutherAI/pythia-160m-deduped
Special tokens have been added in the vocabulary, make sure the associated word embeddings are fine-tuned or trained.
[2026-06-07T11:07:36+0000] Loading model: EleutherAI/pythia-160m-deduped @ step1 on cuda
[2026-06-07T11:07:37+0000] Scoring base probes/controls
[2026-06-07T11:07:57+0000] Injecting signal: 900 texts, 600 steps
[2026-06-07T11:08:44+0000] Scoring post-injection uptake
[2026-06-07T11:09:06+0000] Clean-continuation branch: 500 steps on fixed_jsonl (12000 texts)
[2026-06-07T11:10:30+0000] Scoring post-continuation retention
[2026-06-07T11:10:44+0000] Degradation branch: budget=4 facts, 12 texts
[2026-06-07T11:11:00+0000] Degradation branch: budget=16 facts, 48 texts
[2026-06-07T11:11:12+0000] Degradation branch: budget=64 facts, 192 texts
[2026-06-07T11:11:27+0000] Degradation branch: budget=256 facts, 768 texts
[2026-06-07T11:11:45+0000] Wrote cell outputs under results/step1_factual_dense_160m_32ckpt/raw
[2026-06-07T11:11:46+0000] Loading tokenizer: EleutherAI/pythia-160m-deduped
Special tokens have been added in the vocabulary, make sure the associated word embeddings are fine-tuned or trained.
[2026-06-07T11:11:46+0000] Loading model: EleutherAI/pythia-160m-deduped @ step1 on cuda
[2026-06-07T11:11:47+0000] Scoring base probes/controls
[2026-06-07T11:12:16+0000] Injecting signal: 900 texts, 600 steps
[2026-06-07T11:13:03+0000] Scoring post-injection uptake
[2026-06-07T11:13:23+0000] Clean-continuation branch: 500 steps on fixed_jsonl (12000 texts)
[2026-06-07T11:14:45+0000] Scoring post-continuation retention
[2026-06-07T11:14:55+0000] Degradation branch: budget=4 facts, 12 texts
[2026-06-07T11:15:07+0000] Degradation branch: budget=16 facts, 48 texts
[2026-06-07T11:15:19+0000] Degradation branch: budget=64 facts, 192 texts
[2026-06-07T11:15:31+0000] Degradation branch: budget=256 facts, 768 texts
[2026-06-07T11:15:48+0000] Wrote cell outputs under results/step1_factual_dense_160m_32ckpt/raw
[2026-06-07T11:15:48+0000] Loading tokenizer: EleutherAI/pythia-160m-deduped
Special tokens have been added in the vocabulary, make sure the associated word embeddings are fine-tuned or trained.
[2026-06-07T11:15:49+0000] Loading model: EleutherAI/pythia-160m-deduped @ step2 on cuda
[2026-06-07T11:15:57+0000] Scoring base probes/controls
[2026-06-07T11:16:21+0000] Injecting signal: 900 texts, 600 steps
[2026-06-07T11:17:09+0000] Scoring post-injection uptake
[2026-06-07T11:17:28+0000] Clean-continuation branch: 500 steps on fixed_jsonl (12000 texts)
[2026-06-07T11:18:51+0000] Scoring post-continuation retention
[2026-06-07T11:19:00+0000] Degradation branch: budget=4 facts, 12 texts
[2026-06-07T11:19:09+0000] Degradation branch: budget=16 facts, 48 texts
[2026-06-07T11:19:19+0000] Degradation branch: budget=64 facts, 192 texts
[2026-06-07T11:19:29+0000] Degradation branch: budget=256 facts, 768 texts
[2026-06-07T11:19:41+0000] Wrote cell outputs under results/step1_factual_dense_160m_32ckpt/raw
[2026-06-07T11:19:41+0000] Loading tokenizer: EleutherAI/pythia-160m-deduped
Special tokens have been added in the vocabulary, make sure the associated word embeddings are fine-tuned or trained.
[2026-06-07T11:19:42+0000] Loading model: EleutherAI/pythia-160m-deduped @ step2 on cuda
[2026-06-07T11:19:43+0000] Scoring base probes/controls
[2026-06-07T11:20:01+0000] Injecting signal: 900 texts, 600 steps
[2026-06-07T11:20:45+0000] Scoring post-injection uptake
[2026-06-07T11:21:10+0000] Clean-continuation branch: 500 steps on fixed_jsonl (12000 texts)
[2026-06-07T11:22:31+0000] Scoring post-continuation retention
[2026-06-07T11:22:40+0000] Degradation branch: budget=4 facts, 12 texts
[2026-06-07T11:22:49+0000] Degradation branch: budget=16 facts, 48 texts
[2026-06-07T11:22:59+0000] Degradation branch: budget=64 facts, 192 texts
[2026-06-07T11:23:08+0000] Degradation branch: budget=256 facts, 768 texts
[2026-06-07T11:23:23+0000] Wrote cell outputs under results/step1_factual_dense_160m_32ckpt/raw
[2026-06-07T11:23:24+0000] Loading tokenizer: EleutherAI/pythia-160m-deduped
Special tokens have been added in the vocabulary, make sure the associated word embeddings are fine-tuned or trained.
[2026-06-07T11:23:24+0000] Loading model: EleutherAI/pythia-160m-deduped @ step2 on cuda
[2026-06-07T11:23:25+0000] Scoring base probes/controls
[2026-06-07T11:23:42+0000] Injecting signal: 900 texts, 600 steps
[2026-06-07T11:24:30+0000] Scoring post-injection uptake
[2026-06-07T11:24:50+0000] Clean-continuation branch: 500 steps on fixed_jsonl (12000 texts)
[2026-06-07T11:26:12+0000] Scoring post-continuation retention
[2026-06-07T11:26:21+0000] Degradation branch: budget=4 facts, 12 texts
[2026-06-07T11:26:30+0000] Degradation branch: budget=16 facts, 48 texts
[2026-06-07T11:26:39+0000] Degradation branch: budget=64 facts, 192 texts
[2026-06-07T11:26:50+0000] Degradation branch: budget=256 facts, 768 texts
[2026-06-07T11:27:03+0000] Wrote cell outputs under results/step1_factual_dense_160m_32ckpt/raw
[2026-06-07T11:27:03+0000] Loading tokenizer: EleutherAI/pythia-160m-deduped
Special tokens have been added in the vocabulary, make sure the associated word embeddings are fine-tuned or trained.
[2026-06-07T11:27:03+0000] Loading model: EleutherAI/pythia-160m-deduped @ step2 on cuda
[2026-06-07T11:27:04+0000] Scoring base probes/controls
[2026-06-07T11:27:23+0000] Injecting signal: 900 texts, 600 steps
[2026-06-07T11:28:10+0000] Scoring post-injection uptake
[2026-06-07T11:28:30+0000] Clean-continuation branch: 500 steps on fixed_jsonl (12000 texts)
[2026-06-07T11:29:53+0000] Scoring post-continuation retention
[2026-06-07T11:30:06+0000] Degradation branch: budget=4 facts, 12 texts
[2026-06-07T11:30:18+0000] Degradation branch: budget=16 facts, 48 texts
[2026-06-07T11:30:33+0000] Degradation branch: budget=64 facts, 192 texts
[2026-06-07T11:30:48+0000] Degradation branch: budget=256 facts, 768 texts
[2026-06-07T11:31:05+0000] Wrote cell outputs under results/step1_factual_dense_160m_32ckpt/raw
[2026-06-07T11:31:05+0000] Loading tokenizer: EleutherAI/pythia-160m-deduped
Special tokens have been added in the vocabulary, make sure the associated word embeddings are fine-tuned or trained.
[2026-06-07T11:31:06+0000] Loading model: EleutherAI/pythia-160m-deduped @ step2 on cuda
[2026-06-07T11:31:07+0000] Scoring base probes/controls
[2026-06-07T11:31:29+0000] Injecting signal: 900 texts, 600 steps
[2026-06-07T11:32:14+0000] Scoring post-injection uptake
[2026-06-07T11:32:33+0000] Clean-continuation branch: 500 steps on fixed_jsonl (12000 texts)
[2026-06-07T11:33:54+0000] Scoring post-continuation retention
[2026-06-07T11:34:05+0000] Degradation branch: budget=4 facts, 12 texts
[2026-06-07T11:34:17+0000] Degradation branch: budget=16 facts, 48 texts
[2026-06-07T11:34:27+0000] Degradation branch: budget=64 facts, 192 texts
[2026-06-07T11:34:39+0000] Degradation branch: budget=256 facts, 768 texts
[2026-06-07T11:34:53+0000] Wrote cell outputs under results/step1_factual_dense_160m_32ckpt/raw
[2026-06-07T11:34:53+0000] Loading tokenizer: EleutherAI/pythia-160m-deduped
Special tokens have been added in the vocabulary, make sure the associated word embeddings are fine-tuned or trained.
[2026-06-07T11:34:53+0000] Loading model: EleutherAI/pythia-160m-deduped @ step4 on cuda
[2026-06-07T11:35:01+0000] Scoring base probes/controls
[2026-06-07T11:35:25+0000] Injecting signal: 900 texts, 600 steps
[2026-06-07T11:36:13+0000] Scoring post-injection uptake
[2026-06-07T11:36:39+0000] Clean-continuation branch: 500 steps on fixed_jsonl (12000 texts)
[2026-06-07T11:38:03+0000] Scoring post-continuation retention
[2026-06-07T11:38:13+0000] Degradation branch: budget=4 facts, 12 texts
[2026-06-07T11:38:23+0000] Degradation branch: budget=16 facts, 48 texts
[2026-06-07T11:38:33+0000] Degradation branch: budget=64 facts, 192 texts
[2026-06-07T11:38:45+0000] Degradation branch: budget=256 facts, 768 texts
[2026-06-07T11:39:02+0000] Wrote cell outputs under results/step1_factual_dense_160m_32ckpt/raw
[2026-06-07T11:39:02+0000] Loading tokenizer: EleutherAI/pythia-160m-deduped
Special tokens have been added in the vocabulary, make sure the associated word embeddings are fine-tuned or trained.
[2026-06-07T11:39:02+0000] Loading model: EleutherAI/pythia-160m-deduped @ step4 on cuda
[2026-06-07T11:39:03+0000] Scoring base probes/controls
[2026-06-07T11:39:24+0000] Injecting signal: 900 texts, 600 steps
[2026-06-07T11:40:12+0000] Scoring post-injection uptake
[2026-06-07T11:40:36+0000] Clean-continuation branch: 500 steps on fixed_jsonl (12000 texts)
[2026-06-07T11:42:00+0000] Scoring post-continuation retention
[2026-06-07T11:42:12+0000] Degradation branch: budget=4 facts, 12 texts
[2026-06-07T11:42:24+0000] Degradation branch: budget=16 facts, 48 texts
[2026-06-07T11:42:36+0000] Degradation branch: budget=64 facts, 192 texts
[2026-06-07T11:42:50+0000] Degradation branch: budget=256 facts, 768 texts
[2026-06-07T11:43:06+0000] Wrote cell outputs under results/step1_factual_dense_160m_32ckpt/raw
[2026-06-07T11:43:06+0000] Loading tokenizer: EleutherAI/pythia-160m-deduped
Special tokens have been added in the vocabulary, make sure the associated word embeddings are fine-tuned or trained.
[2026-06-07T11:43:06+0000] Loading model: EleutherAI/pythia-160m-deduped @ step4 on cuda
[2026-06-07T11:43:07+0000] Scoring base probes/controls
[2026-06-07T11:43:25+0000] Injecting signal: 900 texts, 600 steps
[2026-06-07T11:44:12+0000] Scoring post-injection uptake
[2026-06-07T11:44:31+0000] Clean-continuation branch: 500 steps on fixed_jsonl (12000 texts)
[2026-06-07T11:45:52+0000] Scoring post-continuation retention
[2026-06-07T11:46:00+0000] Degradation branch: budget=4 facts, 12 texts
[2026-06-07T11:46:09+0000] Degradation branch: budget=16 facts, 48 texts
[2026-06-07T11:46:18+0000] Degradation branch: budget=64 facts, 192 texts
[2026-06-07T11:46:28+0000] Degradation branch: budget=256 facts, 768 texts
[2026-06-07T11:46:40+0000] Wrote cell outputs under results/step1_factual_dense_160m_32ckpt/raw
[2026-06-07T11:46:41+0000] Loading tokenizer: EleutherAI/pythia-160m-deduped
Special tokens have been added in the vocabulary, make sure the associated word embeddings are fine-tuned or trained.
[2026-06-07T11:46:41+0000] Loading model: EleutherAI/pythia-160m-deduped @ step4 on cuda
[2026-06-07T11:46:42+0000] Scoring base probes/controls
[2026-06-07T11:46:59+0000] Injecting signal: 900 texts, 600 steps
[2026-06-07T11:47:42+0000] Scoring post-injection uptake
[2026-06-07T11:48:00+0000] Clean-continuation branch: 500 steps on fixed_jsonl (12000 texts)
[2026-06-07T11:49:21+0000] Scoring post-continuation retention
[2026-06-07T11:49:32+0000] Degradation branch: budget=4 facts, 12 texts
[2026-06-07T11:49:42+0000] Degradation branch: budget=16 facts, 48 texts
[2026-06-07T11:49:51+0000] Degradation branch: budget=64 facts, 192 texts
[2026-06-07T11:50:00+0000] Degradation branch: budget=256 facts, 768 texts
[2026-06-07T11:50:12+0000] Wrote cell outputs under results/step1_factual_dense_160m_32ckpt/raw
[2026-06-07T11:50:13+0000] Loading tokenizer: EleutherAI/pythia-160m-deduped
Special tokens have been added in the vocabulary, make sure the associated word embeddings are fine-tuned or trained.
[2026-06-07T11:50:13+0000] Loading model: EleutherAI/pythia-160m-deduped @ step4 on cuda
[2026-06-07T11:50:14+0000] Scoring base probes/controls
[2026-06-07T11:50:31+0000] Injecting signal: 900 texts, 600 steps
[2026-06-07T11:51:14+0000] Scoring post-injection uptake
[2026-06-07T11:51:38+0000] Clean-continuation branch: 500 steps on fixed_jsonl (12000 texts)
[2026-06-07T11:53:02+0000] Scoring post-continuation retention
[2026-06-07T11:53:15+0000] Degradation branch: budget=4 facts, 12 texts
[2026-06-07T11:53:27+0000] Degradation branch: budget=16 facts, 48 texts
[2026-06-07T11:53:41+0000] Degradation branch: budget=64 facts, 192 texts
[2026-06-07T11:53:52+0000] Degradation branch: budget=256 facts, 768 texts
[2026-06-07T11:54:10+0000] Wrote cell outputs under results/step1_factual_dense_160m_32ckpt/raw
[2026-06-07T11:54:10+0000] Loading tokenizer: EleutherAI/pythia-160m-deduped
Special tokens have been added in the vocabulary, make sure the associated word embeddings are fine-tuned or trained.
[2026-06-07T11:54:10+0000] Loading model: EleutherAI/pythia-160m-deduped @ step8 on cuda
[2026-06-07T11:54:21+0000] Scoring base probes/controls
[2026-06-07T11:54:45+0000] Injecting signal: 900 texts, 600 steps
[2026-06-07T11:55:31+0000] Scoring post-injection uptake
[2026-06-07T11:55:58+0000] Clean-continuation branch: 500 steps on fixed_jsonl (12000 texts)
[2026-06-07T11:57:22+0000] Scoring post-continuation retention
[2026-06-07T11:57:32+0000] Degradation branch: budget=4 facts, 12 texts
[2026-06-07T11:57:45+0000] Degradation branch: budget=16 facts, 48 texts
[2026-06-07T11:57:56+0000] Degradation branch: budget=64 facts, 192 texts
[2026-06-07T11:58:08+0000] Degradation branch: budget=256 facts, 768 texts
[2026-06-07T11:58:26+0000] Wrote cell outputs under results/step1_factual_dense_160m_32ckpt/raw
[2026-06-07T11:58:26+0000] Loading tokenizer: EleutherAI/pythia-160m-deduped
Special tokens have been added in the vocabulary, make sure the associated word embeddings are fine-tuned or trained.
[2026-06-07T11:58:27+0000] Loading model: EleutherAI/pythia-160m-deduped @ step8 on cuda
[2026-06-07T11:58:28+0000] Scoring base probes/controls
[2026-06-07T11:58:49+0000] Injecting signal: 900 texts, 600 steps
[2026-06-07T11:59:35+0000] Scoring post-injection uptake
[2026-06-07T11:59:57+0000] Clean-continuation branch: 500 steps on fixed_jsonl (12000 texts)
[2026-06-07T12:01:23+0000] Scoring post-continuation retention
[2026-06-07T12:01:38+0000] Degradation branch: budget=4 facts, 12 texts
[2026-06-07T12:01:51+0000] Degradation branch: budget=16 facts, 48 texts
[2026-06-07T12:02:05+0000] Degradation branch: budget=64 facts, 192 texts
[2026-06-07T12:02:21+0000] Degradation branch: budget=256 facts, 768 texts
[2026-06-07T12:02:40+0000] Wrote cell outputs under results/step1_factual_dense_160m_32ckpt/raw
[2026-06-07T12:02:41+0000] Loading tokenizer: EleutherAI/pythia-160m-deduped
Special tokens have been added in the vocabulary, make sure the associated word embeddings are fine-tuned or trained.
[2026-06-07T12:02:41+0000] Loading model: EleutherAI/pythia-160m-deduped @ step8 on cuda
[2026-06-07T12:02:43+0000] Scoring base probes/controls
[2026-06-07T12:03:08+0000] Injecting signal: 900 texts, 600 steps
[2026-06-07T12:03:56+0000] Scoring post-injection uptake
[2026-06-07T12:04:22+0000] Clean-continuation branch: 500 steps on fixed_jsonl (12000 texts)
[2026-06-07T12:05:46+0000] Scoring post-continuation retention
[2026-06-07T12:06:00+0000] Degradation branch: budget=4 facts, 12 texts
[2026-06-07T12:06:11+0000] Degradation branch: budget=16 facts, 48 texts
[2026-06-07T12:06:24+0000] Degradation branch: budget=64 facts, 192 texts
[2026-06-07T12:06:39+0000] Degradation branch: budget=256 facts, 768 texts
[2026-06-07T12:06:54+0000] Wrote cell outputs under results/step1_factual_dense_160m_32ckpt/raw
[2026-06-07T12:06:55+0000] Loading tokenizer: EleutherAI/pythia-160m-deduped
Special tokens have been added in the vocabulary, make sure the associated word embeddings are fine-tuned or trained.
[2026-06-07T12:06:55+0000] Loading model: EleutherAI/pythia-160m-deduped @ step8 on cuda
[2026-06-07T12:06:56+0000] Scoring base probes/controls
[2026-06-07T12:07:22+0000] Injecting signal: 900 texts, 600 steps
[2026-06-07T12:08:09+0000] Scoring post-injection uptake
[2026-06-07T12:08:33+0000] Clean-continuation branch: 500 steps on fixed_jsonl (12000 texts)
[2026-06-07T12:09:58+0000] Scoring post-continuation retention
[2026-06-07T12:10:12+0000] Degradation branch: budget=4 facts, 12 texts
[2026-06-07T12:10:24+0000] Degradation branch: budget=16 facts, 48 texts
[2026-06-07T12:10:38+0000] Degradation branch: budget=64 facts, 192 texts
[2026-06-07T12:10:51+0000] Degradation branch: budget=256 facts, 768 texts
[2026-06-07T12:11:10+0000] Wrote cell outputs under results/step1_factual_dense_160m_32ckpt/raw
[2026-06-07T12:11:10+0000] Loading tokenizer: EleutherAI/pythia-160m-deduped
Special tokens have been added in the vocabulary, make sure the associated word embeddings are fine-tuned or trained.
[2026-06-07T12:11:10+0000] Loading model: EleutherAI/pythia-160m-deduped @ step8 on cuda
[2026-06-07T12:11:11+0000] Scoring base probes/controls
[2026-06-07T12:11:35+0000] Injecting signal: 900 texts, 600 steps
[2026-06-07T12:12:22+0000] Scoring post-injection uptake
[2026-06-07T12:12:47+0000] Clean-continuation branch: 500 steps on fixed_jsonl (12000 texts)
[2026-06-07T12:14:12+0000] Scoring post-continuation retention
[2026-06-07T12:14:26+0000] Degradation branch: budget=4 facts, 12 texts
[2026-06-07T12:14:40+0000] Degradation branch: budget=16 facts, 48 texts
[2026-06-07T12:14:54+0000] Degradation branch: budget=64 facts, 192 texts
[2026-06-07T12:15:07+0000] Degradation branch: budget=256 facts, 768 texts
[2026-06-07T12:15:22+0000] Wrote cell outputs under results/step1_factual_dense_160m_32ckpt/raw
[2026-06-07T12:15:23+0000] Loading tokenizer: EleutherAI/pythia-160m-deduped
Special tokens have been added in the vocabulary, make sure the associated word embeddings are fine-tuned or trained.
[2026-06-07T12:15:23+0000] Loading model: EleutherAI/pythia-160m-deduped @ step16 on cuda
[2026-06-07T12:15:29+0000] Scoring base probes/controls
[2026-06-07T12:15:53+0000] Injecting signal: 900 texts, 600 steps
[2026-06-07T12:16:39+0000] Scoring post-injection uptake
[2026-06-07T12:17:02+0000] Clean-continuation branch: 500 steps on fixed_jsonl (12000 texts)
[2026-06-07T12:18:25+0000] Scoring post-continuation retention
[2026-06-07T12:18:38+0000] Degradation branch: budget=4 facts, 12 texts
[2026-06-07T12:18:54+0000] Degradation branch: budget=16 facts, 48 texts
[2026-06-07T12:19:09+0000] Degradation branch: budget=64 facts, 192 texts
[2026-06-07T12:19:21+0000] Degradation branch: budget=256 facts, 768 texts
[2026-06-07T12:19:37+0000] Wrote cell outputs under results/step1_factual_dense_160m_32ckpt/raw
[2026-06-07T12:19:38+0000] Loading tokenizer: EleutherAI/pythia-160m-deduped
Special tokens have been added in the vocabulary, make sure the associated word embeddings are fine-tuned or trained.
[2026-06-07T12:19:38+0000] Loading model: EleutherAI/pythia-160m-deduped @ step16 on cuda
[2026-06-07T12:19:39+0000] Scoring base probes/controls
[2026-06-07T12:20:03+0000] Injecting signal: 900 texts, 600 steps
[2026-06-07T12:20:49+0000] Scoring post-injection uptake
[2026-06-07T12:21:14+0000] Clean-continuation branch: 500 steps on fixed_jsonl (12000 texts)
[2026-06-07T12:22:36+0000] Scoring post-continuation retention
[2026-06-07T12:22:48+0000] Degradation branch: budget=4 facts, 12 texts
[2026-06-07T12:22:59+0000] Degradation branch: budget=16 facts, 48 texts
[2026-06-07T12:23:11+0000] Degradation branch: budget=64 facts, 192 texts
[2026-06-07T12:23:21+0000] Degradation branch: budget=256 facts, 768 texts
[2026-06-07T12:23:36+0000] Wrote cell outputs under results/step1_factual_dense_160m_32ckpt/raw
[2026-06-07T12:23:36+0000] Loading tokenizer: EleutherAI/pythia-160m-deduped
Special tokens have been added in the vocabulary, make sure the associated word embeddings are fine-tuned or trained.
[2026-06-07T12:23:37+0000] Loading model: EleutherAI/pythia-160m-deduped @ step16 on cuda
[2026-06-07T12:23:38+0000] Scoring base probes/controls
[2026-06-07T12:24:04+0000] Injecting signal: 900 texts, 600 steps
[2026-06-07T12:24:49+0000] Scoring post-injection uptake
[2026-06-07T12:25:10+0000] Clean-continuation branch: 500 steps on fixed_jsonl (12000 texts)
[2026-06-07T12:26:32+0000] Scoring post-continuation retention
[2026-06-07T12:26:41+0000] Degradation branch: budget=4 facts, 12 texts
[2026-06-07T12:26:53+0000] Degradation branch: budget=16 facts, 48 texts
[2026-06-07T12:27:02+0000] Degradation branch: budget=64 facts, 192 texts
[2026-06-07T12:27:14+0000] Degradation branch: budget=256 facts, 768 texts
[2026-06-07T12:27:28+0000] Wrote cell outputs under results/step1_factual_dense_160m_32ckpt/raw
[2026-06-07T12:27:28+0000] Loading tokenizer: EleutherAI/pythia-160m-deduped
Special tokens have been added in the vocabulary, make sure the associated word embeddings are fine-tuned or trained.
[2026-06-07T12:27:28+0000] Loading model: EleutherAI/pythia-160m-deduped @ step16 on cuda
[2026-06-07T12:27:29+0000] Scoring base probes/controls
[2026-06-07T12:27:52+0000] Injecting signal: 900 texts, 600 steps
[2026-06-07T12:28:37+0000] Scoring post-injection uptake
[2026-06-07T12:29:00+0000] Clean-continuation branch: 500 steps on fixed_jsonl (12000 texts)
[2026-06-07T12:30:25+0000] Scoring post-continuation retention
[2026-06-07T12:30:41+0000] Degradation branch: budget=4 facts, 12 texts
[2026-06-07T12:30:56+0000] Degradation branch: budget=16 facts, 48 texts
[2026-06-07T12:31:08+0000] Degradation branch: budget=64 facts, 192 texts
[2026-06-07T12:31:22+0000] Degradation branch: budget=256 facts, 768 texts
[2026-06-07T12:31:41+0000] Wrote cell outputs under results/step1_factual_dense_160m_32ckpt/raw
[2026-06-07T12:31:41+0000] Loading tokenizer: EleutherAI/pythia-160m-deduped
Special tokens have been added in the vocabulary, make sure the associated word embeddings are fine-tuned or trained.
[2026-06-07T12:31:41+0000] Loading model: EleutherAI/pythia-160m-deduped @ step16 on cuda
[2026-06-07T12:31:43+0000] Scoring base probes/controls
[2026-06-07T12:32:11+0000] Injecting signal: 900 texts, 600 steps
[2026-06-07T12:33:00+0000] Scoring post-injection uptake
[2026-06-07T12:33:28+0000] Clean-continuation branch: 500 steps on fixed_jsonl (12000 texts)
[2026-06-07T12:34:50+0000] Scoring post-continuation retention
[2026-06-07T12:35:01+0000] Degradation branch: budget=4 facts, 12 texts
[2026-06-07T12:35:13+0000] Degradation branch: budget=16 facts, 48 texts
[2026-06-07T12:35:29+0000] Degradation branch: budget=64 facts, 192 texts
[2026-06-07T12:35:43+0000] Degradation branch: budget=256 facts, 768 texts
[2026-06-07T12:35:58+0000] Wrote cell outputs under results/step1_factual_dense_160m_32ckpt/raw
[2026-06-07T12:35:58+0000] Loading tokenizer: EleutherAI/pythia-160m-deduped
Special tokens have been added in the vocabulary, make sure the associated word embeddings are fine-tuned or trained.
[2026-06-07T12:35:58+0000] Loading model: EleutherAI/pythia-160m-deduped @ step32 on cuda
[2026-06-07T12:36:04+0000] Scoring base probes/controls
[2026-06-07T12:36:29+0000] Injecting signal: 900 texts, 600 steps
[2026-06-07T12:37:15+0000] Scoring post-injection uptake
[2026-06-07T12:37:40+0000] Clean-continuation branch: 500 steps on fixed_jsonl (12000 texts)
[2026-06-07T12:39:01+0000] Scoring post-continuation retention
[2026-06-07T12:39:14+0000] Degradation branch: budget=4 facts, 12 texts
[2026-06-07T12:39:25+0000] Degradation branch: budget=16 facts, 48 texts
[2026-06-07T12:39:35+0000] Degradation branch: budget=64 facts, 192 texts
[2026-06-07T12:39:49+0000] Degradation branch: budget=256 facts, 768 texts
[2026-06-07T12:40:09+0000] Wrote cell outputs under results/step1_factual_dense_160m_32ckpt/raw
[2026-06-07T12:40:09+0000] Loading tokenizer: EleutherAI/pythia-160m-deduped
Special tokens have been added in the vocabulary, make sure the associated word embeddings are fine-tuned or trained.
[2026-06-07T12:40:10+0000] Loading model: EleutherAI/pythia-160m-deduped @ step32 on cuda
[2026-06-07T12:40:11+0000] Scoring base probes/controls
[2026-06-07T12:40:34+0000] Injecting signal: 900 texts, 600 steps
[2026-06-07T12:41:22+0000] Scoring post-injection uptake
[2026-06-07T12:41:50+0000] Clean-continuation branch: 500 steps on fixed_jsonl (12000 texts)
[2026-06-07T12:43:15+0000] Scoring post-continuation retention
[2026-06-07T12:43:27+0000] Degradation branch: budget=4 facts, 12 texts
[2026-06-07T12:43:38+0000] Degradation branch: budget=16 facts, 48 texts
[2026-06-07T12:43:49+0000] Degradation branch: budget=64 facts, 192 texts
[2026-06-07T12:44:05+0000] Degradation branch: budget=256 facts, 768 texts
[2026-06-07T12:44:22+0000] Wrote cell outputs under results/step1_factual_dense_160m_32ckpt/raw
[2026-06-07T12:44:22+0000] Loading tokenizer: EleutherAI/pythia-160m-deduped
Special tokens have been added in the vocabulary, make sure the associated word embeddings are fine-tuned or trained.
[2026-06-07T12:44:23+0000] Loading model: EleutherAI/pythia-160m-deduped @ step32 on cuda
[2026-06-07T12:44:24+0000] Scoring base probes/controls
[2026-06-07T12:44:49+0000] Injecting signal: 900 texts, 600 steps
[2026-06-07T12:45:35+0000] Scoring post-injection uptake
[2026-06-07T12:46:01+0000] Clean-continuation branch: 500 steps on fixed_jsonl (12000 texts)
[2026-06-07T12:47:26+0000] Scoring post-continuation retention
[2026-06-07T12:47:39+0000] Degradation branch: budget=4 facts, 12 texts
[2026-06-07T12:47:55+0000] Degradation branch: budget=16 facts, 48 texts
[2026-06-07T12:48:07+0000] Degradation branch: budget=64 facts, 192 texts
[2026-06-07T12:48:21+0000] Degradation branch: budget=256 facts, 768 texts
[2026-06-07T12:48:37+0000] Wrote cell outputs under results/step1_factual_dense_160m_32ckpt/raw
[2026-06-07T12:48:37+0000] Loading tokenizer: EleutherAI/pythia-160m-deduped
Special tokens have been added in the vocabulary, make sure the associated word embeddings are fine-tuned or trained.
[2026-06-07T12:48:38+0000] Loading model: EleutherAI/pythia-160m-deduped @ step32 on cuda
[2026-06-07T12:48:39+0000] Scoring base probes/controls
[2026-06-07T12:49:00+0000] Injecting signal: 900 texts, 600 steps
[2026-06-07T12:49:46+0000] Scoring post-injection uptake
[2026-06-07T12:50:09+0000] Clean-continuation branch: 500 steps on fixed_jsonl (12000 texts)
[2026-06-07T12:51:30+0000] Scoring post-continuation retention
[2026-06-07T12:51:41+0000] Degradation branch: budget=4 facts, 12 texts
[2026-06-07T12:51:52+0000] Degradation branch: budget=16 facts, 48 texts
[2026-06-07T12:52:02+0000] Degradation branch: budget=64 facts, 192 texts
[2026-06-07T12:52:14+0000] Degradation branch: budget=256 facts, 768 texts
[2026-06-07T12:52:27+0000] Wrote cell outputs under results/step1_factual_dense_160m_32ckpt/raw
[2026-06-07T12:52:27+0000] Loading tokenizer: EleutherAI/pythia-160m-deduped
Special tokens have been added in the vocabulary, make sure the associated word embeddings are fine-tuned or trained.
[2026-06-07T12:52:28+0000] Loading model: EleutherAI/pythia-160m-deduped @ step32 on cuda
[2026-06-07T12:52:29+0000] Scoring base probes/controls
[2026-06-07T12:52:48+0000] Injecting signal: 900 texts, 600 steps
[2026-06-07T12:53:22+0000] Scoring post-injection uptake
[2026-06-07T12:53:42+0000] Clean-continuation branch: 500 steps on fixed_jsonl (12000 texts)
[2026-06-07T12:55:03+0000] Scoring post-continuation retention
[2026-06-07T12:55:13+0000] Degradation branch: budget=4 facts, 12 texts
[2026-06-07T12:55:23+0000] Degradation branch: budget=16 facts, 48 texts
[2026-06-07T12:55:33+0000] Degradation branch: budget=64 facts, 192 texts
[2026-06-07T12:55:44+0000] Degradation branch: budget=256 facts, 768 texts
[2026-06-07T12:55:57+0000] Wrote cell outputs under results/step1_factual_dense_160m_32ckpt/raw
[2026-06-07T12:55:57+0000] Loading tokenizer: EleutherAI/pythia-160m-deduped
Special tokens have been added in the vocabulary, make sure the associated word embeddings are fine-tuned or trained.
[2026-06-07T12:55:57+0000] Loading model: EleutherAI/pythia-160m-deduped @ step64 on cuda
[2026-06-07T12:56:04+0000] Scoring base probes/controls
[2026-06-07T12:56:24+0000] Injecting signal: 900 texts, 600 steps
[2026-06-07T12:56:57+0000] Scoring post-injection uptake
[2026-06-07T12:57:18+0000] Clean-continuation branch: 500 steps on fixed_jsonl (12000 texts)
[2026-06-07T12:58:39+0000] Scoring post-continuation retention
[2026-06-07T12:58:49+0000] Degradation branch: budget=4 facts, 12 texts
[2026-06-07T12:58:58+0000] Degradation branch: budget=16 facts, 48 texts
[2026-06-07T12:59:09+0000] Degradation branch: budget=64 facts, 192 texts
[2026-06-07T12:59:20+0000] Degradation branch: budget=256 facts, 768 texts
[2026-06-07T12:59:34+0000] Wrote cell outputs under results/step1_factual_dense_160m_32ckpt/raw
[2026-06-07T12:59:34+0000] Loading tokenizer: EleutherAI/pythia-160m-deduped
Special tokens have been added in the vocabulary, make sure the associated word embeddings are fine-tuned or trained.
[2026-06-07T12:59:34+0000] Loading model: EleutherAI/pythia-160m-deduped @ step64 on cuda
[2026-06-07T12:59:36+0000] Scoring base probes/controls
[2026-06-07T12:59:55+0000] Injecting signal: 900 texts, 600 steps
[2026-06-07T13:00:28+0000] Scoring post-injection uptake
[2026-06-07T13:00:48+0000] Clean-continuation branch: 500 steps on fixed_jsonl (12000 texts)
[2026-06-07T13:02:10+0000] Scoring post-continuation retention
[2026-06-07T13:02:21+0000] Degradation branch: budget=4 facts, 12 texts
[2026-06-07T13:02:34+0000] Degradation branch: budget=16 facts, 48 texts
[2026-06-07T13:02:44+0000] Degradation branch: budget=64 facts, 192 texts
[2026-06-07T13:02:54+0000] Degradation branch: budget=256 facts, 768 texts
[2026-06-07T13:03:07+0000] Wrote cell outputs under results/step1_factual_dense_160m_32ckpt/raw
[2026-06-07T13:03:08+0000] Loading tokenizer: EleutherAI/pythia-160m-deduped
Special tokens have been added in the vocabulary, make sure the associated word embeddings are fine-tuned or trained.
[2026-06-07T13:03:08+0000] Loading model: EleutherAI/pythia-160m-deduped @ step64 on cuda
[2026-06-07T13:03:09+0000] Scoring base probes/controls
[2026-06-07T13:03:28+0000] Injecting signal: 900 texts, 600 steps
[2026-06-07T13:04:01+0000] Scoring post-injection uptake
[2026-06-07T13:04:21+0000] Clean-continuation branch: 500 steps on fixed_jsonl (12000 texts)
[2026-06-07T13:05:42+0000] Scoring post-continuation retention
[2026-06-07T13:05:52+0000] Degradation branch: budget=4 facts, 12 texts
[2026-06-07T13:06:01+0000] Degradation branch: budget=16 facts, 48 texts
[2026-06-07T13:06:11+0000] Degradation branch: budget=64 facts, 192 texts
[2026-06-07T13:06:22+0000] Degradation branch: budget=256 facts, 768 texts
[2026-06-07T13:06:35+0000] Wrote cell outputs under results/step1_factual_dense_160m_32ckpt/raw
[2026-06-07T13:06:35+0000] Loading tokenizer: EleutherAI/pythia-160m-deduped
Special tokens have been added in the vocabulary, make sure the associated word embeddings are fine-tuned or trained.
[2026-06-07T13:06:35+0000] Loading model: EleutherAI/pythia-160m-deduped @ step64 on cuda
[2026-06-07T13:06:37+0000] Scoring base probes/controls
[2026-06-07T13:06:56+0000] Injecting signal: 900 texts, 600 steps
[2026-06-07T13:07:41+0000] Scoring post-injection uptake
[2026-06-07T13:08:06+0000] Clean-continuation branch: 500 steps on fixed_jsonl (12000 texts)
[2026-06-07T13:09:29+0000] Scoring post-continuation retention
[2026-06-07T13:09:41+0000] Degradation branch: budget=4 facts, 12 texts
[2026-06-07T13:09:54+0000] Degradation branch: budget=16 facts, 48 texts
[2026-06-07T13:10:10+0000] Degradation branch: budget=64 facts, 192 texts
[2026-06-07T13:10:22+0000] Degradation branch: budget=256 facts, 768 texts
[2026-06-07T13:10:35+0000] Wrote cell outputs under results/step1_factual_dense_160m_32ckpt/raw
[2026-06-07T13:10:35+0000] Loading tokenizer: EleutherAI/pythia-160m-deduped
Special tokens have been added in the vocabulary, make sure the associated word embeddings are fine-tuned or trained.
[2026-06-07T13:10:36+0000] Loading model: EleutherAI/pythia-160m-deduped @ step64 on cuda
[2026-06-07T13:10:36+0000] Scoring base probes/controls
[2026-06-07T13:10:58+0000] Injecting signal: 900 texts, 600 steps
[2026-06-07T13:11:43+0000] Scoring post-injection uptake
[2026-06-07T13:12:02+0000] Clean-continuation branch: 500 steps on fixed_jsonl (12000 texts)
[2026-06-07T13:13:23+0000] Scoring post-continuation retention
[2026-06-07T13:13:34+0000] Degradation branch: budget=4 facts, 12 texts
[2026-06-07T13:13:44+0000] Degradation branch: budget=16 facts, 48 texts
[2026-06-07T13:13:55+0000] Degradation branch: budget=64 facts, 192 texts
[2026-06-07T13:14:10+0000] Degradation branch: budget=256 facts, 768 texts
[2026-06-07T13:14:27+0000] Wrote cell outputs under results/step1_factual_dense_160m_32ckpt/raw
[2026-06-07T13:14:27+0000] Loading tokenizer: EleutherAI/pythia-160m-deduped
Special tokens have been added in the vocabulary, make sure the associated word embeddings are fine-tuned or trained.
[2026-06-07T13:14:28+0000] Loading model: EleutherAI/pythia-160m-deduped @ step128 on cuda
[2026-06-07T13:14:43+0000] Scoring base probes/controls
[2026-06-07T13:15:07+0000] Injecting signal: 900 texts, 600 steps
[2026-06-07T13:15:54+0000] Scoring post-injection uptake
[2026-06-07T13:16:17+0000] Clean-continuation branch: 500 steps on fixed_jsonl (12000 texts)
[2026-06-07T13:17:40+0000] Scoring post-continuation retention
[2026-06-07T13:17:51+0000] Degradation branch: budget=4 facts, 12 texts
[2026-06-07T13:18:03+0000] Degradation branch: budget=16 facts, 48 texts
[2026-06-07T13:18:16+0000] Degradation branch: budget=64 facts, 192 texts
[2026-06-07T13:18:30+0000] Degradation branch: budget=256 facts, 768 texts
[2026-06-07T13:18:45+0000] Wrote cell outputs under results/step1_factual_dense_160m_32ckpt/raw
[2026-06-07T13:18:45+0000] Loading tokenizer: EleutherAI/pythia-160m-deduped
Special tokens have been added in the vocabulary, make sure the associated word embeddings are fine-tuned or trained.
[2026-06-07T13:18:46+0000] Loading model: EleutherAI/pythia-160m-deduped @ step128 on cuda
[2026-06-07T13:18:46+0000] Scoring base probes/controls
[2026-06-07T13:19:05+0000] Injecting signal: 900 texts, 600 steps
[2026-06-07T13:19:52+0000] Scoring post-injection uptake
[2026-06-07T13:20:14+0000] Clean-continuation branch: 500 steps on fixed_jsonl (12000 texts)
[2026-06-07T13:21:38+0000] Scoring post-continuation retention
[2026-06-07T13:21:52+0000] Degradation branch: budget=4 facts, 12 texts
[2026-06-07T13:22:02+0000] Degradation branch: budget=16 facts, 48 texts
[2026-06-07T13:22:12+0000] Degradation branch: budget=64 facts, 192 texts
[2026-06-07T13:22:23+0000] Degradation branch: budget=256 facts, 768 texts
[2026-06-07T13:22:40+0000] Wrote cell outputs under results/step1_factual_dense_160m_32ckpt/raw
[2026-06-07T13:22:40+0000] Loading tokenizer: EleutherAI/pythia-160m-deduped
Special tokens have been added in the vocabulary, make sure the associated word embeddings are fine-tuned or trained.
[2026-06-07T13:22:40+0000] Loading model: EleutherAI/pythia-160m-deduped @ step128 on cuda
[2026-06-07T13:22:41+0000] Scoring base probes/controls
[2026-06-07T13:23:02+0000] Injecting signal: 900 texts, 600 steps
[2026-06-07T13:23:50+0000] Scoring post-injection uptake
[2026-06-07T13:24:13+0000] Clean-continuation branch: 500 steps on fixed_jsonl (12000 texts)
[2026-06-07T13:25:36+0000] Scoring post-continuation retention
[2026-06-07T13:25:49+0000] Degradation branch: budget=4 facts, 12 texts
[2026-06-07T13:26:00+0000] Degradation branch: budget=16 facts, 48 texts
[2026-06-07T13:26:14+0000] Degradation branch: budget=64 facts, 192 texts
[2026-06-07T13:26:30+0000] Degradation branch: budget=256 facts, 768 texts
[2026-06-07T13:26:49+0000] Wrote cell outputs under results/step1_factual_dense_160m_32ckpt/raw
[2026-06-07T13:26:50+0000] Loading tokenizer: EleutherAI/pythia-160m-deduped
Special tokens have been added in the vocabulary, make sure the associated word embeddings are fine-tuned or trained.
[2026-06-07T13:26:50+0000] Loading model: EleutherAI/pythia-160m-deduped @ step128 on cuda
[2026-06-07T13:26:52+0000] Scoring base probes/controls
[2026-06-07T13:27:16+0000] Injecting signal: 900 texts, 600 steps
[2026-06-07T13:28:04+0000] Scoring post-injection uptake
[2026-06-07T13:28:25+0000] Clean-continuation branch: 500 steps on fixed_jsonl (12000 texts)
[2026-06-07T13:29:46+0000] Scoring post-continuation retention
[2026-06-07T13:29:58+0000] Degradation branch: budget=4 facts, 12 texts
[2026-06-07T13:30:08+0000] Degradation branch: budget=16 facts, 48 texts
[2026-06-07T13:30:20+0000] Degradation branch: budget=64 facts, 192 texts
[2026-06-07T13:30:34+0000] Degradation branch: budget=256 facts, 768 texts
[2026-06-07T13:30:49+0000] Wrote cell outputs under results/step1_factual_dense_160m_32ckpt/raw
[2026-06-07T13:30:49+0000] Loading tokenizer: EleutherAI/pythia-160m-deduped
Special tokens have been added in the vocabulary, make sure the associated word embeddings are fine-tuned or trained.
[2026-06-07T13:30:50+0000] Loading model: EleutherAI/pythia-160m-deduped @ step128 on cuda
[2026-06-07T13:30:51+0000] Scoring base probes/controls
[2026-06-07T13:31:14+0000] Injecting signal: 900 texts, 600 steps
[2026-06-07T13:32:01+0000] Scoring post-injection uptake
[2026-06-07T13:32:22+0000] Clean-continuation branch: 500 steps on fixed_jsonl (12000 texts)
[2026-06-07T13:33:46+0000] Scoring post-continuation retention
[2026-06-07T13:33:59+0000] Degradation branch: budget=4 facts, 12 texts
[2026-06-07T13:34:12+0000] Degradation branch: budget=16 facts, 48 texts
[2026-06-07T13:34:27+0000] Degradation branch: budget=64 facts, 192 texts
[2026-06-07T13:34:45+0000] Degradation branch: budget=256 facts, 768 texts
[2026-06-07T13:35:02+0000] Wrote cell outputs under results/step1_factual_dense_160m_32ckpt/raw
[2026-06-07T13:35:02+0000] Loading tokenizer: EleutherAI/pythia-160m-deduped
Special tokens have been added in the vocabulary, make sure the associated word embeddings are fine-tuned or trained.
[2026-06-07T13:35:02+0000] Loading model: EleutherAI/pythia-160m-deduped @ step256 on cuda
[2026-06-07T13:35:08+0000] Scoring base probes/controls
[2026-06-07T13:35:32+0000] Injecting signal: 900 texts, 600 steps
[2026-06-07T13:36:19+0000] Scoring post-injection uptake
[2026-06-07T13:36:47+0000] Clean-continuation branch: 500 steps on fixed_jsonl (12000 texts)
[2026-06-07T13:38:12+0000] Scoring post-continuation retention
[2026-06-07T13:38:24+0000] Degradation branch: budget=4 facts, 12 texts
[2026-06-07T13:38:37+0000] Degradation branch: budget=16 facts, 48 texts
[2026-06-07T13:38:55+0000] Degradation branch: budget=64 facts, 192 texts
[2026-06-07T13:39:13+0000] Degradation branch: budget=256 facts, 768 texts
[2026-06-07T13:39:33+0000] Wrote cell outputs under results/step1_factual_dense_160m_32ckpt/raw
[2026-06-07T13:39:33+0000] Loading tokenizer: EleutherAI/pythia-160m-deduped
Special tokens have been added in the vocabulary, make sure the associated word embeddings are fine-tuned or trained.
[2026-06-07T13:39:33+0000] Loading model: EleutherAI/pythia-160m-deduped @ step256 on cuda
[2026-06-07T13:39:35+0000] Scoring base probes/controls
[2026-06-07T13:39:57+0000] Injecting signal: 900 texts, 600 steps
[2026-06-07T13:40:45+0000] Scoring post-injection uptake
[2026-06-07T13:41:09+0000] Clean-continuation branch: 500 steps on fixed_jsonl (12000 texts)
[2026-06-07T13:42:33+0000] Scoring post-continuation retention
[2026-06-07T13:42:47+0000] Degradation branch: budget=4 facts, 12 texts
[2026-06-07T13:43:01+0000] Degradation branch: budget=16 facts, 48 texts
[2026-06-07T13:43:15+0000] Degradation branch: budget=64 facts, 192 texts
[2026-06-07T13:43:30+0000] Degradation branch: budget=256 facts, 768 texts
[2026-06-07T13:43:48+0000] Wrote cell outputs under results/step1_factual_dense_160m_32ckpt/raw
[2026-06-07T13:43:48+0000] Loading tokenizer: EleutherAI/pythia-160m-deduped
Special tokens have been added in the vocabulary, make sure the associated word embeddings are fine-tuned or trained.
[2026-06-07T13:43:48+0000] Loading model: EleutherAI/pythia-160m-deduped @ step256 on cuda
[2026-06-07T13:43:50+0000] Scoring base probes/controls
[2026-06-07T13:44:11+0000] Injecting signal: 900 texts, 600 steps
[2026-06-07T13:45:00+0000] Scoring post-injection uptake
[2026-06-07T13:45:26+0000] Clean-continuation branch: 500 steps on fixed_jsonl (12000 texts)
[2026-06-07T13:46:50+0000] Scoring post-continuation retention
[2026-06-07T13:47:05+0000] Degradation branch: budget=4 facts, 12 texts
[2026-06-07T13:47:20+0000] Degradation branch: budget=16 facts, 48 texts
[2026-06-07T13:47:36+0000] Degradation branch: budget=64 facts, 192 texts
[2026-06-07T13:47:51+0000] Degradation branch: budget=256 facts, 768 texts
[2026-06-07T13:48:08+0000] Wrote cell outputs under results/step1_factual_dense_160m_32ckpt/raw
[2026-06-07T13:48:08+0000] Loading tokenizer: EleutherAI/pythia-160m-deduped
Special tokens have been added in the vocabulary, make sure the associated word embeddings are fine-tuned or trained.
[2026-06-07T13:48:09+0000] Loading model: EleutherAI/pythia-160m-deduped @ step256 on cuda
[2026-06-07T13:48:10+0000] Scoring base probes/controls
[2026-06-07T13:48:32+0000] Injecting signal: 900 texts, 600 steps
[2026-06-07T13:49:19+0000] Scoring post-injection uptake
[2026-06-07T13:49:46+0000] Clean-continuation branch: 500 steps on fixed_jsonl (12000 texts)
[2026-06-07T13:51:11+0000] Scoring post-continuation retention
[2026-06-07T13:51:26+0000] Degradation branch: budget=4 facts, 12 texts
[2026-06-07T13:51:43+0000] Degradation branch: budget=16 facts, 48 texts
[2026-06-07T13:51:55+0000] Degradation branch: budget=64 facts, 192 texts
[2026-06-07T13:52:10+0000] Degradation branch: budget=256 facts, 768 texts
[2026-06-07T13:52:28+0000] Wrote cell outputs under results/step1_factual_dense_160m_32ckpt/raw
[2026-06-07T13:52:28+0000] Loading tokenizer: EleutherAI/pythia-160m-deduped
Special tokens have been added in the vocabulary, make sure the associated word embeddings are fine-tuned or trained.
[2026-06-07T13:52:29+0000] Loading model: EleutherAI/pythia-160m-deduped @ step256 on cuda
[2026-06-07T13:52:30+0000] Scoring base probes/controls
[2026-06-07T13:52:58+0000] Injecting signal: 900 texts, 600 steps
[2026-06-07T13:53:46+0000] Scoring post-injection uptake
[2026-06-07T13:54:06+0000] Clean-continuation branch: 500 steps on fixed_jsonl (12000 texts)
[2026-06-07T13:55:29+0000] Scoring post-continuation retention
[2026-06-07T13:55:45+0000] Degradation branch: budget=4 facts, 12 texts
[2026-06-07T13:56:00+0000] Degradation branch: budget=16 facts, 48 texts
[2026-06-07T13:56:16+0000] Degradation branch: budget=64 facts, 192 texts
[2026-06-07T13:56:30+0000] Degradation branch: budget=256 facts, 768 texts
[2026-06-07T13:56:45+0000] Wrote cell outputs under results/step1_factual_dense_160m_32ckpt/raw
[2026-06-07T13:56:46+0000] Loading tokenizer: EleutherAI/pythia-160m-deduped
Special tokens have been added in the vocabulary, make sure the associated word embeddings are fine-tuned or trained.
[2026-06-07T13:56:46+0000] Loading model: EleutherAI/pythia-160m-deduped @ step512 on cuda
[2026-06-07T13:56:57+0000] Scoring base probes/controls
[2026-06-07T13:57:19+0000] Injecting signal: 900 texts, 600 steps
[2026-06-07T13:58:06+0000] Scoring post-injection uptake
[2026-06-07T13:58:32+0000] Clean-continuation branch: 500 steps on fixed_jsonl (12000 texts)
[2026-06-07T13:59:53+0000] Scoring post-continuation retention
[2026-06-07T14:00:04+0000] Degradation branch: budget=4 facts, 12 texts
[2026-06-07T14:00:14+0000] Degradation branch: budget=16 facts, 48 texts
[2026-06-07T14:00:25+0000] Degradation branch: budget=64 facts, 192 texts
[2026-06-07T14:00:36+0000] Degradation branch: budget=256 facts, 768 texts
[2026-06-07T14:00:50+0000] Wrote cell outputs under results/step1_factual_dense_160m_32ckpt/raw
[2026-06-07T14:00:50+0000] Loading tokenizer: EleutherAI/pythia-160m-deduped
Special tokens have been added in the vocabulary, make sure the associated word embeddings are fine-tuned or trained.
[2026-06-07T14:00:50+0000] Loading model: EleutherAI/pythia-160m-deduped @ step512 on cuda
[2026-06-07T14:00:51+0000] Scoring base probes/controls
[2026-06-07T14:01:11+0000] Injecting signal: 900 texts, 600 steps
[2026-06-07T14:01:56+0000] Scoring post-injection uptake
[2026-06-07T14:02:16+0000] Clean-continuation branch: 500 steps on fixed_jsonl (12000 texts)
[2026-06-07T14:03:39+0000] Scoring post-continuation retention
[2026-06-07T14:03:48+0000] Degradation branch: budget=4 facts, 12 texts
[2026-06-07T14:03:58+0000] Degradation branch: budget=16 facts, 48 texts
[2026-06-07T14:04:11+0000] Degradation branch: budget=64 facts, 192 texts
[2026-06-07T14:04:23+0000] Degradation branch: budget=256 facts, 768 texts
[2026-06-07T14:04:37+0000] Wrote cell outputs under results/step1_factual_dense_160m_32ckpt/raw
[2026-06-07T14:04:37+0000] Loading tokenizer: EleutherAI/pythia-160m-deduped
Special tokens have been added in the vocabulary, make sure the associated word embeddings are fine-tuned or trained.
[2026-06-07T14:04:37+0000] Loading model: EleutherAI/pythia-160m-deduped @ step512 on cuda
[2026-06-07T14:04:38+0000] Scoring base probes/controls
[2026-06-07T14:04:59+0000] Injecting signal: 900 texts, 600 steps
[2026-06-07T14:05:46+0000] Scoring post-injection uptake
[2026-06-07T14:06:08+0000] Clean-continuation branch: 500 steps on fixed_jsonl (12000 texts)
[2026-06-07T14:07:32+0000] Scoring post-continuation retention
[2026-06-07T14:07:44+0000] Degradation branch: budget=4 facts, 12 texts
[2026-06-07T14:07:56+0000] Degradation branch: budget=16 facts, 48 texts
[2026-06-07T14:08:07+0000] Degradation branch: budget=64 facts, 192 texts
[2026-06-07T14:08:20+0000] Degradation branch: budget=256 facts, 768 texts
[2026-06-07T14:08:36+0000] Wrote cell outputs under results/step1_factual_dense_160m_32ckpt/raw
[2026-06-07T14:08:37+0000] Loading tokenizer: EleutherAI/pythia-160m-deduped
Special tokens have been added in the vocabulary, make sure the associated word embeddings are fine-tuned or trained.
[2026-06-07T14:08:37+0000] Loading model: EleutherAI/pythia-160m-deduped @ step512 on cuda
[2026-06-07T14:08:38+0000] Scoring base probes/controls
[2026-06-07T14:09:03+0000] Injecting signal: 900 texts, 600 steps
[2026-06-07T14:09:51+0000] Scoring post-injection uptake
[2026-06-07T14:10:13+0000] Clean-continuation branch: 500 steps on fixed_jsonl (12000 texts)
[2026-06-07T14:11:36+0000] Scoring post-continuation retention
[2026-06-07T14:11:51+0000] Degradation branch: budget=4 facts, 12 texts
[2026-06-07T14:12:05+0000] Degradation branch: budget=16 facts, 48 texts
[2026-06-07T14:12:18+0000] Degradation branch: budget=64 facts, 192 texts
[2026-06-07T14:12:31+0000] Degradation branch: budget=256 facts, 768 texts
[2026-06-07T14:12:47+0000] Wrote cell outputs under results/step1_factual_dense_160m_32ckpt/raw
[2026-06-07T14:12:47+0000] Loading tokenizer: EleutherAI/pythia-160m-deduped
Special tokens have been added in the vocabulary, make sure the associated word embeddings are fine-tuned or trained.
[2026-06-07T14:12:47+0000] Loading model: EleutherAI/pythia-160m-deduped @ step512 on cuda
[2026-06-07T14:12:48+0000] Scoring base probes/controls
[2026-06-07T14:13:13+0000] Injecting signal: 900 texts, 600 steps
[2026-06-07T14:13:58+0000] Scoring post-injection uptake
[2026-06-07T14:14:19+0000] Clean-continuation branch: 500 steps on fixed_jsonl (12000 texts)
[2026-06-07T14:15:42+0000] Scoring post-continuation retention
[2026-06-07T14:15:52+0000] Degradation branch: budget=4 facts, 12 texts
[2026-06-07T14:16:01+0000] Degradation branch: budget=16 facts, 48 texts
[2026-06-07T14:16:11+0000] Degradation branch: budget=64 facts, 192 texts
[2026-06-07T14:16:24+0000] Degradation branch: budget=256 facts, 768 texts
[2026-06-07T14:16:39+0000] Wrote cell outputs under results/step1_factual_dense_160m_32ckpt/raw
[2026-06-07T14:16:39+0000] Loading tokenizer: EleutherAI/pythia-160m-deduped
Special tokens have been added in the vocabulary, make sure the associated word embeddings are fine-tuned or trained.
[2026-06-07T14:16:39+0000] Loading model: EleutherAI/pythia-160m-deduped @ step1000 on cuda
[2026-06-07T14:16:51+0000] Scoring base probes/controls
[2026-06-07T14:17:12+0000] Injecting signal: 900 texts, 600 steps
[2026-06-07T14:17:57+0000] Scoring post-injection uptake
[2026-06-07T14:18:21+0000] Clean-continuation branch: 500 steps on fixed_jsonl (12000 texts)
[2026-06-07T14:19:41+0000] Scoring post-continuation retention
[2026-06-07T14:19:52+0000] Degradation branch: budget=4 facts, 12 texts
[2026-06-07T14:20:01+0000] Degradation branch: budget=16 facts, 48 texts
[2026-06-07T14:20:12+0000] Degradation branch: budget=64 facts, 192 texts
[2026-06-07T14:20:22+0000] Degradation branch: budget=256 facts, 768 texts
[2026-06-07T14:20:37+0000] Wrote cell outputs under results/step1_factual_dense_160m_32ckpt/raw
[2026-06-07T14:20:38+0000] Loading tokenizer: EleutherAI/pythia-160m-deduped
Special tokens have been added in the vocabulary, make sure the associated word embeddings are fine-tuned or trained.
[2026-06-07T14:20:38+0000] Loading model: EleutherAI/pythia-160m-deduped @ step1000 on cuda
[2026-06-07T14:20:39+0000] Scoring base probes/controls
[2026-06-07T14:20:58+0000] Injecting signal: 900 texts, 600 steps
[2026-06-07T14:21:42+0000] Scoring post-injection uptake
[2026-06-07T14:22:03+0000] Clean-continuation branch: 500 steps on fixed_jsonl (12000 texts)
[2026-06-07T14:23:24+0000] Scoring post-continuation retention
[2026-06-07T14:23:34+0000] Degradation branch: budget=4 facts, 12 texts
[2026-06-07T14:23:45+0000] Degradation branch: budget=16 facts, 48 texts
[2026-06-07T14:23:58+0000] Degradation branch: budget=64 facts, 192 texts
[2026-06-07T14:24:08+0000] Degradation branch: budget=256 facts, 768 texts
[2026-06-07T14:24:23+0000] Wrote cell outputs under results/step1_factual_dense_160m_32ckpt/raw
[2026-06-07T14:24:23+0000] Loading tokenizer: EleutherAI/pythia-160m-deduped
Special tokens have been added in the vocabulary, make sure the associated word embeddings are fine-tuned or trained.
[2026-06-07T14:24:23+0000] Loading model: EleutherAI/pythia-160m-deduped @ step1000 on cuda
[2026-06-07T14:24:24+0000] Scoring base probes/controls
[2026-06-07T14:24:43+0000] Injecting signal: 900 texts, 600 steps
[2026-06-07T14:25:29+0000] Scoring post-injection uptake
[2026-06-07T14:25:50+0000] Clean-continuation branch: 500 steps on fixed_jsonl (12000 texts)
[2026-06-07T14:27:14+0000] Scoring post-continuation retention
[2026-06-07T14:27:29+0000] Degradation branch: budget=4 facts, 12 texts
[2026-06-07T14:27:43+0000] Degradation branch: budget=16 facts, 48 texts
[2026-06-07T14:27:58+0000] Degradation branch: budget=64 facts, 192 texts
[2026-06-07T14:28:16+0000] Degradation branch: budget=256 facts, 768 texts
[2026-06-07T14:28:35+0000] Wrote cell outputs under results/step1_factual_dense_160m_32ckpt/raw
[2026-06-07T14:28:35+0000] Loading tokenizer: EleutherAI/pythia-160m-deduped
Special tokens have been added in the vocabulary, make sure the associated word embeddings are fine-tuned or trained.
[2026-06-07T14:28:36+0000] Loading model: EleutherAI/pythia-160m-deduped @ step1000 on cuda
[2026-06-07T14:28:37+0000] Scoring base probes/controls
[2026-06-07T14:29:01+0000] Injecting signal: 900 texts, 600 steps
[2026-06-07T14:29:46+0000] Scoring post-injection uptake
[2026-06-07T14:30:11+0000] Clean-continuation branch: 500 steps on fixed_jsonl (12000 texts)
[2026-06-07T14:31:36+0000] Scoring post-continuation retention
[2026-06-07T14:31:51+0000] Degradation branch: budget=4 facts, 12 texts
[2026-06-07T14:32:06+0000] Degradation branch: budget=16 facts, 48 texts
[2026-06-07T14:32:20+0000] Degradation branch: budget=64 facts, 192 texts
[2026-06-07T14:32:37+0000] Degradation branch: budget=256 facts, 768 texts
[2026-06-07T14:32:58+0000] Wrote cell outputs under results/step1_factual_dense_160m_32ckpt/raw
[2026-06-07T14:32:59+0000] Loading tokenizer: EleutherAI/pythia-160m-deduped
Special tokens have been added in the vocabulary, make sure the associated word embeddings are fine-tuned or trained.
[2026-06-07T14:32:59+0000] Loading model: EleutherAI/pythia-160m-deduped @ step1000 on cuda
[2026-06-07T14:33:00+0000] Scoring base probes/controls
[2026-06-07T14:33:29+0000] Injecting signal: 900 texts, 600 steps
[2026-06-07T14:34:16+0000] Scoring post-injection uptake
[2026-06-07T14:34:39+0000] Clean-continuation branch: 500 steps on fixed_jsonl (12000 texts)
[2026-06-07T14:36:01+0000] Scoring post-continuation retention
[2026-06-07T14:36:15+0000] Degradation branch: budget=4 facts, 12 texts
[2026-06-07T14:36:28+0000] Degradation branch: budget=16 facts, 48 texts
[2026-06-07T14:36:40+0000] Degradation branch: budget=64 facts, 192 texts
[2026-06-07T14:36:57+0000] Degradation branch: budget=256 facts, 768 texts
[2026-06-07T14:37:15+0000] Wrote cell outputs under results/step1_factual_dense_160m_32ckpt/raw
[2026-06-07T14:37:16+0000] Loading tokenizer: EleutherAI/pythia-160m-deduped
Special tokens have been added in the vocabulary, make sure the associated word embeddings are fine-tuned or trained.
[2026-06-07T14:37:16+0000] Loading model: EleutherAI/pythia-160m-deduped @ step2000 on cuda
[2026-06-07T14:37:21+0000] Scoring base probes/controls
[2026-06-07T14:37:48+0000] Injecting signal: 900 texts, 600 steps
[2026-06-07T14:38:34+0000] Scoring post-injection uptake
[2026-06-07T14:39:05+0000] Clean-continuation branch: 500 steps on fixed_jsonl (12000 texts)
[2026-06-07T14:40:31+0000] Scoring post-continuation retention
[2026-06-07T14:40:46+0000] Degradation branch: budget=4 facts, 12 texts
[2026-06-07T14:40:59+0000] Degradation branch: budget=16 facts, 48 texts
[2026-06-07T14:41:11+0000] Degradation branch: budget=64 facts, 192 texts
[2026-06-07T14:41:25+0000] Degradation branch: budget=256 facts, 768 texts
[2026-06-07T14:41:41+0000] Wrote cell outputs under results/step1_factual_dense_160m_32ckpt/raw
[2026-06-07T14:41:42+0000] Loading tokenizer: EleutherAI/pythia-160m-deduped
Special tokens have been added in the vocabulary, make sure the associated word embeddings are fine-tuned or trained.
[2026-06-07T14:41:42+0000] Loading model: EleutherAI/pythia-160m-deduped @ step2000 on cuda
[2026-06-07T14:41:43+0000] Scoring base probes/controls
[2026-06-07T14:42:06+0000] Injecting signal: 900 texts, 600 steps
[2026-06-07T14:42:48+0000] Scoring post-injection uptake
[2026-06-07T14:43:13+0000] Clean-continuation branch: 500 steps on fixed_jsonl (12000 texts)
[2026-06-07T14:44:38+0000] Scoring post-continuation retention
[2026-06-07T14:44:54+0000] Degradation branch: budget=4 facts, 12 texts
[2026-06-07T14:45:09+0000] Degradation branch: budget=16 facts, 48 texts
[2026-06-07T14:45:24+0000] Degradation branch: budget=64 facts, 192 texts
[2026-06-07T14:45:37+0000] Degradation branch: budget=256 facts, 768 texts
[2026-06-07T14:45:51+0000] Wrote cell outputs under results/step1_factual_dense_160m_32ckpt/raw
[2026-06-07T14:45:51+0000] Loading tokenizer: EleutherAI/pythia-160m-deduped
Special tokens have been added in the vocabulary, make sure the associated word embeddings are fine-tuned or trained.
[2026-06-07T14:45:52+0000] Loading model: EleutherAI/pythia-160m-deduped @ step2000 on cuda
[2026-06-07T14:45:53+0000] Scoring base probes/controls
[2026-06-07T14:46:12+0000] Injecting signal: 900 texts, 600 steps
[2026-06-07T14:46:58+0000] Scoring post-injection uptake
[2026-06-07T14:47:26+0000] Clean-continuation branch: 500 steps on fixed_jsonl (12000 texts)
[2026-06-07T14:48:49+0000] Scoring post-continuation retention
[2026-06-07T14:49:04+0000] Degradation branch: budget=4 facts, 12 texts
[2026-06-07T14:49:18+0000] Degradation branch: budget=16 facts, 48 texts
[2026-06-07T14:49:30+0000] Degradation branch: budget=64 facts, 192 texts
[2026-06-07T14:49:45+0000] Degradation branch: budget=256 facts, 768 texts
[2026-06-07T14:50:02+0000] Wrote cell outputs under results/step1_factual_dense_160m_32ckpt/raw
[2026-06-07T14:50:02+0000] Loading tokenizer: EleutherAI/pythia-160m-deduped
Special tokens have been added in the vocabulary, make sure the associated word embeddings are fine-tuned or trained.
[2026-06-07T14:50:02+0000] Loading model: EleutherAI/pythia-160m-deduped @ step2000 on cuda
[2026-06-07T14:50:03+0000] Scoring base probes/controls
[2026-06-07T14:50:24+0000] Injecting signal: 900 texts, 600 steps
[2026-06-07T14:51:11+0000] Scoring post-injection uptake
[2026-06-07T14:51:39+0000] Clean-continuation branch: 500 steps on fixed_jsonl (12000 texts)
[2026-06-07T14:53:04+0000] Scoring post-continuation retention
[2026-06-07T14:53:18+0000] Degradation branch: budget=4 facts, 12 texts
[2026-06-07T14:53:34+0000] Degradation branch: budget=16 facts, 48 texts
[2026-06-07T14:53:47+0000] Degradation branch: budget=64 facts, 192 texts
[2026-06-07T14:54:02+0000] Degradation branch: budget=256 facts, 768 texts
[2026-06-07T14:54:21+0000] Wrote cell outputs under results/step1_factual_dense_160m_32ckpt/raw
[2026-06-07T14:54:22+0000] Loading tokenizer: EleutherAI/pythia-160m-deduped
Special tokens have been added in the vocabulary, make sure the associated word embeddings are fine-tuned or trained.
[2026-06-07T14:54:22+0000] Loading model: EleutherAI/pythia-160m-deduped @ step2000 on cuda
[2026-06-07T14:54:23+0000] Scoring base probes/controls
[2026-06-07T14:54:50+0000] Injecting signal: 900 texts, 600 steps
[2026-06-07T14:55:37+0000] Scoring post-injection uptake
[2026-06-07T14:56:03+0000] Clean-continuation branch: 500 steps on fixed_jsonl (12000 texts)
[2026-06-07T14:57:28+0000] Scoring post-continuation retention
[2026-06-07T14:57:42+0000] Degradation branch: budget=4 facts, 12 texts
[2026-06-07T14:57:54+0000] Degradation branch: budget=16 facts, 48 texts
[2026-06-07T14:58:05+0000] Degradation branch: budget=64 facts, 192 texts
[2026-06-07T14:58:22+0000] Degradation branch: budget=256 facts, 768 texts
[2026-06-07T14:58:40+0000] Wrote cell outputs under results/step1_factual_dense_160m_32ckpt/raw
[2026-06-07T14:58:41+0000] Loading tokenizer: EleutherAI/pythia-160m-deduped
Special tokens have been added in the vocabulary, make sure the associated word embeddings are fine-tuned or trained.
[2026-06-07T14:58:41+0000] Loading model: EleutherAI/pythia-160m-deduped @ step3000 on cuda
[2026-06-07T14:58:52+0000] Scoring base probes/controls
[2026-06-07T14:59:18+0000] Injecting signal: 900 texts, 600 steps
[2026-06-07T15:00:06+0000] Scoring post-injection uptake
[2026-06-07T15:00:36+0000] Clean-continuation branch: 500 steps on fixed_jsonl (12000 texts)
[2026-06-07T15:02:01+0000] Scoring post-continuation retention
[2026-06-07T15:02:16+0000] Degradation branch: budget=4 facts, 12 texts
[2026-06-07T15:02:29+0000] Degradation branch: budget=16 facts, 48 texts
[2026-06-07T15:02:40+0000] Degradation branch: budget=64 facts, 192 texts
[2026-06-07T15:02:54+0000] Degradation branch: budget=256 facts, 768 texts
[2026-06-07T15:03:11+0000] Wrote cell outputs under results/step1_factual_dense_160m_32ckpt/raw
[2026-06-07T15:03:11+0000] Loading tokenizer: EleutherAI/pythia-160m-deduped
Special tokens have been added in the vocabulary, make sure the associated word embeddings are fine-tuned or trained.
[2026-06-07T15:03:12+0000] Loading model: EleutherAI/pythia-160m-deduped @ step3000 on cuda
[2026-06-07T15:03:13+0000] Scoring base probes/controls
[2026-06-07T15:03:39+0000] Injecting signal: 900 texts, 600 steps
[2026-06-07T15:04:26+0000] Scoring post-injection uptake
[2026-06-07T15:04:54+0000] Clean-continuation branch: 500 steps on fixed_jsonl (12000 texts)
[2026-06-07T15:06:18+0000] Scoring post-continuation retention
[2026-06-07T15:06:29+0000] Degradation branch: budget=4 facts, 12 texts
[2026-06-07T15:06:40+0000] Degradation branch: budget=16 facts, 48 texts
[2026-06-07T15:06:51+0000] Degradation branch: budget=64 facts, 192 texts
[2026-06-07T15:07:05+0000] Degradation branch: budget=256 facts, 768 texts
[2026-06-07T15:07:24+0000] Wrote cell outputs under results/step1_factual_dense_160m_32ckpt/raw
[2026-06-07T15:07:25+0000] Loading tokenizer: EleutherAI/pythia-160m-deduped
Special tokens have been added in the vocabulary, make sure the associated word embeddings are fine-tuned or trained.
[2026-06-07T15:07:25+0000] Loading model: EleutherAI/pythia-160m-deduped @ step3000 on cuda
[2026-06-07T15:07:26+0000] Scoring base probes/controls
[2026-06-07T15:07:55+0000] Injecting signal: 900 texts, 600 steps
[2026-06-07T15:08:45+0000] Scoring post-injection uptake
[2026-06-07T15:09:15+0000] Clean-continuation branch: 500 steps on fixed_jsonl (12000 texts)
[2026-06-07T15:10:40+0000] Scoring post-continuation retention
[2026-06-07T15:10:53+0000] Degradation branch: budget=4 facts, 12 texts
[2026-06-07T15:11:02+0000] Degradation branch: budget=16 facts, 48 texts
[2026-06-07T15:11:12+0000] Degradation branch: budget=64 facts, 192 texts
[2026-06-07T15:11:25+0000] Degradation branch: budget=256 facts, 768 texts
[2026-06-07T15:11:39+0000] Wrote cell outputs under results/step1_factual_dense_160m_32ckpt/raw
[2026-06-07T15:11:39+0000] Loading tokenizer: EleutherAI/pythia-160m-deduped
Special tokens have been added in the vocabulary, make sure the associated word embeddings are fine-tuned or trained.
[2026-06-07T15:11:40+0000] Loading model: EleutherAI/pythia-160m-deduped @ step3000 on cuda
[2026-06-07T15:11:41+0000] Scoring base probes/controls
[2026-06-07T15:12:00+0000] Injecting signal: 900 texts, 600 steps
[2026-06-07T15:12:47+0000] Scoring post-injection uptake
[2026-06-07T15:13:08+0000] Clean-continuation branch: 500 steps on fixed_jsonl (12000 texts)
[2026-06-07T15:14:33+0000] Scoring post-continuation retention
[2026-06-07T15:14:43+0000] Degradation branch: budget=4 facts, 12 texts
[2026-06-07T15:14:55+0000] Degradation branch: budget=16 facts, 48 texts
[2026-06-07T15:15:04+0000] Degradation branch: budget=64 facts, 192 texts
[2026-06-07T15:15:18+0000] Degradation branch: budget=256 facts, 768 texts
[2026-06-07T15:15:34+0000] Wrote cell outputs under results/step1_factual_dense_160m_32ckpt/raw
[2026-06-07T15:15:34+0000] Loading tokenizer: EleutherAI/pythia-160m-deduped
Special tokens have been added in the vocabulary, make sure the associated word embeddings are fine-tuned or trained.
[2026-06-07T15:15:35+0000] Loading model: EleutherAI/pythia-160m-deduped @ step3000 on cuda
[2026-06-07T15:15:36+0000] Scoring base probes/controls
[2026-06-07T15:15:55+0000] Injecting signal: 900 texts, 600 steps
[2026-06-07T15:16:39+0000] Scoring post-injection uptake
[2026-06-07T15:16:57+0000] Clean-continuation branch: 500 steps on fixed_jsonl (12000 texts)
[2026-06-07T15:18:18+0000] Scoring post-continuation retention
[2026-06-07T15:18:30+0000] Degradation branch: budget=4 facts, 12 texts
[2026-06-07T15:18:41+0000] Degradation branch: budget=16 facts, 48 texts
[2026-06-07T15:18:55+0000] Degradation branch: budget=64 facts, 192 texts
[2026-06-07T15:19:07+0000] Degradation branch: budget=256 facts, 768 texts
[2026-06-07T15:19:20+0000] Wrote cell outputs under results/step1_factual_dense_160m_32ckpt/raw
[2026-06-07T15:19:20+0000] Loading tokenizer: EleutherAI/pythia-160m-deduped
Special tokens have been added in the vocabulary, make sure the associated word embeddings are fine-tuned or trained.
[2026-06-07T15:19:20+0000] Loading model: EleutherAI/pythia-160m-deduped @ step4000 on cuda
[2026-06-07T15:19:26+0000] Scoring base probes/controls
[2026-06-07T15:19:49+0000] Injecting signal: 900 texts, 600 steps
[2026-06-07T15:20:37+0000] Scoring post-injection uptake
[2026-06-07T15:20:59+0000] Clean-continuation branch: 500 steps on fixed_jsonl (12000 texts)
[2026-06-07T15:22:23+0000] Scoring post-continuation retention
[2026-06-07T15:22:36+0000] Degradation branch: budget=4 facts, 12 texts
[2026-06-07T15:22:46+0000] Degradation branch: budget=16 facts, 48 texts
[2026-06-07T15:22:56+0000] Degradation branch: budget=64 facts, 192 texts
[2026-06-07T15:23:10+0000] Degradation branch: budget=256 facts, 768 texts
[2026-06-07T15:23:27+0000] Wrote cell outputs under results/step1_factual_dense_160m_32ckpt/raw
[2026-06-07T15:23:27+0000] Loading tokenizer: EleutherAI/pythia-160m-deduped
Special tokens have been added in the vocabulary, make sure the associated word embeddings are fine-tuned or trained.
[2026-06-07T15:23:28+0000] Loading model: EleutherAI/pythia-160m-deduped @ step4000 on cuda
[2026-06-07T15:23:28+0000] Scoring base probes/controls
[2026-06-07T15:23:49+0000] Injecting signal: 900 texts, 600 steps
[2026-06-07T15:24:38+0000] Scoring post-injection uptake
[2026-06-07T15:25:07+0000] Clean-continuation branch: 500 steps on fixed_jsonl (12000 texts)
[2026-06-07T15:26:30+0000] Scoring post-continuation retention
[2026-06-07T15:26:44+0000] Degradation branch: budget=4 facts, 12 texts
[2026-06-07T15:26:58+0000] Degradation branch: budget=16 facts, 48 texts
[2026-06-07T15:27:14+0000] Degradation branch: budget=64 facts, 192 texts
[2026-06-07T15:27:30+0000] Degradation branch: budget=256 facts, 768 texts
[2026-06-07T15:27:49+0000] Wrote cell outputs under results/step1_factual_dense_160m_32ckpt/raw
[2026-06-07T15:27:49+0000] Loading tokenizer: EleutherAI/pythia-160m-deduped
Special tokens have been added in the vocabulary, make sure the associated word embeddings are fine-tuned or trained.
[2026-06-07T15:27:49+0000] Loading model: EleutherAI/pythia-160m-deduped @ step4000 on cuda
[2026-06-07T15:27:51+0000] Scoring base probes/controls
[2026-06-07T15:28:19+0000] Injecting signal: 900 texts, 600 steps
[2026-06-07T15:29:05+0000] Scoring post-injection uptake
[2026-06-07T15:29:28+0000] Clean-continuation branch: 500 steps on fixed_jsonl (12000 texts)
[2026-06-07T15:30:52+0000] Scoring post-continuation retention
[2026-06-07T15:31:06+0000] Degradation branch: budget=4 facts, 12 texts
[2026-06-07T15:31:19+0000] Degradation branch: budget=16 facts, 48 texts
[2026-06-07T15:31:33+0000] Degradation branch: budget=64 facts, 192 texts
[2026-06-07T15:31:48+0000] Degradation branch: budget=256 facts, 768 texts
[2026-06-07T15:32:06+0000] Wrote cell outputs under results/step1_factual_dense_160m_32ckpt/raw
[2026-06-07T15:32:06+0000] Loading tokenizer: EleutherAI/pythia-160m-deduped
Special tokens have been added in the vocabulary, make sure the associated word embeddings are fine-tuned or trained.
[2026-06-07T15:32:06+0000] Loading model: EleutherAI/pythia-160m-deduped @ step4000 on cuda
[2026-06-07T15:32:07+0000] Scoring base probes/controls
[2026-06-07T15:32:26+0000] Injecting signal: 900 texts, 600 steps
[2026-06-07T15:33:13+0000] Scoring post-injection uptake
[2026-06-07T15:33:37+0000] Clean-continuation branch: 500 steps on fixed_jsonl (12000 texts)
[2026-06-07T15:35:02+0000] Scoring post-continuation retention
[2026-06-07T15:35:16+0000] Degradation branch: budget=4 facts, 12 texts
[2026-06-07T15:35:27+0000] Degradation branch: budget=16 facts, 48 texts
[2026-06-07T15:35:37+0000] Degradation branch: budget=64 facts, 192 texts
[2026-06-07T15:35:51+0000] Degradation branch: budget=256 facts, 768 texts
[2026-06-07T15:36:09+0000] Wrote cell outputs under results/step1_factual_dense_160m_32ckpt/raw
[2026-06-07T15:36:10+0000] Loading tokenizer: EleutherAI/pythia-160m-deduped
Special tokens have been added in the vocabulary, make sure the associated word embeddings are fine-tuned or trained.
[2026-06-07T15:36:11+0000] Loading model: EleutherAI/pythia-160m-deduped @ step4000 on cuda
[2026-06-07T15:36:12+0000] Scoring base probes/controls
[2026-06-07T15:36:37+0000] Injecting signal: 900 texts, 600 steps
[2026-06-07T15:37:23+0000] Scoring post-injection uptake
[2026-06-07T15:37:42+0000] Clean-continuation branch: 500 steps on fixed_jsonl (12000 texts)
[2026-06-07T15:39:06+0000] Scoring post-continuation retention
[2026-06-07T15:39:17+0000] Degradation branch: budget=4 facts, 12 texts
[2026-06-07T15:39:30+0000] Degradation branch: budget=16 facts, 48 texts
[2026-06-07T15:39:44+0000] Degradation branch: budget=64 facts, 192 texts
[2026-06-07T15:39:59+0000] Degradation branch: budget=256 facts, 768 texts
[2026-06-07T15:40:17+0000] Wrote cell outputs under results/step1_factual_dense_160m_32ckpt/raw
[2026-06-07T15:40:17+0000] Loading tokenizer: EleutherAI/pythia-160m-deduped
Special tokens have been added in the vocabulary, make sure the associated word embeddings are fine-tuned or trained.
[2026-06-07T15:40:18+0000] Loading model: EleutherAI/pythia-160m-deduped @ step5000 on cuda
[2026-06-07T15:40:24+0000] Scoring base probes/controls
[2026-06-07T15:40:48+0000] Injecting signal: 900 texts, 600 steps
[2026-06-07T15:41:36+0000] Scoring post-injection uptake
[2026-06-07T15:42:04+0000] Clean-continuation branch: 500 steps on fixed_jsonl (12000 texts)
[2026-06-07T15:43:28+0000] Scoring post-continuation retention
[2026-06-07T15:43:42+0000] Degradation branch: budget=4 facts, 12 texts
[2026-06-07T15:43:54+0000] Degradation branch: budget=16 facts, 48 texts
[2026-06-07T15:44:05+0000] Degradation branch: budget=64 facts, 192 texts
[2026-06-07T15:44:16+0000] Degradation branch: budget=256 facts, 768 texts
[2026-06-07T15:44:34+0000] Wrote cell outputs under results/step1_factual_dense_160m_32ckpt/raw
[2026-06-07T15:44:35+0000] Loading tokenizer: EleutherAI/pythia-160m-deduped
Special tokens have been added in the vocabulary, make sure the associated word embeddings are fine-tuned or trained.
[2026-06-07T15:44:35+0000] Loading model: EleutherAI/pythia-160m-deduped @ step5000 on cuda
[2026-06-07T15:44:36+0000] Scoring base probes/controls
[2026-06-07T15:44:58+0000] Injecting signal: 900 texts, 600 steps
[2026-06-07T15:45:44+0000] Scoring post-injection uptake
[2026-06-07T15:46:11+0000] Clean-continuation branch: 500 steps on fixed_jsonl (12000 texts)
[2026-06-07T15:47:35+0000] Scoring post-continuation retention
[2026-06-07T15:47:49+0000] Degradation branch: budget=4 facts, 12 texts
[2026-06-07T15:48:03+0000] Degradation branch: budget=16 facts, 48 texts
[2026-06-07T15:48:17+0000] Degradation branch: budget=64 facts, 192 texts
[2026-06-07T15:48:31+0000] Degradation branch: budget=256 facts, 768 texts
[2026-06-07T15:48:49+0000] Wrote cell outputs under results/step1_factual_dense_160m_32ckpt/raw
[2026-06-07T15:48:49+0000] Loading tokenizer: EleutherAI/pythia-160m-deduped
Special tokens have been added in the vocabulary, make sure the associated word embeddings are fine-tuned or trained.
[2026-06-07T15:48:50+0000] Loading model: EleutherAI/pythia-160m-deduped @ step5000 on cuda
[2026-06-07T15:48:51+0000] Scoring base probes/controls
[2026-06-07T15:49:19+0000] Injecting signal: 900 texts, 600 steps
[2026-06-07T15:50:07+0000] Scoring post-injection uptake
[2026-06-07T15:50:29+0000] Clean-continuation branch: 500 steps on fixed_jsonl (12000 texts)
[2026-06-07T15:51:52+0000] Scoring post-continuation retention
[2026-06-07T15:52:07+0000] Degradation branch: budget=4 facts, 12 texts
[2026-06-07T15:52:21+0000] Degradation branch: budget=16 facts, 48 texts
[2026-06-07T15:52:35+0000] Degradation branch: budget=64 facts, 192 texts
[2026-06-07T15:52:50+0000] Degradation branch: budget=256 facts, 768 texts
[2026-06-07T15:53:07+0000] Wrote cell outputs under results/step1_factual_dense_160m_32ckpt/raw
[2026-06-07T15:53:07+0000] Loading tokenizer: EleutherAI/pythia-160m-deduped
Special tokens have been added in the vocabulary, make sure the associated word embeddings are fine-tuned or trained.
[2026-06-07T15:53:08+0000] Loading model: EleutherAI/pythia-160m-deduped @ step5000 on cuda
[2026-06-07T15:53:09+0000] Scoring base probes/controls
[2026-06-07T15:53:31+0000] Injecting signal: 900 texts, 600 steps
[2026-06-07T15:54:18+0000] Scoring post-injection uptake
[2026-06-07T15:54:39+0000] Clean-continuation branch: 500 steps on fixed_jsonl (12000 texts)
[2026-06-07T15:56:02+0000] Scoring post-continuation retention
[2026-06-07T15:56:16+0000] Degradation branch: budget=4 facts, 12 texts
[2026-06-07T15:56:28+0000] Degradation branch: budget=16 facts, 48 texts
[2026-06-07T15:56:38+0000] Degradation branch: budget=64 facts, 192 texts
[2026-06-07T15:56:53+0000] Degradation branch: budget=256 facts, 768 texts
[2026-06-07T15:57:05+0000] Wrote cell outputs under results/step1_factual_dense_160m_32ckpt/raw
[2026-06-07T15:57:05+0000] Loading tokenizer: EleutherAI/pythia-160m-deduped
Special tokens have been added in the vocabulary, make sure the associated word embeddings are fine-tuned or trained.
[2026-06-07T15:57:06+0000] Loading model: EleutherAI/pythia-160m-deduped @ step5000 on cuda
[2026-06-07T15:57:06+0000] Scoring base probes/controls
[2026-06-07T15:57:23+0000] Injecting signal: 900 texts, 600 steps
[2026-06-07T15:58:06+0000] Scoring post-injection uptake
[2026-06-07T15:58:25+0000] Clean-continuation branch: 500 steps on fixed_jsonl (12000 texts)
[2026-06-07T15:59:48+0000] Scoring post-continuation retention
[2026-06-07T16:00:04+0000] Degradation branch: budget=4 facts, 12 texts
[2026-06-07T16:00:19+0000] Degradation branch: budget=16 facts, 48 texts
[2026-06-07T16:00:34+0000] Degradation branch: budget=64 facts, 192 texts
[2026-06-07T16:00:48+0000] Degradation branch: budget=256 facts, 768 texts
[2026-06-07T16:01:07+0000] Wrote cell outputs under results/step1_factual_dense_160m_32ckpt/raw
[2026-06-07T16:01:07+0000] Loading tokenizer: EleutherAI/pythia-160m-deduped
Special tokens have been added in the vocabulary, make sure the associated word embeddings are fine-tuned or trained.
[2026-06-07T16:01:07+0000] Loading model: EleutherAI/pythia-160m-deduped @ step6000 on cuda
[2026-06-07T16:01:13+0000] Scoring base probes/controls
[2026-06-07T16:01:39+0000] Injecting signal: 900 texts, 600 steps
[2026-06-07T16:02:27+0000] Scoring post-injection uptake
[2026-06-07T16:02:50+0000] Clean-continuation branch: 500 steps on fixed_jsonl (12000 texts)
[2026-06-07T16:04:14+0000] Scoring post-continuation retention
[2026-06-07T16:04:23+0000] Degradation branch: budget=4 facts, 12 texts
[2026-06-07T16:04:34+0000] Degradation branch: budget=16 facts, 48 texts
[2026-06-07T16:04:43+0000] Degradation branch: budget=64 facts, 192 texts
[2026-06-07T16:04:53+0000] Degradation branch: budget=256 facts, 768 texts
[2026-06-07T16:05:06+0000] Wrote cell outputs under results/step1_factual_dense_160m_32ckpt/raw
[2026-06-07T16:05:06+0000] Loading tokenizer: EleutherAI/pythia-160m-deduped
Special tokens have been added in the vocabulary, make sure the associated word embeddings are fine-tuned or trained.
[2026-06-07T16:05:06+0000] Loading model: EleutherAI/pythia-160m-deduped @ step6000 on cuda
[2026-06-07T16:05:07+0000] Scoring base probes/controls
[2026-06-07T16:05:26+0000] Injecting signal: 900 texts, 600 steps
[2026-06-07T16:06:10+0000] Scoring post-injection uptake
[2026-06-07T16:06:38+0000] Clean-continuation branch: 500 steps on fixed_jsonl (12000 texts)
[2026-06-07T16:08:03+0000] Scoring post-continuation retention
[2026-06-07T16:08:12+0000] Degradation branch: budget=4 facts, 12 texts
[2026-06-07T16:08:25+0000] Degradation branch: budget=16 facts, 48 texts
[2026-06-07T16:08:40+0000] Degradation branch: budget=64 facts, 192 texts
[2026-06-07T16:08:56+0000] Degradation branch: budget=256 facts, 768 texts
[2026-06-07T16:09:14+0000] Wrote cell outputs under results/step1_factual_dense_160m_32ckpt/raw
[2026-06-07T16:09:14+0000] Loading tokenizer: EleutherAI/pythia-160m-deduped
Special tokens have been added in the vocabulary, make sure the associated word embeddings are fine-tuned or trained.
[2026-06-07T16:09:15+0000] Loading model: EleutherAI/pythia-160m-deduped @ step6000 on cuda
[2026-06-07T16:09:16+0000] Scoring base probes/controls
[2026-06-07T16:09:39+0000] Injecting signal: 900 texts, 600 steps
[2026-06-07T16:10:24+0000] Scoring post-injection uptake
[2026-06-07T16:10:44+0000] Clean-continuation branch: 500 steps on fixed_jsonl (12000 texts)
[2026-06-07T16:12:09+0000] Scoring post-continuation retention
[2026-06-07T16:12:25+0000] Degradation branch: budget=4 facts, 12 texts
[2026-06-07T16:12:40+0000] Degradation branch: budget=16 facts, 48 texts
[2026-06-07T16:12:55+0000] Degradation branch: budget=64 facts, 192 texts
[2026-06-07T16:13:11+0000] Degradation branch: budget=256 facts, 768 texts
[2026-06-07T16:13:30+0000] Wrote cell outputs under results/step1_factual_dense_160m_32ckpt/raw
[2026-06-07T16:13:30+0000] Loading tokenizer: EleutherAI/pythia-160m-deduped
Special tokens have been added in the vocabulary, make sure the associated word embeddings are fine-tuned or trained.
[2026-06-07T16:13:30+0000] Loading model: EleutherAI/pythia-160m-deduped @ step6000 on cuda
[2026-06-07T16:13:31+0000] Scoring base probes/controls
[2026-06-07T16:13:58+0000] Injecting signal: 900 texts, 600 steps
[2026-06-07T16:14:44+0000] Scoring post-injection uptake
[2026-06-07T16:15:11+0000] Clean-continuation branch: 500 steps on fixed_jsonl (12000 texts)
[2026-06-07T16:16:36+0000] Scoring post-continuation retention
[2026-06-07T16:16:49+0000] Degradation branch: budget=4 facts, 12 texts
[2026-06-07T16:17:02+0000] Degradation branch: budget=16 facts, 48 texts
[2026-06-07T16:17:15+0000] Degradation branch: budget=64 facts, 192 texts
[2026-06-07T16:17:31+0000] Degradation branch: budget=256 facts, 768 texts
[2026-06-07T16:17:50+0000] Wrote cell outputs under results/step1_factual_dense_160m_32ckpt/raw
[2026-06-07T16:17:50+0000] Loading tokenizer: EleutherAI/pythia-160m-deduped
Special tokens have been added in the vocabulary, make sure the associated word embeddings are fine-tuned or trained.
[2026-06-07T16:17:51+0000] Loading model: EleutherAI/pythia-160m-deduped @ step6000 on cuda
[2026-06-07T16:17:52+0000] Scoring base probes/controls
[2026-06-07T16:18:18+0000] Injecting signal: 900 texts, 600 steps
[2026-06-07T16:19:06+0000] Scoring post-injection uptake
[2026-06-07T16:19:33+0000] Clean-continuation branch: 500 steps on fixed_jsonl (12000 texts)
[2026-06-07T16:20:58+0000] Scoring post-continuation retention
[2026-06-07T16:21:09+0000] Degradation branch: budget=4 facts, 12 texts
[2026-06-07T16:21:20+0000] Degradation branch: budget=16 facts, 48 texts
[2026-06-07T16:21:30+0000] Degradation branch: budget=64 facts, 192 texts
[2026-06-07T16:21:43+0000] Degradation branch: budget=256 facts, 768 texts
[2026-06-07T16:22:02+0000] Wrote cell outputs under results/step1_factual_dense_160m_32ckpt/raw
[2026-06-07T16:22:02+0000] Loading tokenizer: EleutherAI/pythia-160m-deduped
Special tokens have been added in the vocabulary, make sure the associated word embeddings are fine-tuned or trained.
[2026-06-07T16:22:03+0000] Loading model: EleutherAI/pythia-160m-deduped @ step7000 on cuda
[2026-06-07T16:22:12+0000] Scoring base probes/controls
[2026-06-07T16:22:36+0000] Injecting signal: 900 texts, 600 steps
[2026-06-07T16:23:22+0000] Scoring post-injection uptake
[2026-06-07T16:23:43+0000] Clean-continuation branch: 500 steps on fixed_jsonl (12000 texts)
[2026-06-07T16:25:08+0000] Scoring post-continuation retention
[2026-06-07T16:25:21+0000] Degradation branch: budget=4 facts, 12 texts
[2026-06-07T16:25:34+0000] Degradation branch: budget=16 facts, 48 texts
[2026-06-07T16:25:45+0000] Degradation branch: budget=64 facts, 192 texts
[2026-06-07T16:26:00+0000] Degradation branch: budget=256 facts, 768 texts
[2026-06-07T16:26:17+0000] Wrote cell outputs under results/step1_factual_dense_160m_32ckpt/raw
[2026-06-07T16:26:18+0000] Loading tokenizer: EleutherAI/pythia-160m-deduped
Special tokens have been added in the vocabulary, make sure the associated word embeddings are fine-tuned or trained.
[2026-06-07T16:26:18+0000] Loading model: EleutherAI/pythia-160m-deduped @ step7000 on cuda
[2026-06-07T16:26:20+0000] Scoring base probes/controls
[2026-06-07T16:26:44+0000] Injecting signal: 900 texts, 600 steps
[2026-06-07T16:27:30+0000] Scoring post-injection uptake
[2026-06-07T16:27:52+0000] Clean-continuation branch: 500 steps on fixed_jsonl (12000 texts)
[2026-06-07T16:29:15+0000] Scoring post-continuation retention
[2026-06-07T16:29:23+0000] Degradation branch: budget=4 facts, 12 texts
[2026-06-07T16:29:32+0000] Degradation branch: budget=16 facts, 48 texts
[2026-06-07T16:29:42+0000] Degradation branch: budget=64 facts, 192 texts
[2026-06-07T16:29:53+0000] Degradation branch: budget=256 facts, 768 texts
[2026-06-07T16:30:12+0000] Wrote cell outputs under results/step1_factual_dense_160m_32ckpt/raw
[2026-06-07T16:30:13+0000] Loading tokenizer: EleutherAI/pythia-160m-deduped
Special tokens have been added in the vocabulary, make sure the associated word embeddings are fine-tuned or trained.
[2026-06-07T16:30:13+0000] Loading model: EleutherAI/pythia-160m-deduped @ step7000 on cuda
[2026-06-07T16:30:15+0000] Scoring base probes/controls
[2026-06-07T16:30:37+0000] Injecting signal: 900 texts, 600 steps
[2026-06-07T16:31:21+0000] Scoring post-injection uptake
[2026-06-07T16:31:40+0000] Clean-continuation branch: 500 steps on fixed_jsonl (12000 texts)
[2026-06-07T16:33:02+0000] Scoring post-continuation retention
[2026-06-07T16:33:12+0000] Degradation branch: budget=4 facts, 12 texts
[2026-06-07T16:33:25+0000] Degradation branch: budget=16 facts, 48 texts
[2026-06-07T16:33:41+0000] Degradation branch: budget=64 facts, 192 texts
[2026-06-07T16:33:53+0000] Degradation branch: budget=256 facts, 768 texts
[2026-06-07T16:34:08+0000] Wrote cell outputs under results/step1_factual_dense_160m_32ckpt/raw
[2026-06-07T16:34:09+0000] Loading tokenizer: EleutherAI/pythia-160m-deduped
Special tokens have been added in the vocabulary, make sure the associated word embeddings are fine-tuned or trained.
[2026-06-07T16:34:09+0000] Loading model: EleutherAI/pythia-160m-deduped @ step7000 on cuda
[2026-06-07T16:34:10+0000] Scoring base probes/controls
[2026-06-07T16:34:34+0000] Injecting signal: 900 texts, 600 steps
[2026-06-07T16:35:22+0000] Scoring post-injection uptake
[2026-06-07T16:35:47+0000] Clean-continuation branch: 500 steps on fixed_jsonl (12000 texts)
[2026-06-07T16:37:10+0000] Scoring post-continuation retention
[2026-06-07T16:37:24+0000] Degradation branch: budget=4 facts, 12 texts
[2026-06-07T16:37:33+0000] Degradation branch: budget=16 facts, 48 texts
[2026-06-07T16:37:46+0000] Degradation branch: budget=64 facts, 192 texts
[2026-06-07T16:37:57+0000] Degradation branch: budget=256 facts, 768 texts
[2026-06-07T16:38:16+0000] Wrote cell outputs under results/step1_factual_dense_160m_32ckpt/raw
[2026-06-07T16:38:16+0000] Loading tokenizer: EleutherAI/pythia-160m-deduped
Special tokens have been added in the vocabulary, make sure the associated word embeddings are fine-tuned or trained.
[2026-06-07T16:38:17+0000] Loading model: EleutherAI/pythia-160m-deduped @ step7000 on cuda
[2026-06-07T16:38:18+0000] Scoring base probes/controls
[2026-06-07T16:38:43+0000] Injecting signal: 900 texts, 600 steps
[2026-06-07T16:39:28+0000] Scoring post-injection uptake
[2026-06-07T16:39:52+0000] Clean-continuation branch: 500 steps on fixed_jsonl (12000 texts)
[2026-06-07T16:41:14+0000] Scoring post-continuation retention
[2026-06-07T16:41:25+0000] Degradation branch: budget=4 facts, 12 texts
[2026-06-07T16:41:37+0000] Degradation branch: budget=16 facts, 48 texts
[2026-06-07T16:41:49+0000] Degradation branch: budget=64 facts, 192 texts
[2026-06-07T16:42:04+0000] Degradation branch: budget=256 facts, 768 texts
[2026-06-07T16:42:18+0000] Wrote cell outputs under results/step1_factual_dense_160m_32ckpt/raw
[2026-06-07T16:42:19+0000] Loading tokenizer: EleutherAI/pythia-160m-deduped
Special tokens have been added in the vocabulary, make sure the associated word embeddings are fine-tuned or trained.
[2026-06-07T16:42:19+0000] Loading model: EleutherAI/pythia-160m-deduped @ step8000 on cuda
[2026-06-07T16:42:24+0000] Scoring base probes/controls
[2026-06-07T16:42:43+0000] Injecting signal: 900 texts, 600 steps
[2026-06-07T16:43:28+0000] Scoring post-injection uptake
[2026-06-07T16:43:47+0000] Clean-continuation branch: 500 steps on fixed_jsonl (12000 texts)
[2026-06-07T16:45:08+0000] Scoring post-continuation retention
[2026-06-07T16:45:18+0000] Degradation branch: budget=4 facts, 12 texts
[2026-06-07T16:45:27+0000] Degradation branch: budget=16 facts, 48 texts
[2026-06-07T16:45:37+0000] Degradation branch: budget=64 facts, 192 texts
[2026-06-07T16:45:46+0000] Degradation branch: budget=256 facts, 768 texts
[2026-06-07T16:45:59+0000] Wrote cell outputs under results/step1_factual_dense_160m_32ckpt/raw
[2026-06-07T16:45:59+0000] Loading tokenizer: EleutherAI/pythia-160m-deduped
Special tokens have been added in the vocabulary, make sure the associated word embeddings are fine-tuned or trained.
[2026-06-07T16:45:59+0000] Loading model: EleutherAI/pythia-160m-deduped @ step8000 on cuda
[2026-06-07T16:46:00+0000] Scoring base probes/controls
[2026-06-07T16:46:19+0000] Injecting signal: 900 texts, 600 steps
[2026-06-07T16:47:06+0000] Scoring post-injection uptake
[2026-06-07T16:47:24+0000] Clean-continuation branch: 500 steps on fixed_jsonl (12000 texts)
[2026-06-07T16:48:48+0000] Scoring post-continuation retention
[2026-06-07T16:48:57+0000] Degradation branch: budget=4 facts, 12 texts
[2026-06-07T16:49:06+0000] Degradation branch: budget=16 facts, 48 texts
[2026-06-07T16:49:15+0000] Degradation branch: budget=64 facts, 192 texts
[2026-06-07T16:49:25+0000] Degradation branch: budget=256 facts, 768 texts
[2026-06-07T16:49:39+0000] Wrote cell outputs under results/step1_factual_dense_160m_32ckpt/raw
[2026-06-07T16:49:39+0000] Loading tokenizer: EleutherAI/pythia-160m-deduped
Special tokens have been added in the vocabulary, make sure the associated word embeddings are fine-tuned or trained.
[2026-06-07T16:49:39+0000] Loading model: EleutherAI/pythia-160m-deduped @ step8000 on cuda
[2026-06-07T16:49:40+0000] Scoring base probes/controls
[2026-06-07T16:49:59+0000] Injecting signal: 900 texts, 600 steps
[2026-06-07T16:50:46+0000] Scoring post-injection uptake
[2026-06-07T16:51:06+0000] Clean-continuation branch: 500 steps on fixed_jsonl (12000 texts)
[2026-06-07T16:52:27+0000] Scoring post-continuation retention
[2026-06-07T16:52:38+0000] Degradation branch: budget=4 facts, 12 texts
[2026-06-07T16:52:47+0000] Degradation branch: budget=16 facts, 48 texts
[2026-06-07T16:52:57+0000] Degradation branch: budget=64 facts, 192 texts
[2026-06-07T16:53:07+0000] Degradation branch: budget=256 facts, 768 texts
[2026-06-07T16:53:19+0000] Wrote cell outputs under results/step1_factual_dense_160m_32ckpt/raw
[2026-06-07T16:53:19+0000] Loading tokenizer: EleutherAI/pythia-160m-deduped
Special tokens have been added in the vocabulary, make sure the associated word embeddings are fine-tuned or trained.
[2026-06-07T16:53:19+0000] Loading model: EleutherAI/pythia-160m-deduped @ step8000 on cuda
[2026-06-07T16:53:20+0000] Scoring base probes/controls
[2026-06-07T16:53:40+0000] Injecting signal: 900 texts, 600 steps
[2026-06-07T16:54:22+0000] Scoring post-injection uptake
[2026-06-07T16:54:43+0000] Clean-continuation branch: 500 steps on fixed_jsonl (12000 texts)
[2026-06-07T16:56:05+0000] Scoring post-continuation retention
[2026-06-07T16:56:14+0000] Degradation branch: budget=4 facts, 12 texts
[2026-06-07T16:56:23+0000] Degradation branch: budget=16 facts, 48 texts
[2026-06-07T16:56:32+0000] Degradation branch: budget=64 facts, 192 texts
[2026-06-07T16:56:43+0000] Degradation branch: budget=256 facts, 768 texts
[2026-06-07T16:56:56+0000] Wrote cell outputs under results/step1_factual_dense_160m_32ckpt/raw
[2026-06-07T16:56:56+0000] Loading tokenizer: EleutherAI/pythia-160m-deduped
Special tokens have been added in the vocabulary, make sure the associated word embeddings are fine-tuned or trained.
[2026-06-07T16:56:57+0000] Loading model: EleutherAI/pythia-160m-deduped @ step8000 on cuda
[2026-06-07T16:56:57+0000] Scoring base probes/controls
[2026-06-07T16:57:16+0000] Injecting signal: 900 texts, 600 steps
[2026-06-07T16:58:03+0000] Scoring post-injection uptake
[2026-06-07T16:58:23+0000] Clean-continuation branch: 500 steps on fixed_jsonl (12000 texts)
[2026-06-07T16:59:45+0000] Scoring post-continuation retention
[2026-06-07T16:59:54+0000] Degradation branch: budget=4 facts, 12 texts
[2026-06-07T17:00:04+0000] Degradation branch: budget=16 facts, 48 texts
[2026-06-07T17:00:17+0000] Degradation branch: budget=64 facts, 192 texts
[2026-06-07T17:00:27+0000] Degradation branch: budget=256 facts, 768 texts
[2026-06-07T17:00:41+0000] Wrote cell outputs under results/step1_factual_dense_160m_32ckpt/raw
[2026-06-07T17:00:41+0000] Loading tokenizer: EleutherAI/pythia-160m-deduped
Special tokens have been added in the vocabulary, make sure the associated word embeddings are fine-tuned or trained.
[2026-06-07T17:00:41+0000] Loading model: EleutherAI/pythia-160m-deduped @ step9000 on cuda
[2026-06-07T17:00:48+0000] Scoring base probes/controls
[2026-06-07T17:01:09+0000] Injecting signal: 900 texts, 600 steps
[2026-06-07T17:01:54+0000] Scoring post-injection uptake
[2026-06-07T17:02:13+0000] Clean-continuation branch: 500 steps on fixed_jsonl (12000 texts)
[2026-06-07T17:03:33+0000] Scoring post-continuation retention
[2026-06-07T17:03:42+0000] Degradation branch: budget=4 facts, 12 texts
[2026-06-07T17:03:56+0000] Degradation branch: budget=16 facts, 48 texts
[2026-06-07T17:04:10+0000] Degradation branch: budget=64 facts, 192 texts
[2026-06-07T17:04:22+0000] Degradation branch: budget=256 facts, 768 texts
[2026-06-07T17:04:36+0000] Wrote cell outputs under results/step1_factual_dense_160m_32ckpt/raw
[2026-06-07T17:04:36+0000] Loading tokenizer: EleutherAI/pythia-160m-deduped
Special tokens have been added in the vocabulary, make sure the associated word embeddings are fine-tuned or trained.
[2026-06-07T17:04:36+0000] Loading model: EleutherAI/pythia-160m-deduped @ step9000 on cuda
[2026-06-07T17:04:37+0000] Scoring base probes/controls
[2026-06-07T17:04:58+0000] Injecting signal: 900 texts, 600 steps
[2026-06-07T17:05:43+0000] Scoring post-injection uptake
[2026-06-07T17:06:01+0000] Clean-continuation branch: 500 steps on fixed_jsonl (12000 texts)
[2026-06-07T17:07:22+0000] Scoring post-continuation retention
[2026-06-07T17:07:32+0000] Degradation branch: budget=4 facts, 12 texts
[2026-06-07T17:07:40+0000] Degradation branch: budget=16 facts, 48 texts
[2026-06-07T17:07:49+0000] Degradation branch: budget=64 facts, 192 texts
[2026-06-07T17:07:59+0000] Degradation branch: budget=256 facts, 768 texts
[2026-06-07T17:08:13+0000] Wrote cell outputs under results/step1_factual_dense_160m_32ckpt/raw
[2026-06-07T17:08:13+0000] Loading tokenizer: EleutherAI/pythia-160m-deduped
Special tokens have been added in the vocabulary, make sure the associated word embeddings are fine-tuned or trained.
[2026-06-07T17:08:14+0000] Loading model: EleutherAI/pythia-160m-deduped @ step9000 on cuda
[2026-06-07T17:08:15+0000] Scoring base probes/controls
[2026-06-07T17:08:36+0000] Injecting signal: 900 texts, 600 steps
[2026-06-07T17:09:25+0000] Scoring post-injection uptake
[2026-06-07T17:09:44+0000] Clean-continuation branch: 500 steps on fixed_jsonl (12000 texts)
[2026-06-07T17:11:05+0000] Scoring post-continuation retention
[2026-06-07T17:11:15+0000] Degradation branch: budget=4 facts, 12 texts
[2026-06-07T17:11:24+0000] Degradation branch: budget=16 facts, 48 texts
[2026-06-07T17:11:34+0000] Degradation branch: budget=64 facts, 192 texts
[2026-06-07T17:11:47+0000] Degradation branch: budget=256 facts, 768 texts
[2026-06-07T17:12:03+0000] Wrote cell outputs under results/step1_factual_dense_160m_32ckpt/raw
[2026-06-07T17:12:03+0000] Loading tokenizer: EleutherAI/pythia-160m-deduped
Special tokens have been added in the vocabulary, make sure the associated word embeddings are fine-tuned or trained.
[2026-06-07T17:12:04+0000] Loading model: EleutherAI/pythia-160m-deduped @ step9000 on cuda
[2026-06-07T17:12:05+0000] Scoring base probes/controls
[2026-06-07T17:12:24+0000] Injecting signal: 900 texts, 600 steps
[2026-06-07T17:13:09+0000] Scoring post-injection uptake
[2026-06-07T17:13:28+0000] Clean-continuation branch: 500 steps on fixed_jsonl (12000 texts)
[2026-06-07T17:14:49+0000] Scoring post-continuation retention
[2026-06-07T17:14:59+0000] Degradation branch: budget=4 facts, 12 texts
[2026-06-07T17:15:09+0000] Degradation branch: budget=16 facts, 48 texts
[2026-06-07T17:15:19+0000] Degradation branch: budget=64 facts, 192 texts
[2026-06-07T17:15:32+0000] Degradation branch: budget=256 facts, 768 texts
[2026-06-07T17:15:46+0000] Wrote cell outputs under results/step1_factual_dense_160m_32ckpt/raw
[2026-06-07T17:15:46+0000] Loading tokenizer: EleutherAI/pythia-160m-deduped
Special tokens have been added in the vocabulary, make sure the associated word embeddings are fine-tuned or trained.
[2026-06-07T17:15:46+0000] Loading model: EleutherAI/pythia-160m-deduped @ step9000 on cuda
[2026-06-07T17:15:47+0000] Scoring base probes/controls
[2026-06-07T17:16:05+0000] Injecting signal: 900 texts, 600 steps
[2026-06-07T17:16:52+0000] Scoring post-injection uptake
[2026-06-07T17:17:13+0000] Clean-continuation branch: 500 steps on fixed_jsonl (12000 texts)
[2026-06-07T17:18:34+0000] Scoring post-continuation retention
[2026-06-07T17:18:45+0000] Degradation branch: budget=4 facts, 12 texts
[2026-06-07T17:18:57+0000] Degradation branch: budget=16 facts, 48 texts
[2026-06-07T17:19:07+0000] Degradation branch: budget=64 facts, 192 texts
[2026-06-07T17:19:17+0000] Degradation branch: budget=256 facts, 768 texts
[2026-06-07T17:19:30+0000] Wrote cell outputs under results/step1_factual_dense_160m_32ckpt/raw
[2026-06-07T17:19:31+0000] Loading tokenizer: EleutherAI/pythia-160m-deduped
Special tokens have been added in the vocabulary, make sure the associated word embeddings are fine-tuned or trained.
[2026-06-07T17:19:31+0000] Loading model: EleutherAI/pythia-160m-deduped @ step10000 on cuda
[2026-06-07T17:19:36+0000] Scoring base probes/controls
[2026-06-07T17:19:55+0000] Injecting signal: 900 texts, 600 steps
[2026-06-07T17:20:42+0000] Scoring post-injection uptake
[2026-06-07T17:21:05+0000] Clean-continuation branch: 500 steps on fixed_jsonl (12000 texts)
[2026-06-07T17:22:27+0000] Scoring post-continuation retention
[2026-06-07T17:22:40+0000] Degradation branch: budget=4 facts, 12 texts
[2026-06-07T17:22:54+0000] Degradation branch: budget=16 facts, 48 texts
[2026-06-07T17:23:09+0000] Degradation branch: budget=64 facts, 192 texts
[2026-06-07T17:23:24+0000] Degradation branch: budget=256 facts, 768 texts
[2026-06-07T17:23:41+0000] Wrote cell outputs under results/step1_factual_dense_160m_32ckpt/raw
[2026-06-07T17:23:42+0000] Loading tokenizer: EleutherAI/pythia-160m-deduped
Special tokens have been added in the vocabulary, make sure the associated word embeddings are fine-tuned or trained.
[2026-06-07T17:23:42+0000] Loading model: EleutherAI/pythia-160m-deduped @ step10000 on cuda
[2026-06-07T17:23:43+0000] Scoring base probes/controls
[2026-06-07T17:24:05+0000] Injecting signal: 900 texts, 600 steps
[2026-06-07T17:24:53+0000] Scoring post-injection uptake
[2026-06-07T17:25:13+0000] Clean-continuation branch: 500 steps on fixed_jsonl (12000 texts)
[2026-06-07T17:26:36+0000] Scoring post-continuation retention
[2026-06-07T17:26:50+0000] Degradation branch: budget=4 facts, 12 texts
[2026-06-07T17:27:06+0000] Degradation branch: budget=16 facts, 48 texts
[2026-06-07T17:27:23+0000] Degradation branch: budget=64 facts, 192 texts
[2026-06-07T17:27:39+0000] Degradation branch: budget=256 facts, 768 texts
[2026-06-07T17:27:58+0000] Wrote cell outputs under results/step1_factual_dense_160m_32ckpt/raw
[2026-06-07T17:27:59+0000] Loading tokenizer: EleutherAI/pythia-160m-deduped
Special tokens have been added in the vocabulary, make sure the associated word embeddings are fine-tuned or trained.
[2026-06-07T17:27:59+0000] Loading model: EleutherAI/pythia-160m-deduped @ step10000 on cuda
[2026-06-07T17:28:00+0000] Scoring base probes/controls
[2026-06-07T17:28:23+0000] Injecting signal: 900 texts, 600 steps
[2026-06-07T17:29:12+0000] Scoring post-injection uptake
[2026-06-07T17:29:37+0000] Clean-continuation branch: 500 steps on fixed_jsonl (12000 texts)
[2026-06-07T17:30:59+0000] Scoring post-continuation retention
[2026-06-07T17:31:12+0000] Degradation branch: budget=4 facts, 12 texts
[2026-06-07T17:31:22+0000] Degradation branch: budget=16 facts, 48 texts
[2026-06-07T17:31:38+0000] Degradation branch: budget=64 facts, 192 texts
[2026-06-07T17:31:48+0000] Degradation branch: budget=256 facts, 768 texts
[2026-06-07T17:32:01+0000] Wrote cell outputs under results/step1_factual_dense_160m_32ckpt/raw
[2026-06-07T17:32:02+0000] Loading tokenizer: EleutherAI/pythia-160m-deduped
Special tokens have been added in the vocabulary, make sure the associated word embeddings are fine-tuned or trained.
[2026-06-07T17:32:02+0000] Loading model: EleutherAI/pythia-160m-deduped @ step10000 on cuda
[2026-06-07T17:32:03+0000] Scoring base probes/controls
[2026-06-07T17:32:21+0000] Injecting signal: 900 texts, 600 steps
[2026-06-07T17:33:11+0000] Scoring post-injection uptake
[2026-06-07T17:33:33+0000] Clean-continuation branch: 500 steps on fixed_jsonl (12000 texts)
[2026-06-07T17:34:56+0000] Scoring post-continuation retention
[2026-06-07T17:35:07+0000] Degradation branch: budget=4 facts, 12 texts
[2026-06-07T17:35:19+0000] Degradation branch: budget=16 facts, 48 texts
[2026-06-07T17:35:32+0000] Degradation branch: budget=64 facts, 192 texts
[2026-06-07T17:35:48+0000] Degradation branch: budget=256 facts, 768 texts
[2026-06-07T17:36:07+0000] Wrote cell outputs under results/step1_factual_dense_160m_32ckpt/raw
[2026-06-07T17:36:07+0000] Loading tokenizer: EleutherAI/pythia-160m-deduped
Special tokens have been added in the vocabulary, make sure the associated word embeddings are fine-tuned or trained.
[2026-06-07T17:36:08+0000] Loading model: EleutherAI/pythia-160m-deduped @ step10000 on cuda
[2026-06-07T17:36:09+0000] Scoring base probes/controls
[2026-06-07T17:36:30+0000] Injecting signal: 900 texts, 600 steps
[2026-06-07T17:37:18+0000] Scoring post-injection uptake
[2026-06-07T17:37:37+0000] Clean-continuation branch: 500 steps on fixed_jsonl (12000 texts)
[2026-06-07T17:38:59+0000] Scoring post-continuation retention
[2026-06-07T17:39:09+0000] Degradation branch: budget=4 facts, 12 texts
[2026-06-07T17:39:22+0000] Degradation branch: budget=16 facts, 48 texts
[2026-06-07T17:39:33+0000] Degradation branch: budget=64 facts, 192 texts
[2026-06-07T17:39:43+0000] Degradation branch: budget=256 facts, 768 texts
[2026-06-07T17:39:56+0000] Wrote cell outputs under results/step1_factual_dense_160m_32ckpt/raw
[2026-06-07T17:39:56+0000] Loading tokenizer: EleutherAI/pythia-160m-deduped
Special tokens have been added in the vocabulary, make sure the associated word embeddings are fine-tuned or trained.
[2026-06-07T17:39:57+0000] Loading model: EleutherAI/pythia-160m-deduped @ step13000 on cuda
[2026-06-07T17:40:03+0000] Scoring base probes/controls
[2026-06-07T17:40:30+0000] Injecting signal: 900 texts, 600 steps
[2026-06-07T17:41:19+0000] Scoring post-injection uptake
[2026-06-07T17:41:40+0000] Clean-continuation branch: 500 steps on fixed_jsonl (12000 texts)
[2026-06-07T17:43:04+0000] Scoring post-continuation retention
[2026-06-07T17:43:14+0000] Degradation branch: budget=4 facts, 12 texts
[2026-06-07T17:43:25+0000] Degradation branch: budget=16 facts, 48 texts
[2026-06-07T17:43:35+0000] Degradation branch: budget=64 facts, 192 texts
[2026-06-07T17:43:46+0000] Degradation branch: budget=256 facts, 768 texts
[2026-06-07T17:43:59+0000] Wrote cell outputs under results/step1_factual_dense_160m_32ckpt/raw
[2026-06-07T17:43:59+0000] Loading tokenizer: EleutherAI/pythia-160m-deduped
Special tokens have been added in the vocabulary, make sure the associated word embeddings are fine-tuned or trained.
[2026-06-07T17:44:00+0000] Loading model: EleutherAI/pythia-160m-deduped @ step13000 on cuda
[2026-06-07T17:44:01+0000] Scoring base probes/controls
[2026-06-07T17:44:22+0000] Injecting signal: 900 texts, 600 steps
[2026-06-07T17:45:05+0000] Scoring post-injection uptake
[2026-06-07T17:45:27+0000] Clean-continuation branch: 500 steps on fixed_jsonl (12000 texts)
[2026-06-07T17:46:47+0000] Scoring post-continuation retention
[2026-06-07T17:46:56+0000] Degradation branch: budget=4 facts, 12 texts
[2026-06-07T17:47:05+0000] Degradation branch: budget=16 facts, 48 texts
[2026-06-07T17:47:15+0000] Degradation branch: budget=64 facts, 192 texts
[2026-06-07T17:47:24+0000] Degradation branch: budget=256 facts, 768 texts
[2026-06-07T17:47:37+0000] Wrote cell outputs under results/step1_factual_dense_160m_32ckpt/raw
[2026-06-07T17:47:37+0000] Loading tokenizer: EleutherAI/pythia-160m-deduped
Special tokens have been added in the vocabulary, make sure the associated word embeddings are fine-tuned or trained.
[2026-06-07T17:47:38+0000] Loading model: EleutherAI/pythia-160m-deduped @ step13000 on cuda
[2026-06-07T17:47:38+0000] Scoring base probes/controls
[2026-06-07T17:47:56+0000] Injecting signal: 900 texts, 600 steps
[2026-06-07T17:48:43+0000] Scoring post-injection uptake
[2026-06-07T17:49:03+0000] Clean-continuation branch: 500 steps on fixed_jsonl (12000 texts)
[2026-06-07T17:50:24+0000] Scoring post-continuation retention
[2026-06-07T17:50:34+0000] Degradation branch: budget=4 facts, 12 texts
[2026-06-07T17:50:44+0000] Degradation branch: budget=16 facts, 48 texts
[2026-06-07T17:50:53+0000] Degradation branch: budget=64 facts, 192 texts
[2026-06-07T17:51:04+0000] Degradation branch: budget=256 facts, 768 texts
[2026-06-07T17:51:18+0000] Wrote cell outputs under results/step1_factual_dense_160m_32ckpt/raw
[2026-06-07T17:51:18+0000] Loading tokenizer: EleutherAI/pythia-160m-deduped
Special tokens have been added in the vocabulary, make sure the associated word embeddings are fine-tuned or trained.
[2026-06-07T17:51:19+0000] Loading model: EleutherAI/pythia-160m-deduped @ step13000 on cuda
[2026-06-07T17:51:20+0000] Scoring base probes/controls
[2026-06-07T17:51:39+0000] Injecting signal: 900 texts, 600 steps
[2026-06-07T17:52:23+0000] Scoring post-injection uptake
[2026-06-07T17:52:43+0000] Clean-continuation branch: 500 steps on fixed_jsonl (12000 texts)
[2026-06-07T17:54:04+0000] Scoring post-continuation retention
[2026-06-07T17:54:15+0000] Degradation branch: budget=4 facts, 12 texts
[2026-06-07T17:54:24+0000] Degradation branch: budget=16 facts, 48 texts
[2026-06-07T17:54:35+0000] Degradation branch: budget=64 facts, 192 texts
[2026-06-07T17:54:48+0000] Degradation branch: budget=256 facts, 768 texts
[2026-06-07T17:55:01+0000] Wrote cell outputs under results/step1_factual_dense_160m_32ckpt/raw
[2026-06-07T17:55:01+0000] Loading tokenizer: EleutherAI/pythia-160m-deduped
Special tokens have been added in the vocabulary, make sure the associated word embeddings are fine-tuned or trained.
[2026-06-07T17:55:02+0000] Loading model: EleutherAI/pythia-160m-deduped @ step13000 on cuda
[2026-06-07T17:55:03+0000] Scoring base probes/controls
[2026-06-07T17:55:24+0000] Injecting signal: 900 texts, 600 steps
[2026-06-07T17:56:10+0000] Scoring post-injection uptake
[2026-06-07T17:56:31+0000] Clean-continuation branch: 500 steps on fixed_jsonl (12000 texts)
[2026-06-07T17:57:52+0000] Scoring post-continuation retention
[2026-06-07T17:58:03+0000] Degradation branch: budget=4 facts, 12 texts
[2026-06-07T17:58:13+0000] Degradation branch: budget=16 facts, 48 texts
[2026-06-07T17:58:27+0000] Degradation branch: budget=64 facts, 192 texts
[2026-06-07T17:58:41+0000] Degradation branch: budget=256 facts, 768 texts
[2026-06-07T17:58:57+0000] Wrote cell outputs under results/step1_factual_dense_160m_32ckpt/raw
[2026-06-07T17:58:57+0000] Loading tokenizer: EleutherAI/pythia-160m-deduped
Special tokens have been added in the vocabulary, make sure the associated word embeddings are fine-tuned or trained.
[2026-06-07T17:58:57+0000] Loading model: EleutherAI/pythia-160m-deduped @ step16000 on cuda
[2026-06-07T17:59:02+0000] Scoring base probes/controls
[2026-06-07T17:59:22+0000] Injecting signal: 900 texts, 600 steps
[2026-06-07T18:00:10+0000] Scoring post-injection uptake
[2026-06-07T18:00:30+0000] Clean-continuation branch: 500 steps on fixed_jsonl (12000 texts)
[2026-06-07T18:01:51+0000] Scoring post-continuation retention
[2026-06-07T18:02:03+0000] Degradation branch: budget=4 facts, 12 texts
[2026-06-07T18:02:18+0000] Degradation branch: budget=16 facts, 48 texts
[2026-06-07T18:02:32+0000] Degradation branch: budget=64 facts, 192 texts
[2026-06-07T18:02:49+0000] Degradation branch: budget=256 facts, 768 texts
[2026-06-07T18:03:08+0000] Wrote cell outputs under results/step1_factual_dense_160m_32ckpt/raw
[2026-06-07T18:03:08+0000] Loading tokenizer: EleutherAI/pythia-160m-deduped
Special tokens have been added in the vocabulary, make sure the associated word embeddings are fine-tuned or trained.
[2026-06-07T18:03:09+0000] Loading model: EleutherAI/pythia-160m-deduped @ step16000 on cuda
[2026-06-07T18:03:10+0000] Scoring base probes/controls
[2026-06-07T18:03:31+0000] Injecting signal: 900 texts, 600 steps
[2026-06-07T18:04:19+0000] Scoring post-injection uptake
[2026-06-07T18:04:46+0000] Clean-continuation branch: 500 steps on fixed_jsonl (12000 texts)
[2026-06-07T18:06:10+0000] Scoring post-continuation retention
[2026-06-07T18:06:23+0000] Degradation branch: budget=4 facts, 12 texts
[2026-06-07T18:06:37+0000] Degradation branch: budget=16 facts, 48 texts
[2026-06-07T18:06:49+0000] Degradation branch: budget=64 facts, 192 texts
[2026-06-07T18:07:05+0000] Degradation branch: budget=256 facts, 768 texts
[2026-06-07T18:07:25+0000] Wrote cell outputs under results/step1_factual_dense_160m_32ckpt/raw
[2026-06-07T18:07:25+0000] Loading tokenizer: EleutherAI/pythia-160m-deduped
Special tokens have been added in the vocabulary, make sure the associated word embeddings are fine-tuned or trained.
[2026-06-07T18:07:25+0000] Loading model: EleutherAI/pythia-160m-deduped @ step16000 on cuda
[2026-06-07T18:07:27+0000] Scoring base probes/controls
[2026-06-07T18:07:48+0000] Injecting signal: 900 texts, 600 steps
[2026-06-07T18:08:37+0000] Scoring post-injection uptake
[2026-06-07T18:09:02+0000] Clean-continuation branch: 500 steps on fixed_jsonl (12000 texts)
[2026-06-07T18:10:24+0000] Scoring post-continuation retention
[2026-06-07T18:10:38+0000] Degradation branch: budget=4 facts, 12 texts
[2026-06-07T18:10:52+0000] Degradation branch: budget=16 facts, 48 texts
[2026-06-07T18:11:09+0000] Degradation branch: budget=64 facts, 192 texts
[2026-06-07T18:11:26+0000] Degradation branch: budget=256 facts, 768 texts
[2026-06-07T18:11:43+0000] Wrote cell outputs under results/step1_factual_dense_160m_32ckpt/raw
[2026-06-07T18:11:44+0000] Loading tokenizer: EleutherAI/pythia-160m-deduped
Special tokens have been added in the vocabulary, make sure the associated word embeddings are fine-tuned or trained.
[2026-06-07T18:11:44+0000] Loading model: EleutherAI/pythia-160m-deduped @ step16000 on cuda
[2026-06-07T18:11:46+0000] Scoring base probes/controls
[2026-06-07T18:12:09+0000] Injecting signal: 900 texts, 600 steps
[2026-06-07T18:12:56+0000] Scoring post-injection uptake
[2026-06-07T18:13:19+0000] Clean-continuation branch: 500 steps on fixed_jsonl (12000 texts)
[2026-06-07T18:14:41+0000] Scoring post-continuation retention
[2026-06-07T18:14:53+0000] Degradation branch: budget=4 facts, 12 texts
[2026-06-07T18:15:08+0000] Degradation branch: budget=16 facts, 48 texts
[2026-06-07T18:15:24+0000] Degradation branch: budget=64 facts, 192 texts
[2026-06-07T18:15:39+0000] Degradation branch: budget=256 facts, 768 texts
[2026-06-07T18:15:55+0000] Wrote cell outputs under results/step1_factual_dense_160m_32ckpt/raw
[2026-06-07T18:15:55+0000] Loading tokenizer: EleutherAI/pythia-160m-deduped
Special tokens have been added in the vocabulary, make sure the associated word embeddings are fine-tuned or trained.
[2026-06-07T18:15:55+0000] Loading model: EleutherAI/pythia-160m-deduped @ step16000 on cuda
[2026-06-07T18:15:56+0000] Scoring base probes/controls
[2026-06-07T18:16:21+0000] Injecting signal: 900 texts, 600 steps
[2026-06-07T18:17:09+0000] Scoring post-injection uptake
[2026-06-07T18:17:31+0000] Clean-continuation branch: 500 steps on fixed_jsonl (12000 texts)
[2026-06-07T18:18:53+0000] Scoring post-continuation retention
[2026-06-07T18:19:05+0000] Degradation branch: budget=4 facts, 12 texts
[2026-06-07T18:19:17+0000] Degradation branch: budget=16 facts, 48 texts
[2026-06-07T18:19:35+0000] Degradation branch: budget=64 facts, 192 texts
[2026-06-07T18:19:50+0000] Degradation branch: budget=256 facts, 768 texts
[2026-06-07T18:20:06+0000] Wrote cell outputs under results/step1_factual_dense_160m_32ckpt/raw
[2026-06-07T18:20:07+0000] Loading tokenizer: EleutherAI/pythia-160m-deduped
Special tokens have been added in the vocabulary, make sure the associated word embeddings are fine-tuned or trained.
[2026-06-07T18:20:07+0000] Loading model: EleutherAI/pythia-160m-deduped @ step23000 on cuda
[2026-06-07T18:20:15+0000] Scoring base probes/controls
[2026-06-07T18:20:36+0000] Injecting signal: 900 texts, 600 steps
[2026-06-07T18:21:23+0000] Scoring post-injection uptake
[2026-06-07T18:21:48+0000] Clean-continuation branch: 500 steps on fixed_jsonl (12000 texts)
[2026-06-07T18:23:09+0000] Scoring post-continuation retention
[2026-06-07T18:23:19+0000] Degradation branch: budget=4 facts, 12 texts
[2026-06-07T18:23:28+0000] Degradation branch: budget=16 facts, 48 texts
[2026-06-07T18:23:38+0000] Degradation branch: budget=64 facts, 192 texts
[2026-06-07T18:23:49+0000] Degradation branch: budget=256 facts, 768 texts
[2026-06-07T18:24:02+0000] Wrote cell outputs under results/step1_factual_dense_160m_32ckpt/raw
[2026-06-07T18:24:02+0000] Loading tokenizer: EleutherAI/pythia-160m-deduped
Special tokens have been added in the vocabulary, make sure the associated word embeddings are fine-tuned or trained.
[2026-06-07T18:24:02+0000] Loading model: EleutherAI/pythia-160m-deduped @ step23000 on cuda
[2026-06-07T18:24:03+0000] Scoring base probes/controls
[2026-06-07T18:24:21+0000] Injecting signal: 900 texts, 600 steps
[2026-06-07T18:25:07+0000] Scoring post-injection uptake
[2026-06-07T18:25:28+0000] Clean-continuation branch: 500 steps on fixed_jsonl (12000 texts)
[2026-06-07T18:26:49+0000] Scoring post-continuation retention
[2026-06-07T18:27:03+0000] Degradation branch: budget=4 facts, 12 texts
[2026-06-07T18:27:15+0000] Degradation branch: budget=16 facts, 48 texts
[2026-06-07T18:27:27+0000] Degradation branch: budget=64 facts, 192 texts
[2026-06-07T18:27:38+0000] Degradation branch: budget=256 facts, 768 texts
[2026-06-07T18:27:51+0000] Wrote cell outputs under results/step1_factual_dense_160m_32ckpt/raw
[2026-06-07T18:27:52+0000] Loading tokenizer: EleutherAI/pythia-160m-deduped
Special tokens have been added in the vocabulary, make sure the associated word embeddings are fine-tuned or trained.
[2026-06-07T18:27:52+0000] Loading model: EleutherAI/pythia-160m-deduped @ step23000 on cuda
[2026-06-07T18:27:53+0000] Scoring base probes/controls
[2026-06-07T18:28:11+0000] Injecting signal: 900 texts, 600 steps
[2026-06-07T18:28:55+0000] Scoring post-injection uptake
[2026-06-07T18:29:13+0000] Clean-continuation branch: 500 steps on fixed_jsonl (12000 texts)
[2026-06-07T18:30:34+0000] Scoring post-continuation retention
[2026-06-07T18:30:43+0000] Degradation branch: budget=4 facts, 12 texts
[2026-06-07T18:30:52+0000] Degradation branch: budget=16 facts, 48 texts
[2026-06-07T18:31:02+0000] Degradation branch: budget=64 facts, 192 texts
[2026-06-07T18:31:12+0000] Degradation branch: budget=256 facts, 768 texts
[2026-06-07T18:31:25+0000] Wrote cell outputs under results/step1_factual_dense_160m_32ckpt/raw
[2026-06-07T18:31:25+0000] Loading tokenizer: EleutherAI/pythia-160m-deduped
Special tokens have been added in the vocabulary, make sure the associated word embeddings are fine-tuned or trained.
[2026-06-07T18:31:25+0000] Loading model: EleutherAI/pythia-160m-deduped @ step23000 on cuda
[2026-06-07T18:31:26+0000] Scoring base probes/controls
[2026-06-07T18:31:44+0000] Injecting signal: 900 texts, 600 steps
[2026-06-07T18:32:27+0000] Scoring post-injection uptake
[2026-06-07T18:32:45+0000] Clean-continuation branch: 500 steps on fixed_jsonl (12000 texts)
[2026-06-07T18:34:05+0000] Scoring post-continuation retention
[2026-06-07T18:34:14+0000] Degradation branch: budget=4 facts, 12 texts
[2026-06-07T18:34:24+0000] Degradation branch: budget=16 facts, 48 texts
[2026-06-07T18:34:33+0000] Degradation branch: budget=64 facts, 192 texts
[2026-06-07T18:34:43+0000] Degradation branch: budget=256 facts, 768 texts
[2026-06-07T18:34:56+0000] Wrote cell outputs under results/step1_factual_dense_160m_32ckpt/raw
[2026-06-07T18:34:56+0000] Loading tokenizer: EleutherAI/pythia-160m-deduped
Special tokens have been added in the vocabulary, make sure the associated word embeddings are fine-tuned or trained.
[2026-06-07T18:34:56+0000] Loading model: EleutherAI/pythia-160m-deduped @ step23000 on cuda
[2026-06-07T18:34:57+0000] Scoring base probes/controls
[2026-06-07T18:35:15+0000] Injecting signal: 900 texts, 600 steps
[2026-06-07T18:35:58+0000] Scoring post-injection uptake
[2026-06-07T18:36:17+0000] Clean-continuation branch: 500 steps on fixed_jsonl (12000 texts)
[2026-06-07T18:37:38+0000] Scoring post-continuation retention
[2026-06-07T18:37:47+0000] Degradation branch: budget=4 facts, 12 texts
[2026-06-07T18:37:56+0000] Degradation branch: budget=16 facts, 48 texts
[2026-06-07T18:38:05+0000] Degradation branch: budget=64 facts, 192 texts
[2026-06-07T18:38:15+0000] Degradation branch: budget=256 facts, 768 texts
[2026-06-07T18:38:28+0000] Wrote cell outputs under results/step1_factual_dense_160m_32ckpt/raw
[2026-06-07T18:38:28+0000] Loading tokenizer: EleutherAI/pythia-160m-deduped
Special tokens have been added in the vocabulary, make sure the associated word embeddings are fine-tuned or trained.
[2026-06-07T18:38:28+0000] Loading model: EleutherAI/pythia-160m-deduped @ step32000 on cuda
[2026-06-07T18:38:33+0000] Scoring base probes/controls
[2026-06-07T18:38:51+0000] Injecting signal: 900 texts, 600 steps
[2026-06-07T18:39:34+0000] Scoring post-injection uptake
[2026-06-07T18:39:53+0000] Clean-continuation branch: 500 steps on fixed_jsonl (12000 texts)
[2026-06-07T18:41:13+0000] Scoring post-continuation retention
[2026-06-07T18:41:23+0000] Degradation branch: budget=4 facts, 12 texts
[2026-06-07T18:41:32+0000] Degradation branch: budget=16 facts, 48 texts
[2026-06-07T18:41:41+0000] Degradation branch: budget=64 facts, 192 texts
[2026-06-07T18:41:52+0000] Degradation branch: budget=256 facts, 768 texts
[2026-06-07T18:42:05+0000] Wrote cell outputs under results/step1_factual_dense_160m_32ckpt/raw
[2026-06-07T18:42:05+0000] Loading tokenizer: EleutherAI/pythia-160m-deduped
Special tokens have been added in the vocabulary, make sure the associated word embeddings are fine-tuned or trained.
[2026-06-07T18:42:05+0000] Loading model: EleutherAI/pythia-160m-deduped @ step32000 on cuda
[2026-06-07T18:42:06+0000] Scoring base probes/controls
[2026-06-07T18:42:27+0000] Injecting signal: 900 texts, 600 steps
[2026-06-07T18:43:15+0000] Scoring post-injection uptake
[2026-06-07T18:43:42+0000] Clean-continuation branch: 500 steps on fixed_jsonl (12000 texts)
[2026-06-07T18:45:05+0000] Scoring post-continuation retention
[2026-06-07T18:45:17+0000] Degradation branch: budget=4 facts, 12 texts
[2026-06-07T18:45:30+0000] Degradation branch: budget=16 facts, 48 texts
[2026-06-07T18:45:43+0000] Degradation branch: budget=64 facts, 192 texts
[2026-06-07T18:45:58+0000] Degradation branch: budget=256 facts, 768 texts
[2026-06-07T18:46:15+0000] Wrote cell outputs under results/step1_factual_dense_160m_32ckpt/raw
[2026-06-07T18:46:15+0000] Loading tokenizer: EleutherAI/pythia-160m-deduped
Special tokens have been added in the vocabulary, make sure the associated word embeddings are fine-tuned or trained.
[2026-06-07T18:46:15+0000] Loading model: EleutherAI/pythia-160m-deduped @ step32000 on cuda
[2026-06-07T18:46:16+0000] Scoring base probes/controls
[2026-06-07T18:46:39+0000] Injecting signal: 900 texts, 600 steps
[2026-06-07T18:47:25+0000] Scoring post-injection uptake
[2026-06-07T18:47:50+0000] Clean-continuation branch: 500 steps on fixed_jsonl (12000 texts)
[2026-06-07T18:49:13+0000] Scoring post-continuation retention
[2026-06-07T18:49:25+0000] Degradation branch: budget=4 facts, 12 texts
[2026-06-07T18:49:34+0000] Degradation branch: budget=16 facts, 48 texts
[2026-06-07T18:49:47+0000] Degradation branch: budget=64 facts, 192 texts
[2026-06-07T18:50:03+0000] Degradation branch: budget=256 facts, 768 texts
[2026-06-07T18:50:22+0000] Wrote cell outputs under results/step1_factual_dense_160m_32ckpt/raw
[2026-06-07T18:50:23+0000] Loading tokenizer: EleutherAI/pythia-160m-deduped
Special tokens have been added in the vocabulary, make sure the associated word embeddings are fine-tuned or trained.
[2026-06-07T18:50:23+0000] Loading model: EleutherAI/pythia-160m-deduped @ step32000 on cuda
[2026-06-07T18:50:24+0000] Scoring base probes/controls
[2026-06-07T18:50:45+0000] Injecting signal: 900 texts, 600 steps
[2026-06-07T18:51:33+0000] Scoring post-injection uptake
[2026-06-07T18:51:55+0000] Clean-continuation branch: 500 steps on fixed_jsonl (12000 texts)
[2026-06-07T18:53:18+0000] Scoring post-continuation retention
[2026-06-07T18:53:30+0000] Degradation branch: budget=4 facts, 12 texts
[2026-06-07T18:53:43+0000] Degradation branch: budget=16 facts, 48 texts
[2026-06-07T18:53:58+0000] Degradation branch: budget=64 facts, 192 texts
[2026-06-07T18:54:14+0000] Degradation branch: budget=256 facts, 768 texts
[2026-06-07T18:54:33+0000] Wrote cell outputs under results/step1_factual_dense_160m_32ckpt/raw
[2026-06-07T18:54:33+0000] Loading tokenizer: EleutherAI/pythia-160m-deduped
Special tokens have been added in the vocabulary, make sure the associated word embeddings are fine-tuned or trained.
[2026-06-07T18:54:33+0000] Loading model: EleutherAI/pythia-160m-deduped @ step32000 on cuda
[2026-06-07T18:54:35+0000] Scoring base probes/controls
[2026-06-07T18:55:02+0000] Injecting signal: 900 texts, 600 steps
[2026-06-07T18:55:49+0000] Scoring post-injection uptake
[2026-06-07T18:56:11+0000] Clean-continuation branch: 500 steps on fixed_jsonl (12000 texts)
[2026-06-07T18:57:34+0000] Scoring post-continuation retention
[2026-06-07T18:57:50+0000] Degradation branch: budget=4 facts, 12 texts
[2026-06-07T18:58:06+0000] Degradation branch: budget=16 facts, 48 texts
[2026-06-07T18:58:21+0000] Degradation branch: budget=64 facts, 192 texts
[2026-06-07T18:58:36+0000] Degradation branch: budget=256 facts, 768 texts
[2026-06-07T18:58:49+0000] Wrote cell outputs under results/step1_factual_dense_160m_32ckpt/raw
[2026-06-07T18:58:49+0000] Loading tokenizer: EleutherAI/pythia-160m-deduped
Special tokens have been added in the vocabulary, make sure the associated word embeddings are fine-tuned or trained.
[2026-06-07T18:58:50+0000] Loading model: EleutherAI/pythia-160m-deduped @ step44000 on cuda
[2026-06-07T18:58:55+0000] Scoring base probes/controls
[2026-06-07T18:59:17+0000] Injecting signal: 900 texts, 600 steps
[2026-06-07T19:00:05+0000] Scoring post-injection uptake
[2026-06-07T19:00:30+0000] Clean-continuation branch: 500 steps on fixed_jsonl (12000 texts)
[2026-06-07T19:01:55+0000] Scoring post-continuation retention
[2026-06-07T19:02:07+0000] Degradation branch: budget=4 facts, 12 texts
[2026-06-07T19:02:17+0000] Degradation branch: budget=16 facts, 48 texts
[2026-06-07T19:02:30+0000] Degradation branch: budget=64 facts, 192 texts
[2026-06-07T19:02:42+0000] Degradation branch: budget=256 facts, 768 texts
[2026-06-07T19:02:58+0000] Wrote cell outputs under results/step1_factual_dense_160m_32ckpt/raw
[2026-06-07T19:02:59+0000] Loading tokenizer: EleutherAI/pythia-160m-deduped
Special tokens have been added in the vocabulary, make sure the associated word embeddings are fine-tuned or trained.
[2026-06-07T19:02:59+0000] Loading model: EleutherAI/pythia-160m-deduped @ step44000 on cuda
[2026-06-07T19:03:00+0000] Scoring base probes/controls
[2026-06-07T19:03:26+0000] Injecting signal: 900 texts, 600 steps
[2026-06-07T19:04:13+0000] Scoring post-injection uptake
[2026-06-07T19:04:40+0000] Clean-continuation branch: 500 steps on fixed_jsonl (12000 texts)
[2026-06-07T19:06:02+0000] Scoring post-continuation retention
[2026-06-07T19:06:14+0000] Degradation branch: budget=4 facts, 12 texts
[2026-06-07T19:06:27+0000] Degradation branch: budget=16 facts, 48 texts
[2026-06-07T19:06:38+0000] Degradation branch: budget=64 facts, 192 texts
[2026-06-07T19:06:50+0000] Degradation branch: budget=256 facts, 768 texts
[2026-06-07T19:07:08+0000] Wrote cell outputs under results/step1_factual_dense_160m_32ckpt/raw
[2026-06-07T19:07:08+0000] Loading tokenizer: EleutherAI/pythia-160m-deduped
Special tokens have been added in the vocabulary, make sure the associated word embeddings are fine-tuned or trained.
[2026-06-07T19:07:09+0000] Loading model: EleutherAI/pythia-160m-deduped @ step44000 on cuda
[2026-06-07T19:07:10+0000] Scoring base probes/controls
[2026-06-07T19:07:32+0000] Injecting signal: 900 texts, 600 steps
[2026-06-07T19:08:19+0000] Scoring post-injection uptake
[2026-06-07T19:08:41+0000] Clean-continuation branch: 500 steps on fixed_jsonl (12000 texts)
[2026-06-07T19:10:04+0000] Scoring post-continuation retention
[2026-06-07T19:10:19+0000] Degradation branch: budget=4 facts, 12 texts
[2026-06-07T19:10:33+0000] Degradation branch: budget=16 facts, 48 texts
[2026-06-07T19:10:48+0000] Degradation branch: budget=64 facts, 192 texts
[2026-06-07T19:11:03+0000] Degradation branch: budget=256 facts, 768 texts
[2026-06-07T19:11:20+0000] Wrote cell outputs under results/step1_factual_dense_160m_32ckpt/raw
[2026-06-07T19:11:20+0000] Loading tokenizer: EleutherAI/pythia-160m-deduped
Special tokens have been added in the vocabulary, make sure the associated word embeddings are fine-tuned or trained.
[2026-06-07T19:11:20+0000] Loading model: EleutherAI/pythia-160m-deduped @ step44000 on cuda
[2026-06-07T19:11:21+0000] Scoring base probes/controls
[2026-06-07T19:11:43+0000] Injecting signal: 900 texts, 600 steps
[2026-06-07T19:12:30+0000] Scoring post-injection uptake
[2026-06-07T19:12:51+0000] Clean-continuation branch: 500 steps on fixed_jsonl (12000 texts)
[2026-06-07T19:14:15+0000] Scoring post-continuation retention
[2026-06-07T19:14:26+0000] Degradation branch: budget=4 facts, 12 texts
[2026-06-07T19:14:35+0000] Degradation branch: budget=16 facts, 48 texts
[2026-06-07T19:14:45+0000] Degradation branch: budget=64 facts, 192 texts
[2026-06-07T19:14:56+0000] Degradation branch: budget=256 facts, 768 texts
[2026-06-07T19:15:09+0000] Wrote cell outputs under results/step1_factual_dense_160m_32ckpt/raw
[2026-06-07T19:15:10+0000] Loading tokenizer: EleutherAI/pythia-160m-deduped
Special tokens have been added in the vocabulary, make sure the associated word embeddings are fine-tuned or trained.
[2026-06-07T19:15:10+0000] Loading model: EleutherAI/pythia-160m-deduped @ step44000 on cuda
[2026-06-07T19:15:11+0000] Scoring base probes/controls
[2026-06-07T19:15:32+0000] Injecting signal: 900 texts, 600 steps
[2026-06-07T19:16:19+0000] Scoring post-injection uptake
[2026-06-07T19:16:41+0000] Clean-continuation branch: 500 steps on fixed_jsonl (12000 texts)
[2026-06-07T19:18:04+0000] Scoring post-continuation retention
[2026-06-07T19:18:14+0000] Degradation branch: budget=4 facts, 12 texts
[2026-06-07T19:18:25+0000] Degradation branch: budget=16 facts, 48 texts
[2026-06-07T19:18:36+0000] Degradation branch: budget=64 facts, 192 texts
[2026-06-07T19:18:47+0000] Degradation branch: budget=256 facts, 768 texts
[2026-06-07T19:19:01+0000] Wrote cell outputs under results/step1_factual_dense_160m_32ckpt/raw
[2026-06-07T19:19:02+0000] Loading tokenizer: EleutherAI/pythia-160m-deduped
Special tokens have been added in the vocabulary, make sure the associated word embeddings are fine-tuned or trained.
[2026-06-07T19:19:02+0000] Loading model: EleutherAI/pythia-160m-deduped @ step64000 on cuda
[2026-06-07T19:19:08+0000] Scoring base probes/controls
[2026-06-07T19:19:31+0000] Injecting signal: 900 texts, 600 steps
[2026-06-07T19:20:18+0000] Scoring post-injection uptake
[2026-06-07T19:20:38+0000] Clean-continuation branch: 500 steps on fixed_jsonl (12000 texts)
[2026-06-07T19:22:00+0000] Scoring post-continuation retention
[2026-06-07T19:22:11+0000] Degradation branch: budget=4 facts, 12 texts
[2026-06-07T19:22:20+0000] Degradation branch: budget=16 facts, 48 texts
[2026-06-07T19:22:31+0000] Degradation branch: budget=64 facts, 192 texts
[2026-06-07T19:22:42+0000] Degradation branch: budget=256 facts, 768 texts
[2026-06-07T19:22:56+0000] Wrote cell outputs under results/step1_factual_dense_160m_32ckpt/raw
[2026-06-07T19:22:57+0000] Loading tokenizer: EleutherAI/pythia-160m-deduped
Special tokens have been added in the vocabulary, make sure the associated word embeddings are fine-tuned or trained.
[2026-06-07T19:22:57+0000] Loading model: EleutherAI/pythia-160m-deduped @ step64000 on cuda
[2026-06-07T19:22:58+0000] Scoring base probes/controls
[2026-06-07T19:23:16+0000] Injecting signal: 900 texts, 600 steps
[2026-06-07T19:24:02+0000] Scoring post-injection uptake
[2026-06-07T19:24:25+0000] Clean-continuation branch: 500 steps on fixed_jsonl (12000 texts)
[2026-06-07T19:25:48+0000] Scoring post-continuation retention
[2026-06-07T19:25:58+0000] Degradation branch: budget=4 facts, 12 texts
[2026-06-07T19:26:10+0000] Degradation branch: budget=16 facts, 48 texts
[2026-06-07T19:26:20+0000] Degradation branch: budget=64 facts, 192 texts
[2026-06-07T19:26:30+0000] Degradation branch: budget=256 facts, 768 texts
[2026-06-07T19:26:43+0000] Wrote cell outputs under results/step1_factual_dense_160m_32ckpt/raw
[2026-06-07T19:26:43+0000] Loading tokenizer: EleutherAI/pythia-160m-deduped
Special tokens have been added in the vocabulary, make sure the associated word embeddings are fine-tuned or trained.
[2026-06-07T19:26:43+0000] Loading model: EleutherAI/pythia-160m-deduped @ step64000 on cuda
[2026-06-07T19:26:44+0000] Scoring base probes/controls
[2026-06-07T19:27:07+0000] Injecting signal: 900 texts, 600 steps
[2026-06-07T19:27:55+0000] Scoring post-injection uptake
[2026-06-07T19:28:16+0000] Clean-continuation branch: 500 steps on fixed_jsonl (12000 texts)
[2026-06-07T19:29:39+0000] Scoring post-continuation retention
[2026-06-07T19:29:53+0000] Degradation branch: budget=4 facts, 12 texts
[2026-06-07T19:30:04+0000] Degradation branch: budget=16 facts, 48 texts
[2026-06-07T19:30:17+0000] Degradation branch: budget=64 facts, 192 texts
[2026-06-07T19:30:33+0000] Degradation branch: budget=256 facts, 768 texts
[2026-06-07T19:30:52+0000] Wrote cell outputs under results/step1_factual_dense_160m_32ckpt/raw
[2026-06-07T19:30:52+0000] Loading tokenizer: EleutherAI/pythia-160m-deduped
Special tokens have been added in the vocabulary, make sure the associated word embeddings are fine-tuned or trained.
[2026-06-07T19:30:53+0000] Loading model: EleutherAI/pythia-160m-deduped @ step64000 on cuda
[2026-06-07T19:30:54+0000] Scoring base probes/controls
[2026-06-07T19:31:19+0000] Injecting signal: 900 texts, 600 steps
[2026-06-07T19:32:07+0000] Scoring post-injection uptake
[2026-06-07T19:32:32+0000] Clean-continuation branch: 500 steps on fixed_jsonl (12000 texts)
[2026-06-07T19:33:55+0000] Scoring post-continuation retention
[2026-06-07T19:34:10+0000] Degradation branch: budget=4 facts, 12 texts
[2026-06-07T19:34:26+0000] Degradation branch: budget=16 facts, 48 texts
[2026-06-07T19:34:41+0000] Degradation branch: budget=64 facts, 192 texts
[2026-06-07T19:34:59+0000] Degradation branch: budget=256 facts, 768 texts
[2026-06-07T19:35:18+0000] Wrote cell outputs under results/step1_factual_dense_160m_32ckpt/raw
[2026-06-07T19:35:19+0000] Loading tokenizer: EleutherAI/pythia-160m-deduped
Special tokens have been added in the vocabulary, make sure the associated word embeddings are fine-tuned or trained.
[2026-06-07T19:35:19+0000] Loading model: EleutherAI/pythia-160m-deduped @ step64000 on cuda
[2026-06-07T19:35:20+0000] Scoring base probes/controls
[2026-06-07T19:35:45+0000] Injecting signal: 900 texts, 600 steps
[2026-06-07T19:36:32+0000] Scoring post-injection uptake
[2026-06-07T19:36:55+0000] Clean-continuation branch: 500 steps on fixed_jsonl (12000 texts)
[2026-06-07T19:38:19+0000] Scoring post-continuation retention
[2026-06-07T19:38:34+0000] Degradation branch: budget=4 facts, 12 texts
[2026-06-07T19:38:49+0000] Degradation branch: budget=16 facts, 48 texts
[2026-06-07T19:39:03+0000] Degradation branch: budget=64 facts, 192 texts
[2026-06-07T19:39:19+0000] Degradation branch: budget=256 facts, 768 texts
[2026-06-07T19:39:38+0000] Wrote cell outputs under results/step1_factual_dense_160m_32ckpt/raw
[2026-06-07T19:39:39+0000] Loading tokenizer: EleutherAI/pythia-160m-deduped
Special tokens have been added in the vocabulary, make sure the associated word embeddings are fine-tuned or trained.
[2026-06-07T19:39:39+0000] Loading model: EleutherAI/pythia-160m-deduped @ step89000 on cuda
[2026-06-07T19:39:45+0000] Scoring base probes/controls
[2026-06-07T19:40:12+0000] Injecting signal: 900 texts, 600 steps
[2026-06-07T19:41:00+0000] Scoring post-injection uptake
[2026-06-07T19:41:28+0000] Clean-continuation branch: 500 steps on fixed_jsonl (12000 texts)
[2026-06-07T19:42:52+0000] Scoring post-continuation retention
[2026-06-07T19:43:06+0000] Degradation branch: budget=4 facts, 12 texts
[2026-06-07T19:43:19+0000] Degradation branch: budget=16 facts, 48 texts
[2026-06-07T19:43:32+0000] Degradation branch: budget=64 facts, 192 texts
[2026-06-07T19:43:46+0000] Degradation branch: budget=256 facts, 768 texts
[2026-06-07T19:44:05+0000] Wrote cell outputs under results/step1_factual_dense_160m_32ckpt/raw
[2026-06-07T19:44:05+0000] Loading tokenizer: EleutherAI/pythia-160m-deduped
Special tokens have been added in the vocabulary, make sure the associated word embeddings are fine-tuned or trained.
[2026-06-07T19:44:05+0000] Loading model: EleutherAI/pythia-160m-deduped @ step89000 on cuda
[2026-06-07T19:44:06+0000] Scoring base probes/controls
[2026-06-07T19:44:32+0000] Injecting signal: 900 texts, 600 steps
[2026-06-07T19:45:19+0000] Scoring post-injection uptake
[2026-06-07T19:45:41+0000] Clean-continuation branch: 500 steps on fixed_jsonl (12000 texts)
[2026-06-07T19:47:05+0000] Scoring post-continuation retention
[2026-06-07T19:47:20+0000] Degradation branch: budget=4 facts, 12 texts
[2026-06-07T19:47:32+0000] Degradation branch: budget=16 facts, 48 texts
[2026-06-07T19:47:42+0000] Degradation branch: budget=64 facts, 192 texts
[2026-06-07T19:47:53+0000] Degradation branch: budget=256 facts, 768 texts
[2026-06-07T19:48:12+0000] Wrote cell outputs under results/step1_factual_dense_160m_32ckpt/raw
[2026-06-07T19:48:13+0000] Loading tokenizer: EleutherAI/pythia-160m-deduped
Special tokens have been added in the vocabulary, make sure the associated word embeddings are fine-tuned or trained.
[2026-06-07T19:48:13+0000] Loading model: EleutherAI/pythia-160m-deduped @ step89000 on cuda
[2026-06-07T19:48:14+0000] Scoring base probes/controls
[2026-06-07T19:48:35+0000] Injecting signal: 900 texts, 600 steps
[2026-06-07T19:49:23+0000] Scoring post-injection uptake
[2026-06-07T19:49:48+0000] Clean-continuation branch: 500 steps on fixed_jsonl (12000 texts)
[2026-06-07T19:51:13+0000] Scoring post-continuation retention
[2026-06-07T19:51:26+0000] Degradation branch: budget=4 facts, 12 texts
[2026-06-07T19:51:37+0000] Degradation branch: budget=16 facts, 48 texts
[2026-06-07T19:51:52+0000] Degradation branch: budget=64 facts, 192 texts
[2026-06-07T19:52:06+0000] Degradation branch: budget=256 facts, 768 texts
[2026-06-07T19:52:25+0000] Wrote cell outputs under results/step1_factual_dense_160m_32ckpt/raw
[2026-06-07T19:52:25+0000] Loading tokenizer: EleutherAI/pythia-160m-deduped
Special tokens have been added in the vocabulary, make sure the associated word embeddings are fine-tuned or trained.
[2026-06-07T19:52:25+0000] Loading model: EleutherAI/pythia-160m-deduped @ step89000 on cuda
[2026-06-07T19:52:26+0000] Scoring base probes/controls
[2026-06-07T19:52:47+0000] Injecting signal: 900 texts, 600 steps
[2026-06-07T19:53:35+0000] Scoring post-injection uptake
[2026-06-07T19:54:01+0000] Clean-continuation branch: 500 steps on fixed_jsonl (12000 texts)
[2026-06-07T19:55:25+0000] Scoring post-continuation retention
[2026-06-07T19:55:36+0000] Degradation branch: budget=4 facts, 12 texts
[2026-06-07T19:55:45+0000] Degradation branch: budget=16 facts, 48 texts
[2026-06-07T19:55:56+0000] Degradation branch: budget=64 facts, 192 texts
[2026-06-07T19:56:08+0000] Degradation branch: budget=256 facts, 768 texts
[2026-06-07T19:56:23+0000] Wrote cell outputs under results/step1_factual_dense_160m_32ckpt/raw
[2026-06-07T19:56:23+0000] Loading tokenizer: EleutherAI/pythia-160m-deduped
Special tokens have been added in the vocabulary, make sure the associated word embeddings are fine-tuned or trained.
[2026-06-07T19:56:24+0000] Loading model: EleutherAI/pythia-160m-deduped @ step89000 on cuda
[2026-06-07T19:56:25+0000] Scoring base probes/controls
[2026-06-07T19:56:44+0000] Injecting signal: 900 texts, 600 steps
[2026-06-07T19:57:31+0000] Scoring post-injection uptake
[2026-06-07T19:57:52+0000] Clean-continuation branch: 500 steps on fixed_jsonl (12000 texts)
[2026-06-07T19:59:14+0000] Scoring post-continuation retention
[2026-06-07T19:59:24+0000] Degradation branch: budget=4 facts, 12 texts
[2026-06-07T19:59:34+0000] Degradation branch: budget=16 facts, 48 texts
[2026-06-07T19:59:43+0000] Degradation branch: budget=64 facts, 192 texts
[2026-06-07T19:59:56+0000] Degradation branch: budget=256 facts, 768 texts
[2026-06-07T20:00:11+0000] Wrote cell outputs under results/step1_factual_dense_160m_32ckpt/raw
[2026-06-07T20:00:11+0000] Loading tokenizer: EleutherAI/pythia-160m-deduped
Special tokens have been added in the vocabulary, make sure the associated word embeddings are fine-tuned or trained.
[2026-06-07T20:00:12+0000] Loading model: EleutherAI/pythia-160m-deduped @ step100000 on cuda
[2026-06-07T20:00:17+0000] Scoring base probes/controls
[2026-06-07T20:00:38+0000] Injecting signal: 900 texts, 600 steps
[2026-06-07T20:01:24+0000] Scoring post-injection uptake
[2026-06-07T20:01:43+0000] Clean-continuation branch: 500 steps on fixed_jsonl (12000 texts)
[2026-06-07T20:03:04+0000] Scoring post-continuation retention
[2026-06-07T20:03:13+0000] Degradation branch: budget=4 facts, 12 texts
[2026-06-07T20:03:23+0000] Degradation branch: budget=16 facts, 48 texts
[2026-06-07T20:03:32+0000] Degradation branch: budget=64 facts, 192 texts
[2026-06-07T20:03:44+0000] Degradation branch: budget=256 facts, 768 texts
[2026-06-07T20:03:59+0000] Wrote cell outputs under results/step1_factual_dense_160m_32ckpt/raw
[2026-06-07T20:03:59+0000] Loading tokenizer: EleutherAI/pythia-160m-deduped
Special tokens have been added in the vocabulary, make sure the associated word embeddings are fine-tuned or trained.
[2026-06-07T20:03:59+0000] Loading model: EleutherAI/pythia-160m-deduped @ step100000 on cuda
[2026-06-07T20:04:00+0000] Scoring base probes/controls
[2026-06-07T20:04:22+0000] Injecting signal: 900 texts, 600 steps
[2026-06-07T20:05:09+0000] Scoring post-injection uptake
[2026-06-07T20:05:31+0000] Clean-continuation branch: 500 steps on fixed_jsonl (12000 texts)
[2026-06-07T20:06:54+0000] Scoring post-continuation retention
[2026-06-07T20:07:04+0000] Degradation branch: budget=4 facts, 12 texts
[2026-06-07T20:07:13+0000] Degradation branch: budget=16 facts, 48 texts
[2026-06-07T20:07:23+0000] Degradation branch: budget=64 facts, 192 texts
[2026-06-07T20:07:35+0000] Degradation branch: budget=256 facts, 768 texts
[2026-06-07T20:07:49+0000] Wrote cell outputs under results/step1_factual_dense_160m_32ckpt/raw
[2026-06-07T20:07:49+0000] Loading tokenizer: EleutherAI/pythia-160m-deduped
Special tokens have been added in the vocabulary, make sure the associated word embeddings are fine-tuned or trained.
[2026-06-07T20:07:49+0000] Loading model: EleutherAI/pythia-160m-deduped @ step100000 on cuda
[2026-06-07T20:07:50+0000] Scoring base probes/controls
[2026-06-07T20:08:12+0000] Injecting signal: 900 texts, 600 steps
[2026-06-07T20:08:59+0000] Scoring post-injection uptake
[2026-06-07T20:09:19+0000] Clean-continuation branch: 500 steps on fixed_jsonl (12000 texts)
[2026-06-07T20:10:40+0000] Scoring post-continuation retention
[2026-06-07T20:10:53+0000] Degradation branch: budget=4 facts, 12 texts
[2026-06-07T20:11:02+0000] Degradation branch: budget=16 facts, 48 texts
[2026-06-07T20:11:12+0000] Degradation branch: budget=64 facts, 192 texts
[2026-06-07T20:11:24+0000] Degradation branch: budget=256 facts, 768 texts
[2026-06-07T20:11:38+0000] Wrote cell outputs under results/step1_factual_dense_160m_32ckpt/raw
[2026-06-07T20:11:38+0000] Loading tokenizer: EleutherAI/pythia-160m-deduped
Special tokens have been added in the vocabulary, make sure the associated word embeddings are fine-tuned or trained.
[2026-06-07T20:11:39+0000] Loading model: EleutherAI/pythia-160m-deduped @ step100000 on cuda
[2026-06-07T20:11:40+0000] Scoring base probes/controls
[2026-06-07T20:12:01+0000] Injecting signal: 900 texts, 600 steps
[2026-06-07T20:12:48+0000] Scoring post-injection uptake
[2026-06-07T20:13:08+0000] Clean-continuation branch: 500 steps on fixed_jsonl (12000 texts)
[2026-06-07T20:14:29+0000] Scoring post-continuation retention
[2026-06-07T20:14:38+0000] Degradation branch: budget=4 facts, 12 texts
[2026-06-07T20:14:49+0000] Degradation branch: budget=16 facts, 48 texts
[2026-06-07T20:14:58+0000] Degradation branch: budget=64 facts, 192 texts
[2026-06-07T20:15:10+0000] Degradation branch: budget=256 facts, 768 texts
[2026-06-07T20:15:27+0000] Wrote cell outputs under results/step1_factual_dense_160m_32ckpt/raw
[2026-06-07T20:15:27+0000] Loading tokenizer: EleutherAI/pythia-160m-deduped
Special tokens have been added in the vocabulary, make sure the associated word embeddings are fine-tuned or trained.
[2026-06-07T20:15:28+0000] Loading model: EleutherAI/pythia-160m-deduped @ step100000 on cuda
[2026-06-07T20:15:29+0000] Scoring base probes/controls
[2026-06-07T20:15:48+0000] Injecting signal: 900 texts, 600 steps
[2026-06-07T20:16:32+0000] Scoring post-injection uptake
[2026-06-07T20:16:50+0000] Clean-continuation branch: 500 steps on fixed_jsonl (12000 texts)
[2026-06-07T20:18:12+0000] Scoring post-continuation retention
[2026-06-07T20:18:21+0000] Degradation branch: budget=4 facts, 12 texts
[2026-06-07T20:18:31+0000] Degradation branch: budget=16 facts, 48 texts
[2026-06-07T20:18:43+0000] Degradation branch: budget=64 facts, 192 texts
[2026-06-07T20:18:56+0000] Degradation branch: budget=256 facts, 768 texts
[2026-06-07T20:19:12+0000] Wrote cell outputs under results/step1_factual_dense_160m_32ckpt/raw
[2026-06-07T20:19:13+0000] Loading tokenizer: EleutherAI/pythia-160m-deduped
Special tokens have been added in the vocabulary, make sure the associated word embeddings are fine-tuned or trained.
[2026-06-07T20:19:13+0000] Loading model: EleutherAI/pythia-160m-deduped @ step110000 on cuda
[2026-06-07T20:19:19+0000] Scoring base probes/controls
[2026-06-07T20:19:37+0000] Injecting signal: 900 texts, 600 steps
[2026-06-07T20:20:20+0000] Scoring post-injection uptake
[2026-06-07T20:20:38+0000] Clean-continuation branch: 500 steps on fixed_jsonl (12000 texts)
[2026-06-07T20:21:59+0000] Scoring post-continuation retention
[2026-06-07T20:22:10+0000] Degradation branch: budget=4 facts, 12 texts
[2026-06-07T20:22:22+0000] Degradation branch: budget=16 facts, 48 texts
[2026-06-07T20:22:33+0000] Degradation branch: budget=64 facts, 192 texts
[2026-06-07T20:22:44+0000] Degradation branch: budget=256 facts, 768 texts
[2026-06-07T20:22:57+0000] Wrote cell outputs under results/step1_factual_dense_160m_32ckpt/raw
[2026-06-07T20:22:58+0000] Loading tokenizer: EleutherAI/pythia-160m-deduped
Special tokens have been added in the vocabulary, make sure the associated word embeddings are fine-tuned or trained.
[2026-06-07T20:22:58+0000] Loading model: EleutherAI/pythia-160m-deduped @ step110000 on cuda
[2026-06-07T20:22:59+0000] Scoring base probes/controls
[2026-06-07T20:23:16+0000] Injecting signal: 900 texts, 600 steps
[2026-06-07T20:24:00+0000] Scoring post-injection uptake
[2026-06-07T20:24:19+0000] Clean-continuation branch: 500 steps on fixed_jsonl (12000 texts)
[2026-06-07T20:25:39+0000] Scoring post-continuation retention
[2026-06-07T20:25:48+0000] Degradation branch: budget=4 facts, 12 texts
[2026-06-07T20:26:02+0000] Degradation branch: budget=16 facts, 48 texts
[2026-06-07T20:26:15+0000] Degradation branch: budget=64 facts, 192 texts
[2026-06-07T20:26:29+0000] Degradation branch: budget=256 facts, 768 texts
[2026-06-07T20:26:46+0000] Wrote cell outputs under results/step1_factual_dense_160m_32ckpt/raw
[2026-06-07T20:26:46+0000] Loading tokenizer: EleutherAI/pythia-160m-deduped
Special tokens have been added in the vocabulary, make sure the associated word embeddings are fine-tuned or trained.
[2026-06-07T20:26:47+0000] Loading model: EleutherAI/pythia-160m-deduped @ step110000 on cuda
[2026-06-07T20:26:48+0000] Scoring base probes/controls
[2026-06-07T20:27:10+0000] Injecting signal: 900 texts, 600 steps
[2026-06-07T20:27:57+0000] Scoring post-injection uptake
[2026-06-07T20:28:16+0000] Clean-continuation branch: 500 steps on fixed_jsonl (12000 texts)
[2026-06-07T20:29:37+0000] Scoring post-continuation retention
[2026-06-07T20:29:47+0000] Degradation branch: budget=4 facts, 12 texts
[2026-06-07T20:29:59+0000] Degradation branch: budget=16 facts, 48 texts
[2026-06-07T20:30:12+0000] Degradation branch: budget=64 facts, 192 texts
[2026-06-07T20:30:27+0000] Degradation branch: budget=256 facts, 768 texts
[2026-06-07T20:30:45+0000] Wrote cell outputs under results/step1_factual_dense_160m_32ckpt/raw
[2026-06-07T20:30:45+0000] Loading tokenizer: EleutherAI/pythia-160m-deduped
Special tokens have been added in the vocabulary, make sure the associated word embeddings are fine-tuned or trained.
[2026-06-07T20:30:46+0000] Loading model: EleutherAI/pythia-160m-deduped @ step110000 on cuda
[2026-06-07T20:30:47+0000] Scoring base probes/controls
[2026-06-07T20:31:05+0000] Injecting signal: 900 texts, 600 steps
[2026-06-07T20:31:50+0000] Scoring post-injection uptake
[2026-06-07T20:32:08+0000] Clean-continuation branch: 500 steps on fixed_jsonl (12000 texts)
[2026-06-07T20:33:28+0000] Scoring post-continuation retention
[2026-06-07T20:33:37+0000] Degradation branch: budget=4 facts, 12 texts
[2026-06-07T20:33:46+0000] Degradation branch: budget=16 facts, 48 texts
[2026-06-07T20:33:55+0000] Degradation branch: budget=64 facts, 192 texts
[2026-06-07T20:34:06+0000] Degradation branch: budget=256 facts, 768 texts
[2026-06-07T20:34:22+0000] Wrote cell outputs under results/step1_factual_dense_160m_32ckpt/raw
[2026-06-07T20:34:22+0000] Loading tokenizer: EleutherAI/pythia-160m-deduped
Special tokens have been added in the vocabulary, make sure the associated word embeddings are fine-tuned or trained.
[2026-06-07T20:34:22+0000] Loading model: EleutherAI/pythia-160m-deduped @ step110000 on cuda
[2026-06-07T20:34:23+0000] Scoring base probes/controls
[2026-06-07T20:34:41+0000] Injecting signal: 900 texts, 600 steps
[2026-06-07T20:35:26+0000] Scoring post-injection uptake
[2026-06-07T20:35:44+0000] Clean-continuation branch: 500 steps on fixed_jsonl (12000 texts)
[2026-06-07T20:37:05+0000] Scoring post-continuation retention
[2026-06-07T20:37:15+0000] Degradation branch: budget=4 facts, 12 texts
[2026-06-07T20:37:27+0000] Degradation branch: budget=16 facts, 48 texts
[2026-06-07T20:37:39+0000] Degradation branch: budget=64 facts, 192 texts
[2026-06-07T20:37:53+0000] Degradation branch: budget=256 facts, 768 texts
[2026-06-07T20:38:09+0000] Wrote cell outputs under results/step1_factual_dense_160m_32ckpt/raw
[2026-06-07T20:38:09+0000] Loading tokenizer: EleutherAI/pythia-160m-deduped
Special tokens have been added in the vocabulary, make sure the associated word embeddings are fine-tuned or trained.
[2026-06-07T20:38:10+0000] Loading model: EleutherAI/pythia-160m-deduped @ step128000 on cuda
[2026-06-07T20:38:17+0000] Scoring base probes/controls
[2026-06-07T20:38:35+0000] Injecting signal: 900 texts, 600 steps
[2026-06-07T20:39:22+0000] Scoring post-injection uptake
[2026-06-07T20:39:45+0000] Clean-continuation branch: 500 steps on fixed_jsonl (12000 texts)
[2026-06-07T20:41:05+0000] Scoring post-continuation retention
[2026-06-07T20:41:18+0000] Degradation branch: budget=4 facts, 12 texts
[2026-06-07T20:41:30+0000] Degradation branch: budget=16 facts, 48 texts
[2026-06-07T20:41:39+0000] Degradation branch: budget=64 facts, 192 texts
[2026-06-07T20:41:49+0000] Degradation branch: budget=256 facts, 768 texts
[2026-06-07T20:42:03+0000] Wrote cell outputs under results/step1_factual_dense_160m_32ckpt/raw
[2026-06-07T20:42:03+0000] Loading tokenizer: EleutherAI/pythia-160m-deduped
Special tokens have been added in the vocabulary, make sure the associated word embeddings are fine-tuned or trained.
[2026-06-07T20:42:04+0000] Loading model: EleutherAI/pythia-160m-deduped @ step128000 on cuda
[2026-06-07T20:42:05+0000] Scoring base probes/controls
[2026-06-07T20:42:25+0000] Injecting signal: 900 texts, 600 steps
[2026-06-07T20:43:12+0000] Scoring post-injection uptake
[2026-06-07T20:43:36+0000] Clean-continuation branch: 500 steps on fixed_jsonl (12000 texts)
[2026-06-07T20:44:58+0000] Scoring post-continuation retention
[2026-06-07T20:45:11+0000] Degradation branch: budget=4 facts, 12 texts
[2026-06-07T20:45:20+0000] Degradation branch: budget=16 facts, 48 texts
[2026-06-07T20:45:29+0000] Degradation branch: budget=64 facts, 192 texts
[2026-06-07T20:45:39+0000] Degradation branch: budget=256 facts, 768 texts
[2026-06-07T20:45:54+0000] Wrote cell outputs under results/step1_factual_dense_160m_32ckpt/raw
[2026-06-07T20:45:54+0000] Loading tokenizer: EleutherAI/pythia-160m-deduped
Special tokens have been added in the vocabulary, make sure the associated word embeddings are fine-tuned or trained.
[2026-06-07T20:45:54+0000] Loading model: EleutherAI/pythia-160m-deduped @ step128000 on cuda
[2026-06-07T20:45:55+0000] Scoring base probes/controls
[2026-06-07T20:46:14+0000] Injecting signal: 900 texts, 600 steps
[2026-06-07T20:46:59+0000] Scoring post-injection uptake
[2026-06-07T20:47:17+0000] Clean-continuation branch: 500 steps on fixed_jsonl (12000 texts)
[2026-06-07T20:48:38+0000] Scoring post-continuation retention
[2026-06-07T20:48:48+0000] Degradation branch: budget=4 facts, 12 texts
[2026-06-07T20:48:57+0000] Degradation branch: budget=16 facts, 48 texts
[2026-06-07T20:49:06+0000] Degradation branch: budget=64 facts, 192 texts
[2026-06-07T20:49:16+0000] Degradation branch: budget=256 facts, 768 texts
[2026-06-07T20:49:29+0000] Wrote cell outputs under results/step1_factual_dense_160m_32ckpt/raw
[2026-06-07T20:49:29+0000] Loading tokenizer: EleutherAI/pythia-160m-deduped
Special tokens have been added in the vocabulary, make sure the associated word embeddings are fine-tuned or trained.
[2026-06-07T20:49:29+0000] Loading model: EleutherAI/pythia-160m-deduped @ step128000 on cuda
[2026-06-07T20:49:31+0000] Scoring base probes/controls
[2026-06-07T20:49:48+0000] Injecting signal: 900 texts, 600 steps
[2026-06-07T20:50:33+0000] Scoring post-injection uptake
[2026-06-07T20:50:51+0000] Clean-continuation branch: 500 steps on fixed_jsonl (12000 texts)
[2026-06-07T20:52:13+0000] Scoring post-continuation retention
[2026-06-07T20:52:23+0000] Degradation branch: budget=4 facts, 12 texts
[2026-06-07T20:52:33+0000] Degradation branch: budget=16 facts, 48 texts
[2026-06-07T20:52:44+0000] Degradation branch: budget=64 facts, 192 texts
[2026-06-07T20:52:54+0000] Degradation branch: budget=256 facts, 768 texts
[2026-06-07T20:53:10+0000] Wrote cell outputs under results/step1_factual_dense_160m_32ckpt/raw
[2026-06-07T20:53:10+0000] Loading tokenizer: EleutherAI/pythia-160m-deduped
Special tokens have been added in the vocabulary, make sure the associated word embeddings are fine-tuned or trained.
[2026-06-07T20:53:11+0000] Loading model: EleutherAI/pythia-160m-deduped @ step128000 on cuda
[2026-06-07T20:53:11+0000] Scoring base probes/controls
[2026-06-07T20:53:29+0000] Injecting signal: 900 texts, 600 steps
[2026-06-07T20:54:14+0000] Scoring post-injection uptake
[2026-06-07T20:54:32+0000] Clean-continuation branch: 500 steps on fixed_jsonl (12000 texts)
[2026-06-07T20:55:55+0000] Scoring post-continuation retention
[2026-06-07T20:56:07+0000] Degradation branch: budget=4 facts, 12 texts
[2026-06-07T20:56:20+0000] Degradation branch: budget=16 facts, 48 texts
[2026-06-07T20:56:33+0000] Degradation branch: budget=64 facts, 192 texts
[2026-06-07T20:56:44+0000] Degradation branch: budget=256 facts, 768 texts
[2026-06-07T20:56:59+0000] Wrote cell outputs under results/step1_factual_dense_160m_32ckpt/raw
[2026-06-07T20:56:59+0000] Loading tokenizer: EleutherAI/pythia-160m-deduped
Special tokens have been added in the vocabulary, make sure the associated word embeddings are fine-tuned or trained.
[2026-06-07T20:57:00+0000] Loading model: EleutherAI/pythia-160m-deduped @ step143000 on cuda
[2026-06-07T20:57:06+0000] Scoring base probes/controls
[2026-06-07T20:57:27+0000] Injecting signal: 900 texts, 600 steps
[2026-06-07T20:58:14+0000] Scoring post-injection uptake
[2026-06-07T20:58:32+0000] Clean-continuation branch: 500 steps on fixed_jsonl (12000 texts)
[2026-06-07T20:59:52+0000] Scoring post-continuation retention
[2026-06-07T21:00:01+0000] Degradation branch: budget=4 facts, 12 texts
[2026-06-07T21:00:11+0000] Degradation branch: budget=16 facts, 48 texts
[2026-06-07T21:00:22+0000] Degradation branch: budget=64 facts, 192 texts
[2026-06-07T21:00:32+0000] Degradation branch: budget=256 facts, 768 texts
[2026-06-07T21:00:44+0000] Wrote cell outputs under results/step1_factual_dense_160m_32ckpt/raw
[2026-06-07T21:00:44+0000] Loading tokenizer: EleutherAI/pythia-160m-deduped
Special tokens have been added in the vocabulary, make sure the associated word embeddings are fine-tuned or trained.
[2026-06-07T21:00:45+0000] Loading model: EleutherAI/pythia-160m-deduped @ step143000 on cuda
[2026-06-07T21:00:45+0000] Scoring base probes/controls
[2026-06-07T21:01:07+0000] Injecting signal: 900 texts, 600 steps
[2026-06-07T21:01:54+0000] Scoring post-injection uptake
[2026-06-07T21:02:12+0000] Clean-continuation branch: 500 steps on fixed_jsonl (12000 texts)
[2026-06-07T21:03:34+0000] Scoring post-continuation retention
[2026-06-07T21:03:42+0000] Degradation branch: budget=4 facts, 12 texts
[2026-06-07T21:03:53+0000] Degradation branch: budget=16 facts, 48 texts
[2026-06-07T21:04:03+0000] Degradation branch: budget=64 facts, 192 texts
[2026-06-07T21:04:14+0000] Degradation branch: budget=256 facts, 768 texts
[2026-06-07T21:04:27+0000] Wrote cell outputs under results/step1_factual_dense_160m_32ckpt/raw
[2026-06-07T21:04:27+0000] Loading tokenizer: EleutherAI/pythia-160m-deduped
Special tokens have been added in the vocabulary, make sure the associated word embeddings are fine-tuned or trained.
[2026-06-07T21:04:28+0000] Loading model: EleutherAI/pythia-160m-deduped @ step143000 on cuda
[2026-06-07T21:04:29+0000] Scoring base probes/controls
[2026-06-07T21:04:47+0000] Injecting signal: 900 texts, 600 steps
[2026-06-07T21:05:34+0000] Scoring post-injection uptake
[2026-06-07T21:05:55+0000] Clean-continuation branch: 500 steps on fixed_jsonl (12000 texts)
[2026-06-07T21:07:15+0000] Scoring post-continuation retention
[2026-06-07T21:07:24+0000] Degradation branch: budget=4 facts, 12 texts
[2026-06-07T21:07:32+0000] Degradation branch: budget=16 facts, 48 texts
[2026-06-07T21:07:41+0000] Degradation branch: budget=64 facts, 192 texts
[2026-06-07T21:07:53+0000] Degradation branch: budget=256 facts, 768 texts
[2026-06-07T21:08:12+0000] Wrote cell outputs under results/step1_factual_dense_160m_32ckpt/raw
[2026-06-07T21:08:12+0000] Loading tokenizer: EleutherAI/pythia-160m-deduped
Special tokens have been added in the vocabulary, make sure the associated word embeddings are fine-tuned or trained.
[2026-06-07T21:08:13+0000] Loading model: EleutherAI/pythia-160m-deduped @ step143000 on cuda
[2026-06-07T21:08:14+0000] Scoring base probes/controls
[2026-06-07T21:08:35+0000] Injecting signal: 900 texts, 600 steps
[2026-06-07T21:09:19+0000] Scoring post-injection uptake
[2026-06-07T21:09:38+0000] Clean-continuation branch: 500 steps on fixed_jsonl (12000 texts)
[2026-06-07T21:10:59+0000] Scoring post-continuation retention
[2026-06-07T21:11:14+0000] Degradation branch: budget=4 facts, 12 texts
[2026-06-07T21:11:28+0000] Degradation branch: budget=16 facts, 48 texts
[2026-06-07T21:11:39+0000] Degradation branch: budget=64 facts, 192 texts
[2026-06-07T21:11:53+0000] Degradation branch: budget=256 facts, 768 texts
[2026-06-07T21:12:09+0000] Wrote cell outputs under results/step1_factual_dense_160m_32ckpt/raw
[2026-06-07T21:12:10+0000] Loading tokenizer: EleutherAI/pythia-160m-deduped
Special tokens have been added in the vocabulary, make sure the associated word embeddings are fine-tuned or trained.
[2026-06-07T21:12:10+0000] Loading model: EleutherAI/pythia-160m-deduped @ step143000 on cuda
[2026-06-07T21:12:11+0000] Scoring base probes/controls
[2026-06-07T21:12:39+0000] Injecting signal: 900 texts, 600 steps
[2026-06-07T21:13:26+0000] Scoring post-injection uptake
[2026-06-07T21:13:52+0000] Clean-continuation branch: 500 steps on fixed_jsonl (12000 texts)
[2026-06-07T21:15:13+0000] Scoring post-continuation retention
[2026-06-07T21:15:24+0000] Degradation branch: budget=4 facts, 12 texts
[2026-06-07T21:15:35+0000] Degradation branch: budget=16 facts, 48 texts
[2026-06-07T21:15:45+0000] Degradation branch: budget=64 facts, 192 texts
[2026-06-07T21:15:59+0000] Degradation branch: budget=256 facts, 768 texts
[2026-06-07T21:16:18+0000] Wrote cell outputs under results/step1_factual_dense_160m_32ckpt/raw
