model,module,metric,prev_step,next_step,interval,prev_value,next_value,delta,relative_delta,transition_strength,abs_relative_delta
EleutherAI/pythia-410m-deduped,attention.dense,alpha_tail_frac_0.2,0,1,0->1,4.347260270896369,4.347260270896369,0.0,0.0,0.0,0.0
EleutherAI/pythia-410m-deduped,attention.dense,alpha_tail_frac_0.2,1,2,1->2,4.347260270896369,4.3472449790499885,-1.5291846380272034e-05,-3.5175824375280536e-06,-3.5175824375280536e-06,3.5175824375280536e-06
EleutherAI/pythia-410m-deduped,attention.dense,alpha_tail_frac_0.2,2,4,2->4,4.3472449790499885,4.3471584394366225,-8.653961336602123e-05,-1.9906771710140196e-05,-1.9906771710140196e-05,1.9906771710140196e-05
EleutherAI/pythia-410m-deduped,attention.dense,alpha_tail_frac_0.2,4,8,4->8,4.3471584394366225,4.347154573960838,-3.865475784792238e-06,-8.89195974484036e-07,-8.89195974484036e-07,8.89195974484036e-07
EleutherAI/pythia-410m-deduped,attention.dense,alpha_tail_frac_0.2,8,16,8->16,4.347154573960838,4.347084177902635,-7.03960582031371e-05,-1.6193594454816154e-05,-1.6193594454816154e-05,1.6193594454816154e-05
EleutherAI/pythia-410m-deduped,attention.dense,alpha_tail_frac_0.2,16,32,16->32,4.347084177902635,4.346893020446311,-0.00019115745632358738,-4.3973718589404534e-05,-4.3973718589404534e-05,4.3973718589404534e-05
EleutherAI/pythia-410m-deduped,attention.dense,alpha_tail_frac_0.2,32,64,32->64,4.346893020446311,4.346004129422949,-0.0008888910233624259,-0.00020448881975727938,-0.00020448881975727938,0.00020448881975727938
EleutherAI/pythia-410m-deduped,attention.dense,alpha_tail_frac_0.2,64,128,64->128,4.346004129422949,4.341273762144994,-0.004730367277954173,-0.0010884405852097454,-0.0010884405852097454,0.0010884405852097454
EleutherAI/pythia-410m-deduped,attention.dense,alpha_tail_frac_0.2,128,256,128->256,4.341273762144994,4.286413877047706,-0.05485988509728834,-0.012636817695221736,-0.012636817695221736,0.012636817695221736
EleutherAI/pythia-410m-deduped,attention.dense,alpha_tail_frac_0.2,256,512,256->512,4.286413877047706,3.455620831616384,-0.8307930454313222,-0.19382007180401864,-0.19382007180401864,0.19382007180401864
EleutherAI/pythia-410m-deduped,attention.dense,alpha_tail_frac_0.2,512,1000,512->1000,3.455620831616384,1.982640264149014,-1.47298056746737,-0.42625642084057863,-0.42625642084057863,0.42625642084057863
EleutherAI/pythia-410m-deduped,attention.dense,alpha_tail_frac_0.2,1000,2000,1000->2000,1.982640264149014,1.700125039061372,-0.28251522508764193,-0.14249444551090068,-0.14249444551090068,0.14249444551090068
EleutherAI/pythia-410m-deduped,attention.dense,alpha_tail_frac_0.2,2000,3000,2000->3000,1.700125039061372,1.932599440738623,0.23247440167725109,0.13673959052180182,0.13673959052180182,0.13673959052180182
EleutherAI/pythia-410m-deduped,attention.dense,alpha_tail_frac_0.2,3000,4000,3000->4000,1.932599440738623,2.0362812964252957,0.10368185568667254,0.05364891115097941,0.05364891115097941,0.05364891115097941
EleutherAI/pythia-410m-deduped,attention.dense,alpha_tail_frac_0.2,4000,5000,4000->5000,2.0362812964252957,2.1705432153057562,0.13426191888046057,0.0659348583695643,0.0659348583695643,0.0659348583695643
EleutherAI/pythia-410m-deduped,attention.dense,alpha_tail_frac_0.2,5000,6000,5000->6000,2.1705432153057562,2.264368244221029,0.09382502891527267,0.04322651963509174,0.04322651963509174,0.04322651963509174
EleutherAI/pythia-410m-deduped,attention.dense,alpha_tail_frac_0.2,6000,7000,6000->7000,2.264368244221029,2.3349445973851366,0.07057635316410771,0.031168231291088297,0.031168231291088297,0.031168231291088297
EleutherAI/pythia-410m-deduped,attention.dense,alpha_tail_frac_0.2,7000,8000,7000->8000,2.3349445973851366,2.397556645985809,0.06261204860067249,0.026815218087300145,0.026815218087300145,0.026815218087300145
EleutherAI/pythia-410m-deduped,attention.dense,alpha_tail_frac_0.3,0,1,0->1,3.019405602505793,3.019405602505793,0.0,0.0,-0.0,0.0
EleutherAI/pythia-410m-deduped,attention.dense,alpha_tail_frac_0.3,1,2,1->2,3.019405602505793,3.019405219353816,-3.831519772568015e-07,-1.2689649146133208e-07,1.2689649146133208e-07,1.2689649146133208e-07
EleutherAI/pythia-410m-deduped,attention.dense,alpha_tail_frac_0.3,2,4,2->4,3.019405219353816,3.0194208320202276,1.561266641170178e-05,5.170775459889376e-06,-5.170775459889376e-06,5.170775459889376e-06
EleutherAI/pythia-410m-deduped,attention.dense,alpha_tail_frac_0.3,4,8,4->8,3.0194208320202276,3.019415634059122,-5.197961105540827e-06,-1.721509320733296e-06,1.721509320733296e-06,1.721509320733296e-06
EleutherAI/pythia-410m-deduped,attention.dense,alpha_tail_frac_0.3,8,16,8->16,3.019415634059122,3.0194123693367216,-3.2647224004200837e-06,-1.081243126515214e-06,1.081243126515214e-06,1.081243126515214e-06
EleutherAI/pythia-410m-deduped,attention.dense,alpha_tail_frac_0.3,16,32,16->32,3.0194123693367216,3.0193503328299705,-6.20365067511841e-05,-2.0545887465113354e-05,2.0545887465113354e-05,2.0545887465113354e-05
EleutherAI/pythia-410m-deduped,attention.dense,alpha_tail_frac_0.3,32,64,32->64,3.0193503328299705,3.0189165995190876,-0.0004337333108828112,-0.00014365120409069553,0.00014365120409069553,0.00014365120409069553
EleutherAI/pythia-410m-deduped,attention.dense,alpha_tail_frac_0.3,64,128,64->128,3.0189165995190876,3.017203367416613,-0.0017132321024746489,-0.0005674989838232029,0.0005674989838232029,0.0005674989838232029
EleutherAI/pythia-410m-deduped,attention.dense,alpha_tail_frac_0.3,128,256,128->256,3.017203367416613,3.000880264329199,-0.016323103087414026,-0.005410010894089903,0.005410010894089903,0.005410010894089903
EleutherAI/pythia-410m-deduped,attention.dense,alpha_tail_frac_0.3,256,512,256->512,3.000880264329199,2.699659972190356,-0.30122029213884316,-0.10037731119074689,0.10037731119074689,0.10037731119074689
EleutherAI/pythia-410m-deduped,attention.dense,alpha_tail_frac_0.3,512,1000,512->1000,2.699659972190356,1.7281764856971247,-0.9714834864932311,-0.35985401735784633,0.35985401735784633,0.35985401735784633
EleutherAI/pythia-410m-deduped,attention.dense,alpha_tail_frac_0.3,1000,2000,1000->2000,1.7281764856971247,1.4298173018907558,-0.29835918380636883,-0.17264393207262152,0.17264393207262152,0.17264393207262152
EleutherAI/pythia-410m-deduped,attention.dense,alpha_tail_frac_0.3,2000,3000,2000->3000,1.4298173018907558,1.5721957876987653,0.1423784858080095,0.0995780968796727,-0.0995780968796727,0.0995780968796727
EleutherAI/pythia-410m-deduped,attention.dense,alpha_tail_frac_0.3,3000,4000,3000->4000,1.5721957876987653,1.629435933185589,0.05724014548682366,0.03640777181483871,-0.03640777181483871,0.03640777181483871
EleutherAI/pythia-410m-deduped,attention.dense,alpha_tail_frac_0.3,4000,5000,4000->5000,1.629435933185589,1.7134115406759973,0.08397560749040833,0.051536612014062025,-0.051536612014062025,0.051536612014062025
EleutherAI/pythia-410m-deduped,attention.dense,alpha_tail_frac_0.3,5000,6000,5000->6000,1.7134115406759973,1.7779383135258529,0.06452677284985553,0.03765982154197463,-0.03765982154197463,0.03765982154197463
EleutherAI/pythia-410m-deduped,attention.dense,alpha_tail_frac_0.3,6000,7000,6000->7000,1.7779383135258529,1.8253804424141393,0.04744212888828647,0.026683787917352812,-0.026683787917352812,0.026683787917352812
EleutherAI/pythia-410m-deduped,attention.dense,alpha_tail_frac_0.3,7000,8000,7000->8000,1.8253804424141393,1.868791949417922,0.0434115070037826,0.023782169456327332,-0.023782169456327332,0.023782169456327332
EleutherAI/pythia-410m-deduped,attention.dense,alpha_tail_frac_0.5,0,1,0->1,1.7570644311132624,1.7570644311132624,0.0,0.0,0.0,0.0
EleutherAI/pythia-410m-deduped,attention.dense,alpha_tail_frac_0.5,1,2,1->2,1.7570644311132624,1.757057248459695,-7.182653567472386e-06,-4.087871474876664e-06,-4.087871474876664e-06,4.087871474876664e-06
EleutherAI/pythia-410m-deduped,attention.dense,alpha_tail_frac_0.5,2,4,2->4,1.757057248459695,1.757070208471756,1.2960012061080661e-05,7.375975980540497e-06,7.375975980540497e-06,7.375975980540497e-06
EleutherAI/pythia-410m-deduped,attention.dense,alpha_tail_frac_0.5,4,8,4->8,1.757070208471756,1.7570809812212442,1.0772749488241473e-05,6.131086530460919e-06,6.131086530460919e-06,6.131086530460919e-06
EleutherAI/pythia-410m-deduped,attention.dense,alpha_tail_frac_0.5,8,16,8->16,1.7570809812212442,1.757083397454925,2.4162336806909934e-06,1.3751407627269605e-06,1.3751407627269605e-06,1.3751407627269605e-06
EleutherAI/pythia-410m-deduped,attention.dense,alpha_tail_frac_0.5,16,32,16->32,1.757083397454925,1.7570085845157346,-7.481293919031629e-05,-4.25779102452608e-05,-4.25779102452608e-05,4.25779102452608e-05
EleutherAI/pythia-410m-deduped,attention.dense,alpha_tail_frac_0.5,32,64,32->64,1.7570085845157346,1.7569046630510154,-0.00010392146471915886,-5.9146816717314146e-05,-5.9146816717314146e-05,5.9146816717314146e-05
EleutherAI/pythia-410m-deduped,attention.dense,alpha_tail_frac_0.5,64,128,64->128,1.7569046630510154,1.7565824776838388,-0.0003221853671766528,-0.00018338238491379886,-0.00018338238491379886,0.00018338238491379886
EleutherAI/pythia-410m-deduped,attention.dense,alpha_tail_frac_0.5,128,256,128->256,1.7565824776838388,1.754417912814276,-0.002164564869562735,-0.0012322591720347875,-0.0012322591720347875,0.0012322591720347875
EleutherAI/pythia-410m-deduped,attention.dense,alpha_tail_frac_0.5,256,512,256->512,1.754417912814276,1.7016327577166137,-0.05278515509766235,-0.03008699051240258,-0.03008699051240258,0.03008699051240258
EleutherAI/pythia-410m-deduped,attention.dense,alpha_tail_frac_0.5,512,1000,512->1000,1.7016327577166137,1.32032111449135,-0.3813116432252637,-0.22408574440980666,-0.22408574440980666,0.22408574440980666
EleutherAI/pythia-410m-deduped,attention.dense,alpha_tail_frac_0.5,1000,2000,1000->2000,1.32032111449135,1.0806353113013785,-0.23968580318997157,-0.18153599193339287,-0.18153599193339287,0.18153599193339287
EleutherAI/pythia-410m-deduped,attention.dense,alpha_tail_frac_0.5,2000,3000,2000->3000,1.0806353113013785,1.1447157484863053,0.06408043718492684,0.05929885551092837,0.05929885551092837,0.05929885551092837
EleutherAI/pythia-410m-deduped,attention.dense,alpha_tail_frac_0.5,3000,4000,3000->4000,1.1447157484863053,1.1638065775482018,0.01909082906189652,0.0166773533841255,0.0166773533841255,0.0166773533841255
EleutherAI/pythia-410m-deduped,attention.dense,alpha_tail_frac_0.5,4000,5000,4000->5000,1.1638065775482018,1.197577409591479,0.033770832043277244,0.029017564168088338,0.029017564168088338,0.029017564168088338
EleutherAI/pythia-410m-deduped,attention.dense,alpha_tail_frac_0.5,5000,6000,5000->6000,1.197577409591479,1.2255761173048767,0.02799870771339763,0.023379455464950065,0.023379455464950065,0.023379455464950065
EleutherAI/pythia-410m-deduped,attention.dense,alpha_tail_frac_0.5,6000,7000,6000->7000,1.2255761173048767,1.2449098546332615,0.019333737328384837,0.015775223631874644,0.015775223631874644,0.015775223631874644
EleutherAI/pythia-410m-deduped,attention.dense,alpha_tail_frac_0.5,7000,8000,7000->8000,1.2449098546332615,1.2618621636269234,0.016952308993661847,0.01361729841767717,0.01361729841767717,0.01361729841767717
EleutherAI/pythia-410m-deduped,attention.dense,effective_rank,0,1,0->1,824.1075621069596,824.1075621069596,0.0,0.0,-0.0,0.0
EleutherAI/pythia-410m-deduped,attention.dense,effective_rank,1,2,1->2,824.1075621069596,824.1076434624542,8.135549467169767e-05,9.87195099432161e-08,-9.87195099432161e-08,9.87195099432161e-08
EleutherAI/pythia-410m-deduped,attention.dense,effective_rank,2,4,2->4,824.1076434624542,824.107684436858,4.097440375971928e-05,4.9719723005561465e-08,-4.9719723005561465e-08,4.9719723005561465e-08
EleutherAI/pythia-410m-deduped,attention.dense,effective_rank,4,8,4->8,824.107684436858,824.1082735676159,0.0005891307579304339,7.1487108912594e-07,-7.1487108912594e-07,7.1487108912594e-07
EleutherAI/pythia-410m-deduped,attention.dense,effective_rank,8,16,8->16,824.1082735676159,824.108674288294,0.00040072067804430844,4.862476095641696e-07,-4.862476095641696e-07,4.862476095641696e-07
EleutherAI/pythia-410m-deduped,attention.dense,effective_rank,16,32,16->32,824.108674288294,824.1056079290828,-0.0030663592111750404,-3.7208189973527047e-06,3.7208189973527047e-06,3.7208189973527047e-06
EleutherAI/pythia-410m-deduped,attention.dense,effective_rank,32,64,32->64,824.1056079290828,824.0972413278887,-0.008366601194097711,-1.0152341051436792e-05,1.0152341051436792e-05,1.0152341051436792e-05
EleutherAI/pythia-410m-deduped,attention.dense,effective_rank,64,128,64->128,824.0972413278887,824.0402196044502,-0.057021723438538174,-6.919295512585087e-05,6.919295512585087e-05,6.919295512585087e-05
EleutherAI/pythia-410m-deduped,attention.dense,effective_rank,128,256,128->256,824.0402196044502,823.5283680164663,-0.5118515879838696,-0.0006211487932343451,0.0006211487932343451,0.0006211487932343451
EleutherAI/pythia-410m-deduped,attention.dense,effective_rank,256,512,256->512,823.5283680164663,816.7720466193774,-6.756321397088868,-0.008204114951573555,0.008204114951573555,0.008204114951573555
EleutherAI/pythia-410m-deduped,attention.dense,effective_rank,512,1000,512->1000,816.7720466193774,773.977176282138,-42.794870337239445,-0.05239512115328569,0.05239512115328569,0.05239512115328569
EleutherAI/pythia-410m-deduped,attention.dense,effective_rank,1000,2000,1000->2000,773.977176282138,727.8820364651355,-46.09513981700252,-0.059556200401702016,0.059556200401702016,0.059556200401702016
EleutherAI/pythia-410m-deduped,attention.dense,effective_rank,2000,3000,2000->3000,727.8820364651355,743.0830777521592,15.201041287023713,0.020883935205827545,-0.020883935205827545,0.020883935205827545
EleutherAI/pythia-410m-deduped,attention.dense,effective_rank,3000,4000,3000->4000,743.0830777521592,747.3786536666515,4.29557591449236,0.005780747864002711,-0.005780747864002711,0.005780747864002711
EleutherAI/pythia-410m-deduped,attention.dense,effective_rank,4000,5000,4000->5000,747.3786536666515,753.7306826454187,6.35202897876718,0.008499077338647574,-0.008499077338647574,0.008499077338647574
EleutherAI/pythia-410m-deduped,attention.dense,effective_rank,5000,6000,5000->6000,753.7306826454187,758.112833827476,4.382151182057328,0.005813948248301362,-0.005813948248301362,0.005813948248301362
EleutherAI/pythia-410m-deduped,attention.dense,effective_rank,6000,7000,6000->7000,758.112833827476,760.8419081798237,2.729074352347652,0.0035998260820482362,-0.0035998260820482362,0.0035998260820482362
EleutherAI/pythia-410m-deduped,attention.dense,effective_rank,7000,8000,7000->8000,760.8419081798237,763.077591751501,2.2356835716773276,0.0029384337897813647,-0.0029384337897813647,0.0029384337897813647
EleutherAI/pythia-410m-deduped,attention.dense,frobenius_norm,0,1,0->1,2.6669239283543096,2.6669239283543096,0.0,0.0,0.0,0.0
EleutherAI/pythia-410m-deduped,attention.dense,frobenius_norm,1,2,1->2,2.6669239283543096,2.6669212752520877,-2.6531022219167255e-06,-9.948173600710433e-07,-9.948173600710433e-07,9.948173600710433e-07
EleutherAI/pythia-410m-deduped,attention.dense,frobenius_norm,2,4,2->4,2.6669212752520877,2.6669228802750773,1.6050229896258372e-06,6.018261598192554e-07,6.018261598192554e-07,6.018261598192554e-07
EleutherAI/pythia-410m-deduped,attention.dense,frobenius_norm,4,8,4->8,2.6669228802750773,2.6669211727216626,-1.7075534146648863e-06,-6.40271013194098e-07,-6.40271013194098e-07,6.40271013194098e-07
EleutherAI/pythia-410m-deduped,attention.dense,frobenius_norm,8,16,8->16,2.6669211727216626,2.666953168484387,3.1995762724168486e-05,1.1997266005243034e-05,1.1997266005243034e-05,1.1997266005243034e-05
EleutherAI/pythia-410m-deduped,attention.dense,frobenius_norm,16,32,16->32,2.666953168484387,2.6671711059871654,0.00021793750277865342,8.171778393185069e-05,8.171778393185069e-05,8.171778393185069e-05
EleutherAI/pythia-410m-deduped,attention.dense,frobenius_norm,32,64,32->64,2.6671711059871654,2.6678312153876766,0.0006601094005111996,0.00024749420801281304,0.00024749420801281304,0.00024749420801281304
EleutherAI/pythia-410m-deduped,attention.dense,frobenius_norm,64,128,64->128,2.6678312153876766,2.6693776787143477,0.001546463326671077,0.0005796706020046222,0.0005796706020046222,0.0005796706020046222
EleutherAI/pythia-410m-deduped,attention.dense,frobenius_norm,128,256,128->256,2.6693776787143477,2.6807072198411066,0.01132954112675888,0.004244263079404815,0.004244263079404815,0.004244263079404815
EleutherAI/pythia-410m-deduped,attention.dense,frobenius_norm,256,512,256->512,2.6807072198411066,2.798892885768501,0.11818566592739455,0.044087494916492845,0.044087494916492845,0.044087494916492845
EleutherAI/pythia-410m-deduped,attention.dense,frobenius_norm,512,1000,512->1000,2.798892885768501,3.6571145027043293,0.8582216169358281,0.306628960793502,0.306628960793502,0.306628960793502
EleutherAI/pythia-410m-deduped,attention.dense,frobenius_norm,1000,2000,1000->2000,3.6571145027043293,6.805053885732696,3.147939383028367,0.8607713487504143,0.8607713487504143,0.8607713487504143
EleutherAI/pythia-410m-deduped,attention.dense,frobenius_norm,2000,3000,2000->3000,6.805053885732696,9.300067339459773,2.4950134537270765,0.366641248639881,0.366641248639881,0.366641248639881
EleutherAI/pythia-410m-deduped,attention.dense,frobenius_norm,3000,4000,3000->4000,9.300067339459773,11.480903193333527,2.180835853873754,0.23449678096634094,0.23449678096634094,0.23449678096634094
EleutherAI/pythia-410m-deduped,attention.dense,frobenius_norm,4000,5000,4000->5000,11.480903193333527,13.351119729182665,1.8702165358491385,0.16289803200630862,0.16289803200630862,0.16289803200630862
EleutherAI/pythia-410m-deduped,attention.dense,frobenius_norm,5000,6000,5000->6000,13.351119729182665,14.981549683478882,1.6304299542962166,0.12211934185058101,0.12211934185058101,0.12211934185058101
EleutherAI/pythia-410m-deduped,attention.dense,frobenius_norm,6000,7000,6000->7000,14.981549683478882,16.42203424957425,1.4404845660953676,0.09615057163837906,0.09615057163837906,0.09615057163837906
EleutherAI/pythia-410m-deduped,attention.dense,frobenius_norm,7000,8000,7000->8000,16.42203424957425,17.69288627165019,1.270852022075939,0.07738700350772983,0.07738700350772983,0.07738700350772983
EleutherAI/pythia-410m-deduped,attention.dense,mp_outliers_x1,0,1,0->1,0.0,0.0,0.0,0.0,0.0,0.0
EleutherAI/pythia-410m-deduped,attention.dense,mp_outliers_x1,1,2,1->2,0.0,0.0,0.0,0.0,0.0,0.0
EleutherAI/pythia-410m-deduped,attention.dense,mp_outliers_x1,2,4,2->4,0.0,0.0,0.0,0.0,0.0,0.0
EleutherAI/pythia-410m-deduped,attention.dense,mp_outliers_x1,4,8,4->8,0.0,0.0,0.0,0.0,0.0,0.0
EleutherAI/pythia-410m-deduped,attention.dense,mp_outliers_x1,8,16,8->16,0.0,0.0,0.0,0.0,0.0,0.0
EleutherAI/pythia-410m-deduped,attention.dense,mp_outliers_x1,16,32,16->32,0.0,0.0,0.0,0.0,0.0,0.0
EleutherAI/pythia-410m-deduped,attention.dense,mp_outliers_x1,32,64,32->64,0.0,0.0,0.0,0.0,0.0,0.0
EleutherAI/pythia-410m-deduped,attention.dense,mp_outliers_x1,64,128,64->128,0.0,0.0,0.0,0.0,0.0,0.0
EleutherAI/pythia-410m-deduped,attention.dense,mp_outliers_x1,128,256,128->256,0.0,0.0,0.0,0.0,0.0,0.0
EleutherAI/pythia-410m-deduped,attention.dense,mp_outliers_x1,256,512,256->512,0.0,0.0,0.0,0.0,0.0,0.0
EleutherAI/pythia-410m-deduped,attention.dense,mp_outliers_x1,512,1000,512->1000,0.0,0.0,0.0,0.0,0.0,0.0
EleutherAI/pythia-410m-deduped,attention.dense,mp_outliers_x1,1000,2000,1000->2000,0.0,0.0,0.0,0.0,0.0,0.0
EleutherAI/pythia-410m-deduped,attention.dense,mp_outliers_x1,2000,3000,2000->3000,0.0,0.0,0.0,0.0,0.0,0.0
EleutherAI/pythia-410m-deduped,attention.dense,mp_outliers_x1,3000,4000,3000->4000,0.0,0.0,0.0,0.0,0.0,0.0
EleutherAI/pythia-410m-deduped,attention.dense,mp_outliers_x1,4000,5000,4000->5000,0.0,0.0,0.0,0.0,0.0,0.0
EleutherAI/pythia-410m-deduped,attention.dense,mp_outliers_x1,5000,6000,5000->6000,0.0,0.0,0.0,0.0,0.0,0.0
EleutherAI/pythia-410m-deduped,attention.dense,mp_outliers_x1,6000,7000,6000->7000,0.0,0.0,0.0,0.0,0.0,0.0
EleutherAI/pythia-410m-deduped,attention.dense,mp_outliers_x1,7000,8000,7000->8000,0.0,0.0,0.0,0.0,0.0,0.0
EleutherAI/pythia-410m-deduped,attention.dense,mp_outliers_x1.1,0,1,0->1,0.0,0.0,0.0,0.0,0.0,0.0
EleutherAI/pythia-410m-deduped,attention.dense,mp_outliers_x1.1,1,2,1->2,0.0,0.0,0.0,0.0,0.0,0.0
EleutherAI/pythia-410m-deduped,attention.dense,mp_outliers_x1.1,2,4,2->4,0.0,0.0,0.0,0.0,0.0,0.0
EleutherAI/pythia-410m-deduped,attention.dense,mp_outliers_x1.1,4,8,4->8,0.0,0.0,0.0,0.0,0.0,0.0
EleutherAI/pythia-410m-deduped,attention.dense,mp_outliers_x1.1,8,16,8->16,0.0,0.0,0.0,0.0,0.0,0.0
EleutherAI/pythia-410m-deduped,attention.dense,mp_outliers_x1.1,16,32,16->32,0.0,0.0,0.0,0.0,0.0,0.0
EleutherAI/pythia-410m-deduped,attention.dense,mp_outliers_x1.1,32,64,32->64,0.0,0.0,0.0,0.0,0.0,0.0
EleutherAI/pythia-410m-deduped,attention.dense,mp_outliers_x1.1,64,128,64->128,0.0,0.0,0.0,0.0,0.0,0.0
EleutherAI/pythia-410m-deduped,attention.dense,mp_outliers_x1.1,128,256,128->256,0.0,0.0,0.0,0.0,0.0,0.0
EleutherAI/pythia-410m-deduped,attention.dense,mp_outliers_x1.1,256,512,256->512,0.0,0.0,0.0,0.0,0.0,0.0
EleutherAI/pythia-410m-deduped,attention.dense,mp_outliers_x1.1,512,1000,512->1000,0.0,0.0,0.0,0.0,0.0,0.0
EleutherAI/pythia-410m-deduped,attention.dense,mp_outliers_x1.1,1000,2000,1000->2000,0.0,0.0,0.0,0.0,0.0,0.0
EleutherAI/pythia-410m-deduped,attention.dense,mp_outliers_x1.1,2000,3000,2000->3000,0.0,0.0,0.0,0.0,0.0,0.0
EleutherAI/pythia-410m-deduped,attention.dense,mp_outliers_x1.1,3000,4000,3000->4000,0.0,0.0,0.0,0.0,0.0,0.0
EleutherAI/pythia-410m-deduped,attention.dense,mp_outliers_x1.1,4000,5000,4000->5000,0.0,0.0,0.0,0.0,0.0,0.0
EleutherAI/pythia-410m-deduped,attention.dense,mp_outliers_x1.1,5000,6000,5000->6000,0.0,0.0,0.0,0.0,0.0,0.0
EleutherAI/pythia-410m-deduped,attention.dense,mp_outliers_x1.1,6000,7000,6000->7000,0.0,0.0,0.0,0.0,0.0,0.0
EleutherAI/pythia-410m-deduped,attention.dense,mp_outliers_x1.1,7000,8000,7000->8000,0.0,0.0,0.0,0.0,0.0,0.0
EleutherAI/pythia-410m-deduped,attention.dense,mp_outliers_x1.25,0,1,0->1,0.0,0.0,0.0,0.0,0.0,0.0
EleutherAI/pythia-410m-deduped,attention.dense,mp_outliers_x1.25,1,2,1->2,0.0,0.0,0.0,0.0,0.0,0.0
EleutherAI/pythia-410m-deduped,attention.dense,mp_outliers_x1.25,2,4,2->4,0.0,0.0,0.0,0.0,0.0,0.0
EleutherAI/pythia-410m-deduped,attention.dense,mp_outliers_x1.25,4,8,4->8,0.0,0.0,0.0,0.0,0.0,0.0
EleutherAI/pythia-410m-deduped,attention.dense,mp_outliers_x1.25,8,16,8->16,0.0,0.0,0.0,0.0,0.0,0.0
EleutherAI/pythia-410m-deduped,attention.dense,mp_outliers_x1.25,16,32,16->32,0.0,0.0,0.0,0.0,0.0,0.0
EleutherAI/pythia-410m-deduped,attention.dense,mp_outliers_x1.25,32,64,32->64,0.0,0.0,0.0,0.0,0.0,0.0
EleutherAI/pythia-410m-deduped,attention.dense,mp_outliers_x1.25,64,128,64->128,0.0,0.0,0.0,0.0,0.0,0.0
EleutherAI/pythia-410m-deduped,attention.dense,mp_outliers_x1.25,128,256,128->256,0.0,0.0,0.0,0.0,0.0,0.0
EleutherAI/pythia-410m-deduped,attention.dense,mp_outliers_x1.25,256,512,256->512,0.0,0.0,0.0,0.0,0.0,0.0
EleutherAI/pythia-410m-deduped,attention.dense,mp_outliers_x1.25,512,1000,512->1000,0.0,0.0,0.0,0.0,0.0,0.0
EleutherAI/pythia-410m-deduped,attention.dense,mp_outliers_x1.25,1000,2000,1000->2000,0.0,0.0,0.0,0.0,0.0,0.0
EleutherAI/pythia-410m-deduped,attention.dense,mp_outliers_x1.25,2000,3000,2000->3000,0.0,0.0,0.0,0.0,0.0,0.0
EleutherAI/pythia-410m-deduped,attention.dense,mp_outliers_x1.25,3000,4000,3000->4000,0.0,0.0,0.0,0.0,0.0,0.0
EleutherAI/pythia-410m-deduped,attention.dense,mp_outliers_x1.25,4000,5000,4000->5000,0.0,0.0,0.0,0.0,0.0,0.0
EleutherAI/pythia-410m-deduped,attention.dense,mp_outliers_x1.25,5000,6000,5000->6000,0.0,0.0,0.0,0.0,0.0,0.0
EleutherAI/pythia-410m-deduped,attention.dense,mp_outliers_x1.25,6000,7000,6000->7000,0.0,0.0,0.0,0.0,0.0,0.0
EleutherAI/pythia-410m-deduped,attention.dense,mp_outliers_x1.25,7000,8000,7000->8000,0.0,0.0,0.0,0.0,0.0,0.0
EleutherAI/pythia-410m-deduped,attention.dense,nuclear_norm,0,1,0->1,72.42674831654841,72.42674831654841,0.0,0.0,0.0,0.0
EleutherAI/pythia-410m-deduped,attention.dense,nuclear_norm,1,2,1->2,72.42674831654841,72.42667775042521,-7.056612319900069e-05,-9.743102491718026e-07,-9.743102491718026e-07,9.743102491718026e-07
EleutherAI/pythia-410m-deduped,attention.dense,nuclear_norm,2,4,2->4,72.42667775042521,72.42672958265155,5.1832226333203835e-05,7.156510272611368e-07,7.156510272611368e-07,7.156510272611368e-07
EleutherAI/pythia-410m-deduped,attention.dense,nuclear_norm,4,8,4->8,72.42672958265155,72.4267055684116,-2.4014239940584048e-05,-3.3156598508537207e-07,-3.3156598508537207e-07,3.3156598508537207e-07
EleutherAI/pythia-410m-deduped,attention.dense,nuclear_norm,8,16,8->16,72.4267055684116,72.42757077634015,0.0008652079285411673,1.1945979342162842e-05,1.1945979342162842e-05,1.1945979342162842e-05
EleutherAI/pythia-410m-deduped,attention.dense,nuclear_norm,16,32,16->32,72.42757077634015,72.43317616937685,0.0056053930367028215,7.739308355394757e-05,7.739308355394757e-05,7.739308355394757e-05
EleutherAI/pythia-410m-deduped,attention.dense,nuclear_norm,32,64,32->64,72.43317616937685,72.450335752898,0.017159583521149102,0.00023690226535176515,0.00023690226535176515,0.00023690226535176515
EleutherAI/pythia-410m-deduped,attention.dense,nuclear_norm,64,128,64->128,72.450335752898,72.48790479449413,0.03756904159612873,0.0005185488956774842,0.0005185488956774842,0.0005185488956774842
EleutherAI/pythia-410m-deduped,attention.dense,nuclear_norm,128,256,128->256,72.48790479449413,72.75068409248223,0.2627792979881036,0.003625146825985507,0.003625146825985507,0.003625146825985507
EleutherAI/pythia-410m-deduped,attention.dense,nuclear_norm,256,512,256->512,72.75068409248223,75.27672656976733,2.5260424772851024,0.03472190686308748,0.03472190686308748,0.03472190686308748
EleutherAI/pythia-410m-deduped,attention.dense,nuclear_norm,512,1000,512->1000,75.27672656976733,93.06339118037577,17.78666461060844,0.2362837150486787,0.2362837150486787,0.2362837150486787
EleutherAI/pythia-410m-deduped,attention.dense,nuclear_norm,1000,2000,1000->2000,93.06339118037577,164.69671075555678,71.633319575181,0.7697260831204862,0.7697260831204862,0.7697260831204862
EleutherAI/pythia-410m-deduped,attention.dense,nuclear_norm,2000,3000,2000->3000,164.69671075555678,230.0592211173823,65.36251036182551,0.39686591226971313,0.39686591226971313,0.39686591226971313
EleutherAI/pythia-410m-deduped,attention.dense,nuclear_norm,3000,4000,3000->4000,230.0592211173823,285.83562966815475,55.77640855077246,0.24244369897398557,0.24244369897398557,0.24244369897398557
EleutherAI/pythia-410m-deduped,attention.dense,nuclear_norm,4000,5000,4000->5000,285.83562966815475,335.23860094118834,49.402971273033586,0.17283699492043222,0.17283699492043222,0.17283699492043222
EleutherAI/pythia-410m-deduped,attention.dense,nuclear_norm,5000,6000,5000->6000,335.23860094118834,378.3433469496333,43.10474600844498,0.12857930407604465,0.12857930407604465,0.12857930407604465
EleutherAI/pythia-410m-deduped,attention.dense,nuclear_norm,6000,7000,6000->7000,378.3433469496333,416.26792738657764,37.924580436944325,0.10023852868752282,0.10023852868752282,0.10023852868752282
EleutherAI/pythia-410m-deduped,attention.dense,nuclear_norm,7000,8000,7000->8000,416.26792738657764,449.86944827814386,33.601520891566224,0.08072089796233868,0.08072089796233868,0.08072089796233868
EleutherAI/pythia-410m-deduped,attention.dense,spectral_norm,0,1,0->1,0.16604001385470227,0.16604001385470227,0.0,0.0,0.0,0.0
EleutherAI/pythia-410m-deduped,attention.dense,spectral_norm,1,2,1->2,0.16604001385470227,0.16603643447160718,-3.5793830950869854e-06,-2.1557352423480658e-05,-2.1557352423480658e-05,2.1557352423480658e-05
EleutherAI/pythia-410m-deduped,attention.dense,spectral_norm,2,4,2->4,0.16603643447160718,0.16603722733755902,7.928659518374737e-07,4.775252819394175e-06,4.775252819394175e-06,4.775252819394175e-06
EleutherAI/pythia-410m-deduped,attention.dense,spectral_norm,4,8,4->8,0.16603722733755902,0.16603972079853213,2.493460973113093e-06,1.5017481399088827e-05,1.5017481399088827e-05,1.5017481399088827e-05
EleutherAI/pythia-410m-deduped,attention.dense,spectral_norm,8,16,8->16,0.16603972079853213,0.16603881679475305,-9.040037790841726e-07,-5.444503126909136e-06,-5.444503126909136e-06,5.444503126909136e-06
EleutherAI/pythia-410m-deduped,attention.dense,spectral_norm,16,32,16->32,0.16603881679475305,0.16604348396261528,4.667167862237864e-06,2.8108896174435045e-05,2.8108896174435045e-05,2.8108896174435045e-05
EleutherAI/pythia-410m-deduped,attention.dense,spectral_norm,32,64,32->64,0.16604348396261528,0.1660799154390891,3.643147647380829e-05,0.00021940925114406434,0.00021940925114406434,0.00021940925114406434
EleutherAI/pythia-410m-deduped,attention.dense,spectral_norm,64,128,64->128,0.1660799154390891,0.16675193545718983,0.0006720200181007385,0.004046365367660365,0.004046365367660365,0.004046365367660365
EleutherAI/pythia-410m-deduped,attention.dense,spectral_norm,128,256,128->256,0.16675193545718983,0.17943780993421868,0.012685874477028847,0.07607632524427047,0.07607632524427047,0.07607632524427047
EleutherAI/pythia-410m-deduped,attention.dense,spectral_norm,256,512,256->512,0.17943780993421868,0.2623347230255604,0.0828969130913417,0.4619813021640726,0.4619813021640726,0.4619813021640726
EleutherAI/pythia-410m-deduped,attention.dense,spectral_norm,512,1000,512->1000,0.2623347230255604,0.4266275266806285,0.1642928036550681,0.6262716645346034,0.6262716645346034,0.6262716645346034
EleutherAI/pythia-410m-deduped,attention.dense,spectral_norm,1000,2000,1000->2000,0.4266275266806285,0.8969295844435692,0.4703020577629407,1.102371573210522,1.102371573210522,1.102371573210522
EleutherAI/pythia-410m-deduped,attention.dense,spectral_norm,2000,3000,2000->3000,0.8969295844435692,1.0578505496184032,0.160920965174834,0.1794131534578443,0.1794131534578443,0.1794131534578443
EleutherAI/pythia-410m-deduped,attention.dense,spectral_norm,3000,4000,3000->4000,1.0578505496184032,1.245570217569669,0.18771966795126582,0.17745386436562724,0.17745386436562724,0.17745386436562724
EleutherAI/pythia-410m-deduped,attention.dense,spectral_norm,4000,5000,4000->5000,1.245570217569669,1.3989993333816528,0.15342911581198382,0.12317982049316205,0.12317982049316205,0.12317982049316205
EleutherAI/pythia-410m-deduped,attention.dense,spectral_norm,5000,6000,5000->6000,1.3989993333816528,1.540102779865265,0.14110344648361206,0.10086026713282041,0.10086026713282041,0.10086026713282041
EleutherAI/pythia-410m-deduped,attention.dense,spectral_norm,6000,7000,6000->7000,1.540102779865265,1.6609302461147308,0.12082746624946594,0.07845415762443986,0.07845415762443986,0.07845415762443986
EleutherAI/pythia-410m-deduped,attention.dense,spectral_norm,7000,8000,7000->8000,1.6609302461147308,1.7674221396446228,0.10649189352989197,0.06411581327929637,0.06411581327929637,0.06411581327929637
EleutherAI/pythia-410m-deduped,attention.dense,stable_rank,0,1,0->1,258.0068232999203,258.0068232999203,0.0,0.0,-0.0,0.0
EleutherAI/pythia-410m-deduped,attention.dense,stable_rank,1,2,1->2,258.0068232999203,258.01740194801465,0.01057864809433795,4.100142763294577e-05,-4.100142763294577e-05,4.100142763294577e-05
EleutherAI/pythia-410m-deduped,attention.dense,stable_rank,2,4,2->4,258.01740194801465,258.01520917297614,-0.0021927750385088984,-8.49855483371889e-06,8.49855483371889e-06,8.49855483371889e-06
EleutherAI/pythia-410m-deduped,attention.dense,stable_rank,4,8,4->8,258.01520917297614,258.0070192849234,-0.008189888052754668,-3.174188094959956e-05,3.174188094959956e-05,3.174188094959956e-05
EleutherAI/pythia-410m-deduped,attention.dense,stable_rank,8,16,8->16,258.0070192849234,258.01616711737876,0.009147832455369098,3.545575031533111e-05,-3.545575031533111e-05,3.545575031533111e-05
EleutherAI/pythia-410m-deduped,attention.dense,stable_rank,16,32,16->32,258.01616711737876,258.0438700424687,0.027702925089954533,0.00010736895055630987,-0.00010736895055630987,0.00010736895055630987
EleutherAI/pythia-410m-deduped,attention.dense,stable_rank,32,64,32->64,258.0438700424687,258.0589719574266,0.01510191495788149,5.852460263983782e-05,-5.852460263983782e-05,5.852460263983782e-05
EleutherAI/pythia-410m-deduped,attention.dense,stable_rank,64,128,64->128,258.0589719574266,256.32304340351027,-1.7359285539163238,-0.006726867664196936,0.006726867664196936,0.006726867664196936
EleutherAI/pythia-410m-deduped,attention.dense,stable_rank,128,256,128->256,256.32304340351027,227.56355215443145,-28.75949124907882,-0.11220017859964615,0.11220017859964615,0.11220017859964615
EleutherAI/pythia-410m-deduped,attention.dense,stable_rank,256,512,256->512,227.56355215443145,124.393082475719,-103.17046967871245,-0.4533699210702135,0.4533699210702135,0.4533699210702135
EleutherAI/pythia-410m-deduped,attention.dense,stable_rank,512,1000,512->1000,124.393082475719,77.19386700433179,-47.199215471387205,-0.37943601470443433,0.37943601470443433,0.37943601470443433
EleutherAI/pythia-410m-deduped,attention.dense,stable_rank,1000,2000,1000->2000,77.19386700433179,58.739820401525606,-18.454046602806187,-0.2390610461550059,0.2390610461550059,0.2390610461550059
EleutherAI/pythia-410m-deduped,attention.dense,stable_rank,2000,3000,2000->3000,58.739820401525606,81.34682107703212,22.607000675506512,0.38486669725872996,-0.38486669725872996,0.38486669725872996
EleutherAI/pythia-410m-deduped,attention.dense,stable_rank,3000,4000,3000->4000,81.34682107703212,88.80362991481451,7.45680883778239,0.09166687448942848,-0.09166687448942848,0.09166687448942848
EleutherAI/pythia-410m-deduped,attention.dense,stable_rank,4000,5000,4000->5000,88.80362991481451,96.0990534687193,7.295423553904797,0.0821523124775744,-0.0821523124775744,0.0821523124775744
EleutherAI/pythia-410m-deduped,attention.dense,stable_rank,5000,6000,5000->6000,96.0990534687193,99.74114354257098,3.6420900738516764,0.037899333473010284,-0.037899333473010284,0.037899333473010284
EleutherAI/pythia-410m-deduped,attention.dense,stable_rank,6000,7000,6000->7000,99.74114354257098,102.79824572809916,3.05710218552818,0.03065036229731348,-0.03065036229731348,0.03065036229731348
EleutherAI/pythia-410m-deduped,attention.dense,stable_rank,7000,8000,7000->8000,102.79824572809916,105.20226393117439,2.404018203075225,0.023385790156709652,-0.023385790156709652,0.023385790156709652
EleutherAI/pythia-410m-deduped,attention.dense,subspace_stability_topk,1,2,1->2,0.9996861641605695,0.999684656659762,-1.5075008075182694e-06,-1.5079740638229207e-06,1.5079740638229207e-06,1.5079740638229207e-06
EleutherAI/pythia-410m-deduped,attention.dense,subspace_stability_topk,2,4,2->4,0.999684656659762,0.999679796397686,-4.86026207602297e-06,-4.861795210759422e-06,4.861795210759422e-06,4.861795210759422e-06
EleutherAI/pythia-410m-deduped,attention.dense,subspace_stability_topk,4,8,4->8,0.999679796397686,0.9996742233633995,-5.5730342864990234e-06,-5.574819363735967e-06,5.574819363735967e-06,5.574819363735967e-06
EleutherAI/pythia-410m-deduped,attention.dense,subspace_stability_topk,8,16,8->16,0.9996742233633995,0.9989862566192945,-0.0006879667441049842,-0.0006881909406342748,0.0006881909406342748,0.0006881909406342748
EleutherAI/pythia-410m-deduped,attention.dense,subspace_stability_topk,16,32,16->32,0.9989862566192945,0.9983343506852785,-0.0006519059340159838,-0.0006525674699684755,0.0006525674699684755,0.0006525674699684755
EleutherAI/pythia-410m-deduped,attention.dense,subspace_stability_topk,32,64,32->64,0.9983343506852785,0.9951534047722816,-0.003180945912996891,-0.0031862530932750474,0.0031862530932750474,0.0031862530932750474
EleutherAI/pythia-410m-deduped,attention.dense,subspace_stability_topk,64,128,64->128,0.9951534047722816,0.9726661195357641,-0.02248728523651755,-0.022596802793073557,0.022596802793073557,0.022596802793073557
EleutherAI/pythia-410m-deduped,attention.dense,subspace_stability_topk,128,256,128->256,0.9726661195357641,0.8298786853750547,-0.14278743416070938,-0.1468000491563461,0.1468000491563461,0.1468000491563461
EleutherAI/pythia-410m-deduped,attention.dense,subspace_stability_topk,256,512,256->512,0.8298786853750547,0.38572220131754875,-0.44415648405750596,-0.5352065210064276,0.5352065210064276,0.5352065210064276
EleutherAI/pythia-410m-deduped,attention.dense,subspace_stability_topk,512,1000,512->1000,0.38572220131754875,0.4642640600601832,0.07854185874263447,0.2036228624490574,-0.2036228624490574,0.2036228624490574
EleutherAI/pythia-410m-deduped,attention.dense,subspace_stability_topk,1000,2000,1000->2000,0.4642640600601832,0.4662435073405504,0.001979447280367197,0.004263623766410725,-0.004263623766410725,0.004263623766410725
EleutherAI/pythia-410m-deduped,attention.dense,subspace_stability_topk,2000,3000,2000->3000,0.4662435073405504,0.7235568736990293,0.2573133663584789,0.5518862189108876,-0.5518862189108876,0.5518862189108876
EleutherAI/pythia-410m-deduped,attention.dense,subspace_stability_topk,3000,4000,3000->4000,0.7235568736990293,0.8101407860716184,0.08658391237258911,0.11966428005835639,-0.11966428005835639,0.11966428005835639
EleutherAI/pythia-410m-deduped,attention.dense,subspace_stability_topk,4000,5000,4000->5000,0.8101407860716184,0.866945835451285,0.05680504937966657,0.0701175034712729,-0.0701175034712729,0.0701175034712729
EleutherAI/pythia-410m-deduped,attention.dense,subspace_stability_topk,5000,6000,5000->6000,0.866945835451285,0.952049009501934,0.08510317405064904,0.0981643495712172,-0.0981643495712172,0.0981643495712172
EleutherAI/pythia-410m-deduped,attention.dense,subspace_stability_topk,6000,7000,6000->7000,0.952049009501934,0.9590407634774843,0.006991753975550297,0.007343901317854109,-0.007343901317854109,0.007343901317854109
EleutherAI/pythia-410m-deduped,attention.dense,subspace_stability_topk,7000,8000,7000->8000,0.9590407634774843,0.9585034151872,-0.0005373482902844007,-0.0005602976544348481,0.0005602976544348481,0.0005602976544348481
EleutherAI/pythia-410m-deduped,attention.query_key_value,alpha_tail_frac_0.2,0,1,0->1,6.9636914054898895,6.9636914054898895,0.0,0.0,0.0,0.0
EleutherAI/pythia-410m-deduped,attention.query_key_value,alpha_tail_frac_0.2,1,2,1->2,6.9636914054898895,6.9636522446539395,-3.916083595001396e-05,-5.623574289799163e-06,-5.623574289799163e-06,5.623574289799163e-06
EleutherAI/pythia-410m-deduped,attention.query_key_value,alpha_tail_frac_0.2,2,4,2->4,6.9636522446539395,6.963690171541104,3.79268871641969e-05,5.4464074068759354e-06,5.4464074068759354e-06,5.4464074068759354e-06
EleutherAI/pythia-410m-deduped,attention.query_key_value,alpha_tail_frac_0.2,4,8,4->8,6.963690171541104,6.963615984801433,-7.418673967052314e-05,-1.0653365937171576e-05,-1.0653365937171576e-05,1.0653365937171576e-05
EleutherAI/pythia-410m-deduped,attention.query_key_value,alpha_tail_frac_0.2,8,16,8->16,6.963615984801433,6.9637131485557076,9.71637542743764e-05,1.3953060376452258e-05,1.3953060376452258e-05,1.3953060376452258e-05
EleutherAI/pythia-410m-deduped,attention.query_key_value,alpha_tail_frac_0.2,16,32,16->32,6.9637131485557076,6.963660471856002,-5.267669970532296e-05,-7.564455712286294e-06,-7.564455712286294e-06,7.564455712286294e-06
EleutherAI/pythia-410m-deduped,attention.query_key_value,alpha_tail_frac_0.2,32,64,32->64,6.963660471856002,6.963574435655832,-8.603620017044733e-05,-1.2355025136299332e-05,-1.2355025136299332e-05,1.2355025136299332e-05
EleutherAI/pythia-410m-deduped,attention.query_key_value,alpha_tail_frac_0.2,64,128,64->128,6.963574435655832,6.96337155936052,-0.0002028762953116825,-2.9133930740060568e-05,-2.9133930740060568e-05,2.9133930740060568e-05
EleutherAI/pythia-410m-deduped,attention.query_key_value,alpha_tail_frac_0.2,128,256,128->256,6.96337155936052,6.927215430905144,-0.03615612845537619,-0.005192330776427991,-0.005192330776427991,0.005192330776427991
EleutherAI/pythia-410m-deduped,attention.query_key_value,alpha_tail_frac_0.2,256,512,256->512,6.927215430905144,6.1675869760642925,-0.7596284548408514,-0.10965855796136038,-0.10965855796136038,0.10965855796136038
EleutherAI/pythia-410m-deduped,attention.query_key_value,alpha_tail_frac_0.2,512,1000,512->1000,6.1675869760642925,4.323192664033132,-1.8443943120311603,-0.29904634003358965,-0.29904634003358965,0.29904634003358965
EleutherAI/pythia-410m-deduped,attention.query_key_value,alpha_tail_frac_0.2,1000,2000,1000->2000,4.323192664033132,2.830834654555984,-1.4923580094771483,-0.3451981268131995,-0.3451981268131995,0.3451981268131995
EleutherAI/pythia-410m-deduped,attention.query_key_value,alpha_tail_frac_0.2,2000,3000,2000->3000,2.830834654555984,2.4678695159091752,-0.3629651386468087,-0.12821841715923585,-0.12821841715923585,0.12821841715923585
EleutherAI/pythia-410m-deduped,attention.query_key_value,alpha_tail_frac_0.2,3000,4000,3000->4000,2.4678695159091752,2.302972745292945,-0.1648967706162301,-0.06681745917000578,-0.06681745917000578,0.06681745917000578
EleutherAI/pythia-410m-deduped,attention.query_key_value,alpha_tail_frac_0.2,4000,5000,4000->5000,2.302972745292945,2.2320700444005204,-0.07090270089242479,-0.03078746851751168,-0.03078746851751168,0.03078746851751168
EleutherAI/pythia-410m-deduped,attention.query_key_value,alpha_tail_frac_0.2,5000,6000,5000->6000,2.2320700444005204,2.1986687359284884,-0.03340130847203193,-0.014964274331716926,-0.014964274331716926,0.014964274331716926
EleutherAI/pythia-410m-deduped,attention.query_key_value,alpha_tail_frac_0.2,6000,7000,6000->7000,2.1986687359284884,2.185222081153683,-0.013446654774805555,-0.00611581660987278,-0.00611581660987278,0.00611581660987278
EleutherAI/pythia-410m-deduped,attention.query_key_value,alpha_tail_frac_0.2,7000,8000,7000->8000,2.185222081153683,2.1806468178713,-0.004575263282383002,-0.0020937292011827965,-0.0020937292011827965,0.0020937292011827965
EleutherAI/pythia-410m-deduped,attention.query_key_value,alpha_tail_frac_0.3,0,1,0->1,5.019491923106842,5.019491923106842,0.0,0.0,-0.0,0.0
EleutherAI/pythia-410m-deduped,attention.query_key_value,alpha_tail_frac_0.3,1,2,1->2,5.019491923106842,5.019457098808224,-3.482429861811909e-05,-6.9378134583305514e-06,6.9378134583305514e-06,6.9378134583305514e-06
EleutherAI/pythia-410m-deduped,attention.query_key_value,alpha_tail_frac_0.3,2,4,2->4,5.019457098808224,5.019493826459471,3.6727651247403514e-05,7.317056511174583e-06,-7.317056511174583e-06,7.317056511174583e-06
EleutherAI/pythia-410m-deduped,attention.query_key_value,alpha_tail_frac_0.3,4,8,4->8,5.019493826459471,5.019460185555574,-3.3640903897236285e-05,-6.702051055406594e-06,6.702051055406594e-06,6.702051055406594e-06
EleutherAI/pythia-410m-deduped,attention.query_key_value,alpha_tail_frac_0.3,8,16,8->16,5.019460185555574,5.019476470960069,1.6285404495164357e-05,3.244453366125979e-06,-3.244453366125979e-06,3.244453366125979e-06
EleutherAI/pythia-410m-deduped,attention.query_key_value,alpha_tail_frac_0.3,16,32,16->32,5.019476470960069,5.019482292916088,5.821956018614571e-06,1.1598731565524905e-06,-1.1598731565524905e-06,1.1598731565524905e-06
EleutherAI/pythia-410m-deduped,attention.query_key_value,alpha_tail_frac_0.3,32,64,32->64,5.019482292916088,5.019465596146387,-1.6696769701063374e-05,-3.3263927884801827e-06,3.3263927884801827e-06,3.3263927884801827e-06
EleutherAI/pythia-410m-deduped,attention.query_key_value,alpha_tail_frac_0.3,64,128,64->128,5.019465596146387,5.0190588241761125,-0.0004067719702742778,-8.103889995510465e-05,8.103889995510465e-05,8.103889995510465e-05
EleutherAI/pythia-410m-deduped,attention.query_key_value,alpha_tail_frac_0.3,128,256,128->256,5.0190588241761125,5.006909588022517,-0.01214923615359531,-0.002420620395017428,0.002420620395017428,0.002420620395017428
EleutherAI/pythia-410m-deduped,attention.query_key_value,alpha_tail_frac_0.3,256,512,256->512,5.006909588022517,4.788576159025339,-0.21833342899717856,-0.04360642531261802,0.04360642531261802,0.04360642531261802
EleutherAI/pythia-410m-deduped,attention.query_key_value,alpha_tail_frac_0.3,512,1000,512->1000,4.788576159025339,3.9598340254503657,-0.828742133574973,-0.17306650370649657,0.17306650370649657,0.17306650370649657
EleutherAI/pythia-410m-deduped,attention.query_key_value,alpha_tail_frac_0.3,1000,2000,1000->2000,3.9598340254503657,2.8624811202770584,-1.0973529051733073,-0.2771209343927551,0.2771209343927551,0.2771209343927551
EleutherAI/pythia-410m-deduped,attention.query_key_value,alpha_tail_frac_0.3,2000,3000,2000->3000,2.8624811202770584,2.488250749769253,-0.37423037050780517,-0.13073636289047483,0.13073636289047483,0.13073636289047483
EleutherAI/pythia-410m-deduped,attention.query_key_value,alpha_tail_frac_0.3,3000,4000,3000->4000,2.488250749769253,2.2908834892035252,-0.19736726056572795,-0.07931968294752906,0.07931968294752906,0.07931968294752906
EleutherAI/pythia-410m-deduped,attention.query_key_value,alpha_tail_frac_0.3,4000,5000,4000->5000,2.2908834892035252,2.186385001979023,-0.10449848722450206,-0.045614928789236495,0.045614928789236495,0.045614928789236495
EleutherAI/pythia-410m-deduped,attention.query_key_value,alpha_tail_frac_0.3,5000,6000,5000->6000,2.186385001979023,2.1262608866162185,-0.06012411536280471,-0.027499326654891704,0.027499326654891704,0.027499326654891704
EleutherAI/pythia-410m-deduped,attention.query_key_value,alpha_tail_frac_0.3,6000,7000,6000->7000,2.1262608866162185,2.0917903305307797,-0.03447055608543881,-0.016211818738894195,0.016211818738894195,0.016211818738894195
EleutherAI/pythia-410m-deduped,attention.query_key_value,alpha_tail_frac_0.3,7000,8000,7000->8000,2.0917903305307797,2.072226103915922,-0.01956422661485746,-0.009352862153198594,0.009352862153198594,0.009352862153198594
EleutherAI/pythia-410m-deduped,attention.query_key_value,alpha_tail_frac_0.5,0,1,0->1,3.1710167290550246,3.1710167290550246,0.0,0.0,0.0,0.0
EleutherAI/pythia-410m-deduped,attention.query_key_value,alpha_tail_frac_0.5,1,2,1->2,3.1710167290550246,3.171023555254442,6.826199417275802e-06,2.1526847697545525e-06,2.1526847697545525e-06,2.1526847697545525e-06
EleutherAI/pythia-410m-deduped,attention.query_key_value,alpha_tail_frac_0.5,2,4,2->4,3.171023555254442,3.1710157497530616,-7.805501380353519e-06,-2.461508482779071e-06,-2.461508482779071e-06,2.461508482779071e-06
EleutherAI/pythia-410m-deduped,attention.query_key_value,alpha_tail_frac_0.5,4,8,4->8,3.1710157497530616,3.1710006191174167,-1.5130635644844403e-05,-4.771542256142345e-06,-4.771542256142345e-06,4.771542256142345e-06
EleutherAI/pythia-410m-deduped,attention.query_key_value,alpha_tail_frac_0.5,8,16,8->16,3.1710006191174167,3.171001082867829,4.6375041229396174e-07,1.4624734208437049e-07,1.4624734208437049e-07,1.4624734208437049e-07
EleutherAI/pythia-410m-deduped,attention.query_key_value,alpha_tail_frac_0.5,16,32,16->32,3.171001082867829,3.1710206662854854,1.958341765639915e-05,6.175783969989024e-06,6.175783969989024e-06,6.175783969989024e-06
EleutherAI/pythia-410m-deduped,attention.query_key_value,alpha_tail_frac_0.5,32,64,32->64,3.1710206662854854,3.1710320845964577,1.1418310972288737e-05,3.6008314589953385e-06,3.6008314589953385e-06,3.6008314589953385e-06
EleutherAI/pythia-410m-deduped,attention.query_key_value,alpha_tail_frac_0.5,64,128,64->128,3.1710320845964577,3.170941905855342,-9.017874111583168e-05,-2.8438293498780317e-05,-2.8438293498780317e-05,2.8438293498780317e-05
EleutherAI/pythia-410m-deduped,attention.query_key_value,alpha_tail_frac_0.5,128,256,128->256,3.170941905855342,3.1681626046910836,-0.0027793011642582854,-0.000876490723190247,-0.000876490723190247,0.000876490723190247
EleutherAI/pythia-410m-deduped,attention.query_key_value,alpha_tail_frac_0.5,256,512,256->512,3.1681626046910836,3.1409537662749902,-0.02720883841609334,-0.008588207680943127,-0.008588207680943127,0.008588207680943127
EleutherAI/pythia-410m-deduped,attention.query_key_value,alpha_tail_frac_0.5,512,1000,512->1000,3.1409537662749902,2.954235695408677,-0.1867180708663132,-0.05944629713148939,-0.05944629713148939,0.05944629713148939
EleutherAI/pythia-410m-deduped,attention.query_key_value,alpha_tail_frac_0.5,1000,2000,1000->2000,2.954235695408677,2.494854118745081,-0.459381576663596,-0.15549929796643783,-0.15549929796643783,0.15549929796643783
EleutherAI/pythia-410m-deduped,attention.query_key_value,alpha_tail_frac_0.5,2000,3000,2000->3000,2.494854118745081,2.237845979437155,-0.257008139307926,-0.10301529751851736,-0.10301529751851736,0.10301529751851736
EleutherAI/pythia-410m-deduped,attention.query_key_value,alpha_tail_frac_0.5,3000,4000,3000->4000,2.237845979437155,2.0676433265831946,-0.1702026528539604,-0.07605646430443455,-0.07605646430443455,0.07605646430443455
EleutherAI/pythia-410m-deduped,attention.query_key_value,alpha_tail_frac_0.5,4000,5000,4000->5000,2.0676433265831946,1.9569569510495424,-0.11068637553365224,-0.05353262533751857,-0.05353262533751857,0.05353262533751857
EleutherAI/pythia-410m-deduped,attention.query_key_value,alpha_tail_frac_0.5,5000,6000,5000->6000,1.9569569510495424,1.8812048861593949,-0.07575206489014752,-0.03870911153639939,-0.03870911153639939,0.03870911153639939
EleutherAI/pythia-410m-deduped,attention.query_key_value,alpha_tail_frac_0.5,6000,7000,6000->7000,1.8812048861593949,1.8287400829278087,-0.0524648032315862,-0.02788893629692229,-0.02788893629692229,0.02788893629692229
EleutherAI/pythia-410m-deduped,attention.query_key_value,alpha_tail_frac_0.5,7000,8000,7000->8000,1.8287400829278087,1.7928797866461423,-0.035860296281666315,-0.01960929090821614,-0.01960929090821614,0.01960929090821614
EleutherAI/pythia-410m-deduped,attention.query_key_value,effective_rank,0,1,0->1,976.5178689840221,976.5178689840221,0.0,0.0,-0.0,0.0
EleutherAI/pythia-410m-deduped,attention.query_key_value,effective_rank,1,2,1->2,976.5178689840221,976.5177996592028,-6.93248193783802e-05,-7.09918595248096e-08,7.09918595248096e-08,7.09918595248096e-08
EleutherAI/pythia-410m-deduped,attention.query_key_value,effective_rank,2,4,2->4,976.5177996592028,976.5179095494482,0.00010989024542595871,1.1253276229507486e-07,-1.1253276229507486e-07,1.1253276229507486e-07
EleutherAI/pythia-410m-deduped,attention.query_key_value,effective_rank,4,8,4->8,976.5179095494482,976.5179535792763,4.4029828131897375e-05,4.5088602780682315e-08,-4.5088602780682315e-08,4.5088602780682315e-08
EleutherAI/pythia-410m-deduped,attention.query_key_value,effective_rank,8,16,8->16,976.5179535792763,976.5178407031757,-0.00011287610061572195,-1.1559039974840386e-07,1.1559039974840386e-07,1.1559039974840386e-07
EleutherAI/pythia-410m-deduped,attention.query_key_value,effective_rank,16,32,16->32,976.5178407031757,976.5178082195533,-3.248362236263347e-05,-3.326475053363333e-08,3.326475053363333e-08,3.326475053363333e-08
EleutherAI/pythia-410m-deduped,attention.query_key_value,effective_rank,32,64,32->64,976.5178082195533,976.5173497937262,-0.0004584258271052022,-4.694495310239468e-07,4.694495310239468e-07,4.694495310239468e-07
EleutherAI/pythia-410m-deduped,attention.query_key_value,effective_rank,64,128,64->128,976.5173497937262,976.5143309999418,-0.003018793784463014,-3.0913877619283296e-06,3.0913877619283296e-06,3.0913877619283296e-06
EleutherAI/pythia-410m-deduped,attention.query_key_value,effective_rank,128,256,128->256,976.5143309999418,976.4163247697628,-0.09800623017895305,-0.00010036333013013281,0.00010036333013013281,0.00010036333013013281
EleutherAI/pythia-410m-deduped,attention.query_key_value,effective_rank,256,512,256->512,976.4163247697628,975.6429113701876,-0.7734133995752472,-0.000792093884499131,0.000792093884499131,0.000792093884499131
EleutherAI/pythia-410m-deduped,attention.query_key_value,effective_rank,512,1000,512->1000,975.6429113701876,972.3043484630157,-3.3385629071718768,-0.0034219106891098237,0.0034219106891098237,0.0034219106891098237
EleutherAI/pythia-410m-deduped,attention.query_key_value,effective_rank,1000,2000,1000->2000,972.3043484630157,962.4158887298286,-9.88845973318712,-0.010170128055910103,0.010170128055910103,0.010170128055910103
EleutherAI/pythia-410m-deduped,attention.query_key_value,effective_rank,2000,3000,2000->3000,962.4158887298286,954.159330646403,-8.256558083425602,-0.00857899186839318,0.00857899186839318,0.00857899186839318
EleutherAI/pythia-410m-deduped,attention.query_key_value,effective_rank,3000,4000,3000->4000,954.159330646403,946.7116306774361,-7.447699968966845,-0.007805509761059855,0.007805509761059855,0.007805509761059855
EleutherAI/pythia-410m-deduped,attention.query_key_value,effective_rank,4000,5000,4000->5000,946.7116306774361,940.5376445218816,-6.17398615555453,-0.006521506608233618,0.006521506608233618,0.006521506608233618
EleutherAI/pythia-410m-deduped,attention.query_key_value,effective_rank,5000,6000,5000->6000,940.5376445218816,935.3283699571231,-5.209274564758516,-0.005538613573948572,0.005538613573948572,0.005538613573948572
EleutherAI/pythia-410m-deduped,attention.query_key_value,effective_rank,6000,7000,6000->7000,935.3283699571231,930.9780725690438,-4.350297388079298,-0.004651091026222927,0.004651091026222927,0.004651091026222927
EleutherAI/pythia-410m-deduped,attention.query_key_value,effective_rank,7000,8000,7000->8000,930.9780725690438,927.4089953548627,-3.5690772141811067,-0.0038336855822309504,0.0038336855822309504,0.0038336855822309504
EleutherAI/pythia-410m-deduped,attention.query_key_value,frobenius_norm,0,1,0->1,35.05288787691169,35.05288787691169,0.0,0.0,0.0,0.0
EleutherAI/pythia-410m-deduped,attention.query_key_value,frobenius_norm,1,2,1->2,35.05288787691169,35.05289310369606,5.226784367096116e-06,1.4911137665603568e-07,1.4911137665603568e-07,1.4911137665603568e-07
EleutherAI/pythia-410m-deduped,attention.query_key_value,frobenius_norm,2,4,2->4,35.05289310369606,35.052832143106066,-6.09605899910548e-05,-1.739102955374181e-06,-1.739102955374181e-06,1.739102955374181e-06
EleutherAI/pythia-410m-deduped,attention.query_key_value,frobenius_norm,4,8,4->8,35.052832143106066,35.05287551548405,4.337237798068827e-05,1.2373430427423306e-06,1.2373430427423306e-06,1.2373430427423306e-06
EleutherAI/pythia-410m-deduped,attention.query_key_value,frobenius_norm,8,16,8->16,35.05287551548405,35.05274582697724,-0.00012968850681005506,-3.6997965189122223e-06,-3.6997965189122223e-06,3.6997965189122223e-06
EleutherAI/pythia-410m-deduped,attention.query_key_value,frobenius_norm,16,32,16->32,35.05274582697724,35.052497463244144,-0.0002483637330925603,-7.085428751245157e-06,-7.085428751245157e-06,7.085428751245157e-06
EleutherAI/pythia-410m-deduped,attention.query_key_value,frobenius_norm,32,64,32->64,35.052497463244144,35.052070092714864,-0.00042737052928032426,-1.2192298986069407e-05,-1.2192298986069407e-05,1.2192298986069407e-05
EleutherAI/pythia-410m-deduped,attention.query_key_value,frobenius_norm,64,128,64->128,35.052070092714864,35.053759357824624,0.0016892651097606404,4.8193019849965575e-05,4.8193019849965575e-05,4.8193019849965575e-05
EleutherAI/pythia-410m-deduped,attention.query_key_value,frobenius_norm,128,256,128->256,35.053759357824624,35.076337653271636,0.022578295447011953,0.0006441048224395775,0.0006441048224395775,0.0006441048224395775
EleutherAI/pythia-410m-deduped,attention.query_key_value,frobenius_norm,256,512,256->512,35.076337653271636,35.169100324514,0.0927626712423617,0.0026445939755545406,0.0026445939755545406,0.0026445939755545406
EleutherAI/pythia-410m-deduped,attention.query_key_value,frobenius_norm,512,1000,512->1000,35.169100324514,35.51715795079375,0.3480576262797541,0.009896688373263185,0.009896688373263185,0.009896688373263185
EleutherAI/pythia-410m-deduped,attention.query_key_value,frobenius_norm,1000,2000,1000->2000,35.51715795079375,36.41280157561224,0.89564362481849,0.025217209835857617,0.025217209835857617,0.025217209835857617
EleutherAI/pythia-410m-deduped,attention.query_key_value,frobenius_norm,2000,3000,2000->3000,36.41280157561224,37.13355278481594,0.7207512092036978,0.01979389604798788,0.01979389604798788,0.01979389604798788
EleutherAI/pythia-410m-deduped,attention.query_key_value,frobenius_norm,3000,4000,3000->4000,37.13355278481594,37.992668698318006,0.8591159135020661,0.023135839397875738,0.023135839397875738,0.023135839397875738
EleutherAI/pythia-410m-deduped,attention.query_key_value,frobenius_norm,4000,5000,4000->5000,37.992668698318006,38.85377008916971,0.8611013908517009,0.022664935640327906,0.022664935640327906,0.022664935640327906
EleutherAI/pythia-410m-deduped,attention.query_key_value,frobenius_norm,5000,6000,5000->6000,38.85377008916971,39.74090950484304,0.8871394156733317,0.022832775651817492,0.022832775651817492,0.022832775651817492
EleutherAI/pythia-410m-deduped,attention.query_key_value,frobenius_norm,6000,7000,6000->7000,39.74090950484304,40.65297223516656,0.9120627303235196,0.022950222873292514,0.022950222873292514,0.022950222873292514
EleutherAI/pythia-410m-deduped,attention.query_key_value,frobenius_norm,7000,8000,7000->8000,40.65297223516656,41.56571840234164,0.9127461671750794,0.022452138601208906,0.022452138601208906,0.022452138601208906
EleutherAI/pythia-410m-deduped,attention.query_key_value,mp_outliers_x1,0,1,0->1,0.125,0.125,0.0,0.0,0.0,0.0
EleutherAI/pythia-410m-deduped,attention.query_key_value,mp_outliers_x1,1,2,1->2,0.125,0.125,0.0,0.0,0.0,0.0
EleutherAI/pythia-410m-deduped,attention.query_key_value,mp_outliers_x1,2,4,2->4,0.125,0.125,0.0,0.0,0.0,0.0
EleutherAI/pythia-410m-deduped,attention.query_key_value,mp_outliers_x1,4,8,4->8,0.125,0.125,0.0,0.0,0.0,0.0
EleutherAI/pythia-410m-deduped,attention.query_key_value,mp_outliers_x1,8,16,8->16,0.125,0.125,0.0,0.0,0.0,0.0
EleutherAI/pythia-410m-deduped,attention.query_key_value,mp_outliers_x1,16,32,16->32,0.125,0.125,0.0,0.0,0.0,0.0
EleutherAI/pythia-410m-deduped,attention.query_key_value,mp_outliers_x1,32,64,32->64,0.125,0.125,0.0,0.0,0.0,0.0
EleutherAI/pythia-410m-deduped,attention.query_key_value,mp_outliers_x1,64,128,64->128,0.125,0.125,0.0,0.0,0.0,0.0
EleutherAI/pythia-410m-deduped,attention.query_key_value,mp_outliers_x1,128,256,128->256,0.125,0.8333333333333334,0.7083333333333334,5.6666666666213334,5.6666666666213334,5.6666666666213334
EleutherAI/pythia-410m-deduped,attention.query_key_value,mp_outliers_x1,256,512,256->512,0.8333333333333334,4.125,3.2916666666666665,3.94999999999526,3.94999999999526,3.94999999999526
EleutherAI/pythia-410m-deduped,attention.query_key_value,mp_outliers_x1,512,1000,512->1000,4.125,15.0,10.875,2.636363636362997,2.636363636362997,2.636363636362997
EleutherAI/pythia-410m-deduped,attention.query_key_value,mp_outliers_x1,1000,2000,1000->2000,15.0,39.791666666666664,24.791666666666664,1.6527777777776673,1.6527777777776673,1.6527777777776673
EleutherAI/pythia-410m-deduped,attention.query_key_value,mp_outliers_x1,2000,3000,2000->3000,39.791666666666664,60.625,20.833333333333336,0.5235602094240707,0.5235602094240707,0.5235602094240707
EleutherAI/pythia-410m-deduped,attention.query_key_value,mp_outliers_x1,3000,4000,3000->4000,60.625,79.08333333333333,18.45833333333333,0.3044673539518849,0.3044673539518849,0.3044673539518849
EleutherAI/pythia-410m-deduped,attention.query_key_value,mp_outliers_x1,4000,5000,4000->5000,79.08333333333333,94.41666666666667,15.333333333333343,0.19388830347734226,0.19388830347734226,0.19388830347734226
EleutherAI/pythia-410m-deduped,attention.query_key_value,mp_outliers_x1,5000,6000,5000->6000,94.41666666666667,106.79166666666667,12.375,0.13106796116504715,0.13106796116504715,0.13106796116504715
EleutherAI/pythia-410m-deduped,attention.query_key_value,mp_outliers_x1,6000,7000,6000->7000,106.79166666666667,116.95833333333333,10.166666666666657,0.09520093640265216,0.09520093640265216,0.09520093640265216
EleutherAI/pythia-410m-deduped,attention.query_key_value,mp_outliers_x1,7000,8000,7000->8000,116.95833333333333,124.58333333333333,7.625,0.0651941574634836,0.0651941574634836,0.0651941574634836
EleutherAI/pythia-410m-deduped,attention.query_key_value,mp_outliers_x1.1,0,1,0->1,0.0,0.0,0.0,0.0,0.0,0.0
EleutherAI/pythia-410m-deduped,attention.query_key_value,mp_outliers_x1.1,1,2,1->2,0.0,0.0,0.0,0.0,0.0,0.0
EleutherAI/pythia-410m-deduped,attention.query_key_value,mp_outliers_x1.1,2,4,2->4,0.0,0.0,0.0,0.0,0.0,0.0
EleutherAI/pythia-410m-deduped,attention.query_key_value,mp_outliers_x1.1,4,8,4->8,0.0,0.0,0.0,0.0,0.0,0.0
EleutherAI/pythia-410m-deduped,attention.query_key_value,mp_outliers_x1.1,8,16,8->16,0.0,0.0,0.0,0.0,0.0,0.0
EleutherAI/pythia-410m-deduped,attention.query_key_value,mp_outliers_x1.1,16,32,16->32,0.0,0.0,0.0,0.0,0.0,0.0
EleutherAI/pythia-410m-deduped,attention.query_key_value,mp_outliers_x1.1,32,64,32->64,0.0,0.0,0.0,0.0,0.0,0.0
EleutherAI/pythia-410m-deduped,attention.query_key_value,mp_outliers_x1.1,64,128,64->128,0.0,0.0,0.0,0.0,0.0,0.0
EleutherAI/pythia-410m-deduped,attention.query_key_value,mp_outliers_x1.1,128,256,128->256,0.0,0.25,0.25,250000000000.0,250000000000.0,250000000000.0
EleutherAI/pythia-410m-deduped,attention.query_key_value,mp_outliers_x1.1,256,512,256->512,0.25,2.1666666666666665,1.9166666666666665,7.666666666636,7.666666666636,7.666666666636
EleutherAI/pythia-410m-deduped,attention.query_key_value,mp_outliers_x1.1,512,1000,512->1000,2.1666666666666665,9.708333333333334,7.541666666666668,3.480769230767625,3.480769230767625,3.480769230767625
EleutherAI/pythia-410m-deduped,attention.query_key_value,mp_outliers_x1.1,1000,2000,1000->2000,9.708333333333334,28.625,18.916666666666664,1.9484978540770521,1.9484978540770521,1.9484978540770521
EleutherAI/pythia-410m-deduped,attention.query_key_value,mp_outliers_x1.1,2000,3000,2000->3000,28.625,45.583333333333336,16.958333333333336,0.5924308588063841,0.5924308588063841,0.5924308588063841
EleutherAI/pythia-410m-deduped,attention.query_key_value,mp_outliers_x1.1,3000,4000,3000->4000,45.583333333333336,61.125,15.541666666666664,0.34095063985374013,0.34095063985374013,0.34095063985374013
EleutherAI/pythia-410m-deduped,attention.query_key_value,mp_outliers_x1.1,4000,5000,4000->5000,61.125,74.79166666666667,13.666666666666671,0.2235855487389194,0.2235855487389194,0.2235855487389194
EleutherAI/pythia-410m-deduped,attention.query_key_value,mp_outliers_x1.1,5000,6000,5000->6000,74.79166666666667,86.16666666666667,11.375,0.15208913649024866,0.15208913649024866,0.15208913649024866
EleutherAI/pythia-410m-deduped,attention.query_key_value,mp_outliers_x1.1,6000,7000,6000->7000,86.16666666666667,95.125,8.958333333333329,0.10396518375241653,0.10396518375241653,0.10396518375241653
EleutherAI/pythia-410m-deduped,attention.query_key_value,mp_outliers_x1.1,7000,8000,7000->8000,95.125,102.16666666666667,7.041666666666671,0.07402540516863704,0.07402540516863704,0.07402540516863704
EleutherAI/pythia-410m-deduped,attention.query_key_value,mp_outliers_x1.25,0,1,0->1,0.0,0.0,0.0,0.0,0.0,0.0
EleutherAI/pythia-410m-deduped,attention.query_key_value,mp_outliers_x1.25,1,2,1->2,0.0,0.0,0.0,0.0,0.0,0.0
EleutherAI/pythia-410m-deduped,attention.query_key_value,mp_outliers_x1.25,2,4,2->4,0.0,0.0,0.0,0.0,0.0,0.0
EleutherAI/pythia-410m-deduped,attention.query_key_value,mp_outliers_x1.25,4,8,4->8,0.0,0.0,0.0,0.0,0.0,0.0
EleutherAI/pythia-410m-deduped,attention.query_key_value,mp_outliers_x1.25,8,16,8->16,0.0,0.0,0.0,0.0,0.0,0.0
EleutherAI/pythia-410m-deduped,attention.query_key_value,mp_outliers_x1.25,16,32,16->32,0.0,0.0,0.0,0.0,0.0,0.0
EleutherAI/pythia-410m-deduped,attention.query_key_value,mp_outliers_x1.25,32,64,32->64,0.0,0.0,0.0,0.0,0.0,0.0
EleutherAI/pythia-410m-deduped,attention.query_key_value,mp_outliers_x1.25,64,128,64->128,0.0,0.0,0.0,0.0,0.0,0.0
EleutherAI/pythia-410m-deduped,attention.query_key_value,mp_outliers_x1.25,128,256,128->256,0.0,0.0,0.0,0.0,0.0,0.0
EleutherAI/pythia-410m-deduped,attention.query_key_value,mp_outliers_x1.25,256,512,256->512,0.0,1.375,1.375,1375000000000.0,1375000000000.0,1375000000000.0
EleutherAI/pythia-410m-deduped,attention.query_key_value,mp_outliers_x1.25,512,1000,512->1000,1.375,6.666666666666667,5.291666666666667,3.8484848484820495,3.8484848484820495,3.8484848484820495
EleutherAI/pythia-410m-deduped,attention.query_key_value,mp_outliers_x1.25,1000,2000,1000->2000,6.666666666666667,20.333333333333332,13.666666666666664,2.049999999999692,2.049999999999692,2.049999999999692
EleutherAI/pythia-410m-deduped,attention.query_key_value,mp_outliers_x1.25,2000,3000,2000->3000,20.333333333333332,32.375,12.041666666666668,0.5922131147540693,0.5922131147540693,0.5922131147540693
EleutherAI/pythia-410m-deduped,attention.query_key_value,mp_outliers_x1.25,3000,4000,3000->4000,32.375,44.041666666666664,11.666666666666664,0.36036036036034913,0.36036036036034913,0.36036036036034913
EleutherAI/pythia-410m-deduped,attention.query_key_value,mp_outliers_x1.25,4000,5000,4000->5000,44.041666666666664,54.5,10.458333333333336,0.23746452223272882,0.23746452223272882,0.23746452223272882
EleutherAI/pythia-410m-deduped,attention.query_key_value,mp_outliers_x1.25,5000,6000,5000->6000,54.5,63.666666666666664,9.166666666666664,0.16819571865443111,0.16819571865443111,0.16819571865443111
EleutherAI/pythia-410m-deduped,attention.query_key_value,mp_outliers_x1.25,6000,7000,6000->7000,63.666666666666664,71.25,7.583333333333336,0.11910994764397723,0.11910994764397723,0.11910994764397723
EleutherAI/pythia-410m-deduped,attention.query_key_value,mp_outliers_x1.25,7000,8000,7000->8000,71.25,77.08333333333333,5.833333333333329,0.08187134502923855,0.08187134502923855,0.08187134502923855
EleutherAI/pythia-410m-deduped,attention.query_key_value,nuclear_norm,0,1,0->1,1072.738591587792,1072.738591587792,0.0,0.0,0.0,0.0
EleutherAI/pythia-410m-deduped,attention.query_key_value,nuclear_norm,1,2,1->2,1072.738591587792,1072.7386771775782,8.558978629480407e-05,7.978624705588343e-08,7.978624705588343e-08,7.978624705588343e-08
EleutherAI/pythia-410m-deduped,attention.query_key_value,nuclear_norm,2,4,2->4,1072.7386771775782,1072.7369173367817,-0.0017598407964669605,-1.6405121153058227e-06,-1.6405121153058227e-06,1.6405121153058227e-06
EleutherAI/pythia-410m-deduped,attention.query_key_value,nuclear_norm,4,8,4->8,1072.7369173367817,1072.7382688485086,0.00135151172685255,1.2598724859846013e-06,1.2598724859846013e-06,1.2598724859846013e-06
EleutherAI/pythia-410m-deduped,attention.query_key_value,nuclear_norm,8,16,8->16,1072.7382688485086,1072.7342038465042,-0.004065002004381313,-3.78936980475651e-06,-3.78936980475651e-06,3.78936980475651e-06
EleutherAI/pythia-410m-deduped,attention.query_key_value,nuclear_norm,16,32,16->32,1072.7342038465042,1072.7265754329662,-0.007628413537986489,-7.111187012247089e-06,-7.111187012247089e-06,7.111187012247089e-06
EleutherAI/pythia-410m-deduped,attention.query_key_value,nuclear_norm,32,64,32->64,1072.7265754329662,1072.713095696022,-0.013479736944191245,-1.2565864641463402e-05,-1.2565864641463402e-05,1.2565864641463402e-05
EleutherAI/pythia-410m-deduped,attention.query_key_value,nuclear_norm,64,128,64->128,1072.713095696022,1072.7616605870426,0.04856489102053274,4.527295435786745e-05,4.527295435786745e-05,4.527295435786745e-05
EleutherAI/pythia-410m-deduped,attention.query_key_value,nuclear_norm,128,256,128->256,1072.7616605870426,1073.340717709313,0.579057122270342,0.0005397817087846584,0.0005397817087846584,0.0005397817087846584
EleutherAI/pythia-410m-deduped,attention.query_key_value,nuclear_norm,256,512,256->512,1073.340717709313,1075.1410963286955,1.8003786193826272,0.0016773598445281497,0.0016773598445281497,0.0016773598445281497
EleutherAI/pythia-410m-deduped,attention.query_key_value,nuclear_norm,512,1000,512->1000,1075.1410963286955,1081.1020280954738,5.960931766778231,0.005544325100336254,0.005544325100336254,0.005544325100336254
EleutherAI/pythia-410m-deduped,attention.query_key_value,nuclear_norm,1000,2000,1000->2000,1081.1020280954738,1093.6797205085556,12.577692413081877,0.011634140059138907,0.011634140059138907,0.011634140059138907
EleutherAI/pythia-410m-deduped,attention.query_key_value,nuclear_norm,2000,3000,2000->3000,1093.6797205085556,1103.5943004451692,9.914579936613563,0.009065341297544884,0.009065341297544884,0.009065341297544884
EleutherAI/pythia-410m-deduped,attention.query_key_value,nuclear_norm,3000,4000,3000->4000,1103.5943004451692,1118.886060482512,15.291760037342783,0.013856323860293916,0.013856323860293916,0.013856323860293916
EleutherAI/pythia-410m-deduped,attention.query_key_value,nuclear_norm,4000,5000,4000->5000,1118.886060482512,1136.12137044097,17.235309958457947,0.01540399024278247,0.01540399024278247,0.01540399024278247
EleutherAI/pythia-410m-deduped,attention.query_key_value,nuclear_norm,5000,6000,5000->6000,1136.12137044097,1155.3788538202643,19.2574833792944,0.016950199054718826,0.016950199054718826,0.016950199054718826
EleutherAI/pythia-410m-deduped,attention.query_key_value,nuclear_norm,6000,7000,6000->7000,1155.3788538202643,1176.4525031012793,21.073649281014923,0.018239600985715473,0.018239600985715473,0.018239600985715473
EleutherAI/pythia-410m-deduped,attention.query_key_value,nuclear_norm,7000,8000,7000->8000,1176.4525031012793,1198.5091523391504,22.05664923787117,0.018748440060033875,0.018748440060033875,0.018748440060033875
EleutherAI/pythia-410m-deduped,attention.query_key_value,spectral_norm,0,1,0->1,1.7227723449468613,1.7227723449468613,0.0,0.0,0.0,0.0
EleutherAI/pythia-410m-deduped,attention.query_key_value,spectral_norm,1,2,1->2,1.7227723449468613,1.722759649157524,-1.2695789337158203e-05,-7.36939467039241e-06,-7.36939467039241e-06,7.36939467039241e-06
EleutherAI/pythia-410m-deduped,attention.query_key_value,spectral_norm,2,4,2->4,1.722759649157524,1.7227645615736644,4.912416140312459e-06,2.8514808451149356e-06,2.8514808451149356e-06,2.8514808451149356e-06
EleutherAI/pythia-410m-deduped,attention.query_key_value,spectral_norm,4,8,4->8,1.7227645615736644,1.7227609356244404,-3.6259492239842928e-06,-2.104727079288219e-06,-2.104727079288219e-06,2.104727079288219e-06
EleutherAI/pythia-410m-deduped,attention.query_key_value,spectral_norm,8,16,8->16,1.7227609356244404,1.7227570861577988,-3.849466641669963e-06,-2.2344752322076725e-06,-2.2344752322076725e-06,2.2344752322076725e-06
EleutherAI/pythia-410m-deduped,attention.query_key_value,spectral_norm,16,32,16->32,1.7227570861577988,1.722759947180748,2.86102294921875e-06,1.6607233673308653e-06,1.6607233673308653e-06,1.6607233673308653e-06
EleutherAI/pythia-410m-deduped,attention.query_key_value,spectral_norm,32,64,32->64,1.722759947180748,1.7227437297503154,-1.6217430432563518e-05,-9.413633315014961e-06,-9.413633315014961e-06,9.413633315014961e-06
EleutherAI/pythia-410m-deduped,attention.query_key_value,spectral_norm,64,128,64->128,1.7227437297503154,1.7229304313659668,0.00018670161565137455,0.00010837457273945535,0.00010837457273945535,0.00010837457273945535
EleutherAI/pythia-410m-deduped,attention.query_key_value,spectral_norm,128,256,128->256,1.7229304313659668,1.7694092392921448,0.04647880792617798,0.026976601654950083,0.026976601654950083,0.026976601654950083
EleutherAI/pythia-410m-deduped,attention.query_key_value,spectral_norm,256,512,256->512,1.7694092392921448,2.375479648510615,0.6060704092184701,0.3425269834470781,0.3425269834470781,0.3425269834470781
EleutherAI/pythia-410m-deduped,attention.query_key_value,spectral_norm,512,1000,512->1000,2.375479648510615,3.2968095441659293,0.9213298956553144,0.38785004798192424,0.38785004798192424,0.38785004798192424
EleutherAI/pythia-410m-deduped,attention.query_key_value,spectral_norm,1000,2000,1000->2000,3.2968095441659293,4.889515846967697,1.5927063028017678,0.48310534213896444,0.48310534213896444,0.48310534213896444
EleutherAI/pythia-410m-deduped,attention.query_key_value,spectral_norm,2000,3000,2000->3000,4.889515846967697,5.628526091575623,0.7390102446079254,0.15114180375672204,0.15114180375672204,0.15114180375672204
EleutherAI/pythia-410m-deduped,attention.query_key_value,spectral_norm,3000,4000,3000->4000,5.628526091575623,6.182241261005402,0.553715169429779,0.098376583926375,0.098376583926375,0.098376583926375
EleutherAI/pythia-410m-deduped,attention.query_key_value,spectral_norm,4000,5000,4000->5000,6.182241261005402,6.575838545958201,0.3935972849527998,0.06366579179550272,0.06366579179550272,0.06366579179550272
EleutherAI/pythia-410m-deduped,attention.query_key_value,spectral_norm,5000,6000,5000->6000,6.575838545958201,6.9075501163800554,0.33171157042185406,0.05044399556094455,0.05044399556094455,0.05044399556094455
EleutherAI/pythia-410m-deduped,attention.query_key_value,spectral_norm,6000,7000,6000->7000,6.9075501163800554,7.188102185726166,0.2805520693461103,0.04061527815495528,0.04061527815495528,0.04061527815495528
EleutherAI/pythia-410m-deduped,attention.query_key_value,spectral_norm,7000,8000,7000->8000,7.188102185726166,7.420884867509206,0.23278268178304007,0.032384442481251566,0.032384442481251566,0.032384442481251566
EleutherAI/pythia-410m-deduped,attention.query_key_value,stable_rank,0,1,0->1,413.99764459194324,413.99764459194324,0.0,0.0,-0.0,0.0
EleutherAI/pythia-410m-deduped,attention.query_key_value,stable_rank,1,2,1->2,413.99764459194324,414.00390306909134,0.006258477148094244,1.511718056817182e-05,-1.511718056817182e-05,1.511718056817182e-05
EleutherAI/pythia-410m-deduped,attention.query_key_value,stable_rank,2,4,2->4,414.00390306909134,414.00009575687767,-0.0038073122136665916,-9.196319613033205e-06,9.196319613033205e-06,9.196319613033205e-06
EleutherAI/pythia-410m-deduped,attention.query_key_value,stable_rank,4,8,4->8,414.00009575687767,414.0028274643919,0.0027317075142150316,6.598325802850116e-06,-6.598325802850116e-06,6.598325802850116e-06
EleutherAI/pythia-410m-deduped,attention.query_key_value,stable_rank,8,16,8->16,414.0028274643919,414.00164081631175,-0.0011866480801359103,-2.8662801348572195e-06,2.8662801348572195e-06,2.8662801348572195e-06
EleutherAI/pythia-410m-deduped,attention.query_key_value,stable_rank,16,32,16->32,414.00164081631175,413.9944144626363,-0.007226353675434893,-1.7454891389285904e-05,1.7454891389285904e-05,1.7454891389285904e-05
EleutherAI/pythia-410m-deduped,attention.query_key_value,stable_rank,32,64,32->64,413.9944144626363,413.99214368375164,-0.002270778884678748,-5.485047153658359e-06,5.485047153658359e-06,5.485047153658359e-06
EleutherAI/pythia-410m-deduped,attention.query_key_value,stable_rank,64,128,64->128,413.99214368375164,413.9423301494599,-0.04981353429172941,-0.00012032482995566655,0.00012032482995566655,0.00012032482995566655
EleutherAI/pythia-410m-deduped,attention.query_key_value,stable_rank,128,256,128->256,413.9423301494599,394.28219320867805,-19.660136940781854,-0.047494869475376504,0.047494869475376504,0.047494869475376504
EleutherAI/pythia-410m-deduped,attention.query_key_value,stable_rank,256,512,256->512,394.28219320867805,241.7197379522265,-152.56245525645156,-0.3869372187845822,0.3869372187845822,0.3869372187845822
EleutherAI/pythia-410m-deduped,attention.query_key_value,stable_rank,512,1000,512->1000,241.7197379522265,127.07784858784113,-114.64188936438536,-0.47427607830289276,0.47427607830289276,0.47427607830289276
EleutherAI/pythia-410m-deduped,attention.query_key_value,stable_rank,1000,2000,1000->2000,127.07784858784113,59.046076530281255,-68.03177205755988,-0.5353550820506152,0.5353550820506152,0.5353550820506152
EleutherAI/pythia-410m-deduped,attention.query_key_value,stable_rank,2000,3000,2000->3000,59.046076530281255,45.75196866640661,-13.294107863874643,-0.22514803091203955,0.22514803091203955,0.22514803091203955
EleutherAI/pythia-410m-deduped,attention.query_key_value,stable_rank,3000,4000,3000->4000,45.75196866640661,39.299791398903686,-6.452177267502925,-0.14102512865725703,0.14102512865725703,0.14102512865725703
EleutherAI/pythia-410m-deduped,attention.query_key_value,stable_rank,4000,5000,4000->5000,39.299791398903686,36.06039000582156,-3.239401393082126,-0.08242795388406082,0.08242795388406082,0.08242795388406082
EleutherAI/pythia-410m-deduped,attention.query_key_value,stable_rank,5000,6000,5000->6000,36.06039000582156,34.0321912992265,-2.028198706595063,-0.05624450279843274,0.05624450279843274,0.05624450279843274
EleutherAI/pythia-410m-deduped,attention.query_key_value,stable_rank,6000,7000,6000->7000,34.0321912992265,32.8139533981121,-1.2182379011143993,-0.03579663414568465,0.03579663414568465,0.03579663414568465
EleutherAI/pythia-410m-deduped,attention.query_key_value,stable_rank,7000,8000,7000->8000,32.8139533981121,32.127731581654764,-0.6862218164573335,-0.02091250048818541,0.02091250048818541,0.02091250048818541
EleutherAI/pythia-410m-deduped,attention.query_key_value,subspace_stability_topk,1,2,1->2,0.9997260048985481,0.9997111658255259,-1.4839073022243632e-05,-1.4843139969870699e-05,1.4843139969870699e-05,1.4843139969870699e-05
EleutherAI/pythia-410m-deduped,attention.query_key_value,subspace_stability_topk,2,4,2->4,0.9997111658255259,0.9997160881757736,4.9223502477380165e-06,4.92377240146997e-06,-4.92377240146997e-06,4.92377240146997e-06
EleutherAI/pythia-410m-deduped,attention.query_key_value,subspace_stability_topk,4,8,4->8,0.9997160881757736,0.9997222498059273,6.161630153656006e-06,6.163380010111914e-06,-6.163380010111914e-06,6.163380010111914e-06
EleutherAI/pythia-410m-deduped,attention.query_key_value,subspace_stability_topk,8,16,8->16,0.9997222498059273,0.999715064962705,-7.184843222263204e-06,-7.186839368285328e-06,7.186839368285328e-06,7.186839368285328e-06
EleutherAI/pythia-410m-deduped,attention.query_key_value,subspace_stability_topk,16,32,16->32,0.999715064962705,0.9996873686710993,-2.7696291605705525e-05,-2.7704185498806153e-05,2.7704185498806153e-05,2.7704185498806153e-05
EleutherAI/pythia-410m-deduped,attention.query_key_value,subspace_stability_topk,32,64,32->64,0.9996873686710993,0.9995136906703314,-0.0001736780007679517,-0.00017373231493226823,0.00017373231493226823,0.00017373231493226823
EleutherAI/pythia-410m-deduped,attention.query_key_value,subspace_stability_topk,64,128,64->128,0.9995136906703314,0.9961522420247396,-0.003361448645591736,-0.0033630841447844424,0.0033630841447844424,0.0033630841447844424
EleutherAI/pythia-410m-deduped,attention.query_key_value,subspace_stability_topk,128,256,128->256,0.9961522420247396,0.9117299417654673,-0.08442230025927233,-0.08474839155869805,0.08474839155869805,0.08474839155869805
EleutherAI/pythia-410m-deduped,attention.query_key_value,subspace_stability_topk,256,512,256->512,0.9117299417654673,0.7067694788177808,-0.20496046294768644,-0.22480391786911996,0.22480391786911996,0.22480391786911996
EleutherAI/pythia-410m-deduped,attention.query_key_value,subspace_stability_topk,512,1000,512->1000,0.7067694788177808,0.5653405698637167,-0.14142890895406413,-0.20010613529949445,0.20010613529949445,0.20010613529949445
EleutherAI/pythia-410m-deduped,attention.query_key_value,subspace_stability_topk,1000,2000,1000->2000,0.5653405698637167,0.6954764351248741,0.1301358652611574,0.23019021134870665,-0.23019021134870665,0.23019021134870665
EleutherAI/pythia-410m-deduped,attention.query_key_value,subspace_stability_topk,2000,3000,2000->3000,0.6954764351248741,0.9038249303897222,0.2083484952648481,0.2995766423446672,-0.2995766423446672,0.2995766423446672
EleutherAI/pythia-410m-deduped,attention.query_key_value,subspace_stability_topk,3000,4000,3000->4000,0.9038249303897222,0.957299068570137,0.0534741381804148,0.059164265536798155,-0.059164265536798155,0.059164265536798155
EleutherAI/pythia-410m-deduped,attention.query_key_value,subspace_stability_topk,4000,5000,4000->5000,0.957299068570137,0.9653735856215159,0.008074517051378849,0.008434685999883881,-0.008434685999883881,0.008434685999883881
EleutherAI/pythia-410m-deduped,attention.query_key_value,subspace_stability_topk,5000,6000,5000->6000,0.9653735856215159,0.9824266905585924,0.01705310493707657,0.017664772675626883,-0.017664772675626883,0.017664772675626883
EleutherAI/pythia-410m-deduped,attention.query_key_value,subspace_stability_topk,6000,7000,6000->7000,0.9824266905585924,0.9872833117842674,0.004856621225674984,0.004943494789324832,-0.004943494789324832,0.004943494789324832
EleutherAI/pythia-410m-deduped,attention.query_key_value,subspace_stability_topk,7000,8000,7000->8000,0.9872833117842674,0.9864869142572085,-0.0007963975270589563,-0.0008066555137236752,0.0008066555137236752,0.0008066555137236752
EleutherAI/pythia-410m-deduped,mlp.dense_4h_to_h,alpha_tail_frac_0.2,0,1,0->1,7.893594072364227,7.893594072364227,0.0,0.0,0.0,0.0
EleutherAI/pythia-410m-deduped,mlp.dense_4h_to_h,alpha_tail_frac_0.2,1,2,1->2,7.893594072364227,7.8934887337102815,-0.00010533865394535269,-1.3344827841367468e-05,-1.3344827841367468e-05,1.3344827841367468e-05
EleutherAI/pythia-410m-deduped,mlp.dense_4h_to_h,alpha_tail_frac_0.2,2,4,2->4,7.8934887337102815,7.893483266066767,-5.467643514833753e-06,-6.926776865446961e-07,-6.926776865446961e-07,6.926776865446961e-07
EleutherAI/pythia-410m-deduped,mlp.dense_4h_to_h,alpha_tail_frac_0.2,4,8,4->8,7.893483266066767,7.8936758128153635,0.0001925467485968113,2.439312811677509e-05,2.439312811677509e-05,2.439312811677509e-05
EleutherAI/pythia-410m-deduped,mlp.dense_4h_to_h,alpha_tail_frac_0.2,8,16,8->16,7.8936758128153635,7.893737553985884,6.17411705201576e-05,7.821599465728391e-06,7.821599465728391e-06,7.821599465728391e-06
EleutherAI/pythia-410m-deduped,mlp.dense_4h_to_h,alpha_tail_frac_0.2,16,32,16->32,7.893737553985884,7.892392895491358,-0.0013446584945260298,-0.00017034497097599655,-0.00017034497097599655,0.00017034497097599655
EleutherAI/pythia-410m-deduped,mlp.dense_4h_to_h,alpha_tail_frac_0.2,32,64,32->64,7.892392895491358,7.8831057940414775,-0.009287101449880097,-0.0011767155503857785,-0.0011767155503857785,0.0011767155503857785
EleutherAI/pythia-410m-deduped,mlp.dense_4h_to_h,alpha_tail_frac_0.2,64,128,64->128,7.8831057940414775,7.843606704564113,-0.03949908947736436,-0.0050105999474490265,-0.0050105999474490265,0.0050105999474490265
EleutherAI/pythia-410m-deduped,mlp.dense_4h_to_h,alpha_tail_frac_0.2,128,256,128->256,7.843606704564113,7.642099991276843,-0.20150671328727032,-0.025690568239479673,-0.025690568239479673,0.025690568239479673
EleutherAI/pythia-410m-deduped,mlp.dense_4h_to_h,alpha_tail_frac_0.2,256,512,256->512,7.642099991276843,5.917775366240076,-1.7243246250367665,-0.22563492063762444,-0.22563492063762444,0.22563492063762444
EleutherAI/pythia-410m-deduped,mlp.dense_4h_to_h,alpha_tail_frac_0.2,512,1000,512->1000,5.917775366240076,3.0000763253503293,-2.917699040889747,-0.49303984357605757,-0.49303984357605757,0.49303984357605757
EleutherAI/pythia-410m-deduped,mlp.dense_4h_to_h,alpha_tail_frac_0.2,1000,2000,1000->2000,3.0000763253503293,2.5754947566805897,-0.4245815686697396,-0.1415235889440307,-0.1415235889440307,0.1415235889440307
EleutherAI/pythia-410m-deduped,mlp.dense_4h_to_h,alpha_tail_frac_0.2,2000,3000,2000->3000,2.5754947566805897,2.925370727929641,0.34987597124905134,0.13584806194668822,0.13584806194668822,0.13584806194668822
EleutherAI/pythia-410m-deduped,mlp.dense_4h_to_h,alpha_tail_frac_0.2,3000,4000,3000->4000,2.925370727929641,3.0435030205077354,0.11813229257809432,0.040381990374826496,0.040381990374826496,0.040381990374826496
EleutherAI/pythia-410m-deduped,mlp.dense_4h_to_h,alpha_tail_frac_0.2,4000,5000,4000->5000,3.0435030205077354,3.172334299330382,0.12883127882264667,0.04232993296031358,0.04232993296031358,0.04232993296031358
EleutherAI/pythia-410m-deduped,mlp.dense_4h_to_h,alpha_tail_frac_0.2,5000,6000,5000->6000,3.172334299330382,3.2543971478679814,0.08206284853759938,0.025868285241847106,0.025868285241847106,0.025868285241847106
EleutherAI/pythia-410m-deduped,mlp.dense_4h_to_h,alpha_tail_frac_0.2,6000,7000,6000->7000,3.2543971478679814,3.286304653990251,0.03190750612226978,0.009804429106989355,0.009804429106989355,0.009804429106989355
EleutherAI/pythia-410m-deduped,mlp.dense_4h_to_h,alpha_tail_frac_0.2,7000,8000,7000->8000,3.286304653990251,3.3304967873086277,0.04419213331837657,0.013447363519600887,0.013447363519600887,0.013447363519600887
EleutherAI/pythia-410m-deduped,mlp.dense_4h_to_h,alpha_tail_frac_0.3,0,1,0->1,5.713611233708922,5.713611233708922,0.0,0.0,-0.0,0.0
EleutherAI/pythia-410m-deduped,mlp.dense_4h_to_h,alpha_tail_frac_0.3,1,2,1->2,5.713611233708922,5.713576807121274,-3.442658764818418e-05,-6.025364036858096e-06,6.025364036858096e-06,6.025364036858096e-06
EleutherAI/pythia-410m-deduped,mlp.dense_4h_to_h,alpha_tail_frac_0.3,2,4,2->4,5.713576807121274,5.713572073563146,-4.733558127689719e-06,-8.284754519776631e-07,8.284754519776631e-07,8.284754519776631e-07
EleutherAI/pythia-410m-deduped,mlp.dense_4h_to_h,alpha_tail_frac_0.3,4,8,4->8,5.713572073563146,5.71364897602028,7.690245713387611e-05,1.3459610930558209e-05,-1.3459610930558209e-05,1.3459610930558209e-05
EleutherAI/pythia-410m-deduped,mlp.dense_4h_to_h,alpha_tail_frac_0.3,8,16,8->16,5.71364897602028,5.713498625501555,-0.00015035051872480665,-2.631427295512714e-05,2.631427295512714e-05,2.631427295512714e-05
EleutherAI/pythia-410m-deduped,mlp.dense_4h_to_h,alpha_tail_frac_0.3,16,32,16->32,5.713498625501555,5.71242386346099,-0.0010747620405648917,-0.00018810926737036825,0.00018810926737036825,0.00018810926737036825
EleutherAI/pythia-410m-deduped,mlp.dense_4h_to_h,alpha_tail_frac_0.3,32,64,32->64,5.71242386346099,5.707577764612618,-0.004846098848371838,-0.000848343709115955,0.000848343709115955,0.000848343709115955
EleutherAI/pythia-410m-deduped,mlp.dense_4h_to_h,alpha_tail_frac_0.3,64,128,64->128,5.707577764612618,5.691605209129508,-0.01597255548310983,-0.0027984823232962315,0.0027984823232962315,0.0027984823232962315
EleutherAI/pythia-410m-deduped,mlp.dense_4h_to_h,alpha_tail_frac_0.3,128,256,128->256,5.691605209129508,5.616983857437753,-0.07462135169175532,-0.01311077436854673,0.01311077436854673,0.01311077436854673
EleutherAI/pythia-410m-deduped,mlp.dense_4h_to_h,alpha_tail_frac_0.3,256,512,256->512,5.616983857437753,4.871569975503962,-0.745413881933791,-0.13270714334466446,0.13270714334466446,0.13270714334466446
EleutherAI/pythia-410m-deduped,mlp.dense_4h_to_h,alpha_tail_frac_0.3,512,1000,512->1000,4.871569975503962,2.7938527479425024,-2.0777172275614597,-0.4264984877582702,0.4264984877582702,0.4264984877582702
EleutherAI/pythia-410m-deduped,mlp.dense_4h_to_h,alpha_tail_frac_0.3,1000,2000,1000->2000,2.7938527479425024,2.3380879765257516,-0.45576477141675076,-0.16313127875197783,0.16313127875197783,0.16313127875197783
EleutherAI/pythia-410m-deduped,mlp.dense_4h_to_h,alpha_tail_frac_0.3,2000,3000,2000->3000,2.3380879765257516,2.6455304086246927,0.30744243209894107,0.131493098286083,-0.131493098286083,0.131493098286083
EleutherAI/pythia-410m-deduped,mlp.dense_4h_to_h,alpha_tail_frac_0.3,3000,4000,3000->4000,2.6455304086246927,2.766929100144484,0.12139869151979132,0.04588822382232826,-0.04588822382232826,0.04588822382232826
EleutherAI/pythia-410m-deduped,mlp.dense_4h_to_h,alpha_tail_frac_0.3,4000,5000,4000->5000,2.766929100144484,2.8851716433826997,0.1182425432382157,0.04273421506608122,-0.04273421506608122,0.04273421506608122
EleutherAI/pythia-410m-deduped,mlp.dense_4h_to_h,alpha_tail_frac_0.3,5000,6000,5000->6000,2.8851716433826997,2.9661500683568938,0.08097842497419405,0.028067108298355306,-0.028067108298355306,0.028067108298355306
EleutherAI/pythia-410m-deduped,mlp.dense_4h_to_h,alpha_tail_frac_0.3,6000,7000,6000->7000,2.9661500683568938,3.008512900216328,0.042362831859434014,0.014282093246511538,-0.014282093246511538,0.014282093246511538
EleutherAI/pythia-410m-deduped,mlp.dense_4h_to_h,alpha_tail_frac_0.3,7000,8000,7000->8000,3.008512900216328,3.051107489377001,0.04259458916067338,0.01415802111322057,-0.01415802111322057,0.01415802111322057
EleutherAI/pythia-410m-deduped,mlp.dense_4h_to_h,alpha_tail_frac_0.5,0,1,0->1,3.6484525412659257,3.6484525412659257,0.0,0.0,0.0,0.0
EleutherAI/pythia-410m-deduped,mlp.dense_4h_to_h,alpha_tail_frac_0.5,1,2,1->2,3.6484525412659257,3.648438208533744,-1.4332732181543406e-05,-3.9284414472790055e-06,-3.9284414472790055e-06,3.9284414472790055e-06
EleutherAI/pythia-410m-deduped,mlp.dense_4h_to_h,alpha_tail_frac_0.5,2,4,2->4,3.648438208533744,3.648439765330961,1.5567972169172606e-06,4.26702366309909e-07,4.26702366309909e-07,4.26702366309909e-07
EleutherAI/pythia-410m-deduped,mlp.dense_4h_to_h,alpha_tail_frac_0.5,4,8,4->8,3.648439765330961,3.6484576224264273,1.7857095466311534e-05,4.8944471102394e-06,4.8944471102394e-06,4.8944471102394e-06
EleutherAI/pythia-410m-deduped,mlp.dense_4h_to_h,alpha_tail_frac_0.5,8,16,8->16,3.6484576224264273,3.64846726198317,9.639556742602196e-06,2.642090916267437e-06,2.642090916267437e-06,2.642090916267437e-06
EleutherAI/pythia-410m-deduped,mlp.dense_4h_to_h,alpha_tail_frac_0.5,16,32,16->32,3.64846726198317,3.6481247935126206,-0.0003424684705493064,-9.386639538134694e-05,-9.386639538134694e-05,9.386639538134694e-05
EleutherAI/pythia-410m-deduped,mlp.dense_4h_to_h,alpha_tail_frac_0.5,32,64,32->64,3.6481247935126206,3.6461640997003837,-0.0019606938122369577,-0.0005374525059348514,-0.0005374525059348514,0.0005374525059348514
EleutherAI/pythia-410m-deduped,mlp.dense_4h_to_h,alpha_tail_frac_0.5,64,128,64->128,3.6461640997003837,3.6410413218088653,-0.005122777891518382,-0.0014049773272513794,-0.0014049773272513794,0.0014049773272513794
EleutherAI/pythia-410m-deduped,mlp.dense_4h_to_h,alpha_tail_frac_0.5,128,256,128->256,3.6410413218088653,3.62043611852105,-0.020605203287815232,-0.00565915117864494,-0.00565915117864494,0.00565915117864494
EleutherAI/pythia-410m-deduped,mlp.dense_4h_to_h,alpha_tail_frac_0.5,256,512,256->512,3.62043611852105,3.413627773098957,-0.20680834542209325,-0.057122495371225455,-0.057122495371225455,0.057122495371225455
EleutherAI/pythia-410m-deduped,mlp.dense_4h_to_h,alpha_tail_frac_0.5,512,1000,512->1000,3.413627773098957,2.360425948543669,-1.0532018245552877,-0.3085286078507799,-0.3085286078507799,0.3085286078507799
EleutherAI/pythia-410m-deduped,mlp.dense_4h_to_h,alpha_tail_frac_0.5,1000,2000,1000->2000,2.360425948543669,1.912893772896182,-0.44753217564748726,-0.18959805789434536,-0.18959805789434536,0.18959805789434536
EleutherAI/pythia-410m-deduped,mlp.dense_4h_to_h,alpha_tail_frac_0.5,2000,3000,2000->3000,1.912893772896182,2.141867730198893,0.22897395730271097,0.11970029938249913,0.11970029938249913,0.11970029938249913
EleutherAI/pythia-410m-deduped,mlp.dense_4h_to_h,alpha_tail_frac_0.5,3000,4000,3000->4000,2.141867730198893,2.2427142508439855,0.10084652064509259,0.047083449282687935,0.047083449282687935,0.047083449282687935
EleutherAI/pythia-410m-deduped,mlp.dense_4h_to_h,alpha_tail_frac_0.5,4000,5000,4000->5000,2.2427142508439855,2.3286117950874226,0.0858975442434371,0.038300708265029106,0.038300708265029106,0.038300708265029106
EleutherAI/pythia-410m-deduped,mlp.dense_4h_to_h,alpha_tail_frac_0.5,5000,6000,5000->6000,2.3286117950874226,2.387812941930504,0.05920114684308153,0.025423364670723713,0.025423364670723713,0.025423364670723713
EleutherAI/pythia-410m-deduped,mlp.dense_4h_to_h,alpha_tail_frac_0.5,6000,7000,6000->7000,2.387812941930504,2.425526574528399,0.037713632597895064,0.01579421567561673,0.01579421567561673,0.01579421567561673
EleutherAI/pythia-410m-deduped,mlp.dense_4h_to_h,alpha_tail_frac_0.5,7000,8000,7000->8000,2.425526574528399,2.458703845079787,0.03317727055138775,0.013678378501305353,0.013678378501305353,0.013678378501305353
EleutherAI/pythia-410m-deduped,mlp.dense_4h_to_h,effective_rank,0,1,0->1,989.3700306581358,989.3700306581358,0.0,0.0,-0.0,0.0
EleutherAI/pythia-410m-deduped,mlp.dense_4h_to_h,effective_rank,1,2,1->2,989.3700306581358,989.3699509303497,-7.972778610110254e-05,-8.058439575743667e-08,8.058439575743667e-08,8.058439575743667e-08
EleutherAI/pythia-410m-deduped,mlp.dense_4h_to_h,effective_rank,2,4,2->4,989.3699509303497,989.3701110002207,0.0001600698710717552,1.617897035595573e-07,-1.617897035595573e-07,1.617897035595573e-07
EleutherAI/pythia-410m-deduped,mlp.dense_4h_to_h,effective_rank,4,8,4->8,989.3701110002207,989.3700118664623,-9.913375845371775e-05,-1.0019886122645919e-07,1.0019886122645919e-07,1.0019886122645919e-07
EleutherAI/pythia-410m-deduped,mlp.dense_4h_to_h,effective_rank,8,16,8->16,989.3700118664623,989.3699351045572,-7.67619051202928e-05,-7.758665029221995e-08,7.758665029221995e-08,7.758665029221995e-08
EleutherAI/pythia-410m-deduped,mlp.dense_4h_to_h,effective_rank,16,32,16->32,989.3699351045572,989.3658405768095,-0.00409452774761121,-4.138520488980185e-06,4.138520488980185e-06,4.138520488980185e-06
EleutherAI/pythia-410m-deduped,mlp.dense_4h_to_h,effective_rank,32,64,32->64,989.3658405768095,989.3447642364654,-0.021076340344166056,-2.130287855084862e-05,2.130287855084862e-05,2.130287855084862e-05
EleutherAI/pythia-410m-deduped,mlp.dense_4h_to_h,effective_rank,64,128,64->128,989.3447642364654,989.2630586143588,-0.08170562210659682,-8.258559104990431e-05,8.258559104990431e-05,8.258559104990431e-05
EleutherAI/pythia-410m-deduped,mlp.dense_4h_to_h,effective_rank,128,256,128->256,989.2630586143588,988.9661999681229,-0.2968586462359326,-0.0003000805939845124,0.0003000805939845124,0.0003000805939845124
EleutherAI/pythia-410m-deduped,mlp.dense_4h_to_h,effective_rank,256,512,256->512,988.9661999681229,986.3181648737121,-2.648035094410716,-0.0026775789652832087,0.0026775789652832087,0.0026775789652832087
EleutherAI/pythia-410m-deduped,mlp.dense_4h_to_h,effective_rank,512,1000,512->1000,986.3181648737121,966.2120121798099,-20.10615269390223,-0.02038505769228796,0.02038505769228796,0.02038505769228796
EleutherAI/pythia-410m-deduped,mlp.dense_4h_to_h,effective_rank,1000,2000,1000->2000,966.2120121798099,940.0712557591852,-26.14075642062471,-0.027054886599526096,0.027054886599526096,0.027054886599526096
EleutherAI/pythia-410m-deduped,mlp.dense_4h_to_h,effective_rank,2000,3000,2000->3000,940.0712557591852,952.2878973342026,12.216641575017434,0.012995442100983582,-0.012995442100983582,0.012995442100983582
EleutherAI/pythia-410m-deduped,mlp.dense_4h_to_h,effective_rank,3000,4000,3000->4000,952.2878973342026,956.9465180226738,4.65862068847116,0.004892029712350976,-0.004892029712350976,0.004892029712350976
EleutherAI/pythia-410m-deduped,mlp.dense_4h_to_h,effective_rank,4000,5000,4000->5000,956.9465180226738,960.2265991332201,3.280081110546348,0.00342765353002583,-0.00342765353002583,0.00342765353002583
EleutherAI/pythia-410m-deduped,mlp.dense_4h_to_h,effective_rank,5000,6000,5000->6000,960.2265991332201,962.1823731704617,1.9557740372415537,0.002036783858109112,-0.002036783858109112,0.002036783858109112
EleutherAI/pythia-410m-deduped,mlp.dense_4h_to_h,effective_rank,6000,7000,6000->7000,962.1823731704617,963.2423809276005,1.0600077571388056,0.0011016703139613761,-0.0011016703139613761,0.0011016703139613761
EleutherAI/pythia-410m-deduped,mlp.dense_4h_to_h,effective_rank,7000,8000,7000->8000,963.2423809276005,964.0309319498637,0.7885510222631638,0.000818642366528547,-0.000818642366528547,0.000818642366528547
EleutherAI/pythia-410m-deduped,mlp.dense_4h_to_h,frobenius_norm,0,1,0->1,5.334360328774879,5.334360328774879,0.0,0.0,0.0,0.0
EleutherAI/pythia-410m-deduped,mlp.dense_4h_to_h,frobenius_norm,1,2,1->2,5.334360328774879,5.334360175085277,-1.536896014897593e-07,-2.8811252337171563e-08,-2.8811252337171563e-08,2.8811252337171563e-08
EleutherAI/pythia-410m-deduped,mlp.dense_4h_to_h,frobenius_norm,2,4,2->4,5.334360175085277,5.334353598138546,-6.576946731229327e-06,-1.2329401306545546e-06,-1.2329401306545546e-06,1.2329401306545546e-06
EleutherAI/pythia-410m-deduped,mlp.dense_4h_to_h,frobenius_norm,4,8,4->8,5.334353598138546,5.334353949119102,3.509805557300183e-07,6.579626739637756e-08,6.579626739637756e-08,6.579626739637756e-08
EleutherAI/pythia-410m-deduped,mlp.dense_4h_to_h,frobenius_norm,8,16,8->16,5.334353949119102,5.334414254595189,6.030547608748549e-05,1.1305113358185172e-05,1.1305113358185172e-05,1.1305113358185172e-05
EleutherAI/pythia-410m-deduped,mlp.dense_4h_to_h,frobenius_norm,16,32,16->32,5.334414254595189,5.335052668752275,0.0006384141570858759,0.00011967839890496155,0.00011967839890496155,0.00011967839890496155
EleutherAI/pythia-410m-deduped,mlp.dense_4h_to_h,frobenius_norm,32,64,32->64,5.335052668752275,5.3384944878640015,0.003441819111726474,0.0006451331084104888,0.0006451331084104888,0.0006451331084104888
EleutherAI/pythia-410m-deduped,mlp.dense_4h_to_h,frobenius_norm,64,128,64->128,5.3384944878640015,5.348166353723432,0.009671865859430362,0.0018117216157880467,0.0018117216157880467,0.0018117216157880467
EleutherAI/pythia-410m-deduped,mlp.dense_4h_to_h,frobenius_norm,128,256,128->256,5.348166353723432,5.3764246988377495,0.028258345114317684,0.005283744604286427,0.005283744604286427,0.005283744604286427
EleutherAI/pythia-410m-deduped,mlp.dense_4h_to_h,frobenius_norm,256,512,256->512,5.3764246988377495,5.549571594174104,0.1731468953363544,0.03220483965371119,0.03220483965371119,0.03220483965371119
EleutherAI/pythia-410m-deduped,mlp.dense_4h_to_h,frobenius_norm,512,1000,512->1000,5.549571594174104,6.774900440161127,1.2253288459870229,0.2207970156242587,0.2207970156242587,0.2207970156242587
EleutherAI/pythia-410m-deduped,mlp.dense_4h_to_h,frobenius_norm,1000,2000,1000->2000,6.774900440161127,12.771302092281262,5.996401652120135,0.8850907411971708,0.8850907411971708,0.8850907411971708
EleutherAI/pythia-410m-deduped,mlp.dense_4h_to_h,frobenius_norm,2000,3000,2000->3000,12.771302092281262,17.91012579871046,5.138823706429198,0.4023727314018048,0.4023727314018048,0.4023727314018048
EleutherAI/pythia-410m-deduped,mlp.dense_4h_to_h,frobenius_norm,3000,4000,3000->4000,17.91012579871046,22.28242188128425,4.37229608257379,0.24412425304619326,0.24412425304619326,0.24412425304619326
EleutherAI/pythia-410m-deduped,mlp.dense_4h_to_h,frobenius_norm,4000,5000,4000->5000,22.28242188128425,26.021632487170606,3.739210605886356,0.16780988286676668,0.16780988286676668,0.16780988286676668
EleutherAI/pythia-410m-deduped,mlp.dense_4h_to_h,frobenius_norm,5000,6000,5000->6000,26.021632487170606,29.240929180182274,3.2192966930116675,0.12371616940631021,0.12371616940631021,0.12371616940631021
EleutherAI/pythia-410m-deduped,mlp.dense_4h_to_h,frobenius_norm,6000,7000,6000->7000,29.240929180182274,32.05427985318475,2.8133506730024784,0.09621276586891434,0.09621276586891434,0.09621276586891434
EleutherAI/pythia-410m-deduped,mlp.dense_4h_to_h,frobenius_norm,7000,8000,7000->8000,32.05427985318475,34.521196592422264,2.4669167392375115,0.07696060402967793,0.07696060402967793,0.07696060402967793
EleutherAI/pythia-410m-deduped,mlp.dense_4h_to_h,mp_outliers_x1,0,1,0->1,0.125,0.125,0.0,0.0,0.0,0.0
EleutherAI/pythia-410m-deduped,mlp.dense_4h_to_h,mp_outliers_x1,1,2,1->2,0.125,0.125,0.0,0.0,0.0,0.0
EleutherAI/pythia-410m-deduped,mlp.dense_4h_to_h,mp_outliers_x1,2,4,2->4,0.125,0.125,0.0,0.0,0.0,0.0
EleutherAI/pythia-410m-deduped,mlp.dense_4h_to_h,mp_outliers_x1,4,8,4->8,0.125,0.125,0.0,0.0,0.0,0.0
EleutherAI/pythia-410m-deduped,mlp.dense_4h_to_h,mp_outliers_x1,8,16,8->16,0.125,0.125,0.0,0.0,0.0,0.0
EleutherAI/pythia-410m-deduped,mlp.dense_4h_to_h,mp_outliers_x1,16,32,16->32,0.125,0.16666666666666666,0.04166666666666666,0.33333333333066656,0.33333333333066656,0.33333333333066656
EleutherAI/pythia-410m-deduped,mlp.dense_4h_to_h,mp_outliers_x1,32,64,32->64,0.16666666666666666,0.25,0.08333333333333334,0.49999999999700007,0.49999999999700007,0.49999999999700007
EleutherAI/pythia-410m-deduped,mlp.dense_4h_to_h,mp_outliers_x1,64,128,64->128,0.25,0.75,0.5,1.9999999999920002,1.9999999999920002,1.9999999999920002
EleutherAI/pythia-410m-deduped,mlp.dense_4h_to_h,mp_outliers_x1,128,256,128->256,0.75,2.9583333333333335,2.2083333333333335,2.944444444440519,2.944444444440519,2.944444444440519
EleutherAI/pythia-410m-deduped,mlp.dense_4h_to_h,mp_outliers_x1,256,512,256->512,2.9583333333333335,20.958333333333332,18.0,6.084507042251464,6.084507042251464,6.084507042251464
EleutherAI/pythia-410m-deduped,mlp.dense_4h_to_h,mp_outliers_x1,512,1000,512->1000,20.958333333333332,96.54166666666667,75.58333333333334,3.6063618290256736,3.6063618290256736,3.6063618290256736
EleutherAI/pythia-410m-deduped,mlp.dense_4h_to_h,mp_outliers_x1,1000,2000,1000->2000,96.54166666666667,157.33333333333334,60.79166666666667,0.629693569270602,0.629693569270602,0.629693569270602
EleutherAI/pythia-410m-deduped,mlp.dense_4h_to_h,mp_outliers_x1,2000,3000,2000->3000,157.33333333333334,127.625,-29.708333333333343,-0.18882415254237173,-0.18882415254237173,0.18882415254237173
EleutherAI/pythia-410m-deduped,mlp.dense_4h_to_h,mp_outliers_x1,3000,4000,3000->4000,127.625,113.66666666666667,-13.958333333333329,-0.10936989879203306,-0.10936989879203306,0.10936989879203306
EleutherAI/pythia-410m-deduped,mlp.dense_4h_to_h,mp_outliers_x1,4000,5000,4000->5000,113.66666666666667,103.29166666666667,-10.375,-0.09127565982404612,-0.09127565982404612,0.09127565982404612
EleutherAI/pythia-410m-deduped,mlp.dense_4h_to_h,mp_outliers_x1,5000,6000,5000->6000,103.29166666666667,96.125,-7.166666666666671,-0.06938281565147174,-0.06938281565147174,0.06938281565147174
EleutherAI/pythia-410m-deduped,mlp.dense_4h_to_h,mp_outliers_x1,6000,7000,6000->7000,96.125,91.66666666666667,-4.458333333333329,-0.046380580840918416,-0.046380580840918416,0.046380580840918416
EleutherAI/pythia-410m-deduped,mlp.dense_4h_to_h,mp_outliers_x1,7000,8000,7000->8000,91.66666666666667,88.29166666666667,-3.375,-0.03681818181818142,-0.03681818181818142,0.03681818181818142
EleutherAI/pythia-410m-deduped,mlp.dense_4h_to_h,mp_outliers_x1.1,0,1,0->1,0.0,0.0,0.0,0.0,0.0,0.0
EleutherAI/pythia-410m-deduped,mlp.dense_4h_to_h,mp_outliers_x1.1,1,2,1->2,0.0,0.0,0.0,0.0,0.0,0.0
EleutherAI/pythia-410m-deduped,mlp.dense_4h_to_h,mp_outliers_x1.1,2,4,2->4,0.0,0.0,0.0,0.0,0.0,0.0
EleutherAI/pythia-410m-deduped,mlp.dense_4h_to_h,mp_outliers_x1.1,4,8,4->8,0.0,0.0,0.0,0.0,0.0,0.0
EleutherAI/pythia-410m-deduped,mlp.dense_4h_to_h,mp_outliers_x1.1,8,16,8->16,0.0,0.0,0.0,0.0,0.0,0.0
EleutherAI/pythia-410m-deduped,mlp.dense_4h_to_h,mp_outliers_x1.1,16,32,16->32,0.0,0.0,0.0,0.0,0.0,0.0
EleutherAI/pythia-410m-deduped,mlp.dense_4h_to_h,mp_outliers_x1.1,32,64,32->64,0.0,0.0,0.0,0.0,0.0,0.0
EleutherAI/pythia-410m-deduped,mlp.dense_4h_to_h,mp_outliers_x1.1,64,128,64->128,0.0,0.08333333333333333,0.08333333333333333,83333333333.33333,83333333333.33333,83333333333.33333
EleutherAI/pythia-410m-deduped,mlp.dense_4h_to_h,mp_outliers_x1.1,128,256,128->256,0.08333333333333333,0.375,0.2916666666666667,3.4999999999580003,3.4999999999580003,3.4999999999580003
EleutherAI/pythia-410m-deduped,mlp.dense_4h_to_h,mp_outliers_x1.1,256,512,256->512,0.375,9.708333333333334,9.333333333333334,24.88888888882252,24.88888888882252,24.88888888882252
EleutherAI/pythia-410m-deduped,mlp.dense_4h_to_h,mp_outliers_x1.1,512,1000,512->1000,9.708333333333334,73.08333333333333,63.37499999999999,6.527896995707481,6.527896995707481,6.527896995707481
EleutherAI/pythia-410m-deduped,mlp.dense_4h_to_h,mp_outliers_x1.1,1000,2000,1000->2000,73.08333333333333,129.33333333333334,56.250000000000014,0.7696693272519852,0.7696693272519852,0.7696693272519852
EleutherAI/pythia-410m-deduped,mlp.dense_4h_to_h,mp_outliers_x1.1,2000,3000,2000->3000,129.33333333333334,99.83333333333333,-29.500000000000014,-0.22809278350515297,-0.22809278350515297,0.22809278350515297
EleutherAI/pythia-410m-deduped,mlp.dense_4h_to_h,mp_outliers_x1.1,3000,4000,3000->4000,99.83333333333333,87.20833333333333,-12.625,-0.12646076794657637,-0.12646076794657637,0.12646076794657637
EleutherAI/pythia-410m-deduped,mlp.dense_4h_to_h,mp_outliers_x1.1,4000,5000,4000->5000,87.20833333333333,77.5,-9.708333333333329,-0.11132345914954479,-0.11132345914954479,0.11132345914954479
EleutherAI/pythia-410m-deduped,mlp.dense_4h_to_h,mp_outliers_x1.1,5000,6000,5000->6000,77.5,71.0,-6.5,-0.08387096774193441,-0.08387096774193441,0.08387096774193441
EleutherAI/pythia-410m-deduped,mlp.dense_4h_to_h,mp_outliers_x1.1,6000,7000,6000->7000,71.0,67.0,-4.0,-0.056338028169013295,-0.056338028169013295,0.056338028169013295
EleutherAI/pythia-410m-deduped,mlp.dense_4h_to_h,mp_outliers_x1.1,7000,8000,7000->8000,67.0,63.875,-3.125,-0.04664179104477543,-0.04664179104477543,0.04664179104477543
EleutherAI/pythia-410m-deduped,mlp.dense_4h_to_h,mp_outliers_x1.25,0,1,0->1,0.0,0.0,0.0,0.0,0.0,0.0
EleutherAI/pythia-410m-deduped,mlp.dense_4h_to_h,mp_outliers_x1.25,1,2,1->2,0.0,0.0,0.0,0.0,0.0,0.0
EleutherAI/pythia-410m-deduped,mlp.dense_4h_to_h,mp_outliers_x1.25,2,4,2->4,0.0,0.0,0.0,0.0,0.0,0.0
EleutherAI/pythia-410m-deduped,mlp.dense_4h_to_h,mp_outliers_x1.25,4,8,4->8,0.0,0.0,0.0,0.0,0.0,0.0
EleutherAI/pythia-410m-deduped,mlp.dense_4h_to_h,mp_outliers_x1.25,8,16,8->16,0.0,0.0,0.0,0.0,0.0,0.0
EleutherAI/pythia-410m-deduped,mlp.dense_4h_to_h,mp_outliers_x1.25,16,32,16->32,0.0,0.0,0.0,0.0,0.0,0.0
EleutherAI/pythia-410m-deduped,mlp.dense_4h_to_h,mp_outliers_x1.25,32,64,32->64,0.0,0.0,0.0,0.0,0.0,0.0
EleutherAI/pythia-410m-deduped,mlp.dense_4h_to_h,mp_outliers_x1.25,64,128,64->128,0.0,0.0,0.0,0.0,0.0,0.0
EleutherAI/pythia-410m-deduped,mlp.dense_4h_to_h,mp_outliers_x1.25,128,256,128->256,0.0,0.16666666666666666,0.16666666666666666,166666666666.66666,166666666666.66666,166666666666.66666
EleutherAI/pythia-410m-deduped,mlp.dense_4h_to_h,mp_outliers_x1.25,256,512,256->512,0.16666666666666666,3.5,3.3333333333333335,19.99999999988,19.99999999988,19.99999999988
EleutherAI/pythia-410m-deduped,mlp.dense_4h_to_h,mp_outliers_x1.25,512,1000,512->1000,3.5,48.958333333333336,45.458333333333336,12.988095238091528,12.988095238091528,12.988095238091528
EleutherAI/pythia-410m-deduped,mlp.dense_4h_to_h,mp_outliers_x1.25,1000,2000,1000->2000,48.958333333333336,96.91666666666667,47.958333333333336,0.9795744680850863,0.9795744680850863,0.9795744680850863
EleutherAI/pythia-410m-deduped,mlp.dense_4h_to_h,mp_outliers_x1.25,2000,3000,2000->3000,96.91666666666667,70.16666666666667,-26.75,-0.27601031814273147,-0.27601031814273147,0.27601031814273147
EleutherAI/pythia-410m-deduped,mlp.dense_4h_to_h,mp_outliers_x1.25,3000,4000,3000->4000,70.16666666666667,59.791666666666664,-10.375000000000007,-0.14786223277909538,-0.14786223277909538,0.14786223277909538
EleutherAI/pythia-410m-deduped,mlp.dense_4h_to_h,mp_outliers_x1.25,4000,5000,4000->5000,59.791666666666664,51.375,-8.416666666666664,-0.1407665505226457,-0.1407665505226457,0.1407665505226457
EleutherAI/pythia-410m-deduped,mlp.dense_4h_to_h,mp_outliers_x1.25,5000,6000,5000->6000,51.375,46.541666666666664,-4.833333333333336,-0.09407948094079302,-0.09407948094079302,0.09407948094079302
EleutherAI/pythia-410m-deduped,mlp.dense_4h_to_h,mp_outliers_x1.25,6000,7000,6000->7000,46.541666666666664,44.0,-2.5416666666666643,-0.05461056401074184,-0.05461056401074184,0.05461056401074184
EleutherAI/pythia-410m-deduped,mlp.dense_4h_to_h,mp_outliers_x1.25,7000,8000,7000->8000,44.0,42.0,-2.0,-0.04545454545454442,-0.04545454545454442,0.04545454545454442
EleutherAI/pythia-410m-deduped,mlp.dense_4h_to_h,nuclear_norm,0,1,0->1,165.17736619090041,165.17736619090041,0.0,0.0,0.0,0.0
EleutherAI/pythia-410m-deduped,mlp.dense_4h_to_h,nuclear_norm,1,2,1->2,165.17736619090041,165.17734882732233,-1.736357808113098e-05,-1.0512080729670476e-07,-1.0512080729670476e-07,1.0512080729670476e-07
EleutherAI/pythia-410m-deduped,mlp.dense_4h_to_h,nuclear_norm,2,4,2->4,165.17734882732233,165.1771708469217,-0.00017798040062189102,-1.0775109413334392e-06,-1.0775109413334392e-06,1.0775109413334392e-06
EleutherAI/pythia-410m-deduped,mlp.dense_4h_to_h,nuclear_norm,4,8,4->8,165.1771708469217,165.17716916836798,-1.6785537297892006e-06,-1.0162141179574953e-08,-1.0162141179574953e-08,1.0162141179574953e-08
EleutherAI/pythia-410m-deduped,mlp.dense_4h_to_h,nuclear_norm,8,16,8->16,165.17716916836798,165.17902186512947,0.0018526967614889145,1.121642156005481e-05,1.121642156005481e-05,1.121642156005481e-05
EleutherAI/pythia-410m-deduped,mlp.dense_4h_to_h,nuclear_norm,16,32,16->32,165.17902186512947,165.1981044380615,0.01908257293203519,0.00011552661298367665,0.00011552661298367665,0.00011552661298367665
EleutherAI/pythia-410m-deduped,mlp.dense_4h_to_h,nuclear_norm,32,64,32->64,165.1981044380615,165.30112615724406,0.10302171918254999,0.0006236253105505565,0.0006236253105505565,0.0006236253105505565
EleutherAI/pythia-410m-deduped,mlp.dense_4h_to_h,nuclear_norm,64,128,64->128,165.30112615724406,165.58668838068843,0.2855622234443729,0.0017275273924796358,0.0017275273924796358,0.0017275273924796358
EleutherAI/pythia-410m-deduped,mlp.dense_4h_to_h,nuclear_norm,128,256,128->256,165.58668838068843,166.40975282341242,0.8230644427239895,0.004970595467382839,0.004970595467382839,0.004970595467382839
EleutherAI/pythia-410m-deduped,mlp.dense_4h_to_h,nuclear_norm,256,512,256->512,166.40975282341242,171.26956828900924,4.859815465596824,0.029203910126312387,0.029203910126312387,0.029203910126312387
EleutherAI/pythia-410m-deduped,mlp.dense_4h_to_h,nuclear_norm,512,1000,512->1000,171.26956828900924,204.29305908363312,33.02349079462388,0.1928158698858756,0.1928158698858756,0.1928158698858756
EleutherAI/pythia-410m-deduped,mlp.dense_4h_to_h,nuclear_norm,1000,2000,1000->2000,204.29305908363312,374.77067880208295,170.47761971844983,0.8344758284159776,0.8344758284159776,0.8344758284159776
EleutherAI/pythia-410m-deduped,mlp.dense_4h_to_h,nuclear_norm,2000,3000,2000->3000,374.77067880208295,533.1535906940699,158.3829118919869,0.42261286928380215,0.42261286928380215,0.42261286928380215
EleutherAI/pythia-410m-deduped,mlp.dense_4h_to_h,nuclear_norm,3000,4000,3000->4000,533.1535906940699,666.7527305247883,133.5991398307184,0.2505828379713173,0.2505828379713173,0.2505828379713173
EleutherAI/pythia-410m-deduped,mlp.dense_4h_to_h,nuclear_norm,4000,5000,4000->5000,666.7527305247883,781.453705660378,114.70097513558972,0.17202925445136252,0.17202925445136252,0.17202925445136252
EleutherAI/pythia-410m-deduped,mlp.dense_4h_to_h,nuclear_norm,5000,6000,5000->6000,781.453705660378,879.9949272318432,98.54122157146526,0.12609988391851254,0.12609988391851254,0.12609988391851254
EleutherAI/pythia-410m-deduped,mlp.dense_4h_to_h,nuclear_norm,6000,7000,6000->7000,879.9949272318432,965.7805005113283,85.7855732794851,0.0974841679478045,0.0974841679478045,0.0974841679478045
EleutherAI/pythia-410m-deduped,mlp.dense_4h_to_h,nuclear_norm,7000,8000,7000->8000,965.7805005113283,1041.0098498407751,75.22934932944679,0.07789487289256394,0.07789487289256394,0.07789487289256394
EleutherAI/pythia-410m-deduped,mlp.dense_4h_to_h,spectral_norm,0,1,0->1,0.24939000420272348,0.24939000420272348,0.0,0.0,0.0,0.0
EleutherAI/pythia-410m-deduped,mlp.dense_4h_to_h,spectral_norm,1,2,1->2,0.24939000420272348,0.24939013086259362,1.2665987014770508e-07,5.07878696069303e-07,5.07878696069303e-07,5.07878696069303e-07
EleutherAI/pythia-410m-deduped,mlp.dense_4h_to_h,spectral_norm,2,4,2->4,0.24939013086259362,0.24938761691252387,-2.5139500697546335e-06,-1.0080391156816318e-05,-1.0080391156816318e-05,1.0080391156816318e-05
EleutherAI/pythia-410m-deduped,mlp.dense_4h_to_h,spectral_norm,4,8,4->8,0.24938761691252387,0.24939227414627865,4.657233754784551e-06,1.8674679250010497e-05,1.8674679250010497e-05,1.8674679250010497e-05
EleutherAI/pythia-410m-deduped,mlp.dense_4h_to_h,spectral_norm,8,16,8->16,0.24939227414627865,0.2493980899453163,5.815799037633962e-06,2.3319884537399264e-05,2.3319884537399264e-05,2.3319884537399264e-05
EleutherAI/pythia-410m-deduped,mlp.dense_4h_to_h,spectral_norm,16,32,16->32,0.2493980899453163,0.2494575213640928,5.9431418776512146e-05,0.00023829941435920757,0.00023829941435920757,0.00023829941435920757
EleutherAI/pythia-410m-deduped,mlp.dense_4h_to_h,spectral_norm,32,64,32->64,0.2494575213640928,0.24976658572753266,0.0003090643634398593,0.001238945860395723,0.001238945860395723,0.001238945860395723
EleutherAI/pythia-410m-deduped,mlp.dense_4h_to_h,spectral_norm,64,128,64->128,0.24976658572753266,0.25378092564642424,0.00401433991889158,0.01607236575373898,0.01607236575373898,0.01607236575373898
EleutherAI/pythia-410m-deduped,mlp.dense_4h_to_h,spectral_norm,128,256,128->256,0.25378092564642424,0.2689748511960109,0.015193925549586651,0.05987024245744713,0.05987024245744713,0.05987024245744713
EleutherAI/pythia-410m-deduped,mlp.dense_4h_to_h,spectral_norm,256,512,256->512,0.2689748511960109,0.35531040529410046,0.08633555409808957,0.320980023648579,0.320980023648579,0.320980023648579
EleutherAI/pythia-410m-deduped,mlp.dense_4h_to_h,spectral_norm,512,1000,512->1000,0.35531040529410046,0.7150446524222692,0.35973424712816876,1.0124506396861475,1.0124506396861475,1.0124506396861475
EleutherAI/pythia-410m-deduped,mlp.dense_4h_to_h,spectral_norm,1000,2000,1000->2000,0.7150446524222692,1.380528246363004,0.6654835939407348,0.9306881628796563,0.9306881628796563,0.9306881628796563
EleutherAI/pythia-410m-deduped,mlp.dense_4h_to_h,spectral_norm,2000,3000,2000->3000,1.380528246363004,1.717004656791687,0.33647641042868304,0.24373018901633126,0.24373018901633126,0.24373018901633126
EleutherAI/pythia-410m-deduped,mlp.dense_4h_to_h,spectral_norm,3000,4000,3000->4000,1.717004656791687,2.0564470340808234,0.3394423772891364,0.19769450009716602,0.19769450009716602,0.19769450009716602
EleutherAI/pythia-410m-deduped,mlp.dense_4h_to_h,spectral_norm,4000,5000,4000->5000,2.0564470340808234,2.3510825783014297,0.29463554422060634,0.143274073845601,0.143274073845601,0.143274073845601
EleutherAI/pythia-410m-deduped,mlp.dense_4h_to_h,spectral_norm,5000,6000,5000->6000,2.3510825783014297,2.6081139892339706,0.2570314109325409,0.10932470569286734,0.10932470569286734,0.10932470569286734
EleutherAI/pythia-410m-deduped,mlp.dense_4h_to_h,spectral_norm,6000,7000,6000->7000,2.6081139892339706,2.8568218847115836,0.24870789547761296,0.09535928893605053,0.09535928893605053,0.09535928893605053
EleutherAI/pythia-410m-deduped,mlp.dense_4h_to_h,spectral_norm,7000,8000,7000->8000,2.8568218847115836,3.0561604301134744,0.19933854540189078,0.06977632958799097,0.06977632958799097,0.06977632958799097
EleutherAI/pythia-410m-deduped,mlp.dense_4h_to_h,stable_rank,0,1,0->1,457.5234970431184,457.5234970431184,0.0,0.0,-0.0,0.0
EleutherAI/pythia-410m-deduped,mlp.dense_4h_to_h,stable_rank,1,2,1->2,457.5234970431184,457.52299879043227,-0.0004982526861567749,-1.0890209778883049e-06,1.0890209778883049e-06,1.0890209778883049e-06
EleutherAI/pythia-410m-deduped,mlp.dense_4h_to_h,stable_rank,2,4,2->4,457.52299879043227,457.5310903823065,0.008091591874233472,1.768565054789693e-05,-1.768565054789693e-05,1.768565054789693e-05
EleutherAI/pythia-410m-deduped,mlp.dense_4h_to_h,stable_rank,4,8,4->8,457.5310903823065,457.5140855359188,-0.017004846387692396,-3.7166537411661684e-05,3.7166537411661684e-05,3.7166537411661684e-05
EleutherAI/pythia-410m-deduped,mlp.dense_4h_to_h,stable_rank,8,16,8->16,457.5140855359188,457.5029703366661,-0.01111519925268567,-2.4294769503469213e-05,2.4294769503469213e-05,2.4294769503469213e-05
EleutherAI/pythia-410m-deduped,mlp.dense_4h_to_h,stable_rank,16,32,16->32,457.5029703366661,457.3941067659839,-0.10886357068221741,-0.0002379516150509513,0.0002379516150509513,0.0002379516150509513
EleutherAI/pythia-410m-deduped,mlp.dense_4h_to_h,stable_rank,32,64,32->64,457.3941067659839,456.85193297596624,-0.5421737900176709,-0.0011853536851428247,0.0011853536851428247,0.0011853536851428247
EleutherAI/pythia-410m-deduped,mlp.dense_4h_to_h,stable_rank,64,128,64->128,456.85193297596624,444.7900265846069,-12.061906391359344,-0.0264022225161382,0.0264022225161382,0.0264022225161382
EleutherAI/pythia-410m-deduped,mlp.dense_4h_to_h,stable_rank,128,256,128->256,444.7900265846069,407.3466264401868,-37.44340014442008,-0.08418219363400586,0.08418219363400586,0.08418219363400586
EleutherAI/pythia-410m-deduped,mlp.dense_4h_to_h,stable_rank,256,512,256->512,407.3466264401868,259.2481996862935,-148.0984267538933,-0.3635685608792912,0.3635685608792912,0.3635685608792912
EleutherAI/pythia-410m-deduped,mlp.dense_4h_to_h,stable_rank,512,1000,512->1000,259.2481996862935,94.15319204460305,-165.09500764169047,-0.6368221952610089,0.6368221952610089,0.6368221952610089
EleutherAI/pythia-410m-deduped,mlp.dense_4h_to_h,stable_rank,1000,2000,1000->2000,94.15319204460305,89.08228335203101,-5.070908692572033,-0.05385806452711391,0.05385806452711391,0.05385806452711391
EleutherAI/pythia-410m-deduped,mlp.dense_4h_to_h,stable_rank,2000,3000,2000->3000,89.08228335203101,113.62454406192091,24.542260709889902,0.27550102878374505,-0.27550102878374505,0.27550102878374505
EleutherAI/pythia-410m-deduped,mlp.dense_4h_to_h,stable_rank,3000,4000,3000->4000,113.62454406192091,121.61868957193683,7.994145510015912,0.07035579835338522,-0.07035579835338522,0.07035579835338522
EleutherAI/pythia-410m-deduped,mlp.dense_4h_to_h,stable_rank,4000,5000,4000->5000,121.61868957193683,127.08039562478943,5.461706052852605,0.04490844353015323,-0.04490844353015323,0.04490844353015323
EleutherAI/pythia-410m-deduped,mlp.dense_4h_to_h,stable_rank,5000,6000,5000->6000,127.08039562478943,131.06832713996297,3.9879315151735426,0.03138117012908945,-0.03138117012908945,0.03138117012908945
EleutherAI/pythia-410m-deduped,mlp.dense_4h_to_h,stable_rank,6000,7000,6000->7000,131.06832713996297,130.8386773971403,-0.22964974282268713,-0.001752137589865254,0.001752137589865254,0.001752137589865254
EleutherAI/pythia-410m-deduped,mlp.dense_4h_to_h,stable_rank,7000,8000,7000->8000,130.8386773971403,133.61242202036664,2.7737446232263494,0.021199729914779416,-0.021199729914779416,0.021199729914779416
EleutherAI/pythia-410m-deduped,mlp.dense_4h_to_h,subspace_stability_topk,1,2,1->2,1.0004372696081798,1.0004342943429947,-2.9752651851122636e-06,-2.973964760703636e-06,2.973964760703636e-06,2.973964760703636e-06
EleutherAI/pythia-410m-deduped,mlp.dense_4h_to_h,subspace_stability_topk,2,4,2->4,1.0004342943429947,1.0004266798496246,-7.614493370056152e-06,-7.611187874211301e-06,7.611187874211301e-06,7.611187874211301e-06
EleutherAI/pythia-410m-deduped,mlp.dense_4h_to_h,subspace_stability_topk,4,8,4->8,1.0004266798496246,1.00040968755881,-1.6992290814643596e-05,-1.6985043638760954e-05,1.6985043638760954e-05,1.6985043638760954e-05
EleutherAI/pythia-410m-deduped,mlp.dense_4h_to_h,subspace_stability_topk,8,16,8->16,1.00040968755881,0.9999992996454239,-0.00041038791338610103,-0.00041021985141618866,0.00041021985141618866,0.00041021985141618866
EleutherAI/pythia-410m-deduped,mlp.dense_4h_to_h,subspace_stability_topk,16,32,16->32,0.9999992996454239,0.9967936923106512,-0.0032056073347727088,-0.003205609579832842,0.003205609579832842,0.003205609579832842
EleutherAI/pythia-410m-deduped,mlp.dense_4h_to_h,subspace_stability_topk,32,64,32->64,0.9967936923106512,0.9780648599068323,-0.01872883240381884,-0.018789075962534485,0.018789075962534485,0.018789075962534485
EleutherAI/pythia-410m-deduped,mlp.dense_4h_to_h,subspace_stability_topk,64,128,64->128,0.9780648599068323,0.9243132000168165,-0.053751659890015846,-0.05495715273430958,0.05495715273430958,0.05495715273430958
EleutherAI/pythia-410m-deduped,mlp.dense_4h_to_h,subspace_stability_topk,128,256,128->256,0.9243132000168165,0.832772376636664,-0.09154082338015246,-0.09903658562745613,0.09903658562745613,0.09903658562745613
EleutherAI/pythia-410m-deduped,mlp.dense_4h_to_h,subspace_stability_topk,256,512,256->512,0.832772376636664,0.4923556906481584,-0.34041668598850566,-0.4087751894016288,0.4087751894016288,0.4087751894016288
EleutherAI/pythia-410m-deduped,mlp.dense_4h_to_h,subspace_stability_topk,512,1000,512->1000,0.4923556906481584,0.6456121702988943,0.1532564796507359,0.31127187633125797,-0.31127187633125797,0.31127187633125797
EleutherAI/pythia-410m-deduped,mlp.dense_4h_to_h,subspace_stability_topk,1000,2000,1000->2000,0.6456121702988943,0.6304978926976522,-0.015114277601242065,-0.023410769338845193,0.023410769338845193,0.023410769338845193
EleutherAI/pythia-410m-deduped,mlp.dense_4h_to_h,subspace_stability_topk,2000,3000,2000->3000,0.6304978926976522,0.8158177038033804,0.18531981110572815,0.2939261387734759,-0.2939261387734759,0.2939261387734759
EleutherAI/pythia-410m-deduped,mlp.dense_4h_to_h,subspace_stability_topk,3000,4000,3000->4000,0.8158177038033804,0.9013436933358511,0.0855259895324707,0.10483468198059408,-0.10483468198059408,0.10483468198059408
EleutherAI/pythia-410m-deduped,mlp.dense_4h_to_h,subspace_stability_topk,4000,5000,4000->5000,0.9013436933358511,0.9391918058196703,0.03784811248381925,0.041990766411980227,-0.041990766411980227,0.041990766411980227
EleutherAI/pythia-410m-deduped,mlp.dense_4h_to_h,subspace_stability_topk,5000,6000,5000->6000,0.9391918058196703,0.9651538853844007,0.0259620795647304,0.02764300050727616,-0.02764300050727616,0.02764300050727616
EleutherAI/pythia-410m-deduped,mlp.dense_4h_to_h,subspace_stability_topk,6000,7000,6000->7000,0.9651538853844007,0.9729900360107422,0.007836150626341465,0.008119068622111354,-0.008119068622111354,0.008119068622111354
EleutherAI/pythia-410m-deduped,mlp.dense_4h_to_h,subspace_stability_topk,7000,8000,7000->8000,0.9729900360107422,0.9821130832036337,0.009123047192891476,0.009376300738172593,-0.009376300738172593,0.009376300738172593
EleutherAI/pythia-410m-deduped,mlp.dense_h_to_4h,alpha_tail_frac_0.2,0,1,0->1,7.891685809617056,7.891685809617056,0.0,0.0,0.0,0.0
EleutherAI/pythia-410m-deduped,mlp.dense_h_to_4h,alpha_tail_frac_0.2,1,2,1->2,7.891685809617056,7.891820244551149,0.0001344349340932638,1.7035008404594632e-05,1.7035008404594632e-05,1.7035008404594632e-05
EleutherAI/pythia-410m-deduped,mlp.dense_h_to_4h,alpha_tail_frac_0.2,2,4,2->4,7.891820244551149,7.891768015764853,-5.222878629584926e-05,-6.618091223238851e-06,-6.618091223238851e-06,6.618091223238851e-06
EleutherAI/pythia-410m-deduped,mlp.dense_h_to_4h,alpha_tail_frac_0.2,4,8,4->8,7.891768015764853,7.891785370143352,1.7354378498701806e-05,2.1990482315283387e-06,2.1990482315283387e-06,2.1990482315283387e-06
EleutherAI/pythia-410m-deduped,mlp.dense_h_to_4h,alpha_tail_frac_0.2,8,16,8->16,7.891785370143352,7.891841163590541,5.579344718942281e-05,7.069813048958054e-06,7.069813048958054e-06,7.069813048958054e-06
EleutherAI/pythia-410m-deduped,mlp.dense_h_to_4h,alpha_tail_frac_0.2,16,32,16->32,7.891841163590541,7.891961503493789,0.00012033990324766819,1.524864740091931e-05,1.524864740091931e-05,1.524864740091931e-05
EleutherAI/pythia-410m-deduped,mlp.dense_h_to_4h,alpha_tail_frac_0.2,32,64,32->64,7.891961503493789,7.891806767034321,-0.00015473645946784131,-1.9606844179272735e-05,-1.9606844179272735e-05,1.9606844179272735e-05
EleutherAI/pythia-410m-deduped,mlp.dense_h_to_4h,alpha_tail_frac_0.2,64,128,64->128,7.891806767034321,7.8916446104492275,-0.00016215658509377562,-2.0547460154639878e-05,-2.0547460154639878e-05,2.0547460154639878e-05
EleutherAI/pythia-410m-deduped,mlp.dense_h_to_4h,alpha_tail_frac_0.2,128,256,128->256,7.8916446104492275,7.890270242285755,-0.0013743681634723615,-0.00017415484747658347,-0.00017415484747658347,0.00017415484747658347
EleutherAI/pythia-410m-deduped,mlp.dense_h_to_4h,alpha_tail_frac_0.2,256,512,256->512,7.890270242285755,7.877527740477915,-0.012742501807839979,-0.001614963926019719,-0.001614963926019719,0.001614963926019719
EleutherAI/pythia-410m-deduped,mlp.dense_h_to_4h,alpha_tail_frac_0.2,512,1000,512->1000,7.877527740477915,6.417579032592762,-1.459948707885153,-0.18533082408369853,-0.18533082408369853,0.18533082408369853
EleutherAI/pythia-410m-deduped,mlp.dense_h_to_4h,alpha_tail_frac_0.2,1000,2000,1000->2000,6.417579032592762,3.6002667370660575,-2.8173122955267047,-0.4389992365061759,-0.4389992365061759,0.4389992365061759
EleutherAI/pythia-410m-deduped,mlp.dense_h_to_4h,alpha_tail_frac_0.2,2000,3000,2000->3000,3.6002667370660575,3.0255663796327616,-0.5747003574332958,-0.15962716082016554,-0.15962716082016554,0.15962716082016554
EleutherAI/pythia-410m-deduped,mlp.dense_h_to_4h,alpha_tail_frac_0.2,3000,4000,3000->4000,3.0255663796327616,2.813991167664048,-0.21157521196871354,-0.06992912579704308,-0.06992912579704308,0.06992912579704308
EleutherAI/pythia-410m-deduped,mlp.dense_h_to_4h,alpha_tail_frac_0.2,4000,5000,4000->5000,2.813991167664048,2.7005323340836185,-0.11345883358042963,-0.04031954146983831,-0.04031954146983831,0.04031954146983831
EleutherAI/pythia-410m-deduped,mlp.dense_h_to_4h,alpha_tail_frac_0.2,5000,6000,5000->6000,2.7005323340836185,2.6286327953599833,-0.07189953872363519,-0.026624209536823228,-0.026624209536823228,0.026624209536823228
EleutherAI/pythia-410m-deduped,mlp.dense_h_to_4h,alpha_tail_frac_0.2,6000,7000,6000->7000,2.6286327953599833,2.5875720000426514,-0.041060795317331866,-0.01562059006103707,-0.01562059006103707,0.01562059006103707
EleutherAI/pythia-410m-deduped,mlp.dense_h_to_4h,alpha_tail_frac_0.2,7000,8000,7000->8000,2.5875720000426514,2.5513604705463373,-0.03621152949631412,-0.013994404598481992,-0.013994404598481992,0.013994404598481992
EleutherAI/pythia-410m-deduped,mlp.dense_h_to_4h,alpha_tail_frac_0.3,0,1,0->1,5.713168839777136,5.713168839777136,0.0,0.0,-0.0,0.0
EleutherAI/pythia-410m-deduped,mlp.dense_h_to_4h,alpha_tail_frac_0.3,1,2,1->2,5.713168839777136,5.713192648717531,2.3808940394332012e-05,4.167379095916339e-06,-4.167379095916339e-06,4.167379095916339e-06
EleutherAI/pythia-410m-deduped,mlp.dense_h_to_4h,alpha_tail_frac_0.3,2,4,2->4,5.713192648717531,5.7131758283747756,-1.6820342755075046e-05,-2.9441231530758636e-06,2.9441231530758636e-06,2.9441231530758636e-06
EleutherAI/pythia-410m-deduped,mlp.dense_h_to_4h,alpha_tail_frac_0.3,4,8,4->8,5.7131758283747756,5.71319719062377,2.1362248994627464e-05,3.739119823431136e-06,-3.739119823431136e-06,3.739119823431136e-06
EleutherAI/pythia-410m-deduped,mlp.dense_h_to_4h,alpha_tail_frac_0.3,8,16,8->16,5.71319719062377,5.713214999097058,1.7808473288027926e-05,3.117076602440965e-06,-3.117076602440965e-06,3.117076602440965e-06
EleutherAI/pythia-410m-deduped,mlp.dense_h_to_4h,alpha_tail_frac_0.3,16,32,16->32,5.713214999097058,5.713208364975628,-6.634121429982542e-06,-1.1611888281869083e-06,1.1611888281869083e-06,1.1611888281869083e-06
EleutherAI/pythia-410m-deduped,mlp.dense_h_to_4h,alpha_tail_frac_0.3,32,64,32->64,5.713208364975628,5.713056429422678,-0.00015193555295045513,-2.6593735646306445e-05,2.6593735646306445e-05,2.6593735646306445e-05
EleutherAI/pythia-410m-deduped,mlp.dense_h_to_4h,alpha_tail_frac_0.3,64,128,64->128,5.713056429422678,5.712855283307512,-0.00020114611516586223,-3.520814430081753e-05,3.520814430081753e-05,3.520814430081753e-05
EleutherAI/pythia-410m-deduped,mlp.dense_h_to_4h,alpha_tail_frac_0.3,128,256,128->256,5.712855283307512,5.712079765999995,-0.0007755173075167932,-0.00013574951036877383,0.00013574951036877383,0.00013574951036877383
EleutherAI/pythia-410m-deduped,mlp.dense_h_to_4h,alpha_tail_frac_0.3,256,512,256->512,5.712079765999995,5.705464029136965,-0.006615736863030186,-0.0011582010640691452,0.0011582010640691452,0.0011582010640691452
EleutherAI/pythia-410m-deduped,mlp.dense_h_to_4h,alpha_tail_frac_0.3,512,1000,512->1000,5.705464029136965,5.2400805361525515,-0.4653834929844134,-0.08156803558968856,0.08156803558968856,0.08156803558968856
EleutherAI/pythia-410m-deduped,mlp.dense_h_to_4h,alpha_tail_frac_0.3,1000,2000,1000->2000,5.2400805361525515,3.5349649089059914,-1.7051156272465602,-0.3253987444433802,0.3253987444433802,0.3253987444433802
EleutherAI/pythia-410m-deduped,mlp.dense_h_to_4h,alpha_tail_frac_0.3,2000,3000,2000->3000,3.5349649089059914,3.001340121759491,-0.5336247871465005,-0.1509561766234044,0.1509561766234044,0.1509561766234044
EleutherAI/pythia-410m-deduped,mlp.dense_h_to_4h,alpha_tail_frac_0.3,3000,4000,3000->4000,3.001340121759491,2.7756899996494173,-0.22565012211007351,-0.07518312252385255,0.07518312252385255,0.07518312252385255
EleutherAI/pythia-410m-deduped,mlp.dense_h_to_4h,alpha_tail_frac_0.3,4000,5000,4000->5000,2.7756899996494173,2.6554110177699126,-0.1202789818795047,-0.04333300256680435,0.04333300256680435,0.04333300256680435
EleutherAI/pythia-410m-deduped,mlp.dense_h_to_4h,alpha_tail_frac_0.3,5000,6000,5000->6000,2.6554110177699126,2.5787261869150395,-0.0766848308548731,-0.02887870478117028,0.02887870478117028,0.02887870478117028
EleutherAI/pythia-410m-deduped,mlp.dense_h_to_4h,alpha_tail_frac_0.3,6000,7000,6000->7000,2.5787261869150395,2.5322234411338402,-0.046502745781199284,-0.018033223541586256,0.018033223541586256,0.018033223541586256
EleutherAI/pythia-410m-deduped,mlp.dense_h_to_4h,alpha_tail_frac_0.3,7000,8000,7000->8000,2.5322234411338402,2.494739414778609,-0.037484026355231403,-0.014802811531684019,0.014802811531684019,0.014802811531684019
EleutherAI/pythia-410m-deduped,mlp.dense_h_to_4h,alpha_tail_frac_0.5,0,1,0->1,3.6467704038670585,3.6467704038670585,0.0,0.0,0.0,0.0
EleutherAI/pythia-410m-deduped,mlp.dense_h_to_4h,alpha_tail_frac_0.5,1,2,1->2,3.6467704038670585,3.646801385463051,3.098159599268513e-05,8.495625597877934e-06,8.495625597877934e-06,8.495625597877934e-06
EleutherAI/pythia-410m-deduped,mlp.dense_h_to_4h,alpha_tail_frac_0.5,2,4,2->4,3.646801385463051,3.646777559122373,-2.3826340678212432e-05,-6.53349008070001e-06,-6.53349008070001e-06,6.53349008070001e-06
EleutherAI/pythia-410m-deduped,mlp.dense_h_to_4h,alpha_tail_frac_0.5,4,8,4->8,3.646777559122373,3.6467669297324057,-1.0629389967320435e-05,-2.9147349392693887e-06,-2.9147349392693887e-06,2.9147349392693887e-06
EleutherAI/pythia-410m-deduped,mlp.dense_h_to_4h,alpha_tail_frac_0.5,8,16,8->16,3.6467669297324057,3.646786113150842,1.9183418436430344e-05,5.260390588721483e-06,5.260390588721483e-06,5.260390588721483e-06
EleutherAI/pythia-410m-deduped,mlp.dense_h_to_4h,alpha_tail_frac_0.5,16,32,16->32,3.646786113150842,3.6467908882667452,4.775115903132843e-06,1.309403884673074e-06,1.309403884673074e-06,1.309403884673074e-06
EleutherAI/pythia-410m-deduped,mlp.dense_h_to_4h,alpha_tail_frac_0.5,32,64,32->64,3.6467908882667452,3.6467761929079856,-1.4695358759642119e-05,-4.029668607245679e-06,-4.029668607245679e-06,4.029668607245679e-06
EleutherAI/pythia-410m-deduped,mlp.dense_h_to_4h,alpha_tail_frac_0.5,64,128,64->128,3.6467761929079856,3.6467921314000353,1.5938492049727415e-05,4.3705703905600765e-06,4.3705703905600765e-06,4.3705703905600765e-06
EleutherAI/pythia-410m-deduped,mlp.dense_h_to_4h,alpha_tail_frac_0.5,128,256,128->256,3.6467921314000353,3.6464279377943307,-0.00036419360570461023,-9.986683983676724e-05,-9.986683983676724e-05,9.986683983676724e-05
EleutherAI/pythia-410m-deduped,mlp.dense_h_to_4h,alpha_tail_frac_0.5,256,512,256->512,3.6464279377943307,3.643482046556507,-0.002945891237823517,-0.0008078841233332131,-0.0008078841233332131,0.0008078841233332131
EleutherAI/pythia-410m-deduped,mlp.dense_h_to_4h,alpha_tail_frac_0.5,512,1000,512->1000,3.643482046556507,3.5611810323343858,-0.08230101422212144,-0.022588560385492333,-0.022588560385492333,0.022588560385492333
EleutherAI/pythia-410m-deduped,mlp.dense_h_to_4h,alpha_tail_frac_0.5,1000,2000,1000->2000,3.5611810323343858,2.9360063370633167,-0.6251746952710691,-0.17555262975807942,-0.17555262975807942,0.17555262975807942
EleutherAI/pythia-410m-deduped,mlp.dense_h_to_4h,alpha_tail_frac_0.5,2000,3000,2000->3000,2.9360063370633167,2.6022125530814795,-0.33379378398183723,-0.11368973553224489,-0.11368973553224489,0.11368973553224489
EleutherAI/pythia-410m-deduped,mlp.dense_h_to_4h,alpha_tail_frac_0.5,3000,4000,3000->4000,2.6022125530814795,2.4269887712644223,-0.17522378181705722,-0.06733646012486334,-0.06733646012486334,0.06733646012486334
EleutherAI/pythia-410m-deduped,mlp.dense_h_to_4h,alpha_tail_frac_0.5,4000,5000,4000->5000,2.4269887712644223,2.3284929234270257,-0.09849584783739651,-0.04058356140891462,-0.04058356140891462,0.04058356140891462
EleutherAI/pythia-410m-deduped,mlp.dense_h_to_4h,alpha_tail_frac_0.5,5000,6000,5000->6000,2.3284929234270257,2.265661522458369,-0.06283140096865658,-0.026983719957437403,-0.026983719957437403,0.026983719957437403
EleutherAI/pythia-410m-deduped,mlp.dense_h_to_4h,alpha_tail_frac_0.5,6000,7000,6000->7000,2.265661522458369,2.2243384581250414,-0.041323064333327775,-0.018238851621786692,-0.018238851621786692,0.018238851621786692
EleutherAI/pythia-410m-deduped,mlp.dense_h_to_4h,alpha_tail_frac_0.5,7000,8000,7000->8000,2.2243384581250414,2.1947266513705905,-0.029611806754450853,-0.013312635334911298,-0.013312635334911298,0.013312635334911298
EleutherAI/pythia-410m-deduped,mlp.dense_h_to_4h,effective_rank,0,1,0->1,989.3693194918288,989.3693194918288,0.0,0.0,-0.0,0.0
EleutherAI/pythia-410m-deduped,mlp.dense_h_to_4h,effective_rank,1,2,1->2,989.3693194918288,989.3692826860846,-3.6805744230150594e-05,-3.720121849852302e-08,3.720121849852302e-08,3.720121849852302e-08
EleutherAI/pythia-410m-deduped,mlp.dense_h_to_4h,effective_rank,2,4,2->4,989.3692826860846,989.3692544732776,-2.8212807023919595e-05,-2.8515952049090615e-08,2.8515952049090615e-08,2.8515952049090615e-08
EleutherAI/pythia-410m-deduped,mlp.dense_h_to_4h,effective_rank,4,8,4->8,989.3692544732776,989.3692830405321,2.8567254503286676e-05,2.887420887006979e-08,-2.887420887006979e-08,2.887420887006979e-08
EleutherAI/pythia-410m-deduped,mlp.dense_h_to_4h,effective_rank,8,16,8->16,989.3692830405321,989.3692892200994,6.179567321851209e-06,6.245966423032805e-09,-6.245966423032805e-09,6.245966423032805e-09
EleutherAI/pythia-410m-deduped,mlp.dense_h_to_4h,effective_rank,16,32,16->32,989.3692892200994,989.3693409363349,5.171623547539639e-05,5.227192317255293e-08,-5.227192317255293e-08,5.227192317255293e-08
EleutherAI/pythia-410m-deduped,mlp.dense_h_to_4h,effective_rank,32,64,32->64,989.3693409363349,989.3695680496493,0.00022711331439495552,2.2955362067316158e-07,-2.2955362067316158e-07,2.2955362067316158e-07
EleutherAI/pythia-410m-deduped,mlp.dense_h_to_4h,effective_rank,64,128,64->128,989.3695680496493,989.3693474845354,-0.00022056511386381317,-2.2293500930962975e-07,2.2293500930962975e-07,2.2293500930962975e-07
EleutherAI/pythia-410m-deduped,mlp.dense_h_to_4h,effective_rank,128,256,128->256,989.3693474845354,989.3665846077611,-0.002762876774340839,-2.792563547036737e-06,2.792563547036737e-06,2.792563547036737e-06
EleutherAI/pythia-410m-deduped,mlp.dense_h_to_4h,effective_rank,256,512,256->512,989.3665846077611,989.3345609394186,-0.0320236683425037,-3.2367849127631086e-05,3.2367849127631086e-05,3.2367849127631086e-05
EleutherAI/pythia-410m-deduped,mlp.dense_h_to_4h,effective_rank,512,1000,512->1000,989.3345609394186,988.2912988833586,-1.0432620560599162,-0.0010545088560024527,0.0010545088560024527,0.0010545088560024527
EleutherAI/pythia-410m-deduped,mlp.dense_h_to_4h,effective_rank,1000,2000,1000->2000,988.2912988833586,979.8240229532788,-8.467275930079836,-0.008567591295852502,0.008567591295852502,0.008567591295852502
EleutherAI/pythia-410m-deduped,mlp.dense_h_to_4h,effective_rank,2000,3000,2000->3000,979.8240229532788,972.489547945333,-7.334475007945798,-0.0074855023311625035,0.0074855023311625035,0.0074855023311625035
EleutherAI/pythia-410m-deduped,mlp.dense_h_to_4h,effective_rank,3000,4000,3000->4000,972.489547945333,966.9008058581053,-5.588742087227729,-0.005746840260685131,0.005746840260685131,0.005746840260685131
EleutherAI/pythia-410m-deduped,mlp.dense_h_to_4h,effective_rank,4000,5000,4000->5000,966.9008058581053,962.7835861555515,-4.117219702553825,-0.004258161413879338,0.004258161413879338,0.004258161413879338
EleutherAI/pythia-410m-deduped,mlp.dense_h_to_4h,effective_rank,5000,6000,5000->6000,962.7835861555515,959.5779114780297,-3.205674677521756,-0.0033295900798664324,0.0033295900798664324,0.0033295900798664324
EleutherAI/pythia-410m-deduped,mlp.dense_h_to_4h,effective_rank,6000,7000,6000->7000,959.5779114780297,957.053273468161,-2.5246380098686814,-0.0026309880413774847,0.0026309880413774847,0.0026309880413774847
EleutherAI/pythia-410m-deduped,mlp.dense_h_to_4h,effective_rank,7000,8000,7000->8000,957.053273468161,955.0288065655509,-2.024466902610129,-0.0021153126568115503,0.0021153126568115503,0.0021153126568115503
EleutherAI/pythia-410m-deduped,mlp.dense_h_to_4h,frobenius_norm,0,1,0->1,40.48088328052305,40.48088328052305,0.0,0.0,0.0,0.0
EleutherAI/pythia-410m-deduped,mlp.dense_h_to_4h,frobenius_norm,1,2,1->2,40.48088328052305,40.480883812116936,5.315938835792622e-07,1.3131973427937027e-08,1.3131973427937027e-08,1.3131973427937027e-08
EleutherAI/pythia-410m-deduped,mlp.dense_h_to_4h,frobenius_norm,2,4,2->4,40.480883812116936,40.480877826899466,-5.985217470083626e-06,-1.4785293468054057e-07,-1.4785293468054057e-07,1.4785293468054057e-07
EleutherAI/pythia-410m-deduped,mlp.dense_h_to_4h,frobenius_norm,4,8,4->8,40.480877826899466,40.48088252020428,4.693304816782984e-06,1.1593881034032754e-07,1.1593881034032754e-07,1.1593881034032754e-07
EleutherAI/pythia-410m-deduped,mlp.dense_h_to_4h,frobenius_norm,8,16,8->16,40.48088252020428,40.480733859248716,-0.00014866095556698156,-3.6723743730829036e-06,-3.6723743730829036e-06,3.6723743730829036e-06
EleutherAI/pythia-410m-deduped,mlp.dense_h_to_4h,frobenius_norm,16,32,16->32,40.480733859248716,40.48056917742533,-0.0001646818233851377,-4.068153111001678e-06,-4.068153111001678e-06,4.068153111001678e-06
EleutherAI/pythia-410m-deduped,mlp.dense_h_to_4h,frobenius_norm,32,64,32->64,40.48056917742533,40.48031384903268,-0.0002553283926474137,-6.307430894271999e-06,-6.307430894271999e-06,6.307430894271999e-06
EleutherAI/pythia-410m-deduped,mlp.dense_h_to_4h,frobenius_norm,64,128,64->128,40.48031384903268,40.480782491726394,0.0004686426937112742,1.1577051884010066e-05,1.1577051884010066e-05,1.1577051884010066e-05
EleutherAI/pythia-410m-deduped,mlp.dense_h_to_4h,frobenius_norm,128,256,128->256,40.480782491726394,40.477761606675095,-0.0030208850512991603,-7.46251644694987e-05,-7.46251644694987e-05,7.46251644694987e-05
EleutherAI/pythia-410m-deduped,mlp.dense_h_to_4h,frobenius_norm,256,512,256->512,40.477761606675095,40.47030280245167,-0.007458804223425375,-0.00018426918701441178,-0.00018426918701441178,0.00018426918701441178
EleutherAI/pythia-410m-deduped,mlp.dense_h_to_4h,frobenius_norm,512,1000,512->1000,40.47030280245167,40.71711242223119,0.2468096197795191,0.006098536524035135,0.006098536524035135,0.006098536524035135
EleutherAI/pythia-410m-deduped,mlp.dense_h_to_4h,frobenius_norm,1000,2000,1000->2000,40.71711242223119,43.04872897693459,2.331616554703402,0.057263799321641044,0.057263799321641044,0.057263799321641044
EleutherAI/pythia-410m-deduped,mlp.dense_h_to_4h,frobenius_norm,2000,3000,2000->3000,43.04872897693459,44.922923664465,1.8741946875304123,0.04353658591254942,0.04353658591254942,0.04353658591254942
EleutherAI/pythia-410m-deduped,mlp.dense_h_to_4h,frobenius_norm,3000,4000,3000->4000,44.922923664465,46.397031449912994,1.4741077854479911,0.03281415511729058,0.03281415511729058,0.03281415511729058
EleutherAI/pythia-410m-deduped,mlp.dense_h_to_4h,frobenius_norm,4000,5000,4000->5000,46.397031449912994,47.53826677562434,1.1412353257113494,0.024597162578026636,0.024597162578026636,0.024597162578026636
EleutherAI/pythia-410m-deduped,mlp.dense_h_to_4h,frobenius_norm,5000,6000,5000->6000,47.53826677562434,48.544938594797,1.0066718191726594,0.021176031173454936,0.021176031173454936,0.021176031173454936
EleutherAI/pythia-410m-deduped,mlp.dense_h_to_4h,frobenius_norm,6000,7000,6000->7000,48.544938594797,49.488953293758556,0.9440146989615528,0.019446202349563006,0.019446202349563006,0.019446202349563006
EleutherAI/pythia-410m-deduped,mlp.dense_h_to_4h,frobenius_norm,7000,8000,7000->8000,49.488953293758556,50.398294979729464,0.909341685970908,0.018374639701372993,0.018374639701372993,0.018374639701372993
EleutherAI/pythia-410m-deduped,mlp.dense_h_to_4h,mp_outliers_x1,0,1,0->1,0.125,0.125,0.0,0.0,0.0,0.0
EleutherAI/pythia-410m-deduped,mlp.dense_h_to_4h,mp_outliers_x1,1,2,1->2,0.125,0.125,0.0,0.0,0.0,0.0
EleutherAI/pythia-410m-deduped,mlp.dense_h_to_4h,mp_outliers_x1,2,4,2->4,0.125,0.125,0.0,0.0,0.0,0.0
EleutherAI/pythia-410m-deduped,mlp.dense_h_to_4h,mp_outliers_x1,4,8,4->8,0.125,0.125,0.0,0.0,0.0,0.0
EleutherAI/pythia-410m-deduped,mlp.dense_h_to_4h,mp_outliers_x1,8,16,8->16,0.125,0.125,0.0,0.0,0.0,0.0
EleutherAI/pythia-410m-deduped,mlp.dense_h_to_4h,mp_outliers_x1,16,32,16->32,0.125,0.125,0.0,0.0,0.0,0.0
EleutherAI/pythia-410m-deduped,mlp.dense_h_to_4h,mp_outliers_x1,32,64,32->64,0.125,0.125,0.0,0.0,0.0,0.0
EleutherAI/pythia-410m-deduped,mlp.dense_h_to_4h,mp_outliers_x1,64,128,64->128,0.125,0.125,0.0,0.0,0.0,0.0
EleutherAI/pythia-410m-deduped,mlp.dense_h_to_4h,mp_outliers_x1,128,256,128->256,0.125,0.16666666666666666,0.04166666666666666,0.33333333333066656,0.33333333333066656,0.33333333333066656
EleutherAI/pythia-410m-deduped,mlp.dense_h_to_4h,mp_outliers_x1,256,512,256->512,0.16666666666666666,0.25,0.08333333333333334,0.49999999999700007,0.49999999999700007,0.49999999999700007
EleutherAI/pythia-410m-deduped,mlp.dense_h_to_4h,mp_outliers_x1,512,1000,512->1000,0.25,5.791666666666667,5.541666666666667,22.166666666578003,22.166666666578003,22.166666666578003
EleutherAI/pythia-410m-deduped,mlp.dense_h_to_4h,mp_outliers_x1,1000,2000,1000->2000,5.791666666666667,43.333333333333336,37.54166666666667,6.48201438848809,6.48201438848809,6.48201438848809
EleutherAI/pythia-410m-deduped,mlp.dense_h_to_4h,mp_outliers_x1,2000,3000,2000->3000,43.333333333333336,68.79166666666667,25.458333333333336,0.5874999999999865,0.5874999999999865,0.5874999999999865
EleutherAI/pythia-410m-deduped,mlp.dense_h_to_4h,mp_outliers_x1,3000,4000,3000->4000,68.79166666666667,85.70833333333333,16.916666666666657,0.2459115687462107,0.2459115687462107,0.2459115687462107
EleutherAI/pythia-410m-deduped,mlp.dense_h_to_4h,mp_outliers_x1,4000,5000,4000->5000,85.70833333333333,97.0,11.291666666666671,0.13174526008750462,0.13174526008750462,0.13174526008750462
EleutherAI/pythia-410m-deduped,mlp.dense_h_to_4h,mp_outliers_x1,5000,6000,5000->6000,97.0,104.95833333333333,7.958333333333329,0.08204467353951801,0.08204467353951801,0.08204467353951801
EleutherAI/pythia-410m-deduped,mlp.dense_h_to_4h,mp_outliers_x1,6000,7000,6000->7000,104.95833333333333,110.125,5.166666666666671,0.04922588328701824,0.04922588328701824,0.04922588328701824
EleutherAI/pythia-410m-deduped,mlp.dense_h_to_4h,mp_outliers_x1,7000,8000,7000->8000,110.125,114.625,4.5,0.04086265607264435,0.04086265607264435,0.04086265607264435
EleutherAI/pythia-410m-deduped,mlp.dense_h_to_4h,mp_outliers_x1.1,0,1,0->1,0.0,0.0,0.0,0.0,0.0,0.0
EleutherAI/pythia-410m-deduped,mlp.dense_h_to_4h,mp_outliers_x1.1,1,2,1->2,0.0,0.0,0.0,0.0,0.0,0.0
EleutherAI/pythia-410m-deduped,mlp.dense_h_to_4h,mp_outliers_x1.1,2,4,2->4,0.0,0.0,0.0,0.0,0.0,0.0
EleutherAI/pythia-410m-deduped,mlp.dense_h_to_4h,mp_outliers_x1.1,4,8,4->8,0.0,0.0,0.0,0.0,0.0,0.0
EleutherAI/pythia-410m-deduped,mlp.dense_h_to_4h,mp_outliers_x1.1,8,16,8->16,0.0,0.0,0.0,0.0,0.0,0.0
EleutherAI/pythia-410m-deduped,mlp.dense_h_to_4h,mp_outliers_x1.1,16,32,16->32,0.0,0.0,0.0,0.0,0.0,0.0
EleutherAI/pythia-410m-deduped,mlp.dense_h_to_4h,mp_outliers_x1.1,32,64,32->64,0.0,0.0,0.0,0.0,0.0,0.0
EleutherAI/pythia-410m-deduped,mlp.dense_h_to_4h,mp_outliers_x1.1,64,128,64->128,0.0,0.0,0.0,0.0,0.0,0.0
EleutherAI/pythia-410m-deduped,mlp.dense_h_to_4h,mp_outliers_x1.1,128,256,128->256,0.0,0.0,0.0,0.0,0.0,0.0
EleutherAI/pythia-410m-deduped,mlp.dense_h_to_4h,mp_outliers_x1.1,256,512,256->512,0.0,0.0,0.0,0.0,0.0,0.0
EleutherAI/pythia-410m-deduped,mlp.dense_h_to_4h,mp_outliers_x1.1,512,1000,512->1000,0.0,1.1666666666666667,1.1666666666666667,1166666666666.6667,1166666666666.6667,1166666666666.6667
EleutherAI/pythia-410m-deduped,mlp.dense_h_to_4h,mp_outliers_x1.1,1000,2000,1000->2000,1.1666666666666667,27.25,26.083333333333332,22.35714285712369,22.35714285712369,22.35714285712369
EleutherAI/pythia-410m-deduped,mlp.dense_h_to_4h,mp_outliers_x1.1,2000,3000,2000->3000,27.25,48.166666666666664,20.916666666666664,0.767584097859299,0.767584097859299,0.767584097859299
EleutherAI/pythia-410m-deduped,mlp.dense_h_to_4h,mp_outliers_x1.1,3000,4000,3000->4000,48.166666666666664,63.583333333333336,15.416666666666671,0.3200692041522426,0.3200692041522426,0.3200692041522426
EleutherAI/pythia-410m-deduped,mlp.dense_h_to_4h,mp_outliers_x1.1,4000,5000,4000->5000,63.583333333333336,73.70833333333333,10.124999999999993,0.15923984272607863,0.15923984272607863,0.15923984272607863
EleutherAI/pythia-410m-deduped,mlp.dense_h_to_4h,mp_outliers_x1.1,5000,6000,5000->6000,73.70833333333333,81.20833333333333,7.5,0.10175240248727958,0.10175240248727958,0.10175240248727958
EleutherAI/pythia-410m-deduped,mlp.dense_h_to_4h,mp_outliers_x1.1,6000,7000,6000->7000,81.20833333333333,86.29166666666667,5.083333333333343,0.06259620318111787,0.06259620318111787,0.06259620318111787
EleutherAI/pythia-410m-deduped,mlp.dense_h_to_4h,mp_outliers_x1.1,7000,8000,7000->8000,86.29166666666667,90.58333333333333,4.291666666666657,0.04973442781265021,0.04973442781265021,0.04973442781265021
EleutherAI/pythia-410m-deduped,mlp.dense_h_to_4h,mp_outliers_x1.25,0,1,0->1,0.0,0.0,0.0,0.0,0.0,0.0
EleutherAI/pythia-410m-deduped,mlp.dense_h_to_4h,mp_outliers_x1.25,1,2,1->2,0.0,0.0,0.0,0.0,0.0,0.0
EleutherAI/pythia-410m-deduped,mlp.dense_h_to_4h,mp_outliers_x1.25,2,4,2->4,0.0,0.0,0.0,0.0,0.0,0.0
EleutherAI/pythia-410m-deduped,mlp.dense_h_to_4h,mp_outliers_x1.25,4,8,4->8,0.0,0.0,0.0,0.0,0.0,0.0
EleutherAI/pythia-410m-deduped,mlp.dense_h_to_4h,mp_outliers_x1.25,8,16,8->16,0.0,0.0,0.0,0.0,0.0,0.0
EleutherAI/pythia-410m-deduped,mlp.dense_h_to_4h,mp_outliers_x1.25,16,32,16->32,0.0,0.0,0.0,0.0,0.0,0.0
EleutherAI/pythia-410m-deduped,mlp.dense_h_to_4h,mp_outliers_x1.25,32,64,32->64,0.0,0.0,0.0,0.0,0.0,0.0
EleutherAI/pythia-410m-deduped,mlp.dense_h_to_4h,mp_outliers_x1.25,64,128,64->128,0.0,0.0,0.0,0.0,0.0,0.0
EleutherAI/pythia-410m-deduped,mlp.dense_h_to_4h,mp_outliers_x1.25,128,256,128->256,0.0,0.0,0.0,0.0,0.0,0.0
EleutherAI/pythia-410m-deduped,mlp.dense_h_to_4h,mp_outliers_x1.25,256,512,256->512,0.0,0.0,0.0,0.0,0.0,0.0
EleutherAI/pythia-410m-deduped,mlp.dense_h_to_4h,mp_outliers_x1.25,512,1000,512->1000,0.0,1.0,1.0,1000000000000.0,1000000000000.0,1000000000000.0
EleutherAI/pythia-410m-deduped,mlp.dense_h_to_4h,mp_outliers_x1.25,1000,2000,1000->2000,1.0,14.75,13.75,13.74999999998625,13.74999999998625,13.74999999998625
EleutherAI/pythia-410m-deduped,mlp.dense_h_to_4h,mp_outliers_x1.25,2000,3000,2000->3000,14.75,30.041666666666668,15.291666666666668,1.0367231638417378,1.0367231638417378,1.0367231638417378
EleutherAI/pythia-410m-deduped,mlp.dense_h_to_4h,mp_outliers_x1.25,3000,4000,3000->4000,30.041666666666668,41.458333333333336,11.416666666666668,0.3800277392510276,0.3800277392510276,0.3800277392510276
EleutherAI/pythia-410m-deduped,mlp.dense_h_to_4h,mp_outliers_x1.25,4000,5000,4000->5000,41.458333333333336,49.666666666666664,8.208333333333329,0.19798994974873882,0.19798994974873882,0.19798994974873882
EleutherAI/pythia-410m-deduped,mlp.dense_h_to_4h,mp_outliers_x1.25,5000,6000,5000->6000,49.666666666666664,56.166666666666664,6.5,0.13087248322147388,0.13087248322147388,0.13087248322147388
EleutherAI/pythia-410m-deduped,mlp.dense_h_to_4h,mp_outliers_x1.25,6000,7000,6000->7000,56.166666666666664,60.583333333333336,4.416666666666671,0.07863501483679394,0.07863501483679394,0.07863501483679394
EleutherAI/pythia-410m-deduped,mlp.dense_h_to_4h,mp_outliers_x1.25,7000,8000,7000->8000,60.583333333333336,64.04166666666667,3.4583333333333357,0.05708390646492344,0.05708390646492344,0.05708390646492344
EleutherAI/pythia-410m-deduped,mlp.dense_h_to_4h,nuclear_norm,0,1,0->1,1253.479675312837,1253.479675312837,0.0,0.0,0.0,0.0
EleutherAI/pythia-410m-deduped,mlp.dense_h_to_4h,nuclear_norm,1,2,1->2,1253.479675312837,1253.4796631659071,-1.214692974826903e-05,-9.69056777505184e-09,-9.69056777505184e-09,9.69056777505184e-09
EleutherAI/pythia-410m-deduped,mlp.dense_h_to_4h,nuclear_norm,2,4,2->4,1253.4796631659071,1253.4794343436758,-0.0002288222312927246,-1.82549616094121e-07,-1.82549616094121e-07,1.82549616094121e-07
EleutherAI/pythia-410m-deduped,mlp.dense_h_to_4h,nuclear_norm,4,8,4->8,1253.4794343436758,1253.4796175435185,0.00018319984269510314,1.461530502022371e-07,1.461530502022371e-07,1.461530502022371e-07
EleutherAI/pythia-410m-deduped,mlp.dense_h_to_4h,nuclear_norm,8,16,8->16,1253.4796175435185,1253.4750368495781,-0.004580693940397396,-3.6543824696362555e-06,-3.6543824696362555e-06,3.6543824696362555e-06
EleutherAI/pythia-410m-deduped,mlp.dense_h_to_4h,nuclear_norm,16,32,16->32,1253.4750368495781,1253.469997746249,-0.005039103329181671,-4.020106648351529e-06,-4.020106648351529e-06,4.020106648351529e-06
EleutherAI/pythia-410m-deduped,mlp.dense_h_to_4h,nuclear_norm,32,64,32->64,1253.469997746249,1253.462351160745,-0.0076465855040623865,-6.100333887377452e-06,-6.100333887377452e-06,6.100333887377452e-06
EleutherAI/pythia-410m-deduped,mlp.dense_h_to_4h,nuclear_norm,64,128,64->128,1253.462351160745,1253.4766043275595,0.01425316681456934,1.137103703303929e-05,1.137103703303929e-05,1.137103703303929e-05
EleutherAI/pythia-410m-deduped,mlp.dense_h_to_4h,nuclear_norm,128,256,128->256,1253.4766043275595,1253.3795409724116,-0.09706335514783859,-7.743531455851078e-05,-7.743531455851078e-05,7.743531455851078e-05
EleutherAI/pythia-410m-deduped,mlp.dense_h_to_4h,nuclear_norm,256,512,256->512,1253.3795409724116,1253.1088894506295,-0.2706515217821561,-0.0002159374019877298,-0.0002159374019877298,0.0002159374019877298
EleutherAI/pythia-410m-deduped,mlp.dense_h_to_4h,nuclear_norm,512,1000,512->1000,1253.1088894506295,1259.2017710159223,6.092881565292828,0.0048622123875954465,0.0048622123875954465,0.0048622123875954465
EleutherAI/pythia-410m-deduped,mlp.dense_h_to_4h,nuclear_norm,1000,2000,1000->2000,1259.2017710159223,1317.0766748512785,57.874903835356236,0.045961580715267576,0.045961580715267576,0.045961580715267576
EleutherAI/pythia-410m-deduped,mlp.dense_h_to_4h,nuclear_norm,2000,3000,2000->3000,1317.0766748512785,1361.786945618689,44.71027076741052,0.03394659674802841,0.03394659674802841,0.03394659674802841
EleutherAI/pythia-410m-deduped,mlp.dense_h_to_4h,nuclear_norm,3000,4000,3000->4000,1361.786945618689,1397.0768960416317,35.28995042294264,0.025914443178121107,0.025914443178121107,0.025914443178121107
EleutherAI/pythia-410m-deduped,mlp.dense_h_to_4h,nuclear_norm,4000,5000,4000->5000,1397.0768960416317,1424.60076843823,27.523872396598335,0.019701043281570473,0.019701043281570473,0.019701043281570473
EleutherAI/pythia-410m-deduped,mlp.dense_h_to_4h,nuclear_norm,5000,6000,5000->6000,1424.60076843823,1449.485550009956,24.884781571725853,0.017467898461831294,0.017467898461831294,0.017467898461831294
EleutherAI/pythia-410m-deduped,mlp.dense_h_to_4h,nuclear_norm,6000,7000,6000->7000,1449.485550009956,1473.5791500856478,24.09360007569194,0.016622173346623866,0.016622173346623866,0.016622173346623866
EleutherAI/pythia-410m-deduped,mlp.dense_h_to_4h,nuclear_norm,7000,8000,7000->8000,1473.5791500856478,1497.3424952638645,23.763345178216696,0.016126276743828452,0.016126276743828452,0.016126276743828452
EleutherAI/pythia-410m-deduped,mlp.dense_h_to_4h,spectral_norm,0,1,0->1,1.8930836667617161,1.8930836667617161,0.0,0.0,0.0,0.0
EleutherAI/pythia-410m-deduped,mlp.dense_h_to_4h,spectral_norm,1,2,1->2,1.8930836667617161,1.8930834134419758,-2.5331974029541016e-07,-1.3381328292193326e-07,-1.3381328292193326e-07,1.3381328292193326e-07
EleutherAI/pythia-410m-deduped,mlp.dense_h_to_4h,spectral_norm,2,4,2->4,1.8930834134419758,1.8930826137463252,-7.996956505884611e-07,-4.2243022410409487e-07,-4.2243022410409487e-07,4.2243022410409487e-07
EleutherAI/pythia-410m-deduped,mlp.dense_h_to_4h,spectral_norm,4,8,4->8,1.8930826137463252,1.8930655519167583,-1.7061829566955566e-05,-9.01272318653963e-06,-9.01272318653963e-06,9.01272318653963e-06
EleutherAI/pythia-410m-deduped,mlp.dense_h_to_4h,spectral_norm,8,16,8->16,1.8930655519167583,1.8930747906366985,9.238719940185547e-06,4.88029584122236e-06,4.88029584122236e-06,4.88029584122236e-06
EleutherAI/pythia-410m-deduped,mlp.dense_h_to_4h,spectral_norm,16,32,16->32,1.8930747906366985,1.8930963824192684,2.1591782569885254e-05,1.1405668004596837e-05,1.1405668004596837e-05,1.1405668004596837e-05
EleutherAI/pythia-410m-deduped,mlp.dense_h_to_4h,spectral_norm,32,64,32->64,1.8930963824192684,1.8930612554152806,-3.512700398777824e-05,-1.85553172643378e-05,-1.85553172643378e-05,1.85553172643378e-05
EleutherAI/pythia-410m-deduped,mlp.dense_h_to_4h,spectral_norm,64,128,64->128,1.8930612554152806,1.8930544555187225,-6.799896558051799e-06,-3.5920108441269186e-06,-3.5920108441269186e-06,3.5920108441269186e-06
EleutherAI/pythia-410m-deduped,mlp.dense_h_to_4h,spectral_norm,128,256,128->256,1.8930544555187225,1.8928415874640148,-0.00021286805470777104,-0.00011244687340456345,-0.00011244687340456345,0.00011244687340456345
EleutherAI/pythia-410m-deduped,mlp.dense_h_to_4h,spectral_norm,256,512,256->512,1.8928415874640148,1.893195018172264,0.000353430708249336,0.0001867196444699144,0.0001867196444699144,0.0001867196444699144
EleutherAI/pythia-410m-deduped,mlp.dense_h_to_4h,spectral_norm,512,1000,512->1000,1.893195018172264,2.882920265197754,0.9897252470254898,0.5227803990211592,0.5227803990211592,0.5227803990211592
EleutherAI/pythia-410m-deduped,mlp.dense_h_to_4h,spectral_norm,1000,2000,1000->2000,2.882920265197754,5.464092592398326,2.581172327200572,0.8953325412288574,0.8953325412288574,0.8953325412288574
EleutherAI/pythia-410m-deduped,mlp.dense_h_to_4h,spectral_norm,2000,3000,2000->3000,5.464092592398326,6.6603904366493225,1.1962978442509966,0.21893806227132268,0.21893806227132268,0.21893806227132268
EleutherAI/pythia-410m-deduped,mlp.dense_h_to_4h,spectral_norm,3000,4000,3000->4000,6.6603904366493225,7.298790494600932,0.6384000579516096,0.09585024542084908,0.09585024542084908,0.09585024542084908
EleutherAI/pythia-410m-deduped,mlp.dense_h_to_4h,spectral_norm,4000,5000,4000->5000,7.298790494600932,7.687219778696696,0.38842928409576416,0.053218308483171314,0.053218308483171314,0.053218308483171314
EleutherAI/pythia-410m-deduped,mlp.dense_h_to_4h,spectral_norm,5000,6000,5000->6000,7.687219778696696,7.960655093193054,0.27343531449635794,0.035570117983888455,0.035570117983888455,0.035570117983888455
EleutherAI/pythia-410m-deduped,mlp.dense_h_to_4h,spectral_norm,6000,7000,6000->7000,7.960655093193054,8.162802457809448,0.20214736461639404,0.02539330774287904,0.02539330774287904,0.02539330774287904
EleutherAI/pythia-410m-deduped,mlp.dense_h_to_4h,spectral_norm,7000,8000,7000->8000,8.162802457809448,8.346090813477835,0.18328835566838642,0.0224540966923694,0.0224540966923694,0.0224540966923694
EleutherAI/pythia-410m-deduped,mlp.dense_h_to_4h,stable_rank,0,1,0->1,457.2620727427718,457.2620727427718,0.0,0.0,-0.0,0.0
EleutherAI/pythia-410m-deduped,mlp.dense_h_to_4h,stable_rank,1,2,1->2,457.2620727427718,457.2622152477964,0.00014250502459844938,3.116484683360429e-07,-3.116484683360429e-07,3.116484683360429e-07
EleutherAI/pythia-410m-deduped,mlp.dense_h_to_4h,stable_rank,2,4,2->4,457.2622152477964,457.26243375448786,0.00021850669145351276,4.778586206496433e-07,-4.778586206496433e-07,4.778586206496433e-07
EleutherAI/pythia-410m-deduped,mlp.dense_h_to_4h,stable_rank,4,8,4->8,457.26243375448786,457.27080969252415,0.008375938036294883,1.831757305650884e-05,-1.831757305650884e-05,1.831757305650884e-05
EleutherAI/pythia-410m-deduped,mlp.dense_h_to_4h,stable_rank,8,16,8->16,457.27080969252415,457.262979721306,-0.007829971218143328,-1.7123269301638347e-05,1.7123269301638347e-05,1.7123269301638347e-05
EleutherAI/pythia-410m-deduped,mlp.dense_h_to_4h,stable_rank,16,32,16->32,457.262979721306,457.24880386728256,-0.01417585402344912,-3.100153446073642e-05,3.100153446073642e-05,3.100153446073642e-05
EleutherAI/pythia-410m-deduped,mlp.dense_h_to_4h,stable_rank,32,64,32->64,457.24880386728256,457.25997595498114,0.0111720876985828,2.44332792214925e-05,-2.44332792214925e-05,2.44332792214925e-05
EleutherAI/pythia-410m-deduped,mlp.dense_h_to_4h,stable_rank,64,128,64->128,457.25997595498114,457.2739059602125,0.013930005231372888,3.046408162507605e-05,-3.046408162507605e-05,3.046408162507605e-05
EleutherAI/pythia-410m-deduped,mlp.dense_h_to_4h,stable_rank,128,256,128->256,457.2739059602125,457.30879039336816,0.03488443315563927,7.628782815058441e-05,-7.628782815058441e-05,7.628782815058441e-05
EleutherAI/pythia-410m-deduped,mlp.dense_h_to_4h,stable_rank,256,512,256->512,457.30879039336816,456.97017081242115,-0.33861958094701095,-0.0007404615613352548,0.0007404615613352548,0.0007404615613352548
EleutherAI/pythia-410m-deduped,mlp.dense_h_to_4h,stable_rank,512,1000,512->1000,456.97017081242115,205.67371118301924,-251.2964596294019,-0.5499187379837851,0.5499187379837851,0.5499187379837851
EleutherAI/pythia-410m-deduped,mlp.dense_h_to_4h,stable_rank,1000,2000,1000->2000,205.67371118301924,63.65381411585755,-142.01989706716168,-0.6905106941002501,0.6905106941002501,0.6905106941002501
EleutherAI/pythia-410m-deduped,mlp.dense_h_to_4h,stable_rank,2000,3000,2000->3000,63.65381411585755,46.40250522473551,-17.251308891122036,-0.2710176778994315,0.2710176778994315,0.2710176778994315
EleutherAI/pythia-410m-deduped,mlp.dense_h_to_4h,stable_rank,3000,4000,3000->4000,46.40250522473551,41.350647096846,-5.051858127889517,-0.10887037463650655,0.10887037463650655,0.10887037463650655
EleutherAI/pythia-410m-deduped,mlp.dense_h_to_4h,stable_rank,4000,5000,4000->5000,41.350647096846,39.2725989634555,-2.078048133390496,-0.050254307472468736,0.050254307472468736,0.050254307472468736
EleutherAI/pythia-410m-deduped,mlp.dense_h_to_4h,stable_rank,5000,6000,5000->6000,39.2725989634555,38.28059068644472,-0.9920082770107825,-0.025259552542826486,0.025259552542826486,0.025259552542826486
EleutherAI/pythia-410m-deduped,mlp.dense_h_to_4h,stable_rank,6000,7000,6000->7000,38.28059068644472,37.89592404018155,-0.38466664626317026,-0.010048607907175579,0.010048607907175579,0.010048607907175579
EleutherAI/pythia-410m-deduped,mlp.dense_h_to_4h,stable_rank,7000,8000,7000->8000,37.89592404018155,37.60930903256024,-0.2866150076213074,-0.007563214643279266,0.007563214643279266,0.007563214643279266
EleutherAI/pythia-410m-deduped,mlp.dense_h_to_4h,subspace_stability_topk,1,2,1->2,0.9997445220748583,0.9997394308447838,-5.0912300745276085e-06,-5.092531103802635e-06,5.092531103802635e-06,5.092531103802635e-06
EleutherAI/pythia-410m-deduped,mlp.dense_h_to_4h,subspace_stability_topk,2,4,2->4,0.9997394308447838,0.9997382735212644,-1.1573235193518272e-06,-1.1576251607608661e-06,1.1576251607608661e-06,1.1576251607608661e-06
EleutherAI/pythia-410m-deduped,mlp.dense_h_to_4h,subspace_stability_topk,4,8,4->8,0.9997382735212644,0.9997410650054613,2.7914841969067794e-06,2.792214993502109e-06,-2.792214993502109e-06,2.792214993502109e-06
EleutherAI/pythia-410m-deduped,mlp.dense_h_to_4h,subspace_stability_topk,8,16,8->16,0.9997410650054613,0.9997335995237032,-7.465481758117676e-06,-7.4674153332587435e-06,7.4674153332587435e-06,7.4674153332587435e-06
EleutherAI/pythia-410m-deduped,mlp.dense_h_to_4h,subspace_stability_topk,16,32,16->32,0.9997335995237032,0.9997119282682737,-2.167125542951176e-05,-2.167703020066024e-05,2.167703020066024e-05,2.167703020066024e-05
EleutherAI/pythia-410m-deduped,mlp.dense_h_to_4h,subspace_stability_topk,32,64,32->64,0.9997119282682737,0.9996064156293869,-0.00010551263888680662,-0.00010554304285382764,0.00010554304285382764,0.00010554304285382764
EleutherAI/pythia-410m-deduped,mlp.dense_h_to_4h,subspace_stability_topk,64,128,64->128,0.9996064156293869,0.9991841887434324,-0.000422226885954502,-0.00042239313328959666,0.00042239313328959666,0.00042239313328959666
EleutherAI/pythia-410m-deduped,mlp.dense_h_to_4h,subspace_stability_topk,128,256,128->256,0.9991841887434324,0.9971194416284561,-0.002064747114976284,-0.0020664329342228987,0.0020664329342228987,0.0020664329342228987
EleutherAI/pythia-410m-deduped,mlp.dense_h_to_4h,subspace_stability_topk,256,512,256->512,0.9971194416284561,0.974434365828832,-0.022685075799624088,-0.022750610260444795,0.022750610260444795,0.022750610260444795
EleutherAI/pythia-410m-deduped,mlp.dense_h_to_4h,subspace_stability_topk,512,1000,512->1000,0.974434365828832,0.6413207737108072,-0.3331135921180248,-0.3418532882246451,0.3418532882246451,0.3418532882246451
EleutherAI/pythia-410m-deduped,mlp.dense_h_to_4h,subspace_stability_topk,1000,2000,1000->2000,0.6413207737108072,0.5499150715768337,-0.09140570213397348,-0.14252727477536664,0.14252727477536664,0.14252727477536664
EleutherAI/pythia-410m-deduped,mlp.dense_h_to_4h,subspace_stability_topk,2000,3000,2000->3000,0.5499150715768337,0.9102410649259886,0.3603259933491548,0.6552393487148772,-0.6552393487148772,0.6552393487148772
EleutherAI/pythia-410m-deduped,mlp.dense_h_to_4h,subspace_stability_topk,3000,4000,3000->4000,0.9102410649259886,0.9519465838869413,0.04170551896095276,0.04581810310249847,-0.04581810310249847,0.04581810310249847
EleutherAI/pythia-410m-deduped,mlp.dense_h_to_4h,subspace_stability_topk,4000,5000,4000->5000,0.9519465838869413,0.963997133076191,0.012050549189249637,0.012658850184673987,-0.012658850184673987,0.012658850184673987
EleutherAI/pythia-410m-deduped,mlp.dense_h_to_4h,subspace_stability_topk,5000,6000,5000->6000,0.963997133076191,0.9763004779815674,0.012303344905376434,0.012762843874963329,-0.012762843874963329,0.012762843874963329
EleutherAI/pythia-410m-deduped,mlp.dense_h_to_4h,subspace_stability_topk,6000,7000,6000->7000,0.9763004779815674,0.975029873351256,-0.0012706046303113672,-0.0013014483337516658,0.0013014483337516658,0.0013014483337516658
EleutherAI/pythia-410m-deduped,mlp.dense_h_to_4h,subspace_stability_topk,7000,8000,7000->8000,0.975029873351256,0.9781914080182711,0.0031615346670150757,0.003242500310421654,-0.003242500310421654,0.003242500310421654
